[2026-06-09T09:25:42.138+0000] {processor.py:161} INFO - Started process (PID=264) to work on /opt/airflow/dags/dag_tp2a_pokemon_ingestion.py
[2026-06-09T09:25:42.139+0000] {processor.py:830} INFO - Processing file /opt/airflow/dags/dag_tp2a_pokemon_ingestion.py for tasks to queue
[2026-06-09T09:25:42.141+0000] {logging_mixin.py:188} INFO - [2026-06-09T09:25:42.141+0000] {dagbag.py:545} INFO - Filling up the DagBag from /opt/airflow/dags/dag_tp2a_pokemon_ingestion.py
[2026-06-09T09:25:42.160+0000] {processor.py:840} INFO - DAG(s) 'tp2a_pokemon_ingestion' retrieved from /opt/airflow/dags/dag_tp2a_pokemon_ingestion.py
[2026-06-09T09:25:42.197+0000] {logging_mixin.py:188} INFO - [2026-06-09T09:25:42.196+0000] {dag.py:3096} INFO - Sync 1 DAGs
[2026-06-09T09:25:42.213+0000] {logging_mixin.py:188} INFO - [2026-06-09T09:25:42.213+0000] {dag.py:3954} INFO - Setting next_dagrun for tp2a_pokemon_ingestion to None, run_after=None
[2026-06-09T09:25:42.237+0000] {processor.py:183} INFO - Processing /opt/airflow/dags/dag_tp2a_pokemon_ingestion.py took 0.104 seconds
[2026-06-09T09:26:12.347+0000] {processor.py:161} INFO - Started process (PID=317) to work on /opt/airflow/dags/dag_tp2a_pokemon_ingestion.py
[2026-06-09T09:26:12.348+0000] {processor.py:830} INFO - Processing file /opt/airflow/dags/dag_tp2a_pokemon_ingestion.py for tasks to queue
[2026-06-09T09:26:12.350+0000] {logging_mixin.py:188} INFO - [2026-06-09T09:26:12.350+0000] {dagbag.py:545} INFO - Filling up the DagBag from /opt/airflow/dags/dag_tp2a_pokemon_ingestion.py
[2026-06-09T09:26:12.366+0000] {processor.py:840} INFO - DAG(s) 'tp2a_pokemon_ingestion' retrieved from /opt/airflow/dags/dag_tp2a_pokemon_ingestion.py
[2026-06-09T09:26:12.464+0000] {logging_mixin.py:188} INFO - [2026-06-09T09:26:12.464+0000] {dag.py:3096} INFO - Sync 1 DAGs
[2026-06-09T09:26:12.474+0000] {logging_mixin.py:188} INFO - [2026-06-09T09:26:12.474+0000] {dag.py:3954} INFO - Setting next_dagrun for tp2a_pokemon_ingestion to None, run_after=None
[2026-06-09T09:26:12.494+0000] {processor.py:183} INFO - Processing /opt/airflow/dags/dag_tp2a_pokemon_ingestion.py took 0.152 seconds
[2026-06-09T09:26:42.654+0000] {processor.py:161} INFO - Started process (PID=327) to work on /opt/airflow/dags/dag_tp2a_pokemon_ingestion.py
[2026-06-09T09:26:42.654+0000] {processor.py:830} INFO - Processing file /opt/airflow/dags/dag_tp2a_pokemon_ingestion.py for tasks to queue
[2026-06-09T09:26:42.656+0000] {logging_mixin.py:188} INFO - [2026-06-09T09:26:42.656+0000] {dagbag.py:545} INFO - Filling up the DagBag from /opt/airflow/dags/dag_tp2a_pokemon_ingestion.py
[2026-06-09T09:26:42.674+0000] {processor.py:840} INFO - DAG(s) 'tp2a_pokemon_ingestion' retrieved from /opt/airflow/dags/dag_tp2a_pokemon_ingestion.py
[2026-06-09T09:26:42.704+0000] {logging_mixin.py:188} INFO - [2026-06-09T09:26:42.704+0000] {dag.py:3096} INFO - Sync 1 DAGs
[2026-06-09T09:26:42.716+0000] {logging_mixin.py:188} INFO - [2026-06-09T09:26:42.716+0000] {dag.py:3954} INFO - Setting next_dagrun for tp2a_pokemon_ingestion to None, run_after=None
[2026-06-09T09:26:42.733+0000] {processor.py:183} INFO - Processing /opt/airflow/dags/dag_tp2a_pokemon_ingestion.py took 0.084 seconds
[2026-06-09T09:27:12.817+0000] {processor.py:161} INFO - Started process (PID=337) to work on /opt/airflow/dags/dag_tp2a_pokemon_ingestion.py
[2026-06-09T09:27:12.818+0000] {processor.py:830} INFO - Processing file /opt/airflow/dags/dag_tp2a_pokemon_ingestion.py for tasks to queue
[2026-06-09T09:27:12.820+0000] {logging_mixin.py:188} INFO - [2026-06-09T09:27:12.819+0000] {dagbag.py:545} INFO - Filling up the DagBag from /opt/airflow/dags/dag_tp2a_pokemon_ingestion.py
[2026-06-09T09:27:12.839+0000] {processor.py:840} INFO - DAG(s) 'tp2a_pokemon_ingestion' retrieved from /opt/airflow/dags/dag_tp2a_pokemon_ingestion.py
[2026-06-09T09:27:12.873+0000] {logging_mixin.py:188} INFO - [2026-06-09T09:27:12.872+0000] {dag.py:3096} INFO - Sync 1 DAGs
[2026-06-09T09:27:12.885+0000] {logging_mixin.py:188} INFO - [2026-06-09T09:27:12.885+0000] {dag.py:3954} INFO - Setting next_dagrun for tp2a_pokemon_ingestion to None, run_after=None
[2026-06-09T09:27:12.909+0000] {processor.py:183} INFO - Processing /opt/airflow/dags/dag_tp2a_pokemon_ingestion.py took 0.098 seconds
[2026-06-09T09:27:43.086+0000] {processor.py:161} INFO - Started process (PID=347) to work on /opt/airflow/dags/dag_tp2a_pokemon_ingestion.py
[2026-06-09T09:27:43.087+0000] {processor.py:830} INFO - Processing file /opt/airflow/dags/dag_tp2a_pokemon_ingestion.py for tasks to queue
[2026-06-09T09:27:43.088+0000] {logging_mixin.py:188} INFO - [2026-06-09T09:27:43.088+0000] {dagbag.py:545} INFO - Filling up the DagBag from /opt/airflow/dags/dag_tp2a_pokemon_ingestion.py
[2026-06-09T09:27:43.105+0000] {processor.py:840} INFO - DAG(s) 'tp2a_pokemon_ingestion' retrieved from /opt/airflow/dags/dag_tp2a_pokemon_ingestion.py
[2026-06-09T09:27:43.134+0000] {logging_mixin.py:188} INFO - [2026-06-09T09:27:43.133+0000] {dag.py:3096} INFO - Sync 1 DAGs
[2026-06-09T09:27:43.145+0000] {logging_mixin.py:188} INFO - [2026-06-09T09:27:43.144+0000] {dag.py:3954} INFO - Setting next_dagrun for tp2a_pokemon_ingestion to None, run_after=None
[2026-06-09T09:27:43.161+0000] {processor.py:183} INFO - Processing /opt/airflow/dags/dag_tp2a_pokemon_ingestion.py took 0.080 seconds
[2026-06-09T09:28:13.332+0000] {processor.py:161} INFO - Started process (PID=357) to work on /opt/airflow/dags/dag_tp2a_pokemon_ingestion.py
[2026-06-09T09:28:13.333+0000] {processor.py:830} INFO - Processing file /opt/airflow/dags/dag_tp2a_pokemon_ingestion.py for tasks to queue
[2026-06-09T09:28:13.334+0000] {logging_mixin.py:188} INFO - [2026-06-09T09:28:13.334+0000] {dagbag.py:545} INFO - Filling up the DagBag from /opt/airflow/dags/dag_tp2a_pokemon_ingestion.py
[2026-06-09T09:28:13.351+0000] {processor.py:840} INFO - DAG(s) 'tp2a_pokemon_ingestion' retrieved from /opt/airflow/dags/dag_tp2a_pokemon_ingestion.py
[2026-06-09T09:28:13.379+0000] {logging_mixin.py:188} INFO - [2026-06-09T09:28:13.379+0000] {dag.py:3096} INFO - Sync 1 DAGs
[2026-06-09T09:28:13.390+0000] {logging_mixin.py:188} INFO - [2026-06-09T09:28:13.390+0000] {dag.py:3954} INFO - Setting next_dagrun for tp2a_pokemon_ingestion to None, run_after=None
[2026-06-09T09:28:13.407+0000] {processor.py:183} INFO - Processing /opt/airflow/dags/dag_tp2a_pokemon_ingestion.py took 0.079 seconds
[2026-06-09T09:28:43.490+0000] {processor.py:161} INFO - Started process (PID=367) to work on /opt/airflow/dags/dag_tp2a_pokemon_ingestion.py
[2026-06-09T09:28:43.490+0000] {processor.py:830} INFO - Processing file /opt/airflow/dags/dag_tp2a_pokemon_ingestion.py for tasks to queue
[2026-06-09T09:28:43.492+0000] {logging_mixin.py:188} INFO - [2026-06-09T09:28:43.491+0000] {dagbag.py:545} INFO - Filling up the DagBag from /opt/airflow/dags/dag_tp2a_pokemon_ingestion.py
[2026-06-09T09:28:43.509+0000] {processor.py:840} INFO - DAG(s) 'tp2a_pokemon_ingestion' retrieved from /opt/airflow/dags/dag_tp2a_pokemon_ingestion.py
[2026-06-09T09:28:43.537+0000] {logging_mixin.py:188} INFO - [2026-06-09T09:28:43.537+0000] {dag.py:3096} INFO - Sync 1 DAGs
[2026-06-09T09:28:43.548+0000] {logging_mixin.py:188} INFO - [2026-06-09T09:28:43.548+0000] {dag.py:3954} INFO - Setting next_dagrun for tp2a_pokemon_ingestion to None, run_after=None
[2026-06-09T09:28:43.565+0000] {processor.py:183} INFO - Processing /opt/airflow/dags/dag_tp2a_pokemon_ingestion.py took 0.080 seconds
[2026-06-09T09:29:13.736+0000] {processor.py:161} INFO - Started process (PID=377) to work on /opt/airflow/dags/dag_tp2a_pokemon_ingestion.py
[2026-06-09T09:29:13.737+0000] {processor.py:830} INFO - Processing file /opt/airflow/dags/dag_tp2a_pokemon_ingestion.py for tasks to queue
[2026-06-09T09:29:13.738+0000] {logging_mixin.py:188} INFO - [2026-06-09T09:29:13.738+0000] {dagbag.py:545} INFO - Filling up the DagBag from /opt/airflow/dags/dag_tp2a_pokemon_ingestion.py
[2026-06-09T09:29:13.753+0000] {processor.py:840} INFO - DAG(s) 'tp2a_pokemon_ingestion' retrieved from /opt/airflow/dags/dag_tp2a_pokemon_ingestion.py
[2026-06-09T09:29:13.784+0000] {logging_mixin.py:188} INFO - [2026-06-09T09:29:13.783+0000] {dag.py:3096} INFO - Sync 1 DAGs
[2026-06-09T09:29:13.796+0000] {logging_mixin.py:188} INFO - [2026-06-09T09:29:13.796+0000] {dag.py:3954} INFO - Setting next_dagrun for tp2a_pokemon_ingestion to None, run_after=None
[2026-06-09T09:29:13.814+0000] {processor.py:183} INFO - Processing /opt/airflow/dags/dag_tp2a_pokemon_ingestion.py took 0.082 seconds
[2026-06-09T09:29:43.892+0000] {processor.py:161} INFO - Started process (PID=387) to work on /opt/airflow/dags/dag_tp2a_pokemon_ingestion.py
[2026-06-09T09:29:43.893+0000] {processor.py:830} INFO - Processing file /opt/airflow/dags/dag_tp2a_pokemon_ingestion.py for tasks to queue
[2026-06-09T09:29:43.894+0000] {logging_mixin.py:188} INFO - [2026-06-09T09:29:43.894+0000] {dagbag.py:545} INFO - Filling up the DagBag from /opt/airflow/dags/dag_tp2a_pokemon_ingestion.py
[2026-06-09T09:29:43.912+0000] {processor.py:840} INFO - DAG(s) 'tp2a_pokemon_ingestion' retrieved from /opt/airflow/dags/dag_tp2a_pokemon_ingestion.py
[2026-06-09T09:29:43.941+0000] {logging_mixin.py:188} INFO - [2026-06-09T09:29:43.940+0000] {dag.py:3096} INFO - Sync 1 DAGs
[2026-06-09T09:29:43.952+0000] {logging_mixin.py:188} INFO - [2026-06-09T09:29:43.951+0000] {dag.py:3954} INFO - Setting next_dagrun for tp2a_pokemon_ingestion to None, run_after=None
[2026-06-09T09:29:43.968+0000] {processor.py:183} INFO - Processing /opt/airflow/dags/dag_tp2a_pokemon_ingestion.py took 0.081 seconds
[2026-06-09T09:30:14.138+0000] {processor.py:161} INFO - Started process (PID=397) to work on /opt/airflow/dags/dag_tp2a_pokemon_ingestion.py
[2026-06-09T09:30:14.138+0000] {processor.py:830} INFO - Processing file /opt/airflow/dags/dag_tp2a_pokemon_ingestion.py for tasks to queue
[2026-06-09T09:30:14.140+0000] {logging_mixin.py:188} INFO - [2026-06-09T09:30:14.139+0000] {dagbag.py:545} INFO - Filling up the DagBag from /opt/airflow/dags/dag_tp2a_pokemon_ingestion.py
[2026-06-09T09:30:14.158+0000] {processor.py:840} INFO - DAG(s) 'tp2a_pokemon_ingestion' retrieved from /opt/airflow/dags/dag_tp2a_pokemon_ingestion.py
[2026-06-09T09:30:14.188+0000] {logging_mixin.py:188} INFO - [2026-06-09T09:30:14.188+0000] {dag.py:3096} INFO - Sync 1 DAGs
[2026-06-09T09:30:14.199+0000] {logging_mixin.py:188} INFO - [2026-06-09T09:30:14.199+0000] {dag.py:3954} INFO - Setting next_dagrun for tp2a_pokemon_ingestion to None, run_after=None
[2026-06-09T09:30:14.217+0000] {processor.py:183} INFO - Processing /opt/airflow/dags/dag_tp2a_pokemon_ingestion.py took 0.083 seconds
[2026-06-09T09:30:44.335+0000] {processor.py:161} INFO - Started process (PID=407) to work on /opt/airflow/dags/dag_tp2a_pokemon_ingestion.py
[2026-06-09T09:30:44.335+0000] {processor.py:830} INFO - Processing file /opt/airflow/dags/dag_tp2a_pokemon_ingestion.py for tasks to queue
[2026-06-09T09:30:44.337+0000] {logging_mixin.py:188} INFO - [2026-06-09T09:30:44.337+0000] {dagbag.py:545} INFO - Filling up the DagBag from /opt/airflow/dags/dag_tp2a_pokemon_ingestion.py
[2026-06-09T09:30:44.354+0000] {processor.py:840} INFO - DAG(s) 'tp2a_pokemon_ingestion' retrieved from /opt/airflow/dags/dag_tp2a_pokemon_ingestion.py
[2026-06-09T09:30:44.382+0000] {logging_mixin.py:188} INFO - [2026-06-09T09:30:44.382+0000] {dag.py:3096} INFO - Sync 1 DAGs
[2026-06-09T09:30:44.393+0000] {logging_mixin.py:188} INFO - [2026-06-09T09:30:44.393+0000] {dag.py:3954} INFO - Setting next_dagrun for tp2a_pokemon_ingestion to None, run_after=None
[2026-06-09T09:30:44.410+0000] {processor.py:183} INFO - Processing /opt/airflow/dags/dag_tp2a_pokemon_ingestion.py took 0.080 seconds
[2026-06-09T09:31:14.496+0000] {processor.py:161} INFO - Started process (PID=417) to work on /opt/airflow/dags/dag_tp2a_pokemon_ingestion.py
[2026-06-09T09:31:14.497+0000] {processor.py:830} INFO - Processing file /opt/airflow/dags/dag_tp2a_pokemon_ingestion.py for tasks to queue
[2026-06-09T09:31:14.498+0000] {logging_mixin.py:188} INFO - [2026-06-09T09:31:14.498+0000] {dagbag.py:545} INFO - Filling up the DagBag from /opt/airflow/dags/dag_tp2a_pokemon_ingestion.py
[2026-06-09T09:31:14.514+0000] {processor.py:840} INFO - DAG(s) 'tp2a_pokemon_ingestion' retrieved from /opt/airflow/dags/dag_tp2a_pokemon_ingestion.py
[2026-06-09T09:31:14.544+0000] {logging_mixin.py:188} INFO - [2026-06-09T09:31:14.544+0000] {dag.py:3096} INFO - Sync 1 DAGs
[2026-06-09T09:31:14.556+0000] {logging_mixin.py:188} INFO - [2026-06-09T09:31:14.556+0000] {dag.py:3954} INFO - Setting next_dagrun for tp2a_pokemon_ingestion to None, run_after=None
[2026-06-09T09:31:14.573+0000] {processor.py:183} INFO - Processing /opt/airflow/dags/dag_tp2a_pokemon_ingestion.py took 0.082 seconds
[2026-06-09T09:31:44.751+0000] {processor.py:161} INFO - Started process (PID=427) to work on /opt/airflow/dags/dag_tp2a_pokemon_ingestion.py
[2026-06-09T09:31:44.752+0000] {processor.py:830} INFO - Processing file /opt/airflow/dags/dag_tp2a_pokemon_ingestion.py for tasks to queue
[2026-06-09T09:31:44.754+0000] {logging_mixin.py:188} INFO - [2026-06-09T09:31:44.753+0000] {dagbag.py:545} INFO - Filling up the DagBag from /opt/airflow/dags/dag_tp2a_pokemon_ingestion.py
[2026-06-09T09:31:44.771+0000] {processor.py:840} INFO - DAG(s) 'tp2a_pokemon_ingestion' retrieved from /opt/airflow/dags/dag_tp2a_pokemon_ingestion.py
[2026-06-09T09:31:44.801+0000] {logging_mixin.py:188} INFO - [2026-06-09T09:31:44.801+0000] {dag.py:3096} INFO - Sync 1 DAGs
[2026-06-09T09:31:44.813+0000] {logging_mixin.py:188} INFO - [2026-06-09T09:31:44.813+0000] {dag.py:3954} INFO - Setting next_dagrun for tp2a_pokemon_ingestion to None, run_after=None
[2026-06-09T09:31:44.834+0000] {processor.py:183} INFO - Processing /opt/airflow/dags/dag_tp2a_pokemon_ingestion.py took 0.088 seconds
[2026-06-09T09:32:14.914+0000] {processor.py:161} INFO - Started process (PID=437) to work on /opt/airflow/dags/dag_tp2a_pokemon_ingestion.py
[2026-06-09T09:32:14.915+0000] {processor.py:830} INFO - Processing file /opt/airflow/dags/dag_tp2a_pokemon_ingestion.py for tasks to queue
[2026-06-09T09:32:14.916+0000] {logging_mixin.py:188} INFO - [2026-06-09T09:32:14.916+0000] {dagbag.py:545} INFO - Filling up the DagBag from /opt/airflow/dags/dag_tp2a_pokemon_ingestion.py
[2026-06-09T09:32:14.932+0000] {processor.py:840} INFO - DAG(s) 'tp2a_pokemon_ingestion' retrieved from /opt/airflow/dags/dag_tp2a_pokemon_ingestion.py
[2026-06-09T09:32:14.960+0000] {logging_mixin.py:188} INFO - [2026-06-09T09:32:14.959+0000] {dag.py:3096} INFO - Sync 1 DAGs
[2026-06-09T09:32:14.971+0000] {logging_mixin.py:188} INFO - [2026-06-09T09:32:14.971+0000] {dag.py:3954} INFO - Setting next_dagrun for tp2a_pokemon_ingestion to None, run_after=None
[2026-06-09T09:32:14.988+0000] {processor.py:183} INFO - Processing /opt/airflow/dags/dag_tp2a_pokemon_ingestion.py took 0.078 seconds
[2026-06-09T09:32:45.165+0000] {processor.py:161} INFO - Started process (PID=447) to work on /opt/airflow/dags/dag_tp2a_pokemon_ingestion.py
[2026-06-09T09:32:45.166+0000] {processor.py:830} INFO - Processing file /opt/airflow/dags/dag_tp2a_pokemon_ingestion.py for tasks to queue
[2026-06-09T09:32:45.168+0000] {logging_mixin.py:188} INFO - [2026-06-09T09:32:45.168+0000] {dagbag.py:545} INFO - Filling up the DagBag from /opt/airflow/dags/dag_tp2a_pokemon_ingestion.py
[2026-06-09T09:32:45.186+0000] {processor.py:840} INFO - DAG(s) 'tp2a_pokemon_ingestion' retrieved from /opt/airflow/dags/dag_tp2a_pokemon_ingestion.py
[2026-06-09T09:32:45.216+0000] {logging_mixin.py:188} INFO - [2026-06-09T09:32:45.215+0000] {dag.py:3096} INFO - Sync 1 DAGs
[2026-06-09T09:32:45.227+0000] {logging_mixin.py:188} INFO - [2026-06-09T09:32:45.227+0000] {dag.py:3954} INFO - Setting next_dagrun for tp2a_pokemon_ingestion to None, run_after=None
[2026-06-09T09:32:45.248+0000] {processor.py:183} INFO - Processing /opt/airflow/dags/dag_tp2a_pokemon_ingestion.py took 0.087 seconds
[2026-06-09T09:33:15.329+0000] {processor.py:161} INFO - Started process (PID=457) to work on /opt/airflow/dags/dag_tp2a_pokemon_ingestion.py
[2026-06-09T09:33:15.330+0000] {processor.py:830} INFO - Processing file /opt/airflow/dags/dag_tp2a_pokemon_ingestion.py for tasks to queue
[2026-06-09T09:33:15.331+0000] {logging_mixin.py:188} INFO - [2026-06-09T09:33:15.331+0000] {dagbag.py:545} INFO - Filling up the DagBag from /opt/airflow/dags/dag_tp2a_pokemon_ingestion.py
[2026-06-09T09:33:15.352+0000] {processor.py:840} INFO - DAG(s) 'tp2a_pokemon_ingestion' retrieved from /opt/airflow/dags/dag_tp2a_pokemon_ingestion.py
[2026-06-09T09:33:15.384+0000] {logging_mixin.py:188} INFO - [2026-06-09T09:33:15.384+0000] {dag.py:3096} INFO - Sync 1 DAGs
[2026-06-09T09:33:15.396+0000] {logging_mixin.py:188} INFO - [2026-06-09T09:33:15.396+0000] {dag.py:3954} INFO - Setting next_dagrun for tp2a_pokemon_ingestion to None, run_after=None
[2026-06-09T09:33:15.415+0000] {processor.py:183} INFO - Processing /opt/airflow/dags/dag_tp2a_pokemon_ingestion.py took 0.091 seconds
[2026-06-09T09:33:45.527+0000] {processor.py:161} INFO - Started process (PID=467) to work on /opt/airflow/dags/dag_tp2a_pokemon_ingestion.py
[2026-06-09T09:33:45.528+0000] {processor.py:830} INFO - Processing file /opt/airflow/dags/dag_tp2a_pokemon_ingestion.py for tasks to queue
[2026-06-09T09:33:45.529+0000] {logging_mixin.py:188} INFO - [2026-06-09T09:33:45.529+0000] {dagbag.py:545} INFO - Filling up the DagBag from /opt/airflow/dags/dag_tp2a_pokemon_ingestion.py
[2026-06-09T09:33:45.546+0000] {processor.py:840} INFO - DAG(s) 'tp2a_pokemon_ingestion' retrieved from /opt/airflow/dags/dag_tp2a_pokemon_ingestion.py
[2026-06-09T09:33:45.574+0000] {logging_mixin.py:188} INFO - [2026-06-09T09:33:45.573+0000] {dag.py:3096} INFO - Sync 1 DAGs
[2026-06-09T09:33:45.585+0000] {logging_mixin.py:188} INFO - [2026-06-09T09:33:45.585+0000] {dag.py:3954} INFO - Setting next_dagrun for tp2a_pokemon_ingestion to None, run_after=None
[2026-06-09T09:33:45.602+0000] {processor.py:183} INFO - Processing /opt/airflow/dags/dag_tp2a_pokemon_ingestion.py took 0.079 seconds
[2026-06-09T09:34:15.696+0000] {processor.py:161} INFO - Started process (PID=477) to work on /opt/airflow/dags/dag_tp2a_pokemon_ingestion.py
[2026-06-09T09:34:15.697+0000] {processor.py:830} INFO - Processing file /opt/airflow/dags/dag_tp2a_pokemon_ingestion.py for tasks to queue
[2026-06-09T09:34:15.698+0000] {logging_mixin.py:188} INFO - [2026-06-09T09:34:15.698+0000] {dagbag.py:545} INFO - Filling up the DagBag from /opt/airflow/dags/dag_tp2a_pokemon_ingestion.py
[2026-06-09T09:34:15.714+0000] {processor.py:840} INFO - DAG(s) 'tp2a_pokemon_ingestion' retrieved from /opt/airflow/dags/dag_tp2a_pokemon_ingestion.py
[2026-06-09T09:34:15.741+0000] {logging_mixin.py:188} INFO - [2026-06-09T09:34:15.741+0000] {dag.py:3096} INFO - Sync 1 DAGs
[2026-06-09T09:34:15.752+0000] {logging_mixin.py:188} INFO - [2026-06-09T09:34:15.752+0000] {dag.py:3954} INFO - Setting next_dagrun for tp2a_pokemon_ingestion to None, run_after=None
[2026-06-09T09:34:15.768+0000] {processor.py:183} INFO - Processing /opt/airflow/dags/dag_tp2a_pokemon_ingestion.py took 0.077 seconds
[2026-06-09T09:34:45.954+0000] {processor.py:161} INFO - Started process (PID=487) to work on /opt/airflow/dags/dag_tp2a_pokemon_ingestion.py
[2026-06-09T09:34:45.955+0000] {processor.py:830} INFO - Processing file /opt/airflow/dags/dag_tp2a_pokemon_ingestion.py for tasks to queue
[2026-06-09T09:34:45.957+0000] {logging_mixin.py:188} INFO - [2026-06-09T09:34:45.957+0000] {dagbag.py:545} INFO - Filling up the DagBag from /opt/airflow/dags/dag_tp2a_pokemon_ingestion.py
[2026-06-09T09:34:45.982+0000] {processor.py:840} INFO - DAG(s) 'tp2a_pokemon_ingestion' retrieved from /opt/airflow/dags/dag_tp2a_pokemon_ingestion.py
[2026-06-09T09:34:46.014+0000] {logging_mixin.py:188} INFO - [2026-06-09T09:34:46.013+0000] {dag.py:3096} INFO - Sync 1 DAGs
[2026-06-09T09:34:46.023+0000] {logging_mixin.py:188} INFO - [2026-06-09T09:34:46.023+0000] {dag.py:3954} INFO - Setting next_dagrun for tp2a_pokemon_ingestion to None, run_after=None
[2026-06-09T09:34:46.043+0000] {processor.py:183} INFO - Processing /opt/airflow/dags/dag_tp2a_pokemon_ingestion.py took 0.094 seconds
[2026-06-09T09:35:16.121+0000] {processor.py:161} INFO - Started process (PID=497) to work on /opt/airflow/dags/dag_tp2a_pokemon_ingestion.py
[2026-06-09T09:35:16.122+0000] {processor.py:830} INFO - Processing file /opt/airflow/dags/dag_tp2a_pokemon_ingestion.py for tasks to queue
[2026-06-09T09:35:16.123+0000] {logging_mixin.py:188} INFO - [2026-06-09T09:35:16.123+0000] {dagbag.py:545} INFO - Filling up the DagBag from /opt/airflow/dags/dag_tp2a_pokemon_ingestion.py
[2026-06-09T09:35:16.139+0000] {processor.py:840} INFO - DAG(s) 'tp2a_pokemon_ingestion' retrieved from /opt/airflow/dags/dag_tp2a_pokemon_ingestion.py
[2026-06-09T09:35:16.163+0000] {logging_mixin.py:188} INFO - [2026-06-09T09:35:16.163+0000] {dag.py:3096} INFO - Sync 1 DAGs
[2026-06-09T09:35:16.173+0000] {logging_mixin.py:188} INFO - [2026-06-09T09:35:16.173+0000] {dag.py:3954} INFO - Setting next_dagrun for tp2a_pokemon_ingestion to None, run_after=None
[2026-06-09T09:35:16.189+0000] {processor.py:183} INFO - Processing /opt/airflow/dags/dag_tp2a_pokemon_ingestion.py took 0.073 seconds
[2026-06-09T09:35:46.401+0000] {processor.py:161} INFO - Started process (PID=507) to work on /opt/airflow/dags/dag_tp2a_pokemon_ingestion.py
[2026-06-09T09:35:46.402+0000] {processor.py:830} INFO - Processing file /opt/airflow/dags/dag_tp2a_pokemon_ingestion.py for tasks to queue
[2026-06-09T09:35:46.403+0000] {logging_mixin.py:188} INFO - [2026-06-09T09:35:46.403+0000] {dagbag.py:545} INFO - Filling up the DagBag from /opt/airflow/dags/dag_tp2a_pokemon_ingestion.py
[2026-06-09T09:35:46.419+0000] {processor.py:840} INFO - DAG(s) 'tp2a_pokemon_ingestion' retrieved from /opt/airflow/dags/dag_tp2a_pokemon_ingestion.py
[2026-06-09T09:35:46.443+0000] {logging_mixin.py:188} INFO - [2026-06-09T09:35:46.443+0000] {dag.py:3096} INFO - Sync 1 DAGs
[2026-06-09T09:35:46.454+0000] {logging_mixin.py:188} INFO - [2026-06-09T09:35:46.454+0000] {dag.py:3954} INFO - Setting next_dagrun for tp2a_pokemon_ingestion to None, run_after=None
[2026-06-09T09:35:46.471+0000] {processor.py:183} INFO - Processing /opt/airflow/dags/dag_tp2a_pokemon_ingestion.py took 0.074 seconds
[2026-06-09T09:36:16.567+0000] {processor.py:161} INFO - Started process (PID=517) to work on /opt/airflow/dags/dag_tp2a_pokemon_ingestion.py
[2026-06-09T09:36:16.568+0000] {processor.py:830} INFO - Processing file /opt/airflow/dags/dag_tp2a_pokemon_ingestion.py for tasks to queue
[2026-06-09T09:36:16.569+0000] {logging_mixin.py:188} INFO - [2026-06-09T09:36:16.569+0000] {dagbag.py:545} INFO - Filling up the DagBag from /opt/airflow/dags/dag_tp2a_pokemon_ingestion.py
[2026-06-09T09:36:16.584+0000] {processor.py:840} INFO - DAG(s) 'tp2a_pokemon_ingestion' retrieved from /opt/airflow/dags/dag_tp2a_pokemon_ingestion.py
[2026-06-09T09:36:16.608+0000] {logging_mixin.py:188} INFO - [2026-06-09T09:36:16.608+0000] {dag.py:3096} INFO - Sync 1 DAGs
[2026-06-09T09:36:16.618+0000] {logging_mixin.py:188} INFO - [2026-06-09T09:36:16.617+0000] {dag.py:3954} INFO - Setting next_dagrun for tp2a_pokemon_ingestion to None, run_after=None
[2026-06-09T09:36:16.634+0000] {processor.py:183} INFO - Processing /opt/airflow/dags/dag_tp2a_pokemon_ingestion.py took 0.071 seconds
[2026-06-09T09:36:46.810+0000] {processor.py:161} INFO - Started process (PID=527) to work on /opt/airflow/dags/dag_tp2a_pokemon_ingestion.py
[2026-06-09T09:36:46.810+0000] {processor.py:830} INFO - Processing file /opt/airflow/dags/dag_tp2a_pokemon_ingestion.py for tasks to queue
[2026-06-09T09:36:46.812+0000] {logging_mixin.py:188} INFO - [2026-06-09T09:36:46.811+0000] {dagbag.py:545} INFO - Filling up the DagBag from /opt/airflow/dags/dag_tp2a_pokemon_ingestion.py
[2026-06-09T09:36:46.827+0000] {processor.py:840} INFO - DAG(s) 'tp2a_pokemon_ingestion' retrieved from /opt/airflow/dags/dag_tp2a_pokemon_ingestion.py
[2026-06-09T09:36:46.851+0000] {logging_mixin.py:188} INFO - [2026-06-09T09:36:46.851+0000] {dag.py:3096} INFO - Sync 1 DAGs
[2026-06-09T09:36:46.862+0000] {logging_mixin.py:188} INFO - [2026-06-09T09:36:46.862+0000] {dag.py:3954} INFO - Setting next_dagrun for tp2a_pokemon_ingestion to None, run_after=None
[2026-06-09T09:36:46.880+0000] {processor.py:183} INFO - Processing /opt/airflow/dags/dag_tp2a_pokemon_ingestion.py took 0.075 seconds
[2026-06-09T09:37:17.052+0000] {processor.py:161} INFO - Started process (PID=537) to work on /opt/airflow/dags/dag_tp2a_pokemon_ingestion.py
[2026-06-09T09:37:17.053+0000] {processor.py:830} INFO - Processing file /opt/airflow/dags/dag_tp2a_pokemon_ingestion.py for tasks to queue
[2026-06-09T09:37:17.054+0000] {logging_mixin.py:188} INFO - [2026-06-09T09:37:17.054+0000] {dagbag.py:545} INFO - Filling up the DagBag from /opt/airflow/dags/dag_tp2a_pokemon_ingestion.py
[2026-06-09T09:37:17.070+0000] {processor.py:840} INFO - DAG(s) 'tp2a_pokemon_ingestion' retrieved from /opt/airflow/dags/dag_tp2a_pokemon_ingestion.py
[2026-06-09T09:37:17.095+0000] {logging_mixin.py:188} INFO - [2026-06-09T09:37:17.095+0000] {dag.py:3096} INFO - Sync 1 DAGs
[2026-06-09T09:37:17.107+0000] {logging_mixin.py:188} INFO - [2026-06-09T09:37:17.107+0000] {dag.py:3954} INFO - Setting next_dagrun for tp2a_pokemon_ingestion to None, run_after=None
[2026-06-09T09:37:17.127+0000] {processor.py:183} INFO - Processing /opt/airflow/dags/dag_tp2a_pokemon_ingestion.py took 0.080 seconds
[2026-06-09T09:37:47.214+0000] {processor.py:161} INFO - Started process (PID=547) to work on /opt/airflow/dags/dag_tp2a_pokemon_ingestion.py
[2026-06-09T09:37:47.215+0000] {processor.py:830} INFO - Processing file /opt/airflow/dags/dag_tp2a_pokemon_ingestion.py for tasks to queue
[2026-06-09T09:37:47.216+0000] {logging_mixin.py:188} INFO - [2026-06-09T09:37:47.216+0000] {dagbag.py:545} INFO - Filling up the DagBag from /opt/airflow/dags/dag_tp2a_pokemon_ingestion.py
[2026-06-09T09:37:47.232+0000] {processor.py:840} INFO - DAG(s) 'tp2a_pokemon_ingestion' retrieved from /opt/airflow/dags/dag_tp2a_pokemon_ingestion.py
[2026-06-09T09:37:47.259+0000] {logging_mixin.py:188} INFO - [2026-06-09T09:37:47.258+0000] {dag.py:3096} INFO - Sync 1 DAGs
[2026-06-09T09:37:47.270+0000] {logging_mixin.py:188} INFO - [2026-06-09T09:37:47.270+0000] {dag.py:3954} INFO - Setting next_dagrun for tp2a_pokemon_ingestion to None, run_after=None
[2026-06-09T09:37:47.287+0000] {processor.py:183} INFO - Processing /opt/airflow/dags/dag_tp2a_pokemon_ingestion.py took 0.077 seconds
[2026-06-09T09:38:17.411+0000] {processor.py:161} INFO - Started process (PID=557) to work on /opt/airflow/dags/dag_tp2a_pokemon_ingestion.py
[2026-06-09T09:38:17.412+0000] {processor.py:830} INFO - Processing file /opt/airflow/dags/dag_tp2a_pokemon_ingestion.py for tasks to queue
[2026-06-09T09:38:17.413+0000] {logging_mixin.py:188} INFO - [2026-06-09T09:38:17.413+0000] {dagbag.py:545} INFO - Filling up the DagBag from /opt/airflow/dags/dag_tp2a_pokemon_ingestion.py
[2026-06-09T09:38:17.429+0000] {processor.py:840} INFO - DAG(s) 'tp2a_pokemon_ingestion' retrieved from /opt/airflow/dags/dag_tp2a_pokemon_ingestion.py
[2026-06-09T09:38:17.453+0000] {logging_mixin.py:188} INFO - [2026-06-09T09:38:17.453+0000] {dag.py:3096} INFO - Sync 1 DAGs
[2026-06-09T09:38:17.463+0000] {logging_mixin.py:188} INFO - [2026-06-09T09:38:17.463+0000] {dag.py:3954} INFO - Setting next_dagrun for tp2a_pokemon_ingestion to None, run_after=None
[2026-06-09T09:38:17.479+0000] {processor.py:183} INFO - Processing /opt/airflow/dags/dag_tp2a_pokemon_ingestion.py took 0.073 seconds
[2026-06-09T09:38:47.656+0000] {processor.py:161} INFO - Started process (PID=567) to work on /opt/airflow/dags/dag_tp2a_pokemon_ingestion.py
[2026-06-09T09:38:47.657+0000] {processor.py:830} INFO - Processing file /opt/airflow/dags/dag_tp2a_pokemon_ingestion.py for tasks to queue
[2026-06-09T09:38:47.658+0000] {logging_mixin.py:188} INFO - [2026-06-09T09:38:47.658+0000] {dagbag.py:545} INFO - Filling up the DagBag from /opt/airflow/dags/dag_tp2a_pokemon_ingestion.py
[2026-06-09T09:38:47.673+0000] {processor.py:840} INFO - DAG(s) 'tp2a_pokemon_ingestion' retrieved from /opt/airflow/dags/dag_tp2a_pokemon_ingestion.py
[2026-06-09T09:38:47.698+0000] {logging_mixin.py:188} INFO - [2026-06-09T09:38:47.698+0000] {dag.py:3096} INFO - Sync 1 DAGs
[2026-06-09T09:38:47.710+0000] {logging_mixin.py:188} INFO - [2026-06-09T09:38:47.710+0000] {dag.py:3954} INFO - Setting next_dagrun for tp2a_pokemon_ingestion to None, run_after=None
[2026-06-09T09:38:47.727+0000] {processor.py:183} INFO - Processing /opt/airflow/dags/dag_tp2a_pokemon_ingestion.py took 0.077 seconds
[2026-06-09T09:39:17.906+0000] {processor.py:161} INFO - Started process (PID=577) to work on /opt/airflow/dags/dag_tp2a_pokemon_ingestion.py
[2026-06-09T09:39:17.906+0000] {processor.py:830} INFO - Processing file /opt/airflow/dags/dag_tp2a_pokemon_ingestion.py for tasks to queue
[2026-06-09T09:39:17.908+0000] {logging_mixin.py:188} INFO - [2026-06-09T09:39:17.908+0000] {dagbag.py:545} INFO - Filling up the DagBag from /opt/airflow/dags/dag_tp2a_pokemon_ingestion.py
[2026-06-09T09:39:17.923+0000] {processor.py:840} INFO - DAG(s) 'tp2a_pokemon_ingestion' retrieved from /opt/airflow/dags/dag_tp2a_pokemon_ingestion.py
[2026-06-09T09:39:17.948+0000] {logging_mixin.py:188} INFO - [2026-06-09T09:39:17.948+0000] {dag.py:3096} INFO - Sync 1 DAGs
[2026-06-09T09:39:17.959+0000] {logging_mixin.py:188} INFO - [2026-06-09T09:39:17.959+0000] {dag.py:3954} INFO - Setting next_dagrun for tp2a_pokemon_ingestion to None, run_after=None
[2026-06-09T09:39:17.975+0000] {processor.py:183} INFO - Processing /opt/airflow/dags/dag_tp2a_pokemon_ingestion.py took 0.074 seconds
[2026-06-09T09:39:48.087+0000] {processor.py:161} INFO - Started process (PID=587) to work on /opt/airflow/dags/dag_tp2a_pokemon_ingestion.py
[2026-06-09T09:39:48.088+0000] {processor.py:830} INFO - Processing file /opt/airflow/dags/dag_tp2a_pokemon_ingestion.py for tasks to queue
[2026-06-09T09:39:48.090+0000] {logging_mixin.py:188} INFO - [2026-06-09T09:39:48.089+0000] {dagbag.py:545} INFO - Filling up the DagBag from /opt/airflow/dags/dag_tp2a_pokemon_ingestion.py
[2026-06-09T09:39:48.108+0000] {processor.py:840} INFO - DAG(s) 'tp2a_pokemon_ingestion' retrieved from /opt/airflow/dags/dag_tp2a_pokemon_ingestion.py
[2026-06-09T09:39:48.144+0000] {logging_mixin.py:188} INFO - [2026-06-09T09:39:48.143+0000] {dag.py:3096} INFO - Sync 1 DAGs
[2026-06-09T09:39:48.156+0000] {logging_mixin.py:188} INFO - [2026-06-09T09:39:48.156+0000] {dag.py:3954} INFO - Setting next_dagrun for tp2a_pokemon_ingestion to None, run_after=None
[2026-06-09T09:39:48.574+0000] {processor.py:183} INFO - Processing /opt/airflow/dags/dag_tp2a_pokemon_ingestion.py took 0.491 seconds
[2026-06-09T09:40:18.744+0000] {processor.py:161} INFO - Started process (PID=597) to work on /opt/airflow/dags/dag_tp2a_pokemon_ingestion.py
[2026-06-09T09:40:18.744+0000] {processor.py:830} INFO - Processing file /opt/airflow/dags/dag_tp2a_pokemon_ingestion.py for tasks to queue
[2026-06-09T09:40:18.746+0000] {logging_mixin.py:188} INFO - [2026-06-09T09:40:18.745+0000] {dagbag.py:545} INFO - Filling up the DagBag from /opt/airflow/dags/dag_tp2a_pokemon_ingestion.py
[2026-06-09T09:40:18.762+0000] {processor.py:840} INFO - DAG(s) 'tp2a_pokemon_ingestion' retrieved from /opt/airflow/dags/dag_tp2a_pokemon_ingestion.py
[2026-06-09T09:40:18.786+0000] {logging_mixin.py:188} INFO - [2026-06-09T09:40:18.786+0000] {dag.py:3096} INFO - Sync 1 DAGs
[2026-06-09T09:40:18.798+0000] {logging_mixin.py:188} INFO - [2026-06-09T09:40:18.798+0000] {dag.py:3954} INFO - Setting next_dagrun for tp2a_pokemon_ingestion to None, run_after=None
[2026-06-09T09:40:18.815+0000] {processor.py:183} INFO - Processing /opt/airflow/dags/dag_tp2a_pokemon_ingestion.py took 0.076 seconds
[2026-06-09T09:40:48.937+0000] {processor.py:161} INFO - Started process (PID=607) to work on /opt/airflow/dags/dag_tp2a_pokemon_ingestion.py
[2026-06-09T09:40:48.938+0000] {processor.py:830} INFO - Processing file /opt/airflow/dags/dag_tp2a_pokemon_ingestion.py for tasks to queue
[2026-06-09T09:40:48.939+0000] {logging_mixin.py:188} INFO - [2026-06-09T09:40:48.939+0000] {dagbag.py:545} INFO - Filling up the DagBag from /opt/airflow/dags/dag_tp2a_pokemon_ingestion.py
[2026-06-09T09:40:48.954+0000] {processor.py:840} INFO - DAG(s) 'tp2a_pokemon_ingestion' retrieved from /opt/airflow/dags/dag_tp2a_pokemon_ingestion.py
[2026-06-09T09:40:48.979+0000] {logging_mixin.py:188} INFO - [2026-06-09T09:40:48.979+0000] {dag.py:3096} INFO - Sync 1 DAGs
[2026-06-09T09:40:48.990+0000] {logging_mixin.py:188} INFO - [2026-06-09T09:40:48.990+0000] {dag.py:3954} INFO - Setting next_dagrun for tp2a_pokemon_ingestion to None, run_after=None
[2026-06-09T09:40:49.007+0000] {processor.py:183} INFO - Processing /opt/airflow/dags/dag_tp2a_pokemon_ingestion.py took 0.075 seconds
[2026-06-09T09:41:19.100+0000] {processor.py:161} INFO - Started process (PID=617) to work on /opt/airflow/dags/dag_tp2a_pokemon_ingestion.py
[2026-06-09T09:41:19.101+0000] {processor.py:830} INFO - Processing file /opt/airflow/dags/dag_tp2a_pokemon_ingestion.py for tasks to queue
[2026-06-09T09:41:19.102+0000] {logging_mixin.py:188} INFO - [2026-06-09T09:41:19.102+0000] {dagbag.py:545} INFO - Filling up the DagBag from /opt/airflow/dags/dag_tp2a_pokemon_ingestion.py
[2026-06-09T09:41:19.118+0000] {processor.py:840} INFO - DAG(s) 'tp2a_pokemon_ingestion' retrieved from /opt/airflow/dags/dag_tp2a_pokemon_ingestion.py
[2026-06-09T09:41:19.143+0000] {logging_mixin.py:188} INFO - [2026-06-09T09:41:19.143+0000] {dag.py:3096} INFO - Sync 1 DAGs
[2026-06-09T09:41:19.154+0000] {logging_mixin.py:188} INFO - [2026-06-09T09:41:19.154+0000] {dag.py:3954} INFO - Setting next_dagrun for tp2a_pokemon_ingestion to None, run_after=None
[2026-06-09T09:41:19.171+0000] {processor.py:183} INFO - Processing /opt/airflow/dags/dag_tp2a_pokemon_ingestion.py took 0.075 seconds
[2026-06-09T09:41:49.285+0000] {processor.py:161} INFO - Started process (PID=627) to work on /opt/airflow/dags/dag_tp2a_pokemon_ingestion.py
[2026-06-09T09:41:49.285+0000] {processor.py:830} INFO - Processing file /opt/airflow/dags/dag_tp2a_pokemon_ingestion.py for tasks to queue
[2026-06-09T09:41:49.287+0000] {logging_mixin.py:188} INFO - [2026-06-09T09:41:49.287+0000] {dagbag.py:545} INFO - Filling up the DagBag from /opt/airflow/dags/dag_tp2a_pokemon_ingestion.py
[2026-06-09T09:41:49.302+0000] {processor.py:840} INFO - DAG(s) 'tp2a_pokemon_ingestion' retrieved from /opt/airflow/dags/dag_tp2a_pokemon_ingestion.py
[2026-06-09T09:41:49.328+0000] {logging_mixin.py:188} INFO - [2026-06-09T09:41:49.328+0000] {dag.py:3096} INFO - Sync 1 DAGs
[2026-06-09T09:41:49.340+0000] {logging_mixin.py:188} INFO - [2026-06-09T09:41:49.339+0000] {dag.py:3954} INFO - Setting next_dagrun for tp2a_pokemon_ingestion to None, run_after=None
[2026-06-09T09:41:49.356+0000] {processor.py:183} INFO - Processing /opt/airflow/dags/dag_tp2a_pokemon_ingestion.py took 0.076 seconds
[2026-06-09T09:42:19.456+0000] {processor.py:161} INFO - Started process (PID=637) to work on /opt/airflow/dags/dag_tp2a_pokemon_ingestion.py
[2026-06-09T09:42:19.457+0000] {processor.py:830} INFO - Processing file /opt/airflow/dags/dag_tp2a_pokemon_ingestion.py for tasks to queue
[2026-06-09T09:42:19.458+0000] {logging_mixin.py:188} INFO - [2026-06-09T09:42:19.458+0000] {dagbag.py:545} INFO - Filling up the DagBag from /opt/airflow/dags/dag_tp2a_pokemon_ingestion.py
[2026-06-09T09:42:19.474+0000] {processor.py:840} INFO - DAG(s) 'tp2a_pokemon_ingestion' retrieved from /opt/airflow/dags/dag_tp2a_pokemon_ingestion.py
[2026-06-09T09:42:19.503+0000] {logging_mixin.py:188} INFO - [2026-06-09T09:42:19.503+0000] {dag.py:3096} INFO - Sync 1 DAGs
[2026-06-09T09:42:19.515+0000] {logging_mixin.py:188} INFO - [2026-06-09T09:42:19.515+0000] {dag.py:3954} INFO - Setting next_dagrun for tp2a_pokemon_ingestion to None, run_after=None
[2026-06-09T09:42:19.533+0000] {processor.py:183} INFO - Processing /opt/airflow/dags/dag_tp2a_pokemon_ingestion.py took 0.082 seconds
[2026-06-09T09:42:49.636+0000] {processor.py:161} INFO - Started process (PID=647) to work on /opt/airflow/dags/dag_tp2a_pokemon_ingestion.py
[2026-06-09T09:42:49.637+0000] {processor.py:830} INFO - Processing file /opt/airflow/dags/dag_tp2a_pokemon_ingestion.py for tasks to queue
[2026-06-09T09:42:49.638+0000] {logging_mixin.py:188} INFO - [2026-06-09T09:42:49.638+0000] {dagbag.py:545} INFO - Filling up the DagBag from /opt/airflow/dags/dag_tp2a_pokemon_ingestion.py
[2026-06-09T09:42:49.654+0000] {processor.py:840} INFO - DAG(s) 'tp2a_pokemon_ingestion' retrieved from /opt/airflow/dags/dag_tp2a_pokemon_ingestion.py
[2026-06-09T09:42:49.681+0000] {logging_mixin.py:188} INFO - [2026-06-09T09:42:49.681+0000] {dag.py:3096} INFO - Sync 1 DAGs
[2026-06-09T09:42:49.692+0000] {logging_mixin.py:188} INFO - [2026-06-09T09:42:49.692+0000] {dag.py:3954} INFO - Setting next_dagrun for tp2a_pokemon_ingestion to None, run_after=None
[2026-06-09T09:42:49.709+0000] {processor.py:183} INFO - Processing /opt/airflow/dags/dag_tp2a_pokemon_ingestion.py took 0.078 seconds
[2026-06-09T09:43:19.816+0000] {processor.py:161} INFO - Started process (PID=657) to work on /opt/airflow/dags/dag_tp2a_pokemon_ingestion.py
[2026-06-09T09:43:19.817+0000] {processor.py:830} INFO - Processing file /opt/airflow/dags/dag_tp2a_pokemon_ingestion.py for tasks to queue
[2026-06-09T09:43:19.819+0000] {logging_mixin.py:188} INFO - [2026-06-09T09:43:19.818+0000] {dagbag.py:545} INFO - Filling up the DagBag from /opt/airflow/dags/dag_tp2a_pokemon_ingestion.py
[2026-06-09T09:43:19.836+0000] {processor.py:840} INFO - DAG(s) 'tp2a_pokemon_ingestion' retrieved from /opt/airflow/dags/dag_tp2a_pokemon_ingestion.py
[2026-06-09T09:43:19.863+0000] {logging_mixin.py:188} INFO - [2026-06-09T09:43:19.862+0000] {dag.py:3096} INFO - Sync 1 DAGs
[2026-06-09T09:43:19.875+0000] {logging_mixin.py:188} INFO - [2026-06-09T09:43:19.875+0000] {dag.py:3954} INFO - Setting next_dagrun for tp2a_pokemon_ingestion to None, run_after=None
[2026-06-09T09:43:19.894+0000] {processor.py:183} INFO - Processing /opt/airflow/dags/dag_tp2a_pokemon_ingestion.py took 0.083 seconds
[2026-06-09T09:43:50.084+0000] {processor.py:161} INFO - Started process (PID=667) to work on /opt/airflow/dags/dag_tp2a_pokemon_ingestion.py
[2026-06-09T09:43:50.085+0000] {processor.py:830} INFO - Processing file /opt/airflow/dags/dag_tp2a_pokemon_ingestion.py for tasks to queue
[2026-06-09T09:43:50.086+0000] {logging_mixin.py:188} INFO - [2026-06-09T09:43:50.086+0000] {dagbag.py:545} INFO - Filling up the DagBag from /opt/airflow/dags/dag_tp2a_pokemon_ingestion.py
[2026-06-09T09:43:50.104+0000] {processor.py:840} INFO - DAG(s) 'tp2a_pokemon_ingestion' retrieved from /opt/airflow/dags/dag_tp2a_pokemon_ingestion.py
[2026-06-09T09:43:50.135+0000] {logging_mixin.py:188} INFO - [2026-06-09T09:43:50.134+0000] {dag.py:3096} INFO - Sync 1 DAGs
[2026-06-09T09:43:50.150+0000] {logging_mixin.py:188} INFO - [2026-06-09T09:43:50.150+0000] {dag.py:3954} INFO - Setting next_dagrun for tp2a_pokemon_ingestion to None, run_after=None
[2026-06-09T09:43:50.172+0000] {processor.py:183} INFO - Processing /opt/airflow/dags/dag_tp2a_pokemon_ingestion.py took 0.093 seconds
[2026-06-09T09:44:20.243+0000] {processor.py:161} INFO - Started process (PID=677) to work on /opt/airflow/dags/dag_tp2a_pokemon_ingestion.py
[2026-06-09T09:44:20.244+0000] {processor.py:830} INFO - Processing file /opt/airflow/dags/dag_tp2a_pokemon_ingestion.py for tasks to queue
[2026-06-09T09:44:20.245+0000] {logging_mixin.py:188} INFO - [2026-06-09T09:44:20.245+0000] {dagbag.py:545} INFO - Filling up the DagBag from /opt/airflow/dags/dag_tp2a_pokemon_ingestion.py
[2026-06-09T09:44:20.262+0000] {processor.py:840} INFO - DAG(s) 'tp2a_pokemon_ingestion' retrieved from /opt/airflow/dags/dag_tp2a_pokemon_ingestion.py
[2026-06-09T09:44:20.286+0000] {logging_mixin.py:188} INFO - [2026-06-09T09:44:20.286+0000] {dag.py:3096} INFO - Sync 1 DAGs
[2026-06-09T09:44:20.297+0000] {logging_mixin.py:188} INFO - [2026-06-09T09:44:20.297+0000] {dag.py:3954} INFO - Setting next_dagrun for tp2a_pokemon_ingestion to None, run_after=None
[2026-06-09T09:44:20.314+0000] {processor.py:183} INFO - Processing /opt/airflow/dags/dag_tp2a_pokemon_ingestion.py took 0.075 seconds
[2026-06-09T09:44:50.487+0000] {processor.py:161} INFO - Started process (PID=687) to work on /opt/airflow/dags/dag_tp2a_pokemon_ingestion.py
[2026-06-09T09:44:50.488+0000] {processor.py:830} INFO - Processing file /opt/airflow/dags/dag_tp2a_pokemon_ingestion.py for tasks to queue
[2026-06-09T09:44:50.489+0000] {logging_mixin.py:188} INFO - [2026-06-09T09:44:50.489+0000] {dagbag.py:545} INFO - Filling up the DagBag from /opt/airflow/dags/dag_tp2a_pokemon_ingestion.py
[2026-06-09T09:44:50.507+0000] {processor.py:840} INFO - DAG(s) 'tp2a_pokemon_ingestion' retrieved from /opt/airflow/dags/dag_tp2a_pokemon_ingestion.py
[2026-06-09T09:44:50.537+0000] {logging_mixin.py:188} INFO - [2026-06-09T09:44:50.537+0000] {dag.py:3096} INFO - Sync 1 DAGs
[2026-06-09T09:44:50.549+0000] {logging_mixin.py:188} INFO - [2026-06-09T09:44:50.548+0000] {dag.py:3954} INFO - Setting next_dagrun for tp2a_pokemon_ingestion to None, run_after=None
[2026-06-09T09:44:50.565+0000] {processor.py:183} INFO - Processing /opt/airflow/dags/dag_tp2a_pokemon_ingestion.py took 0.083 seconds
[2026-06-09T09:45:20.648+0000] {processor.py:161} INFO - Started process (PID=697) to work on /opt/airflow/dags/dag_tp2a_pokemon_ingestion.py
[2026-06-09T09:45:20.649+0000] {processor.py:830} INFO - Processing file /opt/airflow/dags/dag_tp2a_pokemon_ingestion.py for tasks to queue
[2026-06-09T09:45:20.650+0000] {logging_mixin.py:188} INFO - [2026-06-09T09:45:20.650+0000] {dagbag.py:545} INFO - Filling up the DagBag from /opt/airflow/dags/dag_tp2a_pokemon_ingestion.py
[2026-06-09T09:45:20.665+0000] {processor.py:840} INFO - DAG(s) 'tp2a_pokemon_ingestion' retrieved from /opt/airflow/dags/dag_tp2a_pokemon_ingestion.py
[2026-06-09T09:45:20.694+0000] {logging_mixin.py:188} INFO - [2026-06-09T09:45:20.694+0000] {dag.py:3096} INFO - Sync 1 DAGs
[2026-06-09T09:45:20.707+0000] {logging_mixin.py:188} INFO - [2026-06-09T09:45:20.706+0000] {dag.py:3954} INFO - Setting next_dagrun for tp2a_pokemon_ingestion to None, run_after=None
[2026-06-09T09:45:20.723+0000] {processor.py:183} INFO - Processing /opt/airflow/dags/dag_tp2a_pokemon_ingestion.py took 0.079 seconds
[2026-06-09T09:45:50.932+0000] {processor.py:161} INFO - Started process (PID=707) to work on /opt/airflow/dags/dag_tp2a_pokemon_ingestion.py
[2026-06-09T09:45:50.933+0000] {processor.py:830} INFO - Processing file /opt/airflow/dags/dag_tp2a_pokemon_ingestion.py for tasks to queue
[2026-06-09T09:45:50.934+0000] {logging_mixin.py:188} INFO - [2026-06-09T09:45:50.934+0000] {dagbag.py:545} INFO - Filling up the DagBag from /opt/airflow/dags/dag_tp2a_pokemon_ingestion.py
[2026-06-09T09:45:50.949+0000] {processor.py:840} INFO - DAG(s) 'tp2a_pokemon_ingestion' retrieved from /opt/airflow/dags/dag_tp2a_pokemon_ingestion.py
[2026-06-09T09:45:50.977+0000] {logging_mixin.py:188} INFO - [2026-06-09T09:45:50.977+0000] {dag.py:3096} INFO - Sync 1 DAGs
[2026-06-09T09:45:50.988+0000] {logging_mixin.py:188} INFO - [2026-06-09T09:45:50.988+0000] {dag.py:3954} INFO - Setting next_dagrun for tp2a_pokemon_ingestion to None, run_after=None
[2026-06-09T09:45:51.005+0000] {processor.py:183} INFO - Processing /opt/airflow/dags/dag_tp2a_pokemon_ingestion.py took 0.078 seconds
[2026-06-09T09:46:21.188+0000] {processor.py:161} INFO - Started process (PID=717) to work on /opt/airflow/dags/dag_tp2a_pokemon_ingestion.py
[2026-06-09T09:46:21.188+0000] {processor.py:830} INFO - Processing file /opt/airflow/dags/dag_tp2a_pokemon_ingestion.py for tasks to queue
[2026-06-09T09:46:21.190+0000] {logging_mixin.py:188} INFO - [2026-06-09T09:46:21.190+0000] {dagbag.py:545} INFO - Filling up the DagBag from /opt/airflow/dags/dag_tp2a_pokemon_ingestion.py
[2026-06-09T09:46:21.205+0000] {processor.py:840} INFO - DAG(s) 'tp2a_pokemon_ingestion' retrieved from /opt/airflow/dags/dag_tp2a_pokemon_ingestion.py
[2026-06-09T09:46:21.233+0000] {logging_mixin.py:188} INFO - [2026-06-09T09:46:21.233+0000] {dag.py:3096} INFO - Sync 1 DAGs
[2026-06-09T09:46:21.244+0000] {logging_mixin.py:188} INFO - [2026-06-09T09:46:21.244+0000] {dag.py:3954} INFO - Setting next_dagrun for tp2a_pokemon_ingestion to None, run_after=None
[2026-06-09T09:46:21.261+0000] {processor.py:183} INFO - Processing /opt/airflow/dags/dag_tp2a_pokemon_ingestion.py took 0.077 seconds
[2026-06-09T09:46:51.354+0000] {processor.py:161} INFO - Started process (PID=727) to work on /opt/airflow/dags/dag_tp2a_pokemon_ingestion.py
[2026-06-09T09:46:51.355+0000] {processor.py:830} INFO - Processing file /opt/airflow/dags/dag_tp2a_pokemon_ingestion.py for tasks to queue
[2026-06-09T09:46:51.356+0000] {logging_mixin.py:188} INFO - [2026-06-09T09:46:51.356+0000] {dagbag.py:545} INFO - Filling up the DagBag from /opt/airflow/dags/dag_tp2a_pokemon_ingestion.py
[2026-06-09T09:46:51.371+0000] {processor.py:840} INFO - DAG(s) 'tp2a_pokemon_ingestion' retrieved from /opt/airflow/dags/dag_tp2a_pokemon_ingestion.py
[2026-06-09T09:46:51.399+0000] {logging_mixin.py:188} INFO - [2026-06-09T09:46:51.399+0000] {dag.py:3096} INFO - Sync 1 DAGs
[2026-06-09T09:46:51.410+0000] {logging_mixin.py:188} INFO - [2026-06-09T09:46:51.410+0000] {dag.py:3954} INFO - Setting next_dagrun for tp2a_pokemon_ingestion to None, run_after=None
[2026-06-09T09:46:51.427+0000] {processor.py:183} INFO - Processing /opt/airflow/dags/dag_tp2a_pokemon_ingestion.py took 0.077 seconds
[2026-06-09T09:47:21.599+0000] {processor.py:161} INFO - Started process (PID=737) to work on /opt/airflow/dags/dag_tp2a_pokemon_ingestion.py
[2026-06-09T09:47:21.599+0000] {processor.py:830} INFO - Processing file /opt/airflow/dags/dag_tp2a_pokemon_ingestion.py for tasks to queue
[2026-06-09T09:47:21.601+0000] {logging_mixin.py:188} INFO - [2026-06-09T09:47:21.601+0000] {dagbag.py:545} INFO - Filling up the DagBag from /opt/airflow/dags/dag_tp2a_pokemon_ingestion.py
[2026-06-09T09:47:21.619+0000] {processor.py:840} INFO - DAG(s) 'tp2a_pokemon_ingestion' retrieved from /opt/airflow/dags/dag_tp2a_pokemon_ingestion.py
[2026-06-09T09:47:21.651+0000] {logging_mixin.py:188} INFO - [2026-06-09T09:47:21.651+0000] {dag.py:3096} INFO - Sync 1 DAGs
[2026-06-09T09:47:21.663+0000] {logging_mixin.py:188} INFO - [2026-06-09T09:47:21.663+0000] {dag.py:3954} INFO - Setting next_dagrun for tp2a_pokemon_ingestion to None, run_after=None
[2026-06-09T09:47:21.682+0000] {processor.py:183} INFO - Processing /opt/airflow/dags/dag_tp2a_pokemon_ingestion.py took 0.088 seconds
[2026-06-09T09:47:51.769+0000] {processor.py:161} INFO - Started process (PID=747) to work on /opt/airflow/dags/dag_tp2a_pokemon_ingestion.py
[2026-06-09T09:47:51.770+0000] {processor.py:830} INFO - Processing file /opt/airflow/dags/dag_tp2a_pokemon_ingestion.py for tasks to queue
[2026-06-09T09:47:51.772+0000] {logging_mixin.py:188} INFO - [2026-06-09T09:47:51.771+0000] {dagbag.py:545} INFO - Filling up the DagBag from /opt/airflow/dags/dag_tp2a_pokemon_ingestion.py
[2026-06-09T09:47:51.788+0000] {processor.py:840} INFO - DAG(s) 'tp2a_pokemon_ingestion' retrieved from /opt/airflow/dags/dag_tp2a_pokemon_ingestion.py
[2026-06-09T09:47:51.814+0000] {logging_mixin.py:188} INFO - [2026-06-09T09:47:51.814+0000] {dag.py:3096} INFO - Sync 1 DAGs
[2026-06-09T09:47:51.826+0000] {logging_mixin.py:188} INFO - [2026-06-09T09:47:51.825+0000] {dag.py:3954} INFO - Setting next_dagrun for tp2a_pokemon_ingestion to None, run_after=None
[2026-06-09T09:47:51.843+0000] {processor.py:183} INFO - Processing /opt/airflow/dags/dag_tp2a_pokemon_ingestion.py took 0.078 seconds
[2026-06-09T09:48:21.991+0000] {processor.py:161} INFO - Started process (PID=757) to work on /opt/airflow/dags/dag_tp2a_pokemon_ingestion.py
[2026-06-09T09:48:21.991+0000] {processor.py:830} INFO - Processing file /opt/airflow/dags/dag_tp2a_pokemon_ingestion.py for tasks to queue
[2026-06-09T09:48:21.993+0000] {logging_mixin.py:188} INFO - [2026-06-09T09:48:21.993+0000] {dagbag.py:545} INFO - Filling up the DagBag from /opt/airflow/dags/dag_tp2a_pokemon_ingestion.py
[2026-06-09T09:48:22.008+0000] {processor.py:840} INFO - DAG(s) 'tp2a_pokemon_ingestion' retrieved from /opt/airflow/dags/dag_tp2a_pokemon_ingestion.py
[2026-06-09T09:48:22.036+0000] {logging_mixin.py:188} INFO - [2026-06-09T09:48:22.035+0000] {dag.py:3096} INFO - Sync 1 DAGs
[2026-06-09T09:48:22.049+0000] {logging_mixin.py:188} INFO - [2026-06-09T09:48:22.049+0000] {dag.py:3954} INFO - Setting next_dagrun for tp2a_pokemon_ingestion to None, run_after=None
[2026-06-09T09:48:22.069+0000] {processor.py:183} INFO - Processing /opt/airflow/dags/dag_tp2a_pokemon_ingestion.py took 0.083 seconds
[2026-06-09T09:48:52.162+0000] {processor.py:161} INFO - Started process (PID=767) to work on /opt/airflow/dags/dag_tp2a_pokemon_ingestion.py
[2026-06-09T09:48:52.163+0000] {processor.py:830} INFO - Processing file /opt/airflow/dags/dag_tp2a_pokemon_ingestion.py for tasks to queue
[2026-06-09T09:48:52.164+0000] {logging_mixin.py:188} INFO - [2026-06-09T09:48:52.164+0000] {dagbag.py:545} INFO - Filling up the DagBag from /opt/airflow/dags/dag_tp2a_pokemon_ingestion.py
[2026-06-09T09:48:52.180+0000] {processor.py:840} INFO - DAG(s) 'tp2a_pokemon_ingestion' retrieved from /opt/airflow/dags/dag_tp2a_pokemon_ingestion.py
[2026-06-09T09:48:52.210+0000] {logging_mixin.py:188} INFO - [2026-06-09T09:48:52.210+0000] {dag.py:3096} INFO - Sync 1 DAGs
[2026-06-09T09:48:52.223+0000] {logging_mixin.py:188} INFO - [2026-06-09T09:48:52.223+0000] {dag.py:3954} INFO - Setting next_dagrun for tp2a_pokemon_ingestion to None, run_after=None
[2026-06-09T09:48:52.238+0000] {processor.py:183} INFO - Processing /opt/airflow/dags/dag_tp2a_pokemon_ingestion.py took 0.080 seconds
[2026-06-09T09:49:22.380+0000] {processor.py:161} INFO - Started process (PID=777) to work on /opt/airflow/dags/dag_tp2a_pokemon_ingestion.py
[2026-06-09T09:49:22.381+0000] {processor.py:830} INFO - Processing file /opt/airflow/dags/dag_tp2a_pokemon_ingestion.py for tasks to queue
[2026-06-09T09:49:22.382+0000] {logging_mixin.py:188} INFO - [2026-06-09T09:49:22.382+0000] {dagbag.py:545} INFO - Filling up the DagBag from /opt/airflow/dags/dag_tp2a_pokemon_ingestion.py
[2026-06-09T09:49:22.399+0000] {processor.py:840} INFO - DAG(s) 'tp2a_pokemon_ingestion' retrieved from /opt/airflow/dags/dag_tp2a_pokemon_ingestion.py
[2026-06-09T09:49:22.428+0000] {logging_mixin.py:188} INFO - [2026-06-09T09:49:22.427+0000] {dag.py:3096} INFO - Sync 1 DAGs
[2026-06-09T09:49:22.440+0000] {logging_mixin.py:188} INFO - [2026-06-09T09:49:22.440+0000] {dag.py:3954} INFO - Setting next_dagrun for tp2a_pokemon_ingestion to None, run_after=None
[2026-06-09T09:49:22.457+0000] {processor.py:183} INFO - Processing /opt/airflow/dags/dag_tp2a_pokemon_ingestion.py took 0.084 seconds
[2026-06-09T09:49:52.649+0000] {processor.py:161} INFO - Started process (PID=787) to work on /opt/airflow/dags/dag_tp2a_pokemon_ingestion.py
[2026-06-09T09:49:52.650+0000] {processor.py:830} INFO - Processing file /opt/airflow/dags/dag_tp2a_pokemon_ingestion.py for tasks to queue
[2026-06-09T09:49:52.651+0000] {logging_mixin.py:188} INFO - [2026-06-09T09:49:52.651+0000] {dagbag.py:545} INFO - Filling up the DagBag from /opt/airflow/dags/dag_tp2a_pokemon_ingestion.py
[2026-06-09T09:49:52.667+0000] {processor.py:840} INFO - DAG(s) 'tp2a_pokemon_ingestion' retrieved from /opt/airflow/dags/dag_tp2a_pokemon_ingestion.py
[2026-06-09T09:49:52.694+0000] {logging_mixin.py:188} INFO - [2026-06-09T09:49:52.694+0000] {dag.py:3096} INFO - Sync 1 DAGs
[2026-06-09T09:49:52.705+0000] {logging_mixin.py:188} INFO - [2026-06-09T09:49:52.705+0000] {dag.py:3954} INFO - Setting next_dagrun for tp2a_pokemon_ingestion to None, run_after=None
[2026-06-09T09:49:52.722+0000] {processor.py:183} INFO - Processing /opt/airflow/dags/dag_tp2a_pokemon_ingestion.py took 0.077 seconds
[2026-06-09T09:50:22.823+0000] {processor.py:161} INFO - Started process (PID=797) to work on /opt/airflow/dags/dag_tp2a_pokemon_ingestion.py
[2026-06-09T09:50:22.824+0000] {processor.py:830} INFO - Processing file /opt/airflow/dags/dag_tp2a_pokemon_ingestion.py for tasks to queue
[2026-06-09T09:50:22.826+0000] {logging_mixin.py:188} INFO - [2026-06-09T09:50:22.826+0000] {dagbag.py:545} INFO - Filling up the DagBag from /opt/airflow/dags/dag_tp2a_pokemon_ingestion.py
[2026-06-09T09:50:22.844+0000] {processor.py:840} INFO - DAG(s) 'tp2a_pokemon_ingestion' retrieved from /opt/airflow/dags/dag_tp2a_pokemon_ingestion.py
[2026-06-09T09:50:22.875+0000] {logging_mixin.py:188} INFO - [2026-06-09T09:50:22.874+0000] {dag.py:3096} INFO - Sync 1 DAGs
[2026-06-09T09:50:22.887+0000] {logging_mixin.py:188} INFO - [2026-06-09T09:50:22.887+0000] {dag.py:3954} INFO - Setting next_dagrun for tp2a_pokemon_ingestion to None, run_after=None
[2026-06-09T09:50:22.906+0000] {processor.py:183} INFO - Processing /opt/airflow/dags/dag_tp2a_pokemon_ingestion.py took 0.088 seconds
[2026-06-09T09:50:53.139+0000] {processor.py:161} INFO - Started process (PID=807) to work on /opt/airflow/dags/dag_tp2a_pokemon_ingestion.py
[2026-06-09T09:50:53.140+0000] {processor.py:830} INFO - Processing file /opt/airflow/dags/dag_tp2a_pokemon_ingestion.py for tasks to queue
[2026-06-09T09:50:53.142+0000] {logging_mixin.py:188} INFO - [2026-06-09T09:50:53.141+0000] {dagbag.py:545} INFO - Filling up the DagBag from /opt/airflow/dags/dag_tp2a_pokemon_ingestion.py
[2026-06-09T09:50:53.159+0000] {processor.py:840} INFO - DAG(s) 'tp2a_pokemon_ingestion' retrieved from /opt/airflow/dags/dag_tp2a_pokemon_ingestion.py
[2026-06-09T09:50:53.191+0000] {logging_mixin.py:188} INFO - [2026-06-09T09:50:53.190+0000] {dag.py:3096} INFO - Sync 1 DAGs
[2026-06-09T09:50:53.204+0000] {logging_mixin.py:188} INFO - [2026-06-09T09:50:53.204+0000] {dag.py:3954} INFO - Setting next_dagrun for tp2a_pokemon_ingestion to None, run_after=None
[2026-06-09T09:50:53.222+0000] {processor.py:183} INFO - Processing /opt/airflow/dags/dag_tp2a_pokemon_ingestion.py took 0.087 seconds
[2026-06-09T09:51:23.312+0000] {processor.py:161} INFO - Started process (PID=817) to work on /opt/airflow/dags/dag_tp2a_pokemon_ingestion.py
[2026-06-09T09:51:23.313+0000] {processor.py:830} INFO - Processing file /opt/airflow/dags/dag_tp2a_pokemon_ingestion.py for tasks to queue
[2026-06-09T09:51:23.314+0000] {logging_mixin.py:188} INFO - [2026-06-09T09:51:23.314+0000] {dagbag.py:545} INFO - Filling up the DagBag from /opt/airflow/dags/dag_tp2a_pokemon_ingestion.py
[2026-06-09T09:51:23.331+0000] {processor.py:840} INFO - DAG(s) 'tp2a_pokemon_ingestion' retrieved from /opt/airflow/dags/dag_tp2a_pokemon_ingestion.py
[2026-06-09T09:51:23.358+0000] {logging_mixin.py:188} INFO - [2026-06-09T09:51:23.358+0000] {dag.py:3096} INFO - Sync 1 DAGs
[2026-06-09T09:51:23.370+0000] {logging_mixin.py:188} INFO - [2026-06-09T09:51:23.370+0000] {dag.py:3954} INFO - Setting next_dagrun for tp2a_pokemon_ingestion to None, run_after=None
[2026-06-09T09:51:23.387+0000] {processor.py:183} INFO - Processing /opt/airflow/dags/dag_tp2a_pokemon_ingestion.py took 0.081 seconds
[2026-06-09T09:51:53.526+0000] {processor.py:161} INFO - Started process (PID=827) to work on /opt/airflow/dags/dag_tp2a_pokemon_ingestion.py
[2026-06-09T09:51:53.527+0000] {processor.py:830} INFO - Processing file /opt/airflow/dags/dag_tp2a_pokemon_ingestion.py for tasks to queue
[2026-06-09T09:51:53.529+0000] {logging_mixin.py:188} INFO - [2026-06-09T09:51:53.528+0000] {dagbag.py:545} INFO - Filling up the DagBag from /opt/airflow/dags/dag_tp2a_pokemon_ingestion.py
[2026-06-09T09:51:53.547+0000] {processor.py:840} INFO - DAG(s) 'tp2a_pokemon_ingestion' retrieved from /opt/airflow/dags/dag_tp2a_pokemon_ingestion.py
[2026-06-09T09:51:53.578+0000] {logging_mixin.py:188} INFO - [2026-06-09T09:51:53.577+0000] {dag.py:3096} INFO - Sync 1 DAGs
[2026-06-09T09:51:53.590+0000] {logging_mixin.py:188} INFO - [2026-06-09T09:51:53.590+0000] {dag.py:3954} INFO - Setting next_dagrun for tp2a_pokemon_ingestion to None, run_after=None
[2026-06-09T09:51:53.612+0000] {processor.py:183} INFO - Processing /opt/airflow/dags/dag_tp2a_pokemon_ingestion.py took 0.091 seconds
[2026-06-09T09:52:23.796+0000] {processor.py:161} INFO - Started process (PID=837) to work on /opt/airflow/dags/dag_tp2a_pokemon_ingestion.py
[2026-06-09T09:52:23.797+0000] {processor.py:830} INFO - Processing file /opt/airflow/dags/dag_tp2a_pokemon_ingestion.py for tasks to queue
[2026-06-09T09:52:23.798+0000] {logging_mixin.py:188} INFO - [2026-06-09T09:52:23.798+0000] {dagbag.py:545} INFO - Filling up the DagBag from /opt/airflow/dags/dag_tp2a_pokemon_ingestion.py
[2026-06-09T09:52:23.816+0000] {processor.py:840} INFO - DAG(s) 'tp2a_pokemon_ingestion' retrieved from /opt/airflow/dags/dag_tp2a_pokemon_ingestion.py
[2026-06-09T09:52:23.846+0000] {logging_mixin.py:188} INFO - [2026-06-09T09:52:23.846+0000] {dag.py:3096} INFO - Sync 1 DAGs
[2026-06-09T09:52:23.858+0000] {logging_mixin.py:188} INFO - [2026-06-09T09:52:23.858+0000] {dag.py:3954} INFO - Setting next_dagrun for tp2a_pokemon_ingestion to None, run_after=None
[2026-06-09T09:52:23.879+0000] {processor.py:183} INFO - Processing /opt/airflow/dags/dag_tp2a_pokemon_ingestion.py took 0.087 seconds
[2026-06-09T09:52:54.060+0000] {processor.py:161} INFO - Started process (PID=847) to work on /opt/airflow/dags/dag_tp2a_pokemon_ingestion.py
[2026-06-09T09:52:54.061+0000] {processor.py:830} INFO - Processing file /opt/airflow/dags/dag_tp2a_pokemon_ingestion.py for tasks to queue
[2026-06-09T09:52:54.062+0000] {logging_mixin.py:188} INFO - [2026-06-09T09:52:54.062+0000] {dagbag.py:545} INFO - Filling up the DagBag from /opt/airflow/dags/dag_tp2a_pokemon_ingestion.py
[2026-06-09T09:52:54.090+0000] {processor.py:840} INFO - DAG(s) 'tp2a_pokemon_ingestion' retrieved from /opt/airflow/dags/dag_tp2a_pokemon_ingestion.py
[2026-06-09T09:52:54.129+0000] {logging_mixin.py:188} INFO - [2026-06-09T09:52:54.129+0000] {dag.py:3096} INFO - Sync 1 DAGs
[2026-06-09T09:52:54.143+0000] {logging_mixin.py:188} INFO - [2026-06-09T09:52:54.142+0000] {dag.py:3954} INFO - Setting next_dagrun for tp2a_pokemon_ingestion to None, run_after=None
[2026-06-09T09:52:54.168+0000] {processor.py:183} INFO - Processing /opt/airflow/dags/dag_tp2a_pokemon_ingestion.py took 0.115 seconds
[2026-06-09T09:53:24.228+0000] {processor.py:161} INFO - Started process (PID=857) to work on /opt/airflow/dags/dag_tp2a_pokemon_ingestion.py
[2026-06-09T09:53:24.229+0000] {processor.py:830} INFO - Processing file /opt/airflow/dags/dag_tp2a_pokemon_ingestion.py for tasks to queue
[2026-06-09T09:53:24.230+0000] {logging_mixin.py:188} INFO - [2026-06-09T09:53:24.230+0000] {dagbag.py:545} INFO - Filling up the DagBag from /opt/airflow/dags/dag_tp2a_pokemon_ingestion.py
[2026-06-09T09:53:24.246+0000] {processor.py:840} INFO - DAG(s) 'tp2a_pokemon_ingestion' retrieved from /opt/airflow/dags/dag_tp2a_pokemon_ingestion.py
[2026-06-09T09:53:24.277+0000] {logging_mixin.py:188} INFO - [2026-06-09T09:53:24.277+0000] {dag.py:3096} INFO - Sync 1 DAGs
[2026-06-09T09:53:24.290+0000] {logging_mixin.py:188} INFO - [2026-06-09T09:53:24.290+0000] {dag.py:3954} INFO - Setting next_dagrun for tp2a_pokemon_ingestion to None, run_after=None
[2026-06-09T09:53:24.308+0000] {processor.py:183} INFO - Processing /opt/airflow/dags/dag_tp2a_pokemon_ingestion.py took 0.085 seconds
[2026-06-09T09:53:54.501+0000] {processor.py:161} INFO - Started process (PID=867) to work on /opt/airflow/dags/dag_tp2a_pokemon_ingestion.py
[2026-06-09T09:53:54.502+0000] {processor.py:830} INFO - Processing file /opt/airflow/dags/dag_tp2a_pokemon_ingestion.py for tasks to queue
[2026-06-09T09:53:54.504+0000] {logging_mixin.py:188} INFO - [2026-06-09T09:53:54.504+0000] {dagbag.py:545} INFO - Filling up the DagBag from /opt/airflow/dags/dag_tp2a_pokemon_ingestion.py
[2026-06-09T09:53:54.525+0000] {processor.py:840} INFO - DAG(s) 'tp2a_pokemon_ingestion' retrieved from /opt/airflow/dags/dag_tp2a_pokemon_ingestion.py
[2026-06-09T09:53:54.555+0000] {logging_mixin.py:188} INFO - [2026-06-09T09:53:54.555+0000] {dag.py:3096} INFO - Sync 1 DAGs
[2026-06-09T09:53:54.567+0000] {logging_mixin.py:188} INFO - [2026-06-09T09:53:54.567+0000] {dag.py:3954} INFO - Setting next_dagrun for tp2a_pokemon_ingestion to None, run_after=None
[2026-06-09T09:53:54.588+0000] {processor.py:183} INFO - Processing /opt/airflow/dags/dag_tp2a_pokemon_ingestion.py took 0.093 seconds
[2026-06-09T09:54:24.669+0000] {processor.py:161} INFO - Started process (PID=877) to work on /opt/airflow/dags/dag_tp2a_pokemon_ingestion.py
[2026-06-09T09:54:24.670+0000] {processor.py:830} INFO - Processing file /opt/airflow/dags/dag_tp2a_pokemon_ingestion.py for tasks to queue
[2026-06-09T09:54:24.672+0000] {logging_mixin.py:188} INFO - [2026-06-09T09:54:24.671+0000] {dagbag.py:545} INFO - Filling up the DagBag from /opt/airflow/dags/dag_tp2a_pokemon_ingestion.py
[2026-06-09T09:54:24.687+0000] {processor.py:840} INFO - DAG(s) 'tp2a_pokemon_ingestion' retrieved from /opt/airflow/dags/dag_tp2a_pokemon_ingestion.py
[2026-06-09T09:54:24.718+0000] {logging_mixin.py:188} INFO - [2026-06-09T09:54:24.718+0000] {dag.py:3096} INFO - Sync 1 DAGs
[2026-06-09T09:54:24.729+0000] {logging_mixin.py:188} INFO - [2026-06-09T09:54:24.729+0000] {dag.py:3954} INFO - Setting next_dagrun for tp2a_pokemon_ingestion to None, run_after=None
[2026-06-09T09:54:24.749+0000] {processor.py:183} INFO - Processing /opt/airflow/dags/dag_tp2a_pokemon_ingestion.py took 0.084 seconds
[2026-06-09T09:54:54.882+0000] {processor.py:161} INFO - Started process (PID=887) to work on /opt/airflow/dags/dag_tp2a_pokemon_ingestion.py
[2026-06-09T09:54:54.883+0000] {processor.py:830} INFO - Processing file /opt/airflow/dags/dag_tp2a_pokemon_ingestion.py for tasks to queue
[2026-06-09T09:54:54.884+0000] {logging_mixin.py:188} INFO - [2026-06-09T09:54:54.884+0000] {dagbag.py:545} INFO - Filling up the DagBag from /opt/airflow/dags/dag_tp2a_pokemon_ingestion.py
[2026-06-09T09:54:54.902+0000] {processor.py:840} INFO - DAG(s) 'tp2a_pokemon_ingestion' retrieved from /opt/airflow/dags/dag_tp2a_pokemon_ingestion.py
[2026-06-09T09:54:54.931+0000] {logging_mixin.py:188} INFO - [2026-06-09T09:54:54.931+0000] {dag.py:3096} INFO - Sync 1 DAGs
[2026-06-09T09:54:54.944+0000] {logging_mixin.py:188} INFO - [2026-06-09T09:54:54.944+0000] {dag.py:3954} INFO - Setting next_dagrun for tp2a_pokemon_ingestion to None, run_after=None
[2026-06-09T09:54:54.963+0000] {processor.py:183} INFO - Processing /opt/airflow/dags/dag_tp2a_pokemon_ingestion.py took 0.085 seconds
[2026-06-09T09:55:25.159+0000] {processor.py:161} INFO - Started process (PID=897) to work on /opt/airflow/dags/dag_tp2a_pokemon_ingestion.py
[2026-06-09T09:55:25.160+0000] {processor.py:830} INFO - Processing file /opt/airflow/dags/dag_tp2a_pokemon_ingestion.py for tasks to queue
[2026-06-09T09:55:25.163+0000] {logging_mixin.py:188} INFO - [2026-06-09T09:55:25.162+0000] {dagbag.py:545} INFO - Filling up the DagBag from /opt/airflow/dags/dag_tp2a_pokemon_ingestion.py
[2026-06-09T09:55:25.185+0000] {processor.py:840} INFO - DAG(s) 'tp2a_pokemon_ingestion' retrieved from /opt/airflow/dags/dag_tp2a_pokemon_ingestion.py
[2026-06-09T09:55:25.220+0000] {logging_mixin.py:188} INFO - [2026-06-09T09:55:25.219+0000] {dag.py:3096} INFO - Sync 1 DAGs
[2026-06-09T09:55:25.233+0000] {logging_mixin.py:188} INFO - [2026-06-09T09:55:25.233+0000] {dag.py:3954} INFO - Setting next_dagrun for tp2a_pokemon_ingestion to None, run_after=None
[2026-06-09T09:55:25.255+0000] {processor.py:183} INFO - Processing /opt/airflow/dags/dag_tp2a_pokemon_ingestion.py took 0.105 seconds
[2026-06-09T09:55:55.375+0000] {processor.py:161} INFO - Started process (PID=907) to work on /opt/airflow/dags/dag_tp2a_pokemon_ingestion.py
[2026-06-09T09:55:55.376+0000] {processor.py:830} INFO - Processing file /opt/airflow/dags/dag_tp2a_pokemon_ingestion.py for tasks to queue
[2026-06-09T09:55:55.377+0000] {logging_mixin.py:188} INFO - [2026-06-09T09:55:55.377+0000] {dagbag.py:545} INFO - Filling up the DagBag from /opt/airflow/dags/dag_tp2a_pokemon_ingestion.py
[2026-06-09T09:55:55.395+0000] {processor.py:840} INFO - DAG(s) 'tp2a_pokemon_ingestion' retrieved from /opt/airflow/dags/dag_tp2a_pokemon_ingestion.py
[2026-06-09T09:55:55.426+0000] {logging_mixin.py:188} INFO - [2026-06-09T09:55:55.426+0000] {dag.py:3096} INFO - Sync 1 DAGs
[2026-06-09T09:55:55.438+0000] {logging_mixin.py:188} INFO - [2026-06-09T09:55:55.438+0000] {dag.py:3954} INFO - Setting next_dagrun for tp2a_pokemon_ingestion to None, run_after=None
[2026-06-09T09:55:55.457+0000] {processor.py:183} INFO - Processing /opt/airflow/dags/dag_tp2a_pokemon_ingestion.py took 0.086 seconds
[2026-06-09T09:56:25.669+0000] {processor.py:161} INFO - Started process (PID=917) to work on /opt/airflow/dags/dag_tp2a_pokemon_ingestion.py
[2026-06-09T09:56:25.670+0000] {processor.py:830} INFO - Processing file /opt/airflow/dags/dag_tp2a_pokemon_ingestion.py for tasks to queue
[2026-06-09T09:56:25.672+0000] {logging_mixin.py:188} INFO - [2026-06-09T09:56:25.672+0000] {dagbag.py:545} INFO - Filling up the DagBag from /opt/airflow/dags/dag_tp2a_pokemon_ingestion.py
[2026-06-09T09:56:25.694+0000] {processor.py:840} INFO - DAG(s) 'tp2a_pokemon_ingestion' retrieved from /opt/airflow/dags/dag_tp2a_pokemon_ingestion.py
[2026-06-09T09:56:25.729+0000] {logging_mixin.py:188} INFO - [2026-06-09T09:56:25.729+0000] {dag.py:3096} INFO - Sync 1 DAGs
[2026-06-09T09:56:25.743+0000] {logging_mixin.py:188} INFO - [2026-06-09T09:56:25.743+0000] {dag.py:3954} INFO - Setting next_dagrun for tp2a_pokemon_ingestion to None, run_after=None
[2026-06-09T09:56:25.763+0000] {processor.py:183} INFO - Processing /opt/airflow/dags/dag_tp2a_pokemon_ingestion.py took 0.102 seconds
[2026-06-09T09:56:55.848+0000] {processor.py:161} INFO - Started process (PID=927) to work on /opt/airflow/dags/dag_tp2a_pokemon_ingestion.py
[2026-06-09T09:56:55.849+0000] {processor.py:830} INFO - Processing file /opt/airflow/dags/dag_tp2a_pokemon_ingestion.py for tasks to queue
[2026-06-09T09:56:55.851+0000] {logging_mixin.py:188} INFO - [2026-06-09T09:56:55.851+0000] {dagbag.py:545} INFO - Filling up the DagBag from /opt/airflow/dags/dag_tp2a_pokemon_ingestion.py
[2026-06-09T09:56:55.869+0000] {processor.py:840} INFO - DAG(s) 'tp2a_pokemon_ingestion' retrieved from /opt/airflow/dags/dag_tp2a_pokemon_ingestion.py
[2026-06-09T09:56:55.904+0000] {logging_mixin.py:188} INFO - [2026-06-09T09:56:55.904+0000] {dag.py:3096} INFO - Sync 1 DAGs
[2026-06-09T09:56:55.918+0000] {logging_mixin.py:188} INFO - [2026-06-09T09:56:55.918+0000] {dag.py:3954} INFO - Setting next_dagrun for tp2a_pokemon_ingestion to None, run_after=None
[2026-06-09T09:56:55.940+0000] {processor.py:183} INFO - Processing /opt/airflow/dags/dag_tp2a_pokemon_ingestion.py took 0.098 seconds
[2026-06-09T09:57:26.069+0000] {processor.py:161} INFO - Started process (PID=937) to work on /opt/airflow/dags/dag_tp2a_pokemon_ingestion.py
[2026-06-09T09:57:26.070+0000] {processor.py:830} INFO - Processing file /opt/airflow/dags/dag_tp2a_pokemon_ingestion.py for tasks to queue
[2026-06-09T09:57:26.071+0000] {logging_mixin.py:188} INFO - [2026-06-09T09:57:26.071+0000] {dagbag.py:545} INFO - Filling up the DagBag from /opt/airflow/dags/dag_tp2a_pokemon_ingestion.py
[2026-06-09T09:57:26.089+0000] {processor.py:840} INFO - DAG(s) 'tp2a_pokemon_ingestion' retrieved from /opt/airflow/dags/dag_tp2a_pokemon_ingestion.py
[2026-06-09T09:57:26.119+0000] {logging_mixin.py:188} INFO - [2026-06-09T09:57:26.118+0000] {dag.py:3096} INFO - Sync 1 DAGs
[2026-06-09T09:57:26.131+0000] {logging_mixin.py:188} INFO - [2026-06-09T09:57:26.131+0000] {dag.py:3954} INFO - Setting next_dagrun for tp2a_pokemon_ingestion to None, run_after=None
[2026-06-09T09:57:26.149+0000] {processor.py:183} INFO - Processing /opt/airflow/dags/dag_tp2a_pokemon_ingestion.py took 0.085 seconds
[2026-06-09T09:57:56.245+0000] {processor.py:161} INFO - Started process (PID=947) to work on /opt/airflow/dags/dag_tp2a_pokemon_ingestion.py
[2026-06-09T09:57:56.245+0000] {processor.py:830} INFO - Processing file /opt/airflow/dags/dag_tp2a_pokemon_ingestion.py for tasks to queue
[2026-06-09T09:57:56.247+0000] {logging_mixin.py:188} INFO - [2026-06-09T09:57:56.247+0000] {dagbag.py:545} INFO - Filling up the DagBag from /opt/airflow/dags/dag_tp2a_pokemon_ingestion.py
[2026-06-09T09:57:56.266+0000] {processor.py:840} INFO - DAG(s) 'tp2a_pokemon_ingestion' retrieved from /opt/airflow/dags/dag_tp2a_pokemon_ingestion.py
[2026-06-09T09:57:56.298+0000] {logging_mixin.py:188} INFO - [2026-06-09T09:57:56.298+0000] {dag.py:3096} INFO - Sync 1 DAGs
[2026-06-09T09:57:56.311+0000] {logging_mixin.py:188} INFO - [2026-06-09T09:57:56.311+0000] {dag.py:3954} INFO - Setting next_dagrun for tp2a_pokemon_ingestion to None, run_after=None
[2026-06-09T09:57:56.329+0000] {processor.py:183} INFO - Processing /opt/airflow/dags/dag_tp2a_pokemon_ingestion.py took 0.090 seconds
[2026-06-09T09:58:26.453+0000] {processor.py:161} INFO - Started process (PID=957) to work on /opt/airflow/dags/dag_tp2a_pokemon_ingestion.py
[2026-06-09T09:58:26.454+0000] {processor.py:830} INFO - Processing file /opt/airflow/dags/dag_tp2a_pokemon_ingestion.py for tasks to queue
[2026-06-09T09:58:26.456+0000] {logging_mixin.py:188} INFO - [2026-06-09T09:58:26.455+0000] {dagbag.py:545} INFO - Filling up the DagBag from /opt/airflow/dags/dag_tp2a_pokemon_ingestion.py
[2026-06-09T09:58:26.477+0000] {processor.py:840} INFO - DAG(s) 'tp2a_pokemon_ingestion' retrieved from /opt/airflow/dags/dag_tp2a_pokemon_ingestion.py
[2026-06-09T09:58:26.511+0000] {logging_mixin.py:188} INFO - [2026-06-09T09:58:26.511+0000] {dag.py:3096} INFO - Sync 1 DAGs
[2026-06-09T09:58:26.524+0000] {logging_mixin.py:188} INFO - [2026-06-09T09:58:26.524+0000] {dag.py:3954} INFO - Setting next_dagrun for tp2a_pokemon_ingestion to None, run_after=None
[2026-06-09T09:58:26.546+0000] {processor.py:183} INFO - Processing /opt/airflow/dags/dag_tp2a_pokemon_ingestion.py took 0.098 seconds
[2026-06-09T09:58:56.629+0000] {processor.py:161} INFO - Started process (PID=967) to work on /opt/airflow/dags/dag_tp2a_pokemon_ingestion.py
[2026-06-09T09:58:56.630+0000] {processor.py:830} INFO - Processing file /opt/airflow/dags/dag_tp2a_pokemon_ingestion.py for tasks to queue
[2026-06-09T09:58:56.631+0000] {logging_mixin.py:188} INFO - [2026-06-09T09:58:56.631+0000] {dagbag.py:545} INFO - Filling up the DagBag from /opt/airflow/dags/dag_tp2a_pokemon_ingestion.py
[2026-06-09T09:58:56.647+0000] {processor.py:840} INFO - DAG(s) 'tp2a_pokemon_ingestion' retrieved from /opt/airflow/dags/dag_tp2a_pokemon_ingestion.py
[2026-06-09T09:58:56.676+0000] {logging_mixin.py:188} INFO - [2026-06-09T09:58:56.676+0000] {dag.py:3096} INFO - Sync 1 DAGs
[2026-06-09T09:58:56.687+0000] {logging_mixin.py:188} INFO - [2026-06-09T09:58:56.687+0000] {dag.py:3954} INFO - Setting next_dagrun for tp2a_pokemon_ingestion to None, run_after=None
[2026-06-09T09:58:56.704+0000] {processor.py:183} INFO - Processing /opt/airflow/dags/dag_tp2a_pokemon_ingestion.py took 0.080 seconds
[2026-06-09T09:59:26.893+0000] {processor.py:161} INFO - Started process (PID=977) to work on /opt/airflow/dags/dag_tp2a_pokemon_ingestion.py
[2026-06-09T09:59:26.894+0000] {processor.py:830} INFO - Processing file /opt/airflow/dags/dag_tp2a_pokemon_ingestion.py for tasks to queue
[2026-06-09T09:59:26.895+0000] {logging_mixin.py:188} INFO - [2026-06-09T09:59:26.895+0000] {dagbag.py:545} INFO - Filling up the DagBag from /opt/airflow/dags/dag_tp2a_pokemon_ingestion.py
[2026-06-09T09:59:26.912+0000] {processor.py:840} INFO - DAG(s) 'tp2a_pokemon_ingestion' retrieved from /opt/airflow/dags/dag_tp2a_pokemon_ingestion.py
[2026-06-09T09:59:26.944+0000] {logging_mixin.py:188} INFO - [2026-06-09T09:59:26.944+0000] {dag.py:3096} INFO - Sync 1 DAGs
[2026-06-09T09:59:26.957+0000] {logging_mixin.py:188} INFO - [2026-06-09T09:59:26.957+0000] {dag.py:3954} INFO - Setting next_dagrun for tp2a_pokemon_ingestion to None, run_after=None
[2026-06-09T09:59:26.975+0000] {processor.py:183} INFO - Processing /opt/airflow/dags/dag_tp2a_pokemon_ingestion.py took 0.087 seconds
[2026-06-09T09:59:57.067+0000] {processor.py:161} INFO - Started process (PID=987) to work on /opt/airflow/dags/dag_tp2a_pokemon_ingestion.py
[2026-06-09T09:59:57.068+0000] {processor.py:830} INFO - Processing file /opt/airflow/dags/dag_tp2a_pokemon_ingestion.py for tasks to queue
[2026-06-09T09:59:57.070+0000] {logging_mixin.py:188} INFO - [2026-06-09T09:59:57.070+0000] {dagbag.py:545} INFO - Filling up the DagBag from /opt/airflow/dags/dag_tp2a_pokemon_ingestion.py
[2026-06-09T09:59:57.088+0000] {processor.py:840} INFO - DAG(s) 'tp2a_pokemon_ingestion' retrieved from /opt/airflow/dags/dag_tp2a_pokemon_ingestion.py
[2026-06-09T09:59:57.119+0000] {logging_mixin.py:188} INFO - [2026-06-09T09:59:57.119+0000] {dag.py:3096} INFO - Sync 1 DAGs
[2026-06-09T09:59:57.132+0000] {logging_mixin.py:188} INFO - [2026-06-09T09:59:57.131+0000] {dag.py:3954} INFO - Setting next_dagrun for tp2a_pokemon_ingestion to None, run_after=None
[2026-06-09T09:59:57.153+0000] {processor.py:183} INFO - Processing /opt/airflow/dags/dag_tp2a_pokemon_ingestion.py took 0.091 seconds
[2026-06-09T10:00:27.334+0000] {processor.py:161} INFO - Started process (PID=997) to work on /opt/airflow/dags/dag_tp2a_pokemon_ingestion.py
[2026-06-09T10:00:27.335+0000] {processor.py:830} INFO - Processing file /opt/airflow/dags/dag_tp2a_pokemon_ingestion.py for tasks to queue
[2026-06-09T10:00:27.337+0000] {logging_mixin.py:188} INFO - [2026-06-09T10:00:27.337+0000] {dagbag.py:545} INFO - Filling up the DagBag from /opt/airflow/dags/dag_tp2a_pokemon_ingestion.py
[2026-06-09T10:00:27.355+0000] {processor.py:840} INFO - DAG(s) 'tp2a_pokemon_ingestion' retrieved from /opt/airflow/dags/dag_tp2a_pokemon_ingestion.py
[2026-06-09T10:00:27.385+0000] {logging_mixin.py:188} INFO - [2026-06-09T10:00:27.384+0000] {dag.py:3096} INFO - Sync 1 DAGs
[2026-06-09T10:00:27.397+0000] {logging_mixin.py:188} INFO - [2026-06-09T10:00:27.397+0000] {dag.py:3954} INFO - Setting next_dagrun for tp2a_pokemon_ingestion to None, run_after=None
[2026-06-09T10:00:27.415+0000] {processor.py:183} INFO - Processing /opt/airflow/dags/dag_tp2a_pokemon_ingestion.py took 0.086 seconds
[2026-06-09T10:00:57.539+0000] {processor.py:161} INFO - Started process (PID=1007) to work on /opt/airflow/dags/dag_tp2a_pokemon_ingestion.py
[2026-06-09T10:00:57.540+0000] {processor.py:830} INFO - Processing file /opt/airflow/dags/dag_tp2a_pokemon_ingestion.py for tasks to queue
[2026-06-09T10:00:57.541+0000] {logging_mixin.py:188} INFO - [2026-06-09T10:00:57.541+0000] {dagbag.py:545} INFO - Filling up the DagBag from /opt/airflow/dags/dag_tp2a_pokemon_ingestion.py
[2026-06-09T10:00:57.559+0000] {processor.py:840} INFO - DAG(s) 'tp2a_pokemon_ingestion' retrieved from /opt/airflow/dags/dag_tp2a_pokemon_ingestion.py
[2026-06-09T10:00:57.585+0000] {logging_mixin.py:188} INFO - [2026-06-09T10:00:57.585+0000] {dag.py:3096} INFO - Sync 1 DAGs
[2026-06-09T10:00:57.597+0000] {logging_mixin.py:188} INFO - [2026-06-09T10:00:57.597+0000] {dag.py:3954} INFO - Setting next_dagrun for tp2a_pokemon_ingestion to None, run_after=None
[2026-06-09T10:00:57.616+0000] {processor.py:183} INFO - Processing /opt/airflow/dags/dag_tp2a_pokemon_ingestion.py took 0.082 seconds
[2026-06-09T10:01:27.808+0000] {processor.py:161} INFO - Started process (PID=1017) to work on /opt/airflow/dags/dag_tp2a_pokemon_ingestion.py
[2026-06-09T10:01:27.808+0000] {processor.py:830} INFO - Processing file /opt/airflow/dags/dag_tp2a_pokemon_ingestion.py for tasks to queue
[2026-06-09T10:01:27.810+0000] {logging_mixin.py:188} INFO - [2026-06-09T10:01:27.810+0000] {dagbag.py:545} INFO - Filling up the DagBag from /opt/airflow/dags/dag_tp2a_pokemon_ingestion.py
[2026-06-09T10:01:27.827+0000] {processor.py:840} INFO - DAG(s) 'tp2a_pokemon_ingestion' retrieved from /opt/airflow/dags/dag_tp2a_pokemon_ingestion.py
[2026-06-09T10:01:27.859+0000] {logging_mixin.py:188} INFO - [2026-06-09T10:01:27.859+0000] {dag.py:3096} INFO - Sync 1 DAGs
[2026-06-09T10:01:27.870+0000] {logging_mixin.py:188} INFO - [2026-06-09T10:01:27.870+0000] {dag.py:3954} INFO - Setting next_dagrun for tp2a_pokemon_ingestion to None, run_after=None
[2026-06-09T10:01:27.892+0000] {processor.py:183} INFO - Processing /opt/airflow/dags/dag_tp2a_pokemon_ingestion.py took 0.089 seconds
[2026-06-09T10:01:57.982+0000] {processor.py:161} INFO - Started process (PID=1027) to work on /opt/airflow/dags/dag_tp2a_pokemon_ingestion.py
[2026-06-09T10:01:57.983+0000] {processor.py:830} INFO - Processing file /opt/airflow/dags/dag_tp2a_pokemon_ingestion.py for tasks to queue
[2026-06-09T10:01:57.985+0000] {logging_mixin.py:188} INFO - [2026-06-09T10:01:57.985+0000] {dagbag.py:545} INFO - Filling up the DagBag from /opt/airflow/dags/dag_tp2a_pokemon_ingestion.py
[2026-06-09T10:01:58.002+0000] {processor.py:840} INFO - DAG(s) 'tp2a_pokemon_ingestion' retrieved from /opt/airflow/dags/dag_tp2a_pokemon_ingestion.py
[2026-06-09T10:01:58.033+0000] {logging_mixin.py:188} INFO - [2026-06-09T10:01:58.033+0000] {dag.py:3096} INFO - Sync 1 DAGs
[2026-06-09T10:01:58.045+0000] {logging_mixin.py:188} INFO - [2026-06-09T10:01:58.045+0000] {dag.py:3954} INFO - Setting next_dagrun for tp2a_pokemon_ingestion to None, run_after=None
[2026-06-09T10:01:58.066+0000] {processor.py:183} INFO - Processing /opt/airflow/dags/dag_tp2a_pokemon_ingestion.py took 0.088 seconds
[2026-06-09T10:02:28.196+0000] {processor.py:161} INFO - Started process (PID=1037) to work on /opt/airflow/dags/dag_tp2a_pokemon_ingestion.py
[2026-06-09T10:02:28.197+0000] {processor.py:830} INFO - Processing file /opt/airflow/dags/dag_tp2a_pokemon_ingestion.py for tasks to queue
[2026-06-09T10:02:28.198+0000] {logging_mixin.py:188} INFO - [2026-06-09T10:02:28.198+0000] {dagbag.py:545} INFO - Filling up the DagBag from /opt/airflow/dags/dag_tp2a_pokemon_ingestion.py
[2026-06-09T10:02:28.215+0000] {processor.py:840} INFO - DAG(s) 'tp2a_pokemon_ingestion' retrieved from /opt/airflow/dags/dag_tp2a_pokemon_ingestion.py
[2026-06-09T10:02:28.245+0000] {logging_mixin.py:188} INFO - [2026-06-09T10:02:28.245+0000] {dag.py:3096} INFO - Sync 1 DAGs
[2026-06-09T10:02:28.257+0000] {logging_mixin.py:188} INFO - [2026-06-09T10:02:28.257+0000] {dag.py:3954} INFO - Setting next_dagrun for tp2a_pokemon_ingestion to None, run_after=None
[2026-06-09T10:02:28.277+0000] {processor.py:183} INFO - Processing /opt/airflow/dags/dag_tp2a_pokemon_ingestion.py took 0.086 seconds
[2026-06-09T10:02:58.466+0000] {processor.py:161} INFO - Started process (PID=1047) to work on /opt/airflow/dags/dag_tp2a_pokemon_ingestion.py
[2026-06-09T10:02:58.467+0000] {processor.py:830} INFO - Processing file /opt/airflow/dags/dag_tp2a_pokemon_ingestion.py for tasks to queue
[2026-06-09T10:02:58.468+0000] {logging_mixin.py:188} INFO - [2026-06-09T10:02:58.468+0000] {dagbag.py:545} INFO - Filling up the DagBag from /opt/airflow/dags/dag_tp2a_pokemon_ingestion.py
[2026-06-09T10:02:58.487+0000] {processor.py:840} INFO - DAG(s) 'tp2a_pokemon_ingestion' retrieved from /opt/airflow/dags/dag_tp2a_pokemon_ingestion.py
[2026-06-09T10:02:58.515+0000] {logging_mixin.py:188} INFO - [2026-06-09T10:02:58.515+0000] {dag.py:3096} INFO - Sync 1 DAGs
[2026-06-09T10:02:58.527+0000] {logging_mixin.py:188} INFO - [2026-06-09T10:02:58.527+0000] {dag.py:3954} INFO - Setting next_dagrun for tp2a_pokemon_ingestion to None, run_after=None
[2026-06-09T10:02:58.545+0000] {processor.py:183} INFO - Processing /opt/airflow/dags/dag_tp2a_pokemon_ingestion.py took 0.085 seconds
[2026-06-09T10:03:28.737+0000] {processor.py:161} INFO - Started process (PID=1057) to work on /opt/airflow/dags/dag_tp2a_pokemon_ingestion.py
[2026-06-09T10:03:28.738+0000] {processor.py:830} INFO - Processing file /opt/airflow/dags/dag_tp2a_pokemon_ingestion.py for tasks to queue
[2026-06-09T10:03:28.739+0000] {logging_mixin.py:188} INFO - [2026-06-09T10:03:28.739+0000] {dagbag.py:545} INFO - Filling up the DagBag from /opt/airflow/dags/dag_tp2a_pokemon_ingestion.py
[2026-06-09T10:03:28.756+0000] {processor.py:840} INFO - DAG(s) 'tp2a_pokemon_ingestion' retrieved from /opt/airflow/dags/dag_tp2a_pokemon_ingestion.py
[2026-06-09T10:03:28.784+0000] {logging_mixin.py:188} INFO - [2026-06-09T10:03:28.784+0000] {dag.py:3096} INFO - Sync 1 DAGs
[2026-06-09T10:03:28.796+0000] {logging_mixin.py:188} INFO - [2026-06-09T10:03:28.796+0000] {dag.py:3954} INFO - Setting next_dagrun for tp2a_pokemon_ingestion to None, run_after=None
[2026-06-09T10:03:28.813+0000] {processor.py:183} INFO - Processing /opt/airflow/dags/dag_tp2a_pokemon_ingestion.py took 0.081 seconds
[2026-06-09T10:03:58.911+0000] {processor.py:161} INFO - Started process (PID=1067) to work on /opt/airflow/dags/dag_tp2a_pokemon_ingestion.py
[2026-06-09T10:03:58.912+0000] {processor.py:830} INFO - Processing file /opt/airflow/dags/dag_tp2a_pokemon_ingestion.py for tasks to queue
[2026-06-09T10:03:58.914+0000] {logging_mixin.py:188} INFO - [2026-06-09T10:03:58.914+0000] {dagbag.py:545} INFO - Filling up the DagBag from /opt/airflow/dags/dag_tp2a_pokemon_ingestion.py
[2026-06-09T10:03:58.934+0000] {processor.py:840} INFO - DAG(s) 'tp2a_pokemon_ingestion' retrieved from /opt/airflow/dags/dag_tp2a_pokemon_ingestion.py
[2026-06-09T10:03:58.967+0000] {logging_mixin.py:188} INFO - [2026-06-09T10:03:58.967+0000] {dag.py:3096} INFO - Sync 1 DAGs
[2026-06-09T10:03:58.980+0000] {logging_mixin.py:188} INFO - [2026-06-09T10:03:58.980+0000] {dag.py:3954} INFO - Setting next_dagrun for tp2a_pokemon_ingestion to None, run_after=None
[2026-06-09T10:03:58.999+0000] {processor.py:183} INFO - Processing /opt/airflow/dags/dag_tp2a_pokemon_ingestion.py took 0.096 seconds
[2026-06-09T10:04:29.114+0000] {processor.py:161} INFO - Started process (PID=1077) to work on /opt/airflow/dags/dag_tp2a_pokemon_ingestion.py
[2026-06-09T10:04:29.115+0000] {processor.py:830} INFO - Processing file /opt/airflow/dags/dag_tp2a_pokemon_ingestion.py for tasks to queue
[2026-06-09T10:04:29.117+0000] {logging_mixin.py:188} INFO - [2026-06-09T10:04:29.116+0000] {dagbag.py:545} INFO - Filling up the DagBag from /opt/airflow/dags/dag_tp2a_pokemon_ingestion.py
[2026-06-09T10:04:29.133+0000] {processor.py:840} INFO - DAG(s) 'tp2a_pokemon_ingestion' retrieved from /opt/airflow/dags/dag_tp2a_pokemon_ingestion.py
[2026-06-09T10:04:29.162+0000] {logging_mixin.py:188} INFO - [2026-06-09T10:04:29.162+0000] {dag.py:3096} INFO - Sync 1 DAGs
[2026-06-09T10:04:29.174+0000] {logging_mixin.py:188} INFO - [2026-06-09T10:04:29.174+0000] {dag.py:3954} INFO - Setting next_dagrun for tp2a_pokemon_ingestion to None, run_after=None
[2026-06-09T10:04:29.194+0000] {processor.py:183} INFO - Processing /opt/airflow/dags/dag_tp2a_pokemon_ingestion.py took 0.086 seconds
[2026-06-09T10:04:59.386+0000] {processor.py:161} INFO - Started process (PID=1087) to work on /opt/airflow/dags/dag_tp2a_pokemon_ingestion.py
[2026-06-09T10:04:59.387+0000] {processor.py:830} INFO - Processing file /opt/airflow/dags/dag_tp2a_pokemon_ingestion.py for tasks to queue
[2026-06-09T10:04:59.388+0000] {logging_mixin.py:188} INFO - [2026-06-09T10:04:59.388+0000] {dagbag.py:545} INFO - Filling up the DagBag from /opt/airflow/dags/dag_tp2a_pokemon_ingestion.py
[2026-06-09T10:04:59.406+0000] {processor.py:840} INFO - DAG(s) 'tp2a_pokemon_ingestion' retrieved from /opt/airflow/dags/dag_tp2a_pokemon_ingestion.py
[2026-06-09T10:04:59.440+0000] {logging_mixin.py:188} INFO - [2026-06-09T10:04:59.440+0000] {dag.py:3096} INFO - Sync 1 DAGs
[2026-06-09T10:04:59.452+0000] {logging_mixin.py:188} INFO - [2026-06-09T10:04:59.452+0000] {dag.py:3954} INFO - Setting next_dagrun for tp2a_pokemon_ingestion to None, run_after=None
[2026-06-09T10:04:59.472+0000] {processor.py:183} INFO - Processing /opt/airflow/dags/dag_tp2a_pokemon_ingestion.py took 0.092 seconds
[2026-06-09T10:05:29.559+0000] {processor.py:161} INFO - Started process (PID=1097) to work on /opt/airflow/dags/dag_tp2a_pokemon_ingestion.py
[2026-06-09T10:05:29.560+0000] {processor.py:830} INFO - Processing file /opt/airflow/dags/dag_tp2a_pokemon_ingestion.py for tasks to queue
[2026-06-09T10:05:29.561+0000] {logging_mixin.py:188} INFO - [2026-06-09T10:05:29.561+0000] {dagbag.py:545} INFO - Filling up the DagBag from /opt/airflow/dags/dag_tp2a_pokemon_ingestion.py
[2026-06-09T10:05:29.578+0000] {processor.py:840} INFO - DAG(s) 'tp2a_pokemon_ingestion' retrieved from /opt/airflow/dags/dag_tp2a_pokemon_ingestion.py
[2026-06-09T10:05:29.608+0000] {logging_mixin.py:188} INFO - [2026-06-09T10:05:29.608+0000] {dag.py:3096} INFO - Sync 1 DAGs
[2026-06-09T10:05:29.620+0000] {logging_mixin.py:188} INFO - [2026-06-09T10:05:29.619+0000] {dag.py:3954} INFO - Setting next_dagrun for tp2a_pokemon_ingestion to None, run_after=None
[2026-06-09T10:05:29.639+0000] {processor.py:183} INFO - Processing /opt/airflow/dags/dag_tp2a_pokemon_ingestion.py took 0.085 seconds
[2026-06-09T10:05:59.851+0000] {processor.py:161} INFO - Started process (PID=1107) to work on /opt/airflow/dags/dag_tp2a_pokemon_ingestion.py
[2026-06-09T10:05:59.852+0000] {processor.py:830} INFO - Processing file /opt/airflow/dags/dag_tp2a_pokemon_ingestion.py for tasks to queue
[2026-06-09T10:05:59.853+0000] {logging_mixin.py:188} INFO - [2026-06-09T10:05:59.853+0000] {dagbag.py:545} INFO - Filling up the DagBag from /opt/airflow/dags/dag_tp2a_pokemon_ingestion.py
[2026-06-09T10:05:59.869+0000] {processor.py:840} INFO - DAG(s) 'tp2a_pokemon_ingestion' retrieved from /opt/airflow/dags/dag_tp2a_pokemon_ingestion.py
[2026-06-09T10:05:59.897+0000] {logging_mixin.py:188} INFO - [2026-06-09T10:05:59.897+0000] {dag.py:3096} INFO - Sync 1 DAGs
[2026-06-09T10:05:59.910+0000] {logging_mixin.py:188} INFO - [2026-06-09T10:05:59.909+0000] {dag.py:3954} INFO - Setting next_dagrun for tp2a_pokemon_ingestion to None, run_after=None
[2026-06-09T10:05:59.928+0000] {processor.py:183} INFO - Processing /opt/airflow/dags/dag_tp2a_pokemon_ingestion.py took 0.081 seconds
[2026-06-09T10:06:30.033+0000] {processor.py:161} INFO - Started process (PID=1117) to work on /opt/airflow/dags/dag_tp2a_pokemon_ingestion.py
[2026-06-09T10:06:30.034+0000] {processor.py:830} INFO - Processing file /opt/airflow/dags/dag_tp2a_pokemon_ingestion.py for tasks to queue
[2026-06-09T10:06:30.036+0000] {logging_mixin.py:188} INFO - [2026-06-09T10:06:30.036+0000] {dagbag.py:545} INFO - Filling up the DagBag from /opt/airflow/dags/dag_tp2a_pokemon_ingestion.py
[2026-06-09T10:06:30.056+0000] {processor.py:840} INFO - DAG(s) 'tp2a_pokemon_ingestion' retrieved from /opt/airflow/dags/dag_tp2a_pokemon_ingestion.py
[2026-06-09T10:06:30.090+0000] {logging_mixin.py:188} INFO - [2026-06-09T10:06:30.089+0000] {dag.py:3096} INFO - Sync 1 DAGs
[2026-06-09T10:06:30.103+0000] {logging_mixin.py:188} INFO - [2026-06-09T10:06:30.103+0000] {dag.py:3954} INFO - Setting next_dagrun for tp2a_pokemon_ingestion to None, run_after=None
[2026-06-09T10:06:30.123+0000] {processor.py:183} INFO - Processing /opt/airflow/dags/dag_tp2a_pokemon_ingestion.py took 0.097 seconds
[2026-06-09T10:07:00.232+0000] {processor.py:161} INFO - Started process (PID=1127) to work on /opt/airflow/dags/dag_tp2a_pokemon_ingestion.py
[2026-06-09T10:07:00.232+0000] {processor.py:830} INFO - Processing file /opt/airflow/dags/dag_tp2a_pokemon_ingestion.py for tasks to queue
[2026-06-09T10:07:00.234+0000] {logging_mixin.py:188} INFO - [2026-06-09T10:07:00.234+0000] {dagbag.py:545} INFO - Filling up the DagBag from /opt/airflow/dags/dag_tp2a_pokemon_ingestion.py
[2026-06-09T10:07:00.250+0000] {processor.py:840} INFO - DAG(s) 'tp2a_pokemon_ingestion' retrieved from /opt/airflow/dags/dag_tp2a_pokemon_ingestion.py
[2026-06-09T10:07:00.279+0000] {logging_mixin.py:188} INFO - [2026-06-09T10:07:00.279+0000] {dag.py:3096} INFO - Sync 1 DAGs
[2026-06-09T10:07:00.291+0000] {logging_mixin.py:188} INFO - [2026-06-09T10:07:00.291+0000] {dag.py:3954} INFO - Setting next_dagrun for tp2a_pokemon_ingestion to None, run_after=None
[2026-06-09T10:07:00.309+0000] {processor.py:183} INFO - Processing /opt/airflow/dags/dag_tp2a_pokemon_ingestion.py took 0.082 seconds
[2026-06-09T10:07:30.495+0000] {processor.py:161} INFO - Started process (PID=1137) to work on /opt/airflow/dags/dag_tp2a_pokemon_ingestion.py
[2026-06-09T10:07:30.496+0000] {processor.py:830} INFO - Processing file /opt/airflow/dags/dag_tp2a_pokemon_ingestion.py for tasks to queue
[2026-06-09T10:07:30.497+0000] {logging_mixin.py:188} INFO - [2026-06-09T10:07:30.497+0000] {dagbag.py:545} INFO - Filling up the DagBag from /opt/airflow/dags/dag_tp2a_pokemon_ingestion.py
[2026-06-09T10:07:30.513+0000] {processor.py:840} INFO - DAG(s) 'tp2a_pokemon_ingestion' retrieved from /opt/airflow/dags/dag_tp2a_pokemon_ingestion.py
[2026-06-09T10:07:30.542+0000] {logging_mixin.py:188} INFO - [2026-06-09T10:07:30.542+0000] {dag.py:3096} INFO - Sync 1 DAGs
[2026-06-09T10:07:30.554+0000] {logging_mixin.py:188} INFO - [2026-06-09T10:07:30.554+0000] {dag.py:3954} INFO - Setting next_dagrun for tp2a_pokemon_ingestion to None, run_after=None
[2026-06-09T10:07:30.572+0000] {processor.py:183} INFO - Processing /opt/airflow/dags/dag_tp2a_pokemon_ingestion.py took 0.082 seconds
[2026-06-09T10:08:00.754+0000] {processor.py:161} INFO - Started process (PID=1147) to work on /opt/airflow/dags/dag_tp2a_pokemon_ingestion.py
[2026-06-09T10:08:00.754+0000] {processor.py:830} INFO - Processing file /opt/airflow/dags/dag_tp2a_pokemon_ingestion.py for tasks to queue
[2026-06-09T10:08:00.756+0000] {logging_mixin.py:188} INFO - [2026-06-09T10:08:00.756+0000] {dagbag.py:545} INFO - Filling up the DagBag from /opt/airflow/dags/dag_tp2a_pokemon_ingestion.py
[2026-06-09T10:08:00.772+0000] {processor.py:840} INFO - DAG(s) 'tp2a_pokemon_ingestion' retrieved from /opt/airflow/dags/dag_tp2a_pokemon_ingestion.py
[2026-06-09T10:08:00.803+0000] {logging_mixin.py:188} INFO - [2026-06-09T10:08:00.803+0000] {dag.py:3096} INFO - Sync 1 DAGs
[2026-06-09T10:08:00.814+0000] {logging_mixin.py:188} INFO - [2026-06-09T10:08:00.814+0000] {dag.py:3954} INFO - Setting next_dagrun for tp2a_pokemon_ingestion to None, run_after=None
[2026-06-09T10:08:00.834+0000] {processor.py:183} INFO - Processing /opt/airflow/dags/dag_tp2a_pokemon_ingestion.py took 0.085 seconds
[2026-06-09T10:08:31.009+0000] {processor.py:161} INFO - Started process (PID=1157) to work on /opt/airflow/dags/dag_tp2a_pokemon_ingestion.py
[2026-06-09T10:08:31.010+0000] {processor.py:830} INFO - Processing file /opt/airflow/dags/dag_tp2a_pokemon_ingestion.py for tasks to queue
[2026-06-09T10:08:31.011+0000] {logging_mixin.py:188} INFO - [2026-06-09T10:08:31.011+0000] {dagbag.py:545} INFO - Filling up the DagBag from /opt/airflow/dags/dag_tp2a_pokemon_ingestion.py
[2026-06-09T10:08:31.028+0000] {processor.py:840} INFO - DAG(s) 'tp2a_pokemon_ingestion' retrieved from /opt/airflow/dags/dag_tp2a_pokemon_ingestion.py
[2026-06-09T10:08:31.058+0000] {logging_mixin.py:188} INFO - [2026-06-09T10:08:31.057+0000] {dag.py:3096} INFO - Sync 1 DAGs
[2026-06-09T10:08:31.071+0000] {logging_mixin.py:188} INFO - [2026-06-09T10:08:31.071+0000] {dag.py:3954} INFO - Setting next_dagrun for tp2a_pokemon_ingestion to None, run_after=None
[2026-06-09T10:08:31.092+0000] {processor.py:183} INFO - Processing /opt/airflow/dags/dag_tp2a_pokemon_ingestion.py took 0.088 seconds
[2026-06-09T10:09:01.183+0000] {processor.py:161} INFO - Started process (PID=1167) to work on /opt/airflow/dags/dag_tp2a_pokemon_ingestion.py
[2026-06-09T10:09:01.184+0000] {processor.py:830} INFO - Processing file /opt/airflow/dags/dag_tp2a_pokemon_ingestion.py for tasks to queue
[2026-06-09T10:09:01.185+0000] {logging_mixin.py:188} INFO - [2026-06-09T10:09:01.185+0000] {dagbag.py:545} INFO - Filling up the DagBag from /opt/airflow/dags/dag_tp2a_pokemon_ingestion.py
[2026-06-09T10:09:01.202+0000] {processor.py:840} INFO - DAG(s) 'tp2a_pokemon_ingestion' retrieved from /opt/airflow/dags/dag_tp2a_pokemon_ingestion.py
[2026-06-09T10:09:01.231+0000] {logging_mixin.py:188} INFO - [2026-06-09T10:09:01.230+0000] {dag.py:3096} INFO - Sync 1 DAGs
[2026-06-09T10:09:01.243+0000] {logging_mixin.py:188} INFO - [2026-06-09T10:09:01.243+0000] {dag.py:3954} INFO - Setting next_dagrun for tp2a_pokemon_ingestion to None, run_after=None
[2026-06-09T10:09:01.262+0000] {processor.py:183} INFO - Processing /opt/airflow/dags/dag_tp2a_pokemon_ingestion.py took 0.084 seconds
[2026-06-09T10:09:31.453+0000] {processor.py:161} INFO - Started process (PID=1177) to work on /opt/airflow/dags/dag_tp2a_pokemon_ingestion.py
[2026-06-09T10:09:31.453+0000] {processor.py:830} INFO - Processing file /opt/airflow/dags/dag_tp2a_pokemon_ingestion.py for tasks to queue
[2026-06-09T10:09:31.455+0000] {logging_mixin.py:188} INFO - [2026-06-09T10:09:31.455+0000] {dagbag.py:545} INFO - Filling up the DagBag from /opt/airflow/dags/dag_tp2a_pokemon_ingestion.py
[2026-06-09T10:09:31.471+0000] {processor.py:840} INFO - DAG(s) 'tp2a_pokemon_ingestion' retrieved from /opt/airflow/dags/dag_tp2a_pokemon_ingestion.py
[2026-06-09T10:09:31.498+0000] {logging_mixin.py:188} INFO - [2026-06-09T10:09:31.498+0000] {dag.py:3096} INFO - Sync 1 DAGs
[2026-06-09T10:09:31.510+0000] {logging_mixin.py:188} INFO - [2026-06-09T10:09:31.510+0000] {dag.py:3954} INFO - Setting next_dagrun for tp2a_pokemon_ingestion to None, run_after=None
[2026-06-09T10:09:31.528+0000] {processor.py:183} INFO - Processing /opt/airflow/dags/dag_tp2a_pokemon_ingestion.py took 0.080 seconds
[2026-06-09T10:10:01.704+0000] {processor.py:161} INFO - Started process (PID=1187) to work on /opt/airflow/dags/dag_tp2a_pokemon_ingestion.py
[2026-06-09T10:10:01.705+0000] {processor.py:830} INFO - Processing file /opt/airflow/dags/dag_tp2a_pokemon_ingestion.py for tasks to queue
[2026-06-09T10:10:01.706+0000] {logging_mixin.py:188} INFO - [2026-06-09T10:10:01.706+0000] {dagbag.py:545} INFO - Filling up the DagBag from /opt/airflow/dags/dag_tp2a_pokemon_ingestion.py
[2026-06-09T10:10:01.721+0000] {processor.py:840} INFO - DAG(s) 'tp2a_pokemon_ingestion' retrieved from /opt/airflow/dags/dag_tp2a_pokemon_ingestion.py
[2026-06-09T10:10:01.748+0000] {logging_mixin.py:188} INFO - [2026-06-09T10:10:01.748+0000] {dag.py:3096} INFO - Sync 1 DAGs
[2026-06-09T10:10:01.759+0000] {logging_mixin.py:188} INFO - [2026-06-09T10:10:01.759+0000] {dag.py:3954} INFO - Setting next_dagrun for tp2a_pokemon_ingestion to None, run_after=None
[2026-06-09T10:10:01.777+0000] {processor.py:183} INFO - Processing /opt/airflow/dags/dag_tp2a_pokemon_ingestion.py took 0.077 seconds
[2026-06-09T10:10:31.878+0000] {processor.py:161} INFO - Started process (PID=1197) to work on /opt/airflow/dags/dag_tp2a_pokemon_ingestion.py
[2026-06-09T10:10:31.879+0000] {processor.py:830} INFO - Processing file /opt/airflow/dags/dag_tp2a_pokemon_ingestion.py for tasks to queue
[2026-06-09T10:10:31.880+0000] {logging_mixin.py:188} INFO - [2026-06-09T10:10:31.880+0000] {dagbag.py:545} INFO - Filling up the DagBag from /opt/airflow/dags/dag_tp2a_pokemon_ingestion.py
[2026-06-09T10:10:31.897+0000] {processor.py:840} INFO - DAG(s) 'tp2a_pokemon_ingestion' retrieved from /opt/airflow/dags/dag_tp2a_pokemon_ingestion.py
[2026-06-09T10:10:31.929+0000] {logging_mixin.py:188} INFO - [2026-06-09T10:10:31.929+0000] {dag.py:3096} INFO - Sync 1 DAGs
[2026-06-09T10:10:31.943+0000] {logging_mixin.py:188} INFO - [2026-06-09T10:10:31.943+0000] {dag.py:3954} INFO - Setting next_dagrun for tp2a_pokemon_ingestion to None, run_after=None
[2026-06-09T10:10:31.964+0000] {processor.py:183} INFO - Processing /opt/airflow/dags/dag_tp2a_pokemon_ingestion.py took 0.091 seconds
[2026-06-09T10:11:02.122+0000] {processor.py:161} INFO - Started process (PID=1207) to work on /opt/airflow/dags/dag_tp2a_pokemon_ingestion.py
[2026-06-09T10:11:02.123+0000] {processor.py:830} INFO - Processing file /opt/airflow/dags/dag_tp2a_pokemon_ingestion.py for tasks to queue
[2026-06-09T10:11:02.125+0000] {logging_mixin.py:188} INFO - [2026-06-09T10:11:02.125+0000] {dagbag.py:545} INFO - Filling up the DagBag from /opt/airflow/dags/dag_tp2a_pokemon_ingestion.py
[2026-06-09T10:11:02.144+0000] {processor.py:840} INFO - DAG(s) 'tp2a_pokemon_ingestion' retrieved from /opt/airflow/dags/dag_tp2a_pokemon_ingestion.py
[2026-06-09T10:11:02.176+0000] {logging_mixin.py:188} INFO - [2026-06-09T10:11:02.176+0000] {dag.py:3096} INFO - Sync 1 DAGs
[2026-06-09T10:11:02.189+0000] {logging_mixin.py:188} INFO - [2026-06-09T10:11:02.189+0000] {dag.py:3954} INFO - Setting next_dagrun for tp2a_pokemon_ingestion to None, run_after=None
[2026-06-09T10:11:02.212+0000] {processor.py:183} INFO - Processing /opt/airflow/dags/dag_tp2a_pokemon_ingestion.py took 0.096 seconds
[2026-06-09T10:11:32.297+0000] {processor.py:161} INFO - Started process (PID=1217) to work on /opt/airflow/dags/dag_tp2a_pokemon_ingestion.py
[2026-06-09T10:11:32.298+0000] {processor.py:830} INFO - Processing file /opt/airflow/dags/dag_tp2a_pokemon_ingestion.py for tasks to queue
[2026-06-09T10:11:32.299+0000] {logging_mixin.py:188} INFO - [2026-06-09T10:11:32.299+0000] {dagbag.py:545} INFO - Filling up the DagBag from /opt/airflow/dags/dag_tp2a_pokemon_ingestion.py
[2026-06-09T10:11:32.317+0000] {processor.py:840} INFO - DAG(s) 'tp2a_pokemon_ingestion' retrieved from /opt/airflow/dags/dag_tp2a_pokemon_ingestion.py
[2026-06-09T10:11:32.348+0000] {logging_mixin.py:188} INFO - [2026-06-09T10:11:32.348+0000] {dag.py:3096} INFO - Sync 1 DAGs
[2026-06-09T10:11:32.361+0000] {logging_mixin.py:188} INFO - [2026-06-09T10:11:32.361+0000] {dag.py:3954} INFO - Setting next_dagrun for tp2a_pokemon_ingestion to None, run_after=None
[2026-06-09T10:11:32.381+0000] {processor.py:183} INFO - Processing /opt/airflow/dags/dag_tp2a_pokemon_ingestion.py took 0.088 seconds
[2026-06-09T10:12:02.575+0000] {processor.py:161} INFO - Started process (PID=1227) to work on /opt/airflow/dags/dag_tp2a_pokemon_ingestion.py
[2026-06-09T10:12:02.576+0000] {processor.py:830} INFO - Processing file /opt/airflow/dags/dag_tp2a_pokemon_ingestion.py for tasks to queue
[2026-06-09T10:12:02.578+0000] {logging_mixin.py:188} INFO - [2026-06-09T10:12:02.578+0000] {dagbag.py:545} INFO - Filling up the DagBag from /opt/airflow/dags/dag_tp2a_pokemon_ingestion.py
[2026-06-09T10:12:02.596+0000] {processor.py:840} INFO - DAG(s) 'tp2a_pokemon_ingestion' retrieved from /opt/airflow/dags/dag_tp2a_pokemon_ingestion.py
[2026-06-09T10:12:02.629+0000] {logging_mixin.py:188} INFO - [2026-06-09T10:12:02.629+0000] {dag.py:3096} INFO - Sync 1 DAGs
[2026-06-09T10:12:02.641+0000] {logging_mixin.py:188} INFO - [2026-06-09T10:12:02.641+0000] {dag.py:3954} INFO - Setting next_dagrun for tp2a_pokemon_ingestion to None, run_after=None
[2026-06-09T10:12:02.663+0000] {processor.py:183} INFO - Processing /opt/airflow/dags/dag_tp2a_pokemon_ingestion.py took 0.094 seconds
[2026-06-09T10:12:32.745+0000] {processor.py:161} INFO - Started process (PID=1237) to work on /opt/airflow/dags/dag_tp2a_pokemon_ingestion.py
[2026-06-09T10:12:32.746+0000] {processor.py:830} INFO - Processing file /opt/airflow/dags/dag_tp2a_pokemon_ingestion.py for tasks to queue
[2026-06-09T10:12:32.748+0000] {logging_mixin.py:188} INFO - [2026-06-09T10:12:32.747+0000] {dagbag.py:545} INFO - Filling up the DagBag from /opt/airflow/dags/dag_tp2a_pokemon_ingestion.py
[2026-06-09T10:12:32.764+0000] {processor.py:840} INFO - DAG(s) 'tp2a_pokemon_ingestion' retrieved from /opt/airflow/dags/dag_tp2a_pokemon_ingestion.py
[2026-06-09T10:12:32.795+0000] {logging_mixin.py:188} INFO - [2026-06-09T10:12:32.794+0000] {dag.py:3096} INFO - Sync 1 DAGs
[2026-06-09T10:12:32.810+0000] {logging_mixin.py:188} INFO - [2026-06-09T10:12:32.810+0000] {dag.py:3954} INFO - Setting next_dagrun for tp2a_pokemon_ingestion to None, run_after=None
[2026-06-09T10:12:32.831+0000] {processor.py:183} INFO - Processing /opt/airflow/dags/dag_tp2a_pokemon_ingestion.py took 0.090 seconds
[2026-06-09T10:13:02.957+0000] {processor.py:161} INFO - Started process (PID=1247) to work on /opt/airflow/dags/dag_tp2a_pokemon_ingestion.py
[2026-06-09T10:13:02.958+0000] {processor.py:830} INFO - Processing file /opt/airflow/dags/dag_tp2a_pokemon_ingestion.py for tasks to queue
[2026-06-09T10:13:02.959+0000] {logging_mixin.py:188} INFO - [2026-06-09T10:13:02.959+0000] {dagbag.py:545} INFO - Filling up the DagBag from /opt/airflow/dags/dag_tp2a_pokemon_ingestion.py
[2026-06-09T10:13:02.976+0000] {processor.py:840} INFO - DAG(s) 'tp2a_pokemon_ingestion' retrieved from /opt/airflow/dags/dag_tp2a_pokemon_ingestion.py
[2026-06-09T10:13:03.008+0000] {logging_mixin.py:188} INFO - [2026-06-09T10:13:03.008+0000] {dag.py:3096} INFO - Sync 1 DAGs
[2026-06-09T10:13:03.021+0000] {logging_mixin.py:188} INFO - [2026-06-09T10:13:03.020+0000] {dag.py:3954} INFO - Setting next_dagrun for tp2a_pokemon_ingestion to None, run_after=None
[2026-06-09T10:13:03.040+0000] {processor.py:183} INFO - Processing /opt/airflow/dags/dag_tp2a_pokemon_ingestion.py took 0.088 seconds
[2026-06-09T10:13:33.128+0000] {processor.py:161} INFO - Started process (PID=1257) to work on /opt/airflow/dags/dag_tp2a_pokemon_ingestion.py
[2026-06-09T10:13:33.129+0000] {processor.py:830} INFO - Processing file /opt/airflow/dags/dag_tp2a_pokemon_ingestion.py for tasks to queue
[2026-06-09T10:13:33.130+0000] {logging_mixin.py:188} INFO - [2026-06-09T10:13:33.130+0000] {dagbag.py:545} INFO - Filling up the DagBag from /opt/airflow/dags/dag_tp2a_pokemon_ingestion.py
[2026-06-09T10:13:33.147+0000] {processor.py:840} INFO - DAG(s) 'tp2a_pokemon_ingestion' retrieved from /opt/airflow/dags/dag_tp2a_pokemon_ingestion.py
[2026-06-09T10:13:33.177+0000] {logging_mixin.py:188} INFO - [2026-06-09T10:13:33.177+0000] {dag.py:3096} INFO - Sync 1 DAGs
[2026-06-09T10:13:33.189+0000] {logging_mixin.py:188} INFO - [2026-06-09T10:13:33.188+0000] {dag.py:3954} INFO - Setting next_dagrun for tp2a_pokemon_ingestion to None, run_after=None
[2026-06-09T10:13:33.208+0000] {processor.py:183} INFO - Processing /opt/airflow/dags/dag_tp2a_pokemon_ingestion.py took 0.085 seconds
[2026-06-09T10:14:03.395+0000] {processor.py:161} INFO - Started process (PID=1267) to work on /opt/airflow/dags/dag_tp2a_pokemon_ingestion.py
[2026-06-09T10:14:03.396+0000] {processor.py:830} INFO - Processing file /opt/airflow/dags/dag_tp2a_pokemon_ingestion.py for tasks to queue
[2026-06-09T10:14:03.398+0000] {logging_mixin.py:188} INFO - [2026-06-09T10:14:03.397+0000] {dagbag.py:545} INFO - Filling up the DagBag from /opt/airflow/dags/dag_tp2a_pokemon_ingestion.py
[2026-06-09T10:14:03.414+0000] {processor.py:840} INFO - DAG(s) 'tp2a_pokemon_ingestion' retrieved from /opt/airflow/dags/dag_tp2a_pokemon_ingestion.py
[2026-06-09T10:14:03.445+0000] {logging_mixin.py:188} INFO - [2026-06-09T10:14:03.445+0000] {dag.py:3096} INFO - Sync 1 DAGs
[2026-06-09T10:14:03.457+0000] {logging_mixin.py:188} INFO - [2026-06-09T10:14:03.457+0000] {dag.py:3954} INFO - Setting next_dagrun for tp2a_pokemon_ingestion to None, run_after=None
[2026-06-09T10:14:03.475+0000] {processor.py:183} INFO - Processing /opt/airflow/dags/dag_tp2a_pokemon_ingestion.py took 0.085 seconds
[2026-06-09T10:14:33.664+0000] {processor.py:161} INFO - Started process (PID=1277) to work on /opt/airflow/dags/dag_tp2a_pokemon_ingestion.py
[2026-06-09T10:14:33.665+0000] {processor.py:830} INFO - Processing file /opt/airflow/dags/dag_tp2a_pokemon_ingestion.py for tasks to queue
[2026-06-09T10:14:33.666+0000] {logging_mixin.py:188} INFO - [2026-06-09T10:14:33.666+0000] {dagbag.py:545} INFO - Filling up the DagBag from /opt/airflow/dags/dag_tp2a_pokemon_ingestion.py
[2026-06-09T10:14:33.684+0000] {processor.py:840} INFO - DAG(s) 'tp2a_pokemon_ingestion' retrieved from /opt/airflow/dags/dag_tp2a_pokemon_ingestion.py
[2026-06-09T10:14:33.716+0000] {logging_mixin.py:188} INFO - [2026-06-09T10:14:33.715+0000] {dag.py:3096} INFO - Sync 1 DAGs
[2026-06-09T10:14:33.727+0000] {logging_mixin.py:188} INFO - [2026-06-09T10:14:33.727+0000] {dag.py:3954} INFO - Setting next_dagrun for tp2a_pokemon_ingestion to None, run_after=None
[2026-06-09T10:14:33.746+0000] {processor.py:183} INFO - Processing /opt/airflow/dags/dag_tp2a_pokemon_ingestion.py took 0.087 seconds
[2026-06-09T10:15:03.935+0000] {processor.py:161} INFO - Started process (PID=1287) to work on /opt/airflow/dags/dag_tp2a_pokemon_ingestion.py
[2026-06-09T10:15:03.936+0000] {processor.py:830} INFO - Processing file /opt/airflow/dags/dag_tp2a_pokemon_ingestion.py for tasks to queue
[2026-06-09T10:15:03.938+0000] {logging_mixin.py:188} INFO - [2026-06-09T10:15:03.937+0000] {dagbag.py:545} INFO - Filling up the DagBag from /opt/airflow/dags/dag_tp2a_pokemon_ingestion.py
[2026-06-09T10:15:03.957+0000] {processor.py:840} INFO - DAG(s) 'tp2a_pokemon_ingestion' retrieved from /opt/airflow/dags/dag_tp2a_pokemon_ingestion.py
[2026-06-09T10:15:03.988+0000] {logging_mixin.py:188} INFO - [2026-06-09T10:15:03.988+0000] {dag.py:3096} INFO - Sync 1 DAGs
[2026-06-09T10:15:03.999+0000] {logging_mixin.py:188} INFO - [2026-06-09T10:15:03.999+0000] {dag.py:3954} INFO - Setting next_dagrun for tp2a_pokemon_ingestion to None, run_after=None
[2026-06-09T10:15:04.021+0000] {processor.py:183} INFO - Processing /opt/airflow/dags/dag_tp2a_pokemon_ingestion.py took 0.090 seconds
[2026-06-09T10:15:34.206+0000] {processor.py:161} INFO - Started process (PID=1297) to work on /opt/airflow/dags/dag_tp2a_pokemon_ingestion.py
[2026-06-09T10:15:34.207+0000] {processor.py:830} INFO - Processing file /opt/airflow/dags/dag_tp2a_pokemon_ingestion.py for tasks to queue
[2026-06-09T10:15:34.209+0000] {logging_mixin.py:188} INFO - [2026-06-09T10:15:34.208+0000] {dagbag.py:545} INFO - Filling up the DagBag from /opt/airflow/dags/dag_tp2a_pokemon_ingestion.py
[2026-06-09T10:15:34.226+0000] {processor.py:840} INFO - DAG(s) 'tp2a_pokemon_ingestion' retrieved from /opt/airflow/dags/dag_tp2a_pokemon_ingestion.py
[2026-06-09T10:15:34.260+0000] {logging_mixin.py:188} INFO - [2026-06-09T10:15:34.260+0000] {dag.py:3096} INFO - Sync 1 DAGs
[2026-06-09T10:15:34.272+0000] {logging_mixin.py:188} INFO - [2026-06-09T10:15:34.272+0000] {dag.py:3954} INFO - Setting next_dagrun for tp2a_pokemon_ingestion to None, run_after=None
[2026-06-09T10:15:34.292+0000] {processor.py:183} INFO - Processing /opt/airflow/dags/dag_tp2a_pokemon_ingestion.py took 0.091 seconds
[2026-06-09T10:16:04.423+0000] {processor.py:161} INFO - Started process (PID=1307) to work on /opt/airflow/dags/dag_tp2a_pokemon_ingestion.py
[2026-06-09T10:16:04.424+0000] {processor.py:830} INFO - Processing file /opt/airflow/dags/dag_tp2a_pokemon_ingestion.py for tasks to queue
[2026-06-09T10:16:04.426+0000] {logging_mixin.py:188} INFO - [2026-06-09T10:16:04.426+0000] {dagbag.py:545} INFO - Filling up the DagBag from /opt/airflow/dags/dag_tp2a_pokemon_ingestion.py
[2026-06-09T10:16:04.448+0000] {processor.py:840} INFO - DAG(s) 'tp2a_pokemon_ingestion' retrieved from /opt/airflow/dags/dag_tp2a_pokemon_ingestion.py
[2026-06-09T10:16:04.481+0000] {logging_mixin.py:188} INFO - [2026-06-09T10:16:04.481+0000] {dag.py:3096} INFO - Sync 1 DAGs
[2026-06-09T10:16:04.493+0000] {logging_mixin.py:188} INFO - [2026-06-09T10:16:04.493+0000] {dag.py:3954} INFO - Setting next_dagrun for tp2a_pokemon_ingestion to None, run_after=None
[2026-06-09T10:16:04.512+0000] {processor.py:183} INFO - Processing /opt/airflow/dags/dag_tp2a_pokemon_ingestion.py took 0.094 seconds
[2026-06-09T10:16:34.604+0000] {processor.py:161} INFO - Started process (PID=1317) to work on /opt/airflow/dags/dag_tp2a_pokemon_ingestion.py
[2026-06-09T10:16:34.606+0000] {processor.py:830} INFO - Processing file /opt/airflow/dags/dag_tp2a_pokemon_ingestion.py for tasks to queue
[2026-06-09T10:16:34.608+0000] {logging_mixin.py:188} INFO - [2026-06-09T10:16:34.608+0000] {dagbag.py:545} INFO - Filling up the DagBag from /opt/airflow/dags/dag_tp2a_pokemon_ingestion.py
[2026-06-09T10:16:34.627+0000] {processor.py:840} INFO - DAG(s) 'tp2a_pokemon_ingestion' retrieved from /opt/airflow/dags/dag_tp2a_pokemon_ingestion.py
[2026-06-09T10:16:34.661+0000] {logging_mixin.py:188} INFO - [2026-06-09T10:16:34.660+0000] {dag.py:3096} INFO - Sync 1 DAGs
[2026-06-09T10:16:34.673+0000] {logging_mixin.py:188} INFO - [2026-06-09T10:16:34.673+0000] {dag.py:3954} INFO - Setting next_dagrun for tp2a_pokemon_ingestion to None, run_after=None
[2026-06-09T10:16:34.695+0000] {processor.py:183} INFO - Processing /opt/airflow/dags/dag_tp2a_pokemon_ingestion.py took 0.096 seconds
[2026-06-09T10:17:04.817+0000] {processor.py:161} INFO - Started process (PID=1327) to work on /opt/airflow/dags/dag_tp2a_pokemon_ingestion.py
[2026-06-09T10:17:04.818+0000] {processor.py:830} INFO - Processing file /opt/airflow/dags/dag_tp2a_pokemon_ingestion.py for tasks to queue
[2026-06-09T10:17:04.819+0000] {logging_mixin.py:188} INFO - [2026-06-09T10:17:04.819+0000] {dagbag.py:545} INFO - Filling up the DagBag from /opt/airflow/dags/dag_tp2a_pokemon_ingestion.py
[2026-06-09T10:17:04.836+0000] {processor.py:840} INFO - DAG(s) 'tp2a_pokemon_ingestion' retrieved from /opt/airflow/dags/dag_tp2a_pokemon_ingestion.py
[2026-06-09T10:17:04.866+0000] {logging_mixin.py:188} INFO - [2026-06-09T10:17:04.866+0000] {dag.py:3096} INFO - Sync 1 DAGs
[2026-06-09T10:17:04.879+0000] {logging_mixin.py:188} INFO - [2026-06-09T10:17:04.878+0000] {dag.py:3954} INFO - Setting next_dagrun for tp2a_pokemon_ingestion to None, run_after=None
[2026-06-09T10:17:04.897+0000] {processor.py:183} INFO - Processing /opt/airflow/dags/dag_tp2a_pokemon_ingestion.py took 0.086 seconds
[2026-06-09T10:17:34.992+0000] {processor.py:161} INFO - Started process (PID=1337) to work on /opt/airflow/dags/dag_tp2a_pokemon_ingestion.py
[2026-06-09T10:17:34.992+0000] {processor.py:830} INFO - Processing file /opt/airflow/dags/dag_tp2a_pokemon_ingestion.py for tasks to queue
[2026-06-09T10:17:34.994+0000] {logging_mixin.py:188} INFO - [2026-06-09T10:17:34.994+0000] {dagbag.py:545} INFO - Filling up the DagBag from /opt/airflow/dags/dag_tp2a_pokemon_ingestion.py
[2026-06-09T10:17:35.011+0000] {processor.py:840} INFO - DAG(s) 'tp2a_pokemon_ingestion' retrieved from /opt/airflow/dags/dag_tp2a_pokemon_ingestion.py
[2026-06-09T10:17:35.040+0000] {logging_mixin.py:188} INFO - [2026-06-09T10:17:35.040+0000] {dag.py:3096} INFO - Sync 1 DAGs
[2026-06-09T10:17:35.053+0000] {logging_mixin.py:188} INFO - [2026-06-09T10:17:35.052+0000] {dag.py:3954} INFO - Setting next_dagrun for tp2a_pokemon_ingestion to None, run_after=None
[2026-06-09T10:17:35.071+0000] {processor.py:183} INFO - Processing /opt/airflow/dags/dag_tp2a_pokemon_ingestion.py took 0.084 seconds
[2026-06-09T10:18:05.256+0000] {processor.py:161} INFO - Started process (PID=1347) to work on /opt/airflow/dags/dag_tp2a_pokemon_ingestion.py
[2026-06-09T10:18:05.257+0000] {processor.py:830} INFO - Processing file /opt/airflow/dags/dag_tp2a_pokemon_ingestion.py for tasks to queue
[2026-06-09T10:18:05.259+0000] {logging_mixin.py:188} INFO - [2026-06-09T10:18:05.259+0000] {dagbag.py:545} INFO - Filling up the DagBag from /opt/airflow/dags/dag_tp2a_pokemon_ingestion.py
[2026-06-09T10:18:05.279+0000] {processor.py:840} INFO - DAG(s) 'tp2a_pokemon_ingestion' retrieved from /opt/airflow/dags/dag_tp2a_pokemon_ingestion.py
[2026-06-09T10:18:05.311+0000] {logging_mixin.py:188} INFO - [2026-06-09T10:18:05.311+0000] {dag.py:3096} INFO - Sync 1 DAGs
[2026-06-09T10:18:05.323+0000] {logging_mixin.py:188} INFO - [2026-06-09T10:18:05.323+0000] {dag.py:3954} INFO - Setting next_dagrun for tp2a_pokemon_ingestion to None, run_after=None
[2026-06-09T10:18:05.343+0000] {processor.py:183} INFO - Processing /opt/airflow/dags/dag_tp2a_pokemon_ingestion.py took 0.091 seconds
[2026-06-09T10:18:35.534+0000] {processor.py:161} INFO - Started process (PID=1357) to work on /opt/airflow/dags/dag_tp2a_pokemon_ingestion.py
[2026-06-09T10:18:35.535+0000] {processor.py:830} INFO - Processing file /opt/airflow/dags/dag_tp2a_pokemon_ingestion.py for tasks to queue
[2026-06-09T10:18:35.537+0000] {logging_mixin.py:188} INFO - [2026-06-09T10:18:35.536+0000] {dagbag.py:545} INFO - Filling up the DagBag from /opt/airflow/dags/dag_tp2a_pokemon_ingestion.py
[2026-06-09T10:18:35.554+0000] {processor.py:840} INFO - DAG(s) 'tp2a_pokemon_ingestion' retrieved from /opt/airflow/dags/dag_tp2a_pokemon_ingestion.py
[2026-06-09T10:18:35.582+0000] {logging_mixin.py:188} INFO - [2026-06-09T10:18:35.582+0000] {dag.py:3096} INFO - Sync 1 DAGs
[2026-06-09T10:18:35.594+0000] {logging_mixin.py:188} INFO - [2026-06-09T10:18:35.594+0000] {dag.py:3954} INFO - Setting next_dagrun for tp2a_pokemon_ingestion to None, run_after=None
[2026-06-09T10:18:35.612+0000] {processor.py:183} INFO - Processing /opt/airflow/dags/dag_tp2a_pokemon_ingestion.py took 0.083 seconds
[2026-06-09T10:19:05.795+0000] {processor.py:161} INFO - Started process (PID=1367) to work on /opt/airflow/dags/dag_tp2a_pokemon_ingestion.py
[2026-06-09T10:19:05.796+0000] {processor.py:830} INFO - Processing file /opt/airflow/dags/dag_tp2a_pokemon_ingestion.py for tasks to queue
[2026-06-09T10:19:05.797+0000] {logging_mixin.py:188} INFO - [2026-06-09T10:19:05.797+0000] {dagbag.py:545} INFO - Filling up the DagBag from /opt/airflow/dags/dag_tp2a_pokemon_ingestion.py
[2026-06-09T10:19:05.813+0000] {processor.py:840} INFO - DAG(s) 'tp2a_pokemon_ingestion' retrieved from /opt/airflow/dags/dag_tp2a_pokemon_ingestion.py
[2026-06-09T10:19:05.840+0000] {logging_mixin.py:188} INFO - [2026-06-09T10:19:05.840+0000] {dag.py:3096} INFO - Sync 1 DAGs
[2026-06-09T10:19:05.852+0000] {logging_mixin.py:188} INFO - [2026-06-09T10:19:05.852+0000] {dag.py:3954} INFO - Setting next_dagrun for tp2a_pokemon_ingestion to None, run_after=None
[2026-06-09T10:19:05.869+0000] {processor.py:183} INFO - Processing /opt/airflow/dags/dag_tp2a_pokemon_ingestion.py took 0.079 seconds
[2026-06-09T10:19:35.963+0000] {processor.py:161} INFO - Started process (PID=1377) to work on /opt/airflow/dags/dag_tp2a_pokemon_ingestion.py
[2026-06-09T10:19:35.964+0000] {processor.py:830} INFO - Processing file /opt/airflow/dags/dag_tp2a_pokemon_ingestion.py for tasks to queue
[2026-06-09T10:19:35.965+0000] {logging_mixin.py:188} INFO - [2026-06-09T10:19:35.965+0000] {dagbag.py:545} INFO - Filling up the DagBag from /opt/airflow/dags/dag_tp2a_pokemon_ingestion.py
[2026-06-09T10:19:35.982+0000] {processor.py:840} INFO - DAG(s) 'tp2a_pokemon_ingestion' retrieved from /opt/airflow/dags/dag_tp2a_pokemon_ingestion.py
[2026-06-09T10:19:36.013+0000] {logging_mixin.py:188} INFO - [2026-06-09T10:19:36.013+0000] {dag.py:3096} INFO - Sync 1 DAGs
[2026-06-09T10:19:36.026+0000] {logging_mixin.py:188} INFO - [2026-06-09T10:19:36.026+0000] {dag.py:3954} INFO - Setting next_dagrun for tp2a_pokemon_ingestion to None, run_after=None
[2026-06-09T10:19:36.045+0000] {processor.py:183} INFO - Processing /opt/airflow/dags/dag_tp2a_pokemon_ingestion.py took 0.087 seconds
[2026-06-09T10:20:06.177+0000] {processor.py:161} INFO - Started process (PID=1387) to work on /opt/airflow/dags/dag_tp2a_pokemon_ingestion.py
[2026-06-09T10:20:06.178+0000] {processor.py:830} INFO - Processing file /opt/airflow/dags/dag_tp2a_pokemon_ingestion.py for tasks to queue
[2026-06-09T10:20:06.180+0000] {logging_mixin.py:188} INFO - [2026-06-09T10:20:06.180+0000] {dagbag.py:545} INFO - Filling up the DagBag from /opt/airflow/dags/dag_tp2a_pokemon_ingestion.py
[2026-06-09T10:20:06.198+0000] {processor.py:840} INFO - DAG(s) 'tp2a_pokemon_ingestion' retrieved from /opt/airflow/dags/dag_tp2a_pokemon_ingestion.py
[2026-06-09T10:20:06.228+0000] {logging_mixin.py:188} INFO - [2026-06-09T10:20:06.228+0000] {dag.py:3096} INFO - Sync 1 DAGs
[2026-06-09T10:20:06.240+0000] {logging_mixin.py:188} INFO - [2026-06-09T10:20:06.240+0000] {dag.py:3954} INFO - Setting next_dagrun for tp2a_pokemon_ingestion to None, run_after=None
[2026-06-09T10:20:06.260+0000] {processor.py:183} INFO - Processing /opt/airflow/dags/dag_tp2a_pokemon_ingestion.py took 0.088 seconds
[2026-06-09T10:20:36.357+0000] {processor.py:161} INFO - Started process (PID=1397) to work on /opt/airflow/dags/dag_tp2a_pokemon_ingestion.py
[2026-06-09T10:20:36.358+0000] {processor.py:830} INFO - Processing file /opt/airflow/dags/dag_tp2a_pokemon_ingestion.py for tasks to queue
[2026-06-09T10:20:36.361+0000] {logging_mixin.py:188} INFO - [2026-06-09T10:20:36.360+0000] {dagbag.py:545} INFO - Filling up the DagBag from /opt/airflow/dags/dag_tp2a_pokemon_ingestion.py
[2026-06-09T10:20:36.380+0000] {processor.py:840} INFO - DAG(s) 'tp2a_pokemon_ingestion' retrieved from /opt/airflow/dags/dag_tp2a_pokemon_ingestion.py
[2026-06-09T10:20:36.412+0000] {logging_mixin.py:188} INFO - [2026-06-09T10:20:36.411+0000] {dag.py:3096} INFO - Sync 1 DAGs
[2026-06-09T10:20:36.424+0000] {logging_mixin.py:188} INFO - [2026-06-09T10:20:36.424+0000] {dag.py:3954} INFO - Setting next_dagrun for tp2a_pokemon_ingestion to None, run_after=None
[2026-06-09T10:20:36.447+0000] {processor.py:183} INFO - Processing /opt/airflow/dags/dag_tp2a_pokemon_ingestion.py took 0.097 seconds
[2026-06-09T10:21:06.609+0000] {processor.py:161} INFO - Started process (PID=1407) to work on /opt/airflow/dags/dag_tp2a_pokemon_ingestion.py
[2026-06-09T10:21:06.610+0000] {processor.py:830} INFO - Processing file /opt/airflow/dags/dag_tp2a_pokemon_ingestion.py for tasks to queue
[2026-06-09T10:21:06.611+0000] {logging_mixin.py:188} INFO - [2026-06-09T10:21:06.611+0000] {dagbag.py:545} INFO - Filling up the DagBag from /opt/airflow/dags/dag_tp2a_pokemon_ingestion.py
[2026-06-09T10:21:06.632+0000] {processor.py:840} INFO - DAG(s) 'tp2a_pokemon_ingestion' retrieved from /opt/airflow/dags/dag_tp2a_pokemon_ingestion.py
[2026-06-09T10:21:06.665+0000] {logging_mixin.py:188} INFO - [2026-06-09T10:21:06.664+0000] {dag.py:3096} INFO - Sync 1 DAGs
[2026-06-09T10:21:06.678+0000] {logging_mixin.py:188} INFO - [2026-06-09T10:21:06.678+0000] {dag.py:3954} INFO - Setting next_dagrun for tp2a_pokemon_ingestion to None, run_after=None
[2026-06-09T10:21:06.702+0000] {processor.py:183} INFO - Processing /opt/airflow/dags/dag_tp2a_pokemon_ingestion.py took 0.098 seconds
[2026-06-09T10:21:36.884+0000] {processor.py:161} INFO - Started process (PID=1417) to work on /opt/airflow/dags/dag_tp2a_pokemon_ingestion.py
[2026-06-09T10:21:36.885+0000] {processor.py:830} INFO - Processing file /opt/airflow/dags/dag_tp2a_pokemon_ingestion.py for tasks to queue
[2026-06-09T10:21:36.886+0000] {logging_mixin.py:188} INFO - [2026-06-09T10:21:36.886+0000] {dagbag.py:545} INFO - Filling up the DagBag from /opt/airflow/dags/dag_tp2a_pokemon_ingestion.py
[2026-06-09T10:21:36.903+0000] {processor.py:840} INFO - DAG(s) 'tp2a_pokemon_ingestion' retrieved from /opt/airflow/dags/dag_tp2a_pokemon_ingestion.py
[2026-06-09T10:21:36.936+0000] {logging_mixin.py:188} INFO - [2026-06-09T10:21:36.935+0000] {dag.py:3096} INFO - Sync 1 DAGs
[2026-06-09T10:21:36.948+0000] {logging_mixin.py:188} INFO - [2026-06-09T10:21:36.948+0000] {dag.py:3954} INFO - Setting next_dagrun for tp2a_pokemon_ingestion to None, run_after=None
[2026-06-09T10:21:36.967+0000] {processor.py:183} INFO - Processing /opt/airflow/dags/dag_tp2a_pokemon_ingestion.py took 0.087 seconds
[2026-06-09T10:22:07.159+0000] {processor.py:161} INFO - Started process (PID=1427) to work on /opt/airflow/dags/dag_tp2a_pokemon_ingestion.py
[2026-06-09T10:22:07.160+0000] {processor.py:830} INFO - Processing file /opt/airflow/dags/dag_tp2a_pokemon_ingestion.py for tasks to queue
[2026-06-09T10:22:07.162+0000] {logging_mixin.py:188} INFO - [2026-06-09T10:22:07.161+0000] {dagbag.py:545} INFO - Filling up the DagBag from /opt/airflow/dags/dag_tp2a_pokemon_ingestion.py
[2026-06-09T10:22:07.178+0000] {processor.py:840} INFO - DAG(s) 'tp2a_pokemon_ingestion' retrieved from /opt/airflow/dags/dag_tp2a_pokemon_ingestion.py
[2026-06-09T10:22:07.208+0000] {logging_mixin.py:188} INFO - [2026-06-09T10:22:07.208+0000] {dag.py:3096} INFO - Sync 1 DAGs
[2026-06-09T10:22:07.219+0000] {logging_mixin.py:188} INFO - [2026-06-09T10:22:07.219+0000] {dag.py:3954} INFO - Setting next_dagrun for tp2a_pokemon_ingestion to None, run_after=None
[2026-06-09T10:22:07.237+0000] {processor.py:183} INFO - Processing /opt/airflow/dags/dag_tp2a_pokemon_ingestion.py took 0.082 seconds
[2026-06-09T10:22:37.423+0000] {processor.py:161} INFO - Started process (PID=1437) to work on /opt/airflow/dags/dag_tp2a_pokemon_ingestion.py
[2026-06-09T10:22:37.424+0000] {processor.py:830} INFO - Processing file /opt/airflow/dags/dag_tp2a_pokemon_ingestion.py for tasks to queue
[2026-06-09T10:22:37.425+0000] {logging_mixin.py:188} INFO - [2026-06-09T10:22:37.425+0000] {dagbag.py:545} INFO - Filling up the DagBag from /opt/airflow/dags/dag_tp2a_pokemon_ingestion.py
[2026-06-09T10:22:37.441+0000] {processor.py:840} INFO - DAG(s) 'tp2a_pokemon_ingestion' retrieved from /opt/airflow/dags/dag_tp2a_pokemon_ingestion.py
[2026-06-09T10:22:37.472+0000] {logging_mixin.py:188} INFO - [2026-06-09T10:22:37.471+0000] {dag.py:3096} INFO - Sync 1 DAGs
[2026-06-09T10:22:37.483+0000] {logging_mixin.py:188} INFO - [2026-06-09T10:22:37.483+0000] {dag.py:3954} INFO - Setting next_dagrun for tp2a_pokemon_ingestion to None, run_after=None
[2026-06-09T10:22:37.502+0000] {processor.py:183} INFO - Processing /opt/airflow/dags/dag_tp2a_pokemon_ingestion.py took 0.084 seconds
[2026-06-09T10:23:07.612+0000] {processor.py:161} INFO - Started process (PID=1447) to work on /opt/airflow/dags/dag_tp2a_pokemon_ingestion.py
[2026-06-09T10:23:07.613+0000] {processor.py:830} INFO - Processing file /opt/airflow/dags/dag_tp2a_pokemon_ingestion.py for tasks to queue
[2026-06-09T10:23:07.615+0000] {logging_mixin.py:188} INFO - [2026-06-09T10:23:07.615+0000] {dagbag.py:545} INFO - Filling up the DagBag from /opt/airflow/dags/dag_tp2a_pokemon_ingestion.py
[2026-06-09T10:23:07.634+0000] {processor.py:840} INFO - DAG(s) 'tp2a_pokemon_ingestion' retrieved from /opt/airflow/dags/dag_tp2a_pokemon_ingestion.py
[2026-06-09T10:23:07.667+0000] {logging_mixin.py:188} INFO - [2026-06-09T10:23:07.666+0000] {dag.py:3096} INFO - Sync 1 DAGs
[2026-06-09T10:23:07.679+0000] {logging_mixin.py:188} INFO - [2026-06-09T10:23:07.679+0000] {dag.py:3954} INFO - Setting next_dagrun for tp2a_pokemon_ingestion to None, run_after=None
[2026-06-09T10:23:07.703+0000] {processor.py:183} INFO - Processing /opt/airflow/dags/dag_tp2a_pokemon_ingestion.py took 0.098 seconds
[2026-06-09T10:23:37.845+0000] {processor.py:161} INFO - Started process (PID=1457) to work on /opt/airflow/dags/dag_tp2a_pokemon_ingestion.py
[2026-06-09T10:23:37.846+0000] {processor.py:830} INFO - Processing file /opt/airflow/dags/dag_tp2a_pokemon_ingestion.py for tasks to queue
[2026-06-09T10:23:37.848+0000] {logging_mixin.py:188} INFO - [2026-06-09T10:23:37.848+0000] {dagbag.py:545} INFO - Filling up the DagBag from /opt/airflow/dags/dag_tp2a_pokemon_ingestion.py
[2026-06-09T10:23:37.869+0000] {processor.py:840} INFO - DAG(s) 'tp2a_pokemon_ingestion' retrieved from /opt/airflow/dags/dag_tp2a_pokemon_ingestion.py
[2026-06-09T10:23:37.904+0000] {logging_mixin.py:188} INFO - [2026-06-09T10:23:37.904+0000] {dag.py:3096} INFO - Sync 1 DAGs
[2026-06-09T10:23:37.918+0000] {logging_mixin.py:188} INFO - [2026-06-09T10:23:37.918+0000] {dag.py:3954} INFO - Setting next_dagrun for tp2a_pokemon_ingestion to None, run_after=None
[2026-06-09T10:23:37.940+0000] {processor.py:183} INFO - Processing /opt/airflow/dags/dag_tp2a_pokemon_ingestion.py took 0.100 seconds
[2026-06-09T10:24:08.051+0000] {processor.py:161} INFO - Started process (PID=1467) to work on /opt/airflow/dags/dag_tp2a_pokemon_ingestion.py
[2026-06-09T10:24:08.052+0000] {processor.py:830} INFO - Processing file /opt/airflow/dags/dag_tp2a_pokemon_ingestion.py for tasks to queue
[2026-06-09T10:24:08.054+0000] {logging_mixin.py:188} INFO - [2026-06-09T10:24:08.054+0000] {dagbag.py:545} INFO - Filling up the DagBag from /opt/airflow/dags/dag_tp2a_pokemon_ingestion.py
[2026-06-09T10:24:08.075+0000] {processor.py:840} INFO - DAG(s) 'tp2a_pokemon_ingestion' retrieved from /opt/airflow/dags/dag_tp2a_pokemon_ingestion.py
[2026-06-09T10:24:08.115+0000] {logging_mixin.py:188} INFO - [2026-06-09T10:24:08.114+0000] {dag.py:3096} INFO - Sync 1 DAGs
[2026-06-09T10:24:08.132+0000] {logging_mixin.py:188} INFO - [2026-06-09T10:24:08.132+0000] {dag.py:3954} INFO - Setting next_dagrun for tp2a_pokemon_ingestion to None, run_after=None
[2026-06-09T10:24:08.156+0000] {processor.py:183} INFO - Processing /opt/airflow/dags/dag_tp2a_pokemon_ingestion.py took 0.111 seconds
[2026-06-09T10:24:38.357+0000] {processor.py:161} INFO - Started process (PID=1477) to work on /opt/airflow/dags/dag_tp2a_pokemon_ingestion.py
[2026-06-09T10:24:38.358+0000] {processor.py:830} INFO - Processing file /opt/airflow/dags/dag_tp2a_pokemon_ingestion.py for tasks to queue
[2026-06-09T10:24:38.360+0000] {logging_mixin.py:188} INFO - [2026-06-09T10:24:38.360+0000] {dagbag.py:545} INFO - Filling up the DagBag from /opt/airflow/dags/dag_tp2a_pokemon_ingestion.py
[2026-06-09T10:24:38.378+0000] {processor.py:840} INFO - DAG(s) 'tp2a_pokemon_ingestion' retrieved from /opt/airflow/dags/dag_tp2a_pokemon_ingestion.py
[2026-06-09T10:24:38.409+0000] {logging_mixin.py:188} INFO - [2026-06-09T10:24:38.409+0000] {dag.py:3096} INFO - Sync 1 DAGs
[2026-06-09T10:24:38.421+0000] {logging_mixin.py:188} INFO - [2026-06-09T10:24:38.421+0000] {dag.py:3954} INFO - Setting next_dagrun for tp2a_pokemon_ingestion to None, run_after=None
[2026-06-09T10:24:38.441+0000] {processor.py:183} INFO - Processing /opt/airflow/dags/dag_tp2a_pokemon_ingestion.py took 0.089 seconds
[2026-06-09T10:25:08.565+0000] {processor.py:161} INFO - Started process (PID=1487) to work on /opt/airflow/dags/dag_tp2a_pokemon_ingestion.py
[2026-06-09T10:25:08.566+0000] {processor.py:830} INFO - Processing file /opt/airflow/dags/dag_tp2a_pokemon_ingestion.py for tasks to queue
[2026-06-09T10:25:08.568+0000] {logging_mixin.py:188} INFO - [2026-06-09T10:25:08.567+0000] {dagbag.py:545} INFO - Filling up the DagBag from /opt/airflow/dags/dag_tp2a_pokemon_ingestion.py
[2026-06-09T10:25:08.590+0000] {processor.py:840} INFO - DAG(s) 'tp2a_pokemon_ingestion' retrieved from /opt/airflow/dags/dag_tp2a_pokemon_ingestion.py
[2026-06-09T10:25:08.625+0000] {logging_mixin.py:188} INFO - [2026-06-09T10:25:08.624+0000] {dag.py:3096} INFO - Sync 1 DAGs
[2026-06-09T10:25:08.640+0000] {logging_mixin.py:188} INFO - [2026-06-09T10:25:08.640+0000] {dag.py:3954} INFO - Setting next_dagrun for tp2a_pokemon_ingestion to None, run_after=None
[2026-06-09T10:25:08.663+0000] {processor.py:183} INFO - Processing /opt/airflow/dags/dag_tp2a_pokemon_ingestion.py took 0.104 seconds
[2026-06-09T10:25:38.802+0000] {processor.py:161} INFO - Started process (PID=1497) to work on /opt/airflow/dags/dag_tp2a_pokemon_ingestion.py
[2026-06-09T10:25:38.803+0000] {processor.py:830} INFO - Processing file /opt/airflow/dags/dag_tp2a_pokemon_ingestion.py for tasks to queue
[2026-06-09T10:25:38.805+0000] {logging_mixin.py:188} INFO - [2026-06-09T10:25:38.804+0000] {dagbag.py:545} INFO - Filling up the DagBag from /opt/airflow/dags/dag_tp2a_pokemon_ingestion.py
[2026-06-09T10:25:38.832+0000] {processor.py:840} INFO - DAG(s) 'tp2a_pokemon_ingestion' retrieved from /opt/airflow/dags/dag_tp2a_pokemon_ingestion.py
[2026-06-09T10:25:38.870+0000] {logging_mixin.py:188} INFO - [2026-06-09T10:25:38.869+0000] {dag.py:3096} INFO - Sync 1 DAGs
[2026-06-09T10:25:38.885+0000] {logging_mixin.py:188} INFO - [2026-06-09T10:25:38.885+0000] {dag.py:3954} INFO - Setting next_dagrun for tp2a_pokemon_ingestion to None, run_after=None
[2026-06-09T10:25:38.908+0000] {processor.py:183} INFO - Processing /opt/airflow/dags/dag_tp2a_pokemon_ingestion.py took 0.115 seconds
[2026-06-09T10:26:09.058+0000] {processor.py:161} INFO - Started process (PID=1507) to work on /opt/airflow/dags/dag_tp2a_pokemon_ingestion.py
[2026-06-09T10:26:09.059+0000] {processor.py:830} INFO - Processing file /opt/airflow/dags/dag_tp2a_pokemon_ingestion.py for tasks to queue
[2026-06-09T10:26:09.060+0000] {logging_mixin.py:188} INFO - [2026-06-09T10:26:09.060+0000] {dagbag.py:545} INFO - Filling up the DagBag from /opt/airflow/dags/dag_tp2a_pokemon_ingestion.py
[2026-06-09T10:26:09.080+0000] {processor.py:840} INFO - DAG(s) 'tp2a_pokemon_ingestion' retrieved from /opt/airflow/dags/dag_tp2a_pokemon_ingestion.py
[2026-06-09T10:26:09.114+0000] {logging_mixin.py:188} INFO - [2026-06-09T10:26:09.113+0000] {dag.py:3096} INFO - Sync 1 DAGs
[2026-06-09T10:26:09.127+0000] {logging_mixin.py:188} INFO - [2026-06-09T10:26:09.127+0000] {dag.py:3954} INFO - Setting next_dagrun for tp2a_pokemon_ingestion to None, run_after=None
[2026-06-09T10:26:09.149+0000] {processor.py:183} INFO - Processing /opt/airflow/dags/dag_tp2a_pokemon_ingestion.py took 0.096 seconds
[2026-06-09T10:26:39.392+0000] {processor.py:161} INFO - Started process (PID=1517) to work on /opt/airflow/dags/dag_tp2a_pokemon_ingestion.py
[2026-06-09T10:26:39.393+0000] {processor.py:830} INFO - Processing file /opt/airflow/dags/dag_tp2a_pokemon_ingestion.py for tasks to queue
[2026-06-09T10:26:39.396+0000] {logging_mixin.py:188} INFO - [2026-06-09T10:26:39.396+0000] {dagbag.py:545} INFO - Filling up the DagBag from /opt/airflow/dags/dag_tp2a_pokemon_ingestion.py
[2026-06-09T10:26:39.421+0000] {processor.py:840} INFO - DAG(s) 'tp2a_pokemon_ingestion' retrieved from /opt/airflow/dags/dag_tp2a_pokemon_ingestion.py
[2026-06-09T10:26:39.459+0000] {logging_mixin.py:188} INFO - [2026-06-09T10:26:39.459+0000] {dag.py:3096} INFO - Sync 1 DAGs
[2026-06-09T10:26:39.474+0000] {logging_mixin.py:188} INFO - [2026-06-09T10:26:39.473+0000] {dag.py:3954} INFO - Setting next_dagrun for tp2a_pokemon_ingestion to None, run_after=None
[2026-06-09T10:26:39.494+0000] {processor.py:183} INFO - Processing /opt/airflow/dags/dag_tp2a_pokemon_ingestion.py took 0.110 seconds
[2026-06-09T10:27:09.570+0000] {processor.py:161} INFO - Started process (PID=1527) to work on /opt/airflow/dags/dag_tp2a_pokemon_ingestion.py
[2026-06-09T10:27:09.571+0000] {processor.py:830} INFO - Processing file /opt/airflow/dags/dag_tp2a_pokemon_ingestion.py for tasks to queue
[2026-06-09T10:27:09.572+0000] {logging_mixin.py:188} INFO - [2026-06-09T10:27:09.572+0000] {dagbag.py:545} INFO - Filling up the DagBag from /opt/airflow/dags/dag_tp2a_pokemon_ingestion.py
[2026-06-09T10:27:09.589+0000] {processor.py:840} INFO - DAG(s) 'tp2a_pokemon_ingestion' retrieved from /opt/airflow/dags/dag_tp2a_pokemon_ingestion.py
[2026-06-09T10:27:09.618+0000] {logging_mixin.py:188} INFO - [2026-06-09T10:27:09.618+0000] {dag.py:3096} INFO - Sync 1 DAGs
[2026-06-09T10:27:09.630+0000] {logging_mixin.py:188} INFO - [2026-06-09T10:27:09.630+0000] {dag.py:3954} INFO - Setting next_dagrun for tp2a_pokemon_ingestion to None, run_after=None
[2026-06-09T10:27:09.648+0000] {processor.py:183} INFO - Processing /opt/airflow/dags/dag_tp2a_pokemon_ingestion.py took 0.083 seconds
[2026-06-09T10:27:39.848+0000] {processor.py:161} INFO - Started process (PID=1537) to work on /opt/airflow/dags/dag_tp2a_pokemon_ingestion.py
[2026-06-09T10:27:39.849+0000] {processor.py:830} INFO - Processing file /opt/airflow/dags/dag_tp2a_pokemon_ingestion.py for tasks to queue
[2026-06-09T10:27:39.851+0000] {logging_mixin.py:188} INFO - [2026-06-09T10:27:39.851+0000] {dagbag.py:545} INFO - Filling up the DagBag from /opt/airflow/dags/dag_tp2a_pokemon_ingestion.py
[2026-06-09T10:27:39.868+0000] {processor.py:840} INFO - DAG(s) 'tp2a_pokemon_ingestion' retrieved from /opt/airflow/dags/dag_tp2a_pokemon_ingestion.py
[2026-06-09T10:27:39.899+0000] {logging_mixin.py:188} INFO - [2026-06-09T10:27:39.899+0000] {dag.py:3096} INFO - Sync 1 DAGs
[2026-06-09T10:27:39.911+0000] {logging_mixin.py:188} INFO - [2026-06-09T10:27:39.911+0000] {dag.py:3954} INFO - Setting next_dagrun for tp2a_pokemon_ingestion to None, run_after=None
[2026-06-09T10:27:39.930+0000] {processor.py:183} INFO - Processing /opt/airflow/dags/dag_tp2a_pokemon_ingestion.py took 0.089 seconds
[2026-06-09T10:28:10.072+0000] {processor.py:161} INFO - Started process (PID=1547) to work on /opt/airflow/dags/dag_tp2a_pokemon_ingestion.py
[2026-06-09T10:28:10.073+0000] {processor.py:830} INFO - Processing file /opt/airflow/dags/dag_tp2a_pokemon_ingestion.py for tasks to queue
[2026-06-09T10:28:10.076+0000] {logging_mixin.py:188} INFO - [2026-06-09T10:28:10.076+0000] {dagbag.py:545} INFO - Filling up the DagBag from /opt/airflow/dags/dag_tp2a_pokemon_ingestion.py
[2026-06-09T10:28:10.100+0000] {processor.py:840} INFO - DAG(s) 'tp2a_pokemon_ingestion' retrieved from /opt/airflow/dags/dag_tp2a_pokemon_ingestion.py
[2026-06-09T10:28:10.138+0000] {logging_mixin.py:188} INFO - [2026-06-09T10:28:10.137+0000] {dag.py:3096} INFO - Sync 1 DAGs
[2026-06-09T10:28:10.152+0000] {logging_mixin.py:188} INFO - [2026-06-09T10:28:10.152+0000] {dag.py:3954} INFO - Setting next_dagrun for tp2a_pokemon_ingestion to None, run_after=None
[2026-06-09T10:28:10.174+0000] {processor.py:183} INFO - Processing /opt/airflow/dags/dag_tp2a_pokemon_ingestion.py took 0.109 seconds
[2026-06-09T10:28:40.282+0000] {processor.py:161} INFO - Started process (PID=1557) to work on /opt/airflow/dags/dag_tp2a_pokemon_ingestion.py
[2026-06-09T10:28:40.283+0000] {processor.py:830} INFO - Processing file /opt/airflow/dags/dag_tp2a_pokemon_ingestion.py for tasks to queue
[2026-06-09T10:28:40.285+0000] {logging_mixin.py:188} INFO - [2026-06-09T10:28:40.285+0000] {dagbag.py:545} INFO - Filling up the DagBag from /opt/airflow/dags/dag_tp2a_pokemon_ingestion.py
[2026-06-09T10:28:40.304+0000] {processor.py:840} INFO - DAG(s) 'tp2a_pokemon_ingestion' retrieved from /opt/airflow/dags/dag_tp2a_pokemon_ingestion.py
[2026-06-09T10:28:40.337+0000] {logging_mixin.py:188} INFO - [2026-06-09T10:28:40.337+0000] {dag.py:3096} INFO - Sync 1 DAGs
[2026-06-09T10:28:40.349+0000] {logging_mixin.py:188} INFO - [2026-06-09T10:28:40.349+0000] {dag.py:3954} INFO - Setting next_dagrun for tp2a_pokemon_ingestion to None, run_after=None
[2026-06-09T10:28:40.370+0000] {processor.py:183} INFO - Processing /opt/airflow/dags/dag_tp2a_pokemon_ingestion.py took 0.093 seconds
[2026-06-09T10:29:10.580+0000] {processor.py:161} INFO - Started process (PID=1567) to work on /opt/airflow/dags/dag_tp2a_pokemon_ingestion.py
[2026-06-09T10:29:10.581+0000] {processor.py:830} INFO - Processing file /opt/airflow/dags/dag_tp2a_pokemon_ingestion.py for tasks to queue
[2026-06-09T10:29:10.583+0000] {logging_mixin.py:188} INFO - [2026-06-09T10:29:10.582+0000] {dagbag.py:545} INFO - Filling up the DagBag from /opt/airflow/dags/dag_tp2a_pokemon_ingestion.py
[2026-06-09T10:29:10.602+0000] {processor.py:840} INFO - DAG(s) 'tp2a_pokemon_ingestion' retrieved from /opt/airflow/dags/dag_tp2a_pokemon_ingestion.py
[2026-06-09T10:29:10.635+0000] {logging_mixin.py:188} INFO - [2026-06-09T10:29:10.635+0000] {dag.py:3096} INFO - Sync 1 DAGs
[2026-06-09T10:29:10.649+0000] {logging_mixin.py:188} INFO - [2026-06-09T10:29:10.648+0000] {dag.py:3954} INFO - Setting next_dagrun for tp2a_pokemon_ingestion to None, run_after=None
[2026-06-09T10:29:10.670+0000] {processor.py:183} INFO - Processing /opt/airflow/dags/dag_tp2a_pokemon_ingestion.py took 0.095 seconds
[2026-06-09T10:29:40.892+0000] {processor.py:161} INFO - Started process (PID=1577) to work on /opt/airflow/dags/dag_tp2a_pokemon_ingestion.py
[2026-06-09T10:29:40.893+0000] {processor.py:830} INFO - Processing file /opt/airflow/dags/dag_tp2a_pokemon_ingestion.py for tasks to queue
[2026-06-09T10:29:40.895+0000] {logging_mixin.py:188} INFO - [2026-06-09T10:29:40.895+0000] {dagbag.py:545} INFO - Filling up the DagBag from /opt/airflow/dags/dag_tp2a_pokemon_ingestion.py
[2026-06-09T10:29:40.916+0000] {processor.py:840} INFO - DAG(s) 'tp2a_pokemon_ingestion' retrieved from /opt/airflow/dags/dag_tp2a_pokemon_ingestion.py
[2026-06-09T10:29:40.948+0000] {logging_mixin.py:188} INFO - [2026-06-09T10:29:40.948+0000] {dag.py:3096} INFO - Sync 1 DAGs
[2026-06-09T10:29:40.961+0000] {logging_mixin.py:188} INFO - [2026-06-09T10:29:40.961+0000] {dag.py:3954} INFO - Setting next_dagrun for tp2a_pokemon_ingestion to None, run_after=None
[2026-06-09T10:29:40.985+0000] {processor.py:183} INFO - Processing /opt/airflow/dags/dag_tp2a_pokemon_ingestion.py took 0.097 seconds
[2026-06-09T10:30:11.192+0000] {processor.py:161} INFO - Started process (PID=1587) to work on /opt/airflow/dags/dag_tp2a_pokemon_ingestion.py
[2026-06-09T10:30:11.193+0000] {processor.py:830} INFO - Processing file /opt/airflow/dags/dag_tp2a_pokemon_ingestion.py for tasks to queue
[2026-06-09T10:30:11.195+0000] {logging_mixin.py:188} INFO - [2026-06-09T10:30:11.194+0000] {dagbag.py:545} INFO - Filling up the DagBag from /opt/airflow/dags/dag_tp2a_pokemon_ingestion.py
[2026-06-09T10:30:11.212+0000] {processor.py:840} INFO - DAG(s) 'tp2a_pokemon_ingestion' retrieved from /opt/airflow/dags/dag_tp2a_pokemon_ingestion.py
[2026-06-09T10:30:11.245+0000] {logging_mixin.py:188} INFO - [2026-06-09T10:30:11.245+0000] {dag.py:3096} INFO - Sync 1 DAGs
[2026-06-09T10:30:11.258+0000] {logging_mixin.py:188} INFO - [2026-06-09T10:30:11.258+0000] {dag.py:3954} INFO - Setting next_dagrun for tp2a_pokemon_ingestion to None, run_after=None
[2026-06-09T10:30:11.278+0000] {processor.py:183} INFO - Processing /opt/airflow/dags/dag_tp2a_pokemon_ingestion.py took 0.092 seconds
[2026-06-09T10:30:41.488+0000] {processor.py:161} INFO - Started process (PID=1597) to work on /opt/airflow/dags/dag_tp2a_pokemon_ingestion.py
[2026-06-09T10:30:41.489+0000] {processor.py:830} INFO - Processing file /opt/airflow/dags/dag_tp2a_pokemon_ingestion.py for tasks to queue
[2026-06-09T10:30:41.491+0000] {logging_mixin.py:188} INFO - [2026-06-09T10:30:41.491+0000] {dagbag.py:545} INFO - Filling up the DagBag from /opt/airflow/dags/dag_tp2a_pokemon_ingestion.py
[2026-06-09T10:30:41.509+0000] {processor.py:840} INFO - DAG(s) 'tp2a_pokemon_ingestion' retrieved from /opt/airflow/dags/dag_tp2a_pokemon_ingestion.py
[2026-06-09T10:30:41.543+0000] {logging_mixin.py:188} INFO - [2026-06-09T10:30:41.542+0000] {dag.py:3096} INFO - Sync 1 DAGs
[2026-06-09T10:30:41.556+0000] {logging_mixin.py:188} INFO - [2026-06-09T10:30:41.556+0000] {dag.py:3954} INFO - Setting next_dagrun for tp2a_pokemon_ingestion to None, run_after=None
[2026-06-09T10:30:41.578+0000] {processor.py:183} INFO - Processing /opt/airflow/dags/dag_tp2a_pokemon_ingestion.py took 0.095 seconds
[2026-06-09T10:31:11.737+0000] {processor.py:161} INFO - Started process (PID=1607) to work on /opt/airflow/dags/dag_tp2a_pokemon_ingestion.py
[2026-06-09T10:31:11.738+0000] {processor.py:830} INFO - Processing file /opt/airflow/dags/dag_tp2a_pokemon_ingestion.py for tasks to queue
[2026-06-09T10:31:11.739+0000] {logging_mixin.py:188} INFO - [2026-06-09T10:31:11.739+0000] {dagbag.py:545} INFO - Filling up the DagBag from /opt/airflow/dags/dag_tp2a_pokemon_ingestion.py
[2026-06-09T10:31:11.764+0000] {processor.py:840} INFO - DAG(s) 'tp2a_pokemon_ingestion' retrieved from /opt/airflow/dags/dag_tp2a_pokemon_ingestion.py
[2026-06-09T10:31:11.799+0000] {logging_mixin.py:188} INFO - [2026-06-09T10:31:11.799+0000] {dag.py:3096} INFO - Sync 1 DAGs
[2026-06-09T10:31:11.813+0000] {logging_mixin.py:188} INFO - [2026-06-09T10:31:11.813+0000] {dag.py:3954} INFO - Setting next_dagrun for tp2a_pokemon_ingestion to None, run_after=None
[2026-06-09T10:31:11.872+0000] {processor.py:183} INFO - Processing /opt/airflow/dags/dag_tp2a_pokemon_ingestion.py took 0.141 seconds
[2026-06-09T10:31:42.074+0000] {processor.py:161} INFO - Started process (PID=1617) to work on /opt/airflow/dags/dag_tp2a_pokemon_ingestion.py
[2026-06-09T10:31:42.075+0000] {processor.py:830} INFO - Processing file /opt/airflow/dags/dag_tp2a_pokemon_ingestion.py for tasks to queue
[2026-06-09T10:31:42.076+0000] {logging_mixin.py:188} INFO - [2026-06-09T10:31:42.076+0000] {dagbag.py:545} INFO - Filling up the DagBag from /opt/airflow/dags/dag_tp2a_pokemon_ingestion.py
[2026-06-09T10:31:42.097+0000] {processor.py:840} INFO - DAG(s) 'tp2a_pokemon_ingestion' retrieved from /opt/airflow/dags/dag_tp2a_pokemon_ingestion.py
[2026-06-09T10:31:42.130+0000] {logging_mixin.py:188} INFO - [2026-06-09T10:31:42.129+0000] {dag.py:3096} INFO - Sync 1 DAGs
[2026-06-09T10:31:42.143+0000] {logging_mixin.py:188} INFO - [2026-06-09T10:31:42.142+0000] {dag.py:3954} INFO - Setting next_dagrun for tp2a_pokemon_ingestion to None, run_after=None
[2026-06-09T10:31:42.162+0000] {processor.py:183} INFO - Processing /opt/airflow/dags/dag_tp2a_pokemon_ingestion.py took 0.094 seconds
[2026-06-09T10:32:12.371+0000] {processor.py:161} INFO - Started process (PID=1627) to work on /opt/airflow/dags/dag_tp2a_pokemon_ingestion.py
[2026-06-09T10:32:12.372+0000] {processor.py:830} INFO - Processing file /opt/airflow/dags/dag_tp2a_pokemon_ingestion.py for tasks to queue
[2026-06-09T10:32:12.375+0000] {logging_mixin.py:188} INFO - [2026-06-09T10:32:12.375+0000] {dagbag.py:545} INFO - Filling up the DagBag from /opt/airflow/dags/dag_tp2a_pokemon_ingestion.py
[2026-06-09T10:32:12.394+0000] {processor.py:840} INFO - DAG(s) 'tp2a_pokemon_ingestion' retrieved from /opt/airflow/dags/dag_tp2a_pokemon_ingestion.py
[2026-06-09T10:32:12.427+0000] {logging_mixin.py:188} INFO - [2026-06-09T10:32:12.427+0000] {dag.py:3096} INFO - Sync 1 DAGs
[2026-06-09T10:32:12.440+0000] {logging_mixin.py:188} INFO - [2026-06-09T10:32:12.440+0000] {dag.py:3954} INFO - Setting next_dagrun for tp2a_pokemon_ingestion to None, run_after=None
[2026-06-09T10:32:12.462+0000] {processor.py:183} INFO - Processing /opt/airflow/dags/dag_tp2a_pokemon_ingestion.py took 0.096 seconds
[2026-06-09T10:32:42.564+0000] {processor.py:161} INFO - Started process (PID=1637) to work on /opt/airflow/dags/dag_tp2a_pokemon_ingestion.py
[2026-06-09T10:32:42.565+0000] {processor.py:830} INFO - Processing file /opt/airflow/dags/dag_tp2a_pokemon_ingestion.py for tasks to queue
[2026-06-09T10:32:42.566+0000] {logging_mixin.py:188} INFO - [2026-06-09T10:32:42.566+0000] {dagbag.py:545} INFO - Filling up the DagBag from /opt/airflow/dags/dag_tp2a_pokemon_ingestion.py
[2026-06-09T10:32:42.585+0000] {processor.py:840} INFO - DAG(s) 'tp2a_pokemon_ingestion' retrieved from /opt/airflow/dags/dag_tp2a_pokemon_ingestion.py
[2026-06-09T10:32:42.619+0000] {logging_mixin.py:188} INFO - [2026-06-09T10:32:42.619+0000] {dag.py:3096} INFO - Sync 1 DAGs
[2026-06-09T10:32:42.632+0000] {logging_mixin.py:188} INFO - [2026-06-09T10:32:42.632+0000] {dag.py:3954} INFO - Setting next_dagrun for tp2a_pokemon_ingestion to None, run_after=None
[2026-06-09T10:32:42.652+0000] {processor.py:183} INFO - Processing /opt/airflow/dags/dag_tp2a_pokemon_ingestion.py took 0.093 seconds
[2026-06-09T10:33:12.861+0000] {processor.py:161} INFO - Started process (PID=1647) to work on /opt/airflow/dags/dag_tp2a_pokemon_ingestion.py
[2026-06-09T10:33:12.861+0000] {processor.py:830} INFO - Processing file /opt/airflow/dags/dag_tp2a_pokemon_ingestion.py for tasks to queue
[2026-06-09T10:33:12.863+0000] {logging_mixin.py:188} INFO - [2026-06-09T10:33:12.863+0000] {dagbag.py:545} INFO - Filling up the DagBag from /opt/airflow/dags/dag_tp2a_pokemon_ingestion.py
[2026-06-09T10:33:12.883+0000] {processor.py:840} INFO - DAG(s) 'tp2a_pokemon_ingestion' retrieved from /opt/airflow/dags/dag_tp2a_pokemon_ingestion.py
[2026-06-09T10:33:12.915+0000] {logging_mixin.py:188} INFO - [2026-06-09T10:33:12.915+0000] {dag.py:3096} INFO - Sync 1 DAGs
[2026-06-09T10:33:12.928+0000] {logging_mixin.py:188} INFO - [2026-06-09T10:33:12.928+0000] {dag.py:3954} INFO - Setting next_dagrun for tp2a_pokemon_ingestion to None, run_after=None
[2026-06-09T10:33:12.949+0000] {processor.py:183} INFO - Processing /opt/airflow/dags/dag_tp2a_pokemon_ingestion.py took 0.093 seconds
[2026-06-09T10:33:43.159+0000] {processor.py:161} INFO - Started process (PID=1657) to work on /opt/airflow/dags/dag_tp2a_pokemon_ingestion.py
[2026-06-09T10:33:43.160+0000] {processor.py:830} INFO - Processing file /opt/airflow/dags/dag_tp2a_pokemon_ingestion.py for tasks to queue
[2026-06-09T10:33:43.162+0000] {logging_mixin.py:188} INFO - [2026-06-09T10:33:43.162+0000] {dagbag.py:545} INFO - Filling up the DagBag from /opt/airflow/dags/dag_tp2a_pokemon_ingestion.py
[2026-06-09T10:33:43.183+0000] {processor.py:840} INFO - DAG(s) 'tp2a_pokemon_ingestion' retrieved from /opt/airflow/dags/dag_tp2a_pokemon_ingestion.py
[2026-06-09T10:33:43.217+0000] {logging_mixin.py:188} INFO - [2026-06-09T10:33:43.216+0000] {dag.py:3096} INFO - Sync 1 DAGs
[2026-06-09T10:33:43.230+0000] {logging_mixin.py:188} INFO - [2026-06-09T10:33:43.230+0000] {dag.py:3954} INFO - Setting next_dagrun for tp2a_pokemon_ingestion to None, run_after=None
[2026-06-09T10:33:43.252+0000] {processor.py:183} INFO - Processing /opt/airflow/dags/dag_tp2a_pokemon_ingestion.py took 0.098 seconds
[2026-06-09T10:34:13.460+0000] {processor.py:161} INFO - Started process (PID=1667) to work on /opt/airflow/dags/dag_tp2a_pokemon_ingestion.py
[2026-06-09T10:34:13.461+0000] {processor.py:830} INFO - Processing file /opt/airflow/dags/dag_tp2a_pokemon_ingestion.py for tasks to queue
[2026-06-09T10:34:13.463+0000] {logging_mixin.py:188} INFO - [2026-06-09T10:34:13.462+0000] {dagbag.py:545} INFO - Filling up the DagBag from /opt/airflow/dags/dag_tp2a_pokemon_ingestion.py
[2026-06-09T10:34:13.482+0000] {processor.py:840} INFO - DAG(s) 'tp2a_pokemon_ingestion' retrieved from /opt/airflow/dags/dag_tp2a_pokemon_ingestion.py
[2026-06-09T10:34:13.512+0000] {logging_mixin.py:188} INFO - [2026-06-09T10:34:13.512+0000] {dag.py:3096} INFO - Sync 1 DAGs
[2026-06-09T10:34:13.525+0000] {logging_mixin.py:188} INFO - [2026-06-09T10:34:13.525+0000] {dag.py:3954} INFO - Setting next_dagrun for tp2a_pokemon_ingestion to None, run_after=None
[2026-06-09T10:34:13.546+0000] {processor.py:183} INFO - Processing /opt/airflow/dags/dag_tp2a_pokemon_ingestion.py took 0.091 seconds
[2026-06-09T10:34:43.757+0000] {processor.py:161} INFO - Started process (PID=1677) to work on /opt/airflow/dags/dag_tp2a_pokemon_ingestion.py
[2026-06-09T10:34:43.758+0000] {processor.py:830} INFO - Processing file /opt/airflow/dags/dag_tp2a_pokemon_ingestion.py for tasks to queue
[2026-06-09T10:34:43.760+0000] {logging_mixin.py:188} INFO - [2026-06-09T10:34:43.760+0000] {dagbag.py:545} INFO - Filling up the DagBag from /opt/airflow/dags/dag_tp2a_pokemon_ingestion.py
[2026-06-09T10:34:43.782+0000] {processor.py:840} INFO - DAG(s) 'tp2a_pokemon_ingestion' retrieved from /opt/airflow/dags/dag_tp2a_pokemon_ingestion.py
[2026-06-09T10:34:43.817+0000] {logging_mixin.py:188} INFO - [2026-06-09T10:34:43.816+0000] {dag.py:3096} INFO - Sync 1 DAGs
[2026-06-09T10:34:43.830+0000] {logging_mixin.py:188} INFO - [2026-06-09T10:34:43.830+0000] {dag.py:3954} INFO - Setting next_dagrun for tp2a_pokemon_ingestion to None, run_after=None
[2026-06-09T10:34:43.852+0000] {processor.py:183} INFO - Processing /opt/airflow/dags/dag_tp2a_pokemon_ingestion.py took 0.101 seconds
[2026-06-09T10:35:14.060+0000] {processor.py:161} INFO - Started process (PID=1687) to work on /opt/airflow/dags/dag_tp2a_pokemon_ingestion.py
[2026-06-09T10:35:14.061+0000] {processor.py:830} INFO - Processing file /opt/airflow/dags/dag_tp2a_pokemon_ingestion.py for tasks to queue
[2026-06-09T10:35:14.063+0000] {logging_mixin.py:188} INFO - [2026-06-09T10:35:14.063+0000] {dagbag.py:545} INFO - Filling up the DagBag from /opt/airflow/dags/dag_tp2a_pokemon_ingestion.py
[2026-06-09T10:35:14.081+0000] {processor.py:840} INFO - DAG(s) 'tp2a_pokemon_ingestion' retrieved from /opt/airflow/dags/dag_tp2a_pokemon_ingestion.py
[2026-06-09T10:35:14.117+0000] {logging_mixin.py:188} INFO - [2026-06-09T10:35:14.116+0000] {dag.py:3096} INFO - Sync 1 DAGs
[2026-06-09T10:35:14.131+0000] {logging_mixin.py:188} INFO - [2026-06-09T10:35:14.130+0000] {dag.py:3954} INFO - Setting next_dagrun for tp2a_pokemon_ingestion to None, run_after=None
[2026-06-09T10:35:14.151+0000] {processor.py:183} INFO - Processing /opt/airflow/dags/dag_tp2a_pokemon_ingestion.py took 0.096 seconds
[2026-06-09T10:35:44.256+0000] {processor.py:161} INFO - Started process (PID=1697) to work on /opt/airflow/dags/dag_tp2a_pokemon_ingestion.py
[2026-06-09T10:35:44.258+0000] {processor.py:830} INFO - Processing file /opt/airflow/dags/dag_tp2a_pokemon_ingestion.py for tasks to queue
[2026-06-09T10:35:44.260+0000] {logging_mixin.py:188} INFO - [2026-06-09T10:35:44.260+0000] {dagbag.py:545} INFO - Filling up the DagBag from /opt/airflow/dags/dag_tp2a_pokemon_ingestion.py
[2026-06-09T10:35:44.281+0000] {processor.py:840} INFO - DAG(s) 'tp2a_pokemon_ingestion' retrieved from /opt/airflow/dags/dag_tp2a_pokemon_ingestion.py
[2026-06-09T10:35:44.315+0000] {logging_mixin.py:188} INFO - [2026-06-09T10:35:44.315+0000] {dag.py:3096} INFO - Sync 1 DAGs
[2026-06-09T10:35:44.328+0000] {logging_mixin.py:188} INFO - [2026-06-09T10:35:44.327+0000] {dag.py:3954} INFO - Setting next_dagrun for tp2a_pokemon_ingestion to None, run_after=None
[2026-06-09T10:35:44.348+0000] {processor.py:183} INFO - Processing /opt/airflow/dags/dag_tp2a_pokemon_ingestion.py took 0.096 seconds
[2026-06-09T10:36:14.599+0000] {processor.py:161} INFO - Started process (PID=1707) to work on /opt/airflow/dags/dag_tp2a_pokemon_ingestion.py
[2026-06-09T10:36:14.600+0000] {processor.py:830} INFO - Processing file /opt/airflow/dags/dag_tp2a_pokemon_ingestion.py for tasks to queue
[2026-06-09T10:36:14.601+0000] {logging_mixin.py:188} INFO - [2026-06-09T10:36:14.601+0000] {dagbag.py:545} INFO - Filling up the DagBag from /opt/airflow/dags/dag_tp2a_pokemon_ingestion.py
[2026-06-09T10:36:14.619+0000] {processor.py:840} INFO - DAG(s) 'tp2a_pokemon_ingestion' retrieved from /opt/airflow/dags/dag_tp2a_pokemon_ingestion.py
[2026-06-09T10:36:14.651+0000] {logging_mixin.py:188} INFO - [2026-06-09T10:36:14.651+0000] {dag.py:3096} INFO - Sync 1 DAGs
[2026-06-09T10:36:14.665+0000] {logging_mixin.py:188} INFO - [2026-06-09T10:36:14.664+0000] {dag.py:3954} INFO - Setting next_dagrun for tp2a_pokemon_ingestion to None, run_after=None
[2026-06-09T10:36:14.687+0000] {processor.py:183} INFO - Processing /opt/airflow/dags/dag_tp2a_pokemon_ingestion.py took 0.093 seconds
[2026-06-09T10:36:44.792+0000] {processor.py:161} INFO - Started process (PID=1717) to work on /opt/airflow/dags/dag_tp2a_pokemon_ingestion.py
[2026-06-09T10:36:44.793+0000] {processor.py:830} INFO - Processing file /opt/airflow/dags/dag_tp2a_pokemon_ingestion.py for tasks to queue
[2026-06-09T10:36:44.795+0000] {logging_mixin.py:188} INFO - [2026-06-09T10:36:44.794+0000] {dagbag.py:545} INFO - Filling up the DagBag from /opt/airflow/dags/dag_tp2a_pokemon_ingestion.py
[2026-06-09T10:36:44.813+0000] {processor.py:840} INFO - DAG(s) 'tp2a_pokemon_ingestion' retrieved from /opt/airflow/dags/dag_tp2a_pokemon_ingestion.py
[2026-06-09T10:36:44.846+0000] {logging_mixin.py:188} INFO - [2026-06-09T10:36:44.846+0000] {dag.py:3096} INFO - Sync 1 DAGs
[2026-06-09T10:36:44.861+0000] {logging_mixin.py:188} INFO - [2026-06-09T10:36:44.861+0000] {dag.py:3954} INFO - Setting next_dagrun for tp2a_pokemon_ingestion to None, run_after=None
[2026-06-09T10:36:44.882+0000] {processor.py:183} INFO - Processing /opt/airflow/dags/dag_tp2a_pokemon_ingestion.py took 0.096 seconds
[2026-06-09T10:37:15.093+0000] {processor.py:161} INFO - Started process (PID=1727) to work on /opt/airflow/dags/dag_tp2a_pokemon_ingestion.py
[2026-06-09T10:37:15.094+0000] {processor.py:830} INFO - Processing file /opt/airflow/dags/dag_tp2a_pokemon_ingestion.py for tasks to queue
[2026-06-09T10:37:15.096+0000] {logging_mixin.py:188} INFO - [2026-06-09T10:37:15.096+0000] {dagbag.py:545} INFO - Filling up the DagBag from /opt/airflow/dags/dag_tp2a_pokemon_ingestion.py
[2026-06-09T10:37:15.115+0000] {processor.py:840} INFO - DAG(s) 'tp2a_pokemon_ingestion' retrieved from /opt/airflow/dags/dag_tp2a_pokemon_ingestion.py
[2026-06-09T10:37:15.149+0000] {logging_mixin.py:188} INFO - [2026-06-09T10:37:15.148+0000] {dag.py:3096} INFO - Sync 1 DAGs
[2026-06-09T10:37:15.162+0000] {logging_mixin.py:188} INFO - [2026-06-09T10:37:15.162+0000] {dag.py:3954} INFO - Setting next_dagrun for tp2a_pokemon_ingestion to None, run_after=None
[2026-06-09T10:37:15.186+0000] {processor.py:183} INFO - Processing /opt/airflow/dags/dag_tp2a_pokemon_ingestion.py took 0.098 seconds
[2026-06-09T10:37:45.282+0000] {processor.py:161} INFO - Started process (PID=1737) to work on /opt/airflow/dags/dag_tp2a_pokemon_ingestion.py
[2026-06-09T10:37:45.283+0000] {processor.py:830} INFO - Processing file /opt/airflow/dags/dag_tp2a_pokemon_ingestion.py for tasks to queue
[2026-06-09T10:37:45.285+0000] {logging_mixin.py:188} INFO - [2026-06-09T10:37:45.284+0000] {dagbag.py:545} INFO - Filling up the DagBag from /opt/airflow/dags/dag_tp2a_pokemon_ingestion.py
[2026-06-09T10:37:45.306+0000] {processor.py:840} INFO - DAG(s) 'tp2a_pokemon_ingestion' retrieved from /opt/airflow/dags/dag_tp2a_pokemon_ingestion.py
[2026-06-09T10:37:45.340+0000] {logging_mixin.py:188} INFO - [2026-06-09T10:37:45.340+0000] {dag.py:3096} INFO - Sync 1 DAGs
[2026-06-09T10:37:45.355+0000] {logging_mixin.py:188} INFO - [2026-06-09T10:37:45.355+0000] {dag.py:3954} INFO - Setting next_dagrun for tp2a_pokemon_ingestion to None, run_after=None
[2026-06-09T10:37:45.375+0000] {processor.py:183} INFO - Processing /opt/airflow/dags/dag_tp2a_pokemon_ingestion.py took 0.098 seconds
[2026-06-09T10:38:15.525+0000] {processor.py:161} INFO - Started process (PID=1747) to work on /opt/airflow/dags/dag_tp2a_pokemon_ingestion.py
[2026-06-09T10:38:15.526+0000] {processor.py:830} INFO - Processing file /opt/airflow/dags/dag_tp2a_pokemon_ingestion.py for tasks to queue
[2026-06-09T10:38:15.528+0000] {logging_mixin.py:188} INFO - [2026-06-09T10:38:15.528+0000] {dagbag.py:545} INFO - Filling up the DagBag from /opt/airflow/dags/dag_tp2a_pokemon_ingestion.py
[2026-06-09T10:38:15.546+0000] {processor.py:840} INFO - DAG(s) 'tp2a_pokemon_ingestion' retrieved from /opt/airflow/dags/dag_tp2a_pokemon_ingestion.py
[2026-06-09T10:38:15.580+0000] {logging_mixin.py:188} INFO - [2026-06-09T10:38:15.580+0000] {dag.py:3096} INFO - Sync 1 DAGs
[2026-06-09T10:38:15.595+0000] {logging_mixin.py:188} INFO - [2026-06-09T10:38:15.594+0000] {dag.py:3954} INFO - Setting next_dagrun for tp2a_pokemon_ingestion to None, run_after=None
[2026-06-09T10:38:15.615+0000] {processor.py:183} INFO - Processing /opt/airflow/dags/dag_tp2a_pokemon_ingestion.py took 0.094 seconds
[2026-06-09T10:38:45.723+0000] {processor.py:161} INFO - Started process (PID=1757) to work on /opt/airflow/dags/dag_tp2a_pokemon_ingestion.py
[2026-06-09T10:38:45.724+0000] {processor.py:830} INFO - Processing file /opt/airflow/dags/dag_tp2a_pokemon_ingestion.py for tasks to queue
[2026-06-09T10:38:45.726+0000] {logging_mixin.py:188} INFO - [2026-06-09T10:38:45.725+0000] {dagbag.py:545} INFO - Filling up the DagBag from /opt/airflow/dags/dag_tp2a_pokemon_ingestion.py
[2026-06-09T10:38:45.744+0000] {processor.py:840} INFO - DAG(s) 'tp2a_pokemon_ingestion' retrieved from /opt/airflow/dags/dag_tp2a_pokemon_ingestion.py
[2026-06-09T10:38:45.777+0000] {logging_mixin.py:188} INFO - [2026-06-09T10:38:45.777+0000] {dag.py:3096} INFO - Sync 1 DAGs
[2026-06-09T10:38:45.790+0000] {logging_mixin.py:188} INFO - [2026-06-09T10:38:45.790+0000] {dag.py:3954} INFO - Setting next_dagrun for tp2a_pokemon_ingestion to None, run_after=None
[2026-06-09T10:38:45.811+0000] {processor.py:183} INFO - Processing /opt/airflow/dags/dag_tp2a_pokemon_ingestion.py took 0.093 seconds
[2026-06-09T10:39:16.023+0000] {processor.py:161} INFO - Started process (PID=1767) to work on /opt/airflow/dags/dag_tp2a_pokemon_ingestion.py
[2026-06-09T10:39:16.024+0000] {processor.py:830} INFO - Processing file /opt/airflow/dags/dag_tp2a_pokemon_ingestion.py for tasks to queue
[2026-06-09T10:39:16.025+0000] {logging_mixin.py:188} INFO - [2026-06-09T10:39:16.025+0000] {dagbag.py:545} INFO - Filling up the DagBag from /opt/airflow/dags/dag_tp2a_pokemon_ingestion.py
[2026-06-09T10:39:16.043+0000] {processor.py:840} INFO - DAG(s) 'tp2a_pokemon_ingestion' retrieved from /opt/airflow/dags/dag_tp2a_pokemon_ingestion.py
[2026-06-09T10:39:16.074+0000] {logging_mixin.py:188} INFO - [2026-06-09T10:39:16.074+0000] {dag.py:3096} INFO - Sync 1 DAGs
[2026-06-09T10:39:16.086+0000] {logging_mixin.py:188} INFO - [2026-06-09T10:39:16.086+0000] {dag.py:3954} INFO - Setting next_dagrun for tp2a_pokemon_ingestion to None, run_after=None
[2026-06-09T10:39:16.108+0000] {processor.py:183} INFO - Processing /opt/airflow/dags/dag_tp2a_pokemon_ingestion.py took 0.089 seconds
[2026-06-09T10:39:46.317+0000] {processor.py:161} INFO - Started process (PID=1777) to work on /opt/airflow/dags/dag_tp2a_pokemon_ingestion.py
[2026-06-09T10:39:46.318+0000] {processor.py:830} INFO - Processing file /opt/airflow/dags/dag_tp2a_pokemon_ingestion.py for tasks to queue
[2026-06-09T10:39:46.320+0000] {logging_mixin.py:188} INFO - [2026-06-09T10:39:46.320+0000] {dagbag.py:545} INFO - Filling up the DagBag from /opt/airflow/dags/dag_tp2a_pokemon_ingestion.py
[2026-06-09T10:39:46.340+0000] {processor.py:840} INFO - DAG(s) 'tp2a_pokemon_ingestion' retrieved from /opt/airflow/dags/dag_tp2a_pokemon_ingestion.py
[2026-06-09T10:39:46.378+0000] {logging_mixin.py:188} INFO - [2026-06-09T10:39:46.377+0000] {dag.py:3096} INFO - Sync 1 DAGs
[2026-06-09T10:39:46.391+0000] {logging_mixin.py:188} INFO - [2026-06-09T10:39:46.390+0000] {dag.py:3954} INFO - Setting next_dagrun for tp2a_pokemon_ingestion to None, run_after=None
[2026-06-09T10:39:46.413+0000] {processor.py:183} INFO - Processing /opt/airflow/dags/dag_tp2a_pokemon_ingestion.py took 0.101 seconds
[2026-06-09T10:40:16.511+0000] {processor.py:161} INFO - Started process (PID=1787) to work on /opt/airflow/dags/dag_tp2a_pokemon_ingestion.py
[2026-06-09T10:40:16.512+0000] {processor.py:830} INFO - Processing file /opt/airflow/dags/dag_tp2a_pokemon_ingestion.py for tasks to queue
[2026-06-09T10:40:16.513+0000] {logging_mixin.py:188} INFO - [2026-06-09T10:40:16.513+0000] {dagbag.py:545} INFO - Filling up the DagBag from /opt/airflow/dags/dag_tp2a_pokemon_ingestion.py
[2026-06-09T10:40:16.531+0000] {processor.py:840} INFO - DAG(s) 'tp2a_pokemon_ingestion' retrieved from /opt/airflow/dags/dag_tp2a_pokemon_ingestion.py
[2026-06-09T10:40:16.561+0000] {logging_mixin.py:188} INFO - [2026-06-09T10:40:16.561+0000] {dag.py:3096} INFO - Sync 1 DAGs
[2026-06-09T10:40:16.575+0000] {logging_mixin.py:188} INFO - [2026-06-09T10:40:16.575+0000] {dag.py:3954} INFO - Setting next_dagrun for tp2a_pokemon_ingestion to None, run_after=None
[2026-06-09T10:40:16.596+0000] {processor.py:183} INFO - Processing /opt/airflow/dags/dag_tp2a_pokemon_ingestion.py took 0.091 seconds
[2026-06-09T10:40:46.800+0000] {processor.py:161} INFO - Started process (PID=1797) to work on /opt/airflow/dags/dag_tp2a_pokemon_ingestion.py
[2026-06-09T10:40:46.801+0000] {processor.py:830} INFO - Processing file /opt/airflow/dags/dag_tp2a_pokemon_ingestion.py for tasks to queue
[2026-06-09T10:40:46.803+0000] {logging_mixin.py:188} INFO - [2026-06-09T10:40:46.802+0000] {dagbag.py:545} INFO - Filling up the DagBag from /opt/airflow/dags/dag_tp2a_pokemon_ingestion.py
[2026-06-09T10:40:46.821+0000] {processor.py:840} INFO - DAG(s) 'tp2a_pokemon_ingestion' retrieved from /opt/airflow/dags/dag_tp2a_pokemon_ingestion.py
[2026-06-09T10:40:46.854+0000] {logging_mixin.py:188} INFO - [2026-06-09T10:40:46.854+0000] {dag.py:3096} INFO - Sync 1 DAGs
[2026-06-09T10:40:46.867+0000] {logging_mixin.py:188} INFO - [2026-06-09T10:40:46.867+0000] {dag.py:3954} INFO - Setting next_dagrun for tp2a_pokemon_ingestion to None, run_after=None
[2026-06-09T10:40:46.888+0000] {processor.py:183} INFO - Processing /opt/airflow/dags/dag_tp2a_pokemon_ingestion.py took 0.093 seconds
[2026-06-09T10:41:17.160+0000] {processor.py:161} INFO - Started process (PID=1807) to work on /opt/airflow/dags/dag_tp2a_pokemon_ingestion.py
[2026-06-09T10:41:17.162+0000] {processor.py:830} INFO - Processing file /opt/airflow/dags/dag_tp2a_pokemon_ingestion.py for tasks to queue
[2026-06-09T10:41:17.165+0000] {logging_mixin.py:188} INFO - [2026-06-09T10:41:17.164+0000] {dagbag.py:545} INFO - Filling up the DagBag from /opt/airflow/dags/dag_tp2a_pokemon_ingestion.py
[2026-06-09T10:41:17.190+0000] {processor.py:840} INFO - DAG(s) 'tp2a_pokemon_ingestion' retrieved from /opt/airflow/dags/dag_tp2a_pokemon_ingestion.py
[2026-06-09T10:41:17.229+0000] {logging_mixin.py:188} INFO - [2026-06-09T10:41:17.228+0000] {dag.py:3096} INFO - Sync 1 DAGs
[2026-06-09T10:41:17.244+0000] {logging_mixin.py:188} INFO - [2026-06-09T10:41:17.243+0000] {dag.py:3954} INFO - Setting next_dagrun for tp2a_pokemon_ingestion to None, run_after=None
[2026-06-09T10:41:17.266+0000] {processor.py:183} INFO - Processing /opt/airflow/dags/dag_tp2a_pokemon_ingestion.py took 0.115 seconds
[2026-06-09T10:41:47.349+0000] {processor.py:161} INFO - Started process (PID=1817) to work on /opt/airflow/dags/dag_tp2a_pokemon_ingestion.py
[2026-06-09T10:41:47.350+0000] {processor.py:830} INFO - Processing file /opt/airflow/dags/dag_tp2a_pokemon_ingestion.py for tasks to queue
[2026-06-09T10:41:47.351+0000] {logging_mixin.py:188} INFO - [2026-06-09T10:41:47.351+0000] {dagbag.py:545} INFO - Filling up the DagBag from /opt/airflow/dags/dag_tp2a_pokemon_ingestion.py
[2026-06-09T10:41:47.371+0000] {processor.py:840} INFO - DAG(s) 'tp2a_pokemon_ingestion' retrieved from /opt/airflow/dags/dag_tp2a_pokemon_ingestion.py
[2026-06-09T10:41:47.404+0000] {logging_mixin.py:188} INFO - [2026-06-09T10:41:47.404+0000] {dag.py:3096} INFO - Sync 1 DAGs
[2026-06-09T10:41:47.418+0000] {logging_mixin.py:188} INFO - [2026-06-09T10:41:47.417+0000] {dag.py:3954} INFO - Setting next_dagrun for tp2a_pokemon_ingestion to None, run_after=None
[2026-06-09T10:41:47.439+0000] {processor.py:183} INFO - Processing /opt/airflow/dags/dag_tp2a_pokemon_ingestion.py took 0.095 seconds
[2026-06-09T10:42:17.614+0000] {processor.py:161} INFO - Started process (PID=1827) to work on /opt/airflow/dags/dag_tp2a_pokemon_ingestion.py
[2026-06-09T10:42:17.615+0000] {processor.py:830} INFO - Processing file /opt/airflow/dags/dag_tp2a_pokemon_ingestion.py for tasks to queue
[2026-06-09T10:42:17.617+0000] {logging_mixin.py:188} INFO - [2026-06-09T10:42:17.617+0000] {dagbag.py:545} INFO - Filling up the DagBag from /opt/airflow/dags/dag_tp2a_pokemon_ingestion.py
[2026-06-09T10:42:17.636+0000] {processor.py:840} INFO - DAG(s) 'tp2a_pokemon_ingestion' retrieved from /opt/airflow/dags/dag_tp2a_pokemon_ingestion.py
[2026-06-09T10:42:17.668+0000] {logging_mixin.py:188} INFO - [2026-06-09T10:42:17.668+0000] {dag.py:3096} INFO - Sync 1 DAGs
[2026-06-09T10:42:17.682+0000] {logging_mixin.py:188} INFO - [2026-06-09T10:42:17.681+0000] {dag.py:3954} INFO - Setting next_dagrun for tp2a_pokemon_ingestion to None, run_after=None
[2026-06-09T10:42:17.701+0000] {processor.py:183} INFO - Processing /opt/airflow/dags/dag_tp2a_pokemon_ingestion.py took 0.092 seconds
[2026-06-09T10:42:47.905+0000] {processor.py:161} INFO - Started process (PID=1837) to work on /opt/airflow/dags/dag_tp2a_pokemon_ingestion.py
[2026-06-09T10:42:47.906+0000] {processor.py:830} INFO - Processing file /opt/airflow/dags/dag_tp2a_pokemon_ingestion.py for tasks to queue
[2026-06-09T10:42:47.908+0000] {logging_mixin.py:188} INFO - [2026-06-09T10:42:47.908+0000] {dagbag.py:545} INFO - Filling up the DagBag from /opt/airflow/dags/dag_tp2a_pokemon_ingestion.py
[2026-06-09T10:42:47.930+0000] {processor.py:840} INFO - DAG(s) 'tp2a_pokemon_ingestion' retrieved from /opt/airflow/dags/dag_tp2a_pokemon_ingestion.py
[2026-06-09T10:42:47.963+0000] {logging_mixin.py:188} INFO - [2026-06-09T10:42:47.962+0000] {dag.py:3096} INFO - Sync 1 DAGs
[2026-06-09T10:42:47.975+0000] {logging_mixin.py:188} INFO - [2026-06-09T10:42:47.975+0000] {dag.py:3954} INFO - Setting next_dagrun for tp2a_pokemon_ingestion to None, run_after=None
[2026-06-09T10:42:47.995+0000] {processor.py:183} INFO - Processing /opt/airflow/dags/dag_tp2a_pokemon_ingestion.py took 0.095 seconds
[2026-06-09T10:43:18.207+0000] {processor.py:161} INFO - Started process (PID=1847) to work on /opt/airflow/dags/dag_tp2a_pokemon_ingestion.py
[2026-06-09T10:43:18.208+0000] {processor.py:830} INFO - Processing file /opt/airflow/dags/dag_tp2a_pokemon_ingestion.py for tasks to queue
[2026-06-09T10:43:18.210+0000] {logging_mixin.py:188} INFO - [2026-06-09T10:43:18.209+0000] {dagbag.py:545} INFO - Filling up the DagBag from /opt/airflow/dags/dag_tp2a_pokemon_ingestion.py
[2026-06-09T10:43:18.231+0000] {processor.py:840} INFO - DAG(s) 'tp2a_pokemon_ingestion' retrieved from /opt/airflow/dags/dag_tp2a_pokemon_ingestion.py
[2026-06-09T10:43:18.267+0000] {logging_mixin.py:188} INFO - [2026-06-09T10:43:18.267+0000] {dag.py:3096} INFO - Sync 1 DAGs
[2026-06-09T10:43:18.880+0000] {logging_mixin.py:188} INFO - [2026-06-09T10:43:18.880+0000] {dag.py:3954} INFO - Setting next_dagrun for tp2a_pokemon_ingestion to None, run_after=None
[2026-06-09T10:43:18.899+0000] {processor.py:183} INFO - Processing /opt/airflow/dags/dag_tp2a_pokemon_ingestion.py took 0.696 seconds
[2026-06-09T10:43:49.107+0000] {processor.py:161} INFO - Started process (PID=1857) to work on /opt/airflow/dags/dag_tp2a_pokemon_ingestion.py
[2026-06-09T10:43:49.108+0000] {processor.py:830} INFO - Processing file /opt/airflow/dags/dag_tp2a_pokemon_ingestion.py for tasks to queue
[2026-06-09T10:43:49.110+0000] {logging_mixin.py:188} INFO - [2026-06-09T10:43:49.110+0000] {dagbag.py:545} INFO - Filling up the DagBag from /opt/airflow/dags/dag_tp2a_pokemon_ingestion.py
[2026-06-09T10:43:49.130+0000] {processor.py:840} INFO - DAG(s) 'tp2a_pokemon_ingestion' retrieved from /opt/airflow/dags/dag_tp2a_pokemon_ingestion.py
[2026-06-09T10:43:49.161+0000] {logging_mixin.py:188} INFO - [2026-06-09T10:43:49.160+0000] {dag.py:3096} INFO - Sync 1 DAGs
[2026-06-09T10:43:49.174+0000] {logging_mixin.py:188} INFO - [2026-06-09T10:43:49.174+0000] {dag.py:3954} INFO - Setting next_dagrun for tp2a_pokemon_ingestion to None, run_after=None
[2026-06-09T10:43:49.194+0000] {processor.py:183} INFO - Processing /opt/airflow/dags/dag_tp2a_pokemon_ingestion.py took 0.093 seconds
[2026-06-09T10:44:19.407+0000] {processor.py:161} INFO - Started process (PID=1867) to work on /opt/airflow/dags/dag_tp2a_pokemon_ingestion.py
[2026-06-09T10:44:19.408+0000] {processor.py:830} INFO - Processing file /opt/airflow/dags/dag_tp2a_pokemon_ingestion.py for tasks to queue
[2026-06-09T10:44:19.409+0000] {logging_mixin.py:188} INFO - [2026-06-09T10:44:19.409+0000] {dagbag.py:545} INFO - Filling up the DagBag from /opt/airflow/dags/dag_tp2a_pokemon_ingestion.py
[2026-06-09T10:44:19.430+0000] {processor.py:840} INFO - DAG(s) 'tp2a_pokemon_ingestion' retrieved from /opt/airflow/dags/dag_tp2a_pokemon_ingestion.py
[2026-06-09T10:44:19.464+0000] {logging_mixin.py:188} INFO - [2026-06-09T10:44:19.464+0000] {dag.py:3096} INFO - Sync 1 DAGs
[2026-06-09T10:44:19.479+0000] {logging_mixin.py:188} INFO - [2026-06-09T10:44:19.479+0000] {dag.py:3954} INFO - Setting next_dagrun for tp2a_pokemon_ingestion to None, run_after=None
[2026-06-09T10:44:19.499+0000] {processor.py:183} INFO - Processing /opt/airflow/dags/dag_tp2a_pokemon_ingestion.py took 0.098 seconds
[2026-06-09T10:44:49.707+0000] {processor.py:161} INFO - Started process (PID=1877) to work on /opt/airflow/dags/dag_tp2a_pokemon_ingestion.py
[2026-06-09T10:44:49.708+0000] {processor.py:830} INFO - Processing file /opt/airflow/dags/dag_tp2a_pokemon_ingestion.py for tasks to queue
[2026-06-09T10:44:49.710+0000] {logging_mixin.py:188} INFO - [2026-06-09T10:44:49.710+0000] {dagbag.py:545} INFO - Filling up the DagBag from /opt/airflow/dags/dag_tp2a_pokemon_ingestion.py
[2026-06-09T10:44:49.731+0000] {processor.py:840} INFO - DAG(s) 'tp2a_pokemon_ingestion' retrieved from /opt/airflow/dags/dag_tp2a_pokemon_ingestion.py
[2026-06-09T10:44:49.764+0000] {logging_mixin.py:188} INFO - [2026-06-09T10:44:49.764+0000] {dag.py:3096} INFO - Sync 1 DAGs
[2026-06-09T10:44:49.778+0000] {logging_mixin.py:188} INFO - [2026-06-09T10:44:49.778+0000] {dag.py:3954} INFO - Setting next_dagrun for tp2a_pokemon_ingestion to None, run_after=None
[2026-06-09T10:44:49.965+0000] {processor.py:183} INFO - Processing /opt/airflow/dags/dag_tp2a_pokemon_ingestion.py took 0.262 seconds
[2026-06-09T10:45:20.194+0000] {processor.py:161} INFO - Started process (PID=1887) to work on /opt/airflow/dags/dag_tp2a_pokemon_ingestion.py
[2026-06-09T10:45:20.196+0000] {processor.py:830} INFO - Processing file /opt/airflow/dags/dag_tp2a_pokemon_ingestion.py for tasks to queue
[2026-06-09T10:45:20.198+0000] {logging_mixin.py:188} INFO - [2026-06-09T10:45:20.197+0000] {dagbag.py:545} INFO - Filling up the DagBag from /opt/airflow/dags/dag_tp2a_pokemon_ingestion.py
[2026-06-09T10:45:20.219+0000] {processor.py:840} INFO - DAG(s) 'tp2a_pokemon_ingestion' retrieved from /opt/airflow/dags/dag_tp2a_pokemon_ingestion.py
[2026-06-09T10:45:20.258+0000] {logging_mixin.py:188} INFO - [2026-06-09T10:45:20.257+0000] {dag.py:3096} INFO - Sync 1 DAGs
[2026-06-09T10:45:20.273+0000] {logging_mixin.py:188} INFO - [2026-06-09T10:45:20.273+0000] {dag.py:3954} INFO - Setting next_dagrun for tp2a_pokemon_ingestion to None, run_after=None
[2026-06-09T10:45:20.835+0000] {processor.py:183} INFO - Processing /opt/airflow/dags/dag_tp2a_pokemon_ingestion.py took 0.647 seconds
[2026-06-09T10:45:51.099+0000] {processor.py:161} INFO - Started process (PID=1897) to work on /opt/airflow/dags/dag_tp2a_pokemon_ingestion.py
[2026-06-09T10:45:51.101+0000] {processor.py:830} INFO - Processing file /opt/airflow/dags/dag_tp2a_pokemon_ingestion.py for tasks to queue
[2026-06-09T10:45:51.102+0000] {logging_mixin.py:188} INFO - [2026-06-09T10:45:51.102+0000] {dagbag.py:545} INFO - Filling up the DagBag from /opt/airflow/dags/dag_tp2a_pokemon_ingestion.py
[2026-06-09T10:45:51.124+0000] {processor.py:840} INFO - DAG(s) 'tp2a_pokemon_ingestion' retrieved from /opt/airflow/dags/dag_tp2a_pokemon_ingestion.py
[2026-06-09T10:45:51.162+0000] {logging_mixin.py:188} INFO - [2026-06-09T10:45:51.161+0000] {dag.py:3096} INFO - Sync 1 DAGs
[2026-06-09T10:45:51.176+0000] {logging_mixin.py:188} INFO - [2026-06-09T10:45:51.176+0000] {dag.py:3954} INFO - Setting next_dagrun for tp2a_pokemon_ingestion to None, run_after=None
[2026-06-09T10:45:51.198+0000] {processor.py:183} INFO - Processing /opt/airflow/dags/dag_tp2a_pokemon_ingestion.py took 0.105 seconds
[2026-06-09T10:46:21.306+0000] {processor.py:161} INFO - Started process (PID=1907) to work on /opt/airflow/dags/dag_tp2a_pokemon_ingestion.py
[2026-06-09T10:46:21.307+0000] {processor.py:830} INFO - Processing file /opt/airflow/dags/dag_tp2a_pokemon_ingestion.py for tasks to queue
[2026-06-09T10:46:21.308+0000] {logging_mixin.py:188} INFO - [2026-06-09T10:46:21.308+0000] {dagbag.py:545} INFO - Filling up the DagBag from /opt/airflow/dags/dag_tp2a_pokemon_ingestion.py
[2026-06-09T10:46:21.328+0000] {processor.py:840} INFO - DAG(s) 'tp2a_pokemon_ingestion' retrieved from /opt/airflow/dags/dag_tp2a_pokemon_ingestion.py
[2026-06-09T10:46:21.360+0000] {logging_mixin.py:188} INFO - [2026-06-09T10:46:21.360+0000] {dag.py:3096} INFO - Sync 1 DAGs
[2026-06-09T10:46:21.373+0000] {logging_mixin.py:188} INFO - [2026-06-09T10:46:21.373+0000] {dag.py:3954} INFO - Setting next_dagrun for tp2a_pokemon_ingestion to None, run_after=None
[2026-06-09T10:46:21.590+0000] {processor.py:183} INFO - Processing /opt/airflow/dags/dag_tp2a_pokemon_ingestion.py took 0.291 seconds
[2026-06-09T10:46:51.837+0000] {processor.py:161} INFO - Started process (PID=1917) to work on /opt/airflow/dags/dag_tp2a_pokemon_ingestion.py
[2026-06-09T10:46:51.838+0000] {processor.py:830} INFO - Processing file /opt/airflow/dags/dag_tp2a_pokemon_ingestion.py for tasks to queue
[2026-06-09T10:46:51.841+0000] {logging_mixin.py:188} INFO - [2026-06-09T10:46:51.840+0000] {dagbag.py:545} INFO - Filling up the DagBag from /opt/airflow/dags/dag_tp2a_pokemon_ingestion.py
[2026-06-09T10:46:51.861+0000] {processor.py:840} INFO - DAG(s) 'tp2a_pokemon_ingestion' retrieved from /opt/airflow/dags/dag_tp2a_pokemon_ingestion.py
[2026-06-09T10:46:52.056+0000] {logging_mixin.py:188} INFO - [2026-06-09T10:46:52.056+0000] {dag.py:3096} INFO - Sync 1 DAGs
[2026-06-09T10:46:52.066+0000] {logging_mixin.py:188} INFO - [2026-06-09T10:46:52.066+0000] {dag.py:3954} INFO - Setting next_dagrun for tp2a_pokemon_ingestion to None, run_after=None
[2026-06-09T10:46:52.083+0000] {processor.py:183} INFO - Processing /opt/airflow/dags/dag_tp2a_pokemon_ingestion.py took 0.251 seconds
[2026-06-09T10:47:22.272+0000] {processor.py:161} INFO - Started process (PID=1932) to work on /opt/airflow/dags/dag_tp2a_pokemon_ingestion.py
[2026-06-09T10:47:22.273+0000] {processor.py:830} INFO - Processing file /opt/airflow/dags/dag_tp2a_pokemon_ingestion.py for tasks to queue
[2026-06-09T10:47:22.275+0000] {logging_mixin.py:188} INFO - [2026-06-09T10:47:22.275+0000] {dagbag.py:545} INFO - Filling up the DagBag from /opt/airflow/dags/dag_tp2a_pokemon_ingestion.py
[2026-06-09T10:47:22.294+0000] {processor.py:840} INFO - DAG(s) 'tp2a_pokemon_ingestion' retrieved from /opt/airflow/dags/dag_tp2a_pokemon_ingestion.py
[2026-06-09T10:47:22.325+0000] {logging_mixin.py:188} INFO - [2026-06-09T10:47:22.325+0000] {dag.py:3096} INFO - Sync 1 DAGs
[2026-06-09T10:47:22.337+0000] {logging_mixin.py:188} INFO - [2026-06-09T10:47:22.336+0000] {dag.py:3954} INFO - Setting next_dagrun for tp2a_pokemon_ingestion to None, run_after=None
[2026-06-09T10:47:22.357+0000] {processor.py:183} INFO - Processing /opt/airflow/dags/dag_tp2a_pokemon_ingestion.py took 0.091 seconds
[2026-06-09T10:47:52.447+0000] {processor.py:161} INFO - Started process (PID=1937) to work on /opt/airflow/dags/dag_tp2a_pokemon_ingestion.py
[2026-06-09T10:47:52.447+0000] {processor.py:830} INFO - Processing file /opt/airflow/dags/dag_tp2a_pokemon_ingestion.py for tasks to queue
[2026-06-09T10:47:52.449+0000] {logging_mixin.py:188} INFO - [2026-06-09T10:47:52.449+0000] {dagbag.py:545} INFO - Filling up the DagBag from /opt/airflow/dags/dag_tp2a_pokemon_ingestion.py
[2026-06-09T10:47:52.469+0000] {processor.py:840} INFO - DAG(s) 'tp2a_pokemon_ingestion' retrieved from /opt/airflow/dags/dag_tp2a_pokemon_ingestion.py
[2026-06-09T10:47:52.502+0000] {logging_mixin.py:188} INFO - [2026-06-09T10:47:52.502+0000] {dag.py:3096} INFO - Sync 1 DAGs
[2026-06-09T10:47:52.515+0000] {logging_mixin.py:188} INFO - [2026-06-09T10:47:52.515+0000] {dag.py:3954} INFO - Setting next_dagrun for tp2a_pokemon_ingestion to None, run_after=None
[2026-06-09T10:47:52.716+0000] {processor.py:183} INFO - Processing /opt/airflow/dags/dag_tp2a_pokemon_ingestion.py took 0.274 seconds
[2026-06-09T10:48:22.939+0000] {processor.py:161} INFO - Started process (PID=1947) to work on /opt/airflow/dags/dag_tp2a_pokemon_ingestion.py
[2026-06-09T10:48:22.940+0000] {processor.py:830} INFO - Processing file /opt/airflow/dags/dag_tp2a_pokemon_ingestion.py for tasks to queue
[2026-06-09T10:48:22.941+0000] {logging_mixin.py:188} INFO - [2026-06-09T10:48:22.941+0000] {dagbag.py:545} INFO - Filling up the DagBag from /opt/airflow/dags/dag_tp2a_pokemon_ingestion.py
[2026-06-09T10:48:22.958+0000] {processor.py:840} INFO - DAG(s) 'tp2a_pokemon_ingestion' retrieved from /opt/airflow/dags/dag_tp2a_pokemon_ingestion.py
[2026-06-09T10:48:23.140+0000] {logging_mixin.py:188} INFO - [2026-06-09T10:48:23.140+0000] {dag.py:3096} INFO - Sync 1 DAGs
[2026-06-09T10:48:23.149+0000] {logging_mixin.py:188} INFO - [2026-06-09T10:48:23.149+0000] {dag.py:3954} INFO - Setting next_dagrun for tp2a_pokemon_ingestion to None, run_after=None
[2026-06-09T10:48:23.167+0000] {processor.py:183} INFO - Processing /opt/airflow/dags/dag_tp2a_pokemon_ingestion.py took 0.233 seconds
[2026-06-09T10:48:53.255+0000] {processor.py:161} INFO - Started process (PID=1957) to work on /opt/airflow/dags/dag_tp2a_pokemon_ingestion.py
[2026-06-09T10:48:53.256+0000] {processor.py:830} INFO - Processing file /opt/airflow/dags/dag_tp2a_pokemon_ingestion.py for tasks to queue
[2026-06-09T10:48:53.257+0000] {logging_mixin.py:188} INFO - [2026-06-09T10:48:53.257+0000] {dagbag.py:545} INFO - Filling up the DagBag from /opt/airflow/dags/dag_tp2a_pokemon_ingestion.py
[2026-06-09T10:48:53.278+0000] {processor.py:840} INFO - DAG(s) 'tp2a_pokemon_ingestion' retrieved from /opt/airflow/dags/dag_tp2a_pokemon_ingestion.py
[2026-06-09T10:48:53.312+0000] {logging_mixin.py:188} INFO - [2026-06-09T10:48:53.311+0000] {dag.py:3096} INFO - Sync 1 DAGs
[2026-06-09T10:48:53.326+0000] {logging_mixin.py:188} INFO - [2026-06-09T10:48:53.326+0000] {dag.py:3954} INFO - Setting next_dagrun for tp2a_pokemon_ingestion to None, run_after=None
[2026-06-09T10:48:53.348+0000] {processor.py:183} INFO - Processing /opt/airflow/dags/dag_tp2a_pokemon_ingestion.py took 0.099 seconds
[2026-06-09T10:49:23.558+0000] {processor.py:161} INFO - Started process (PID=1967) to work on /opt/airflow/dags/dag_tp2a_pokemon_ingestion.py
[2026-06-09T10:49:23.559+0000] {processor.py:830} INFO - Processing file /opt/airflow/dags/dag_tp2a_pokemon_ingestion.py for tasks to queue
[2026-06-09T10:49:23.561+0000] {logging_mixin.py:188} INFO - [2026-06-09T10:49:23.561+0000] {dagbag.py:545} INFO - Filling up the DagBag from /opt/airflow/dags/dag_tp2a_pokemon_ingestion.py
[2026-06-09T10:49:23.581+0000] {processor.py:840} INFO - DAG(s) 'tp2a_pokemon_ingestion' retrieved from /opt/airflow/dags/dag_tp2a_pokemon_ingestion.py
[2026-06-09T10:49:23.612+0000] {logging_mixin.py:188} INFO - [2026-06-09T10:49:23.612+0000] {dag.py:3096} INFO - Sync 1 DAGs
[2026-06-09T10:49:23.625+0000] {logging_mixin.py:188} INFO - [2026-06-09T10:49:23.625+0000] {dag.py:3954} INFO - Setting next_dagrun for tp2a_pokemon_ingestion to None, run_after=None
[2026-06-09T10:49:23.802+0000] {processor.py:183} INFO - Processing /opt/airflow/dags/dag_tp2a_pokemon_ingestion.py took 0.249 seconds
[2026-06-09T10:49:54.023+0000] {processor.py:161} INFO - Started process (PID=1977) to work on /opt/airflow/dags/dag_tp2a_pokemon_ingestion.py
[2026-06-09T10:49:54.024+0000] {processor.py:830} INFO - Processing file /opt/airflow/dags/dag_tp2a_pokemon_ingestion.py for tasks to queue
[2026-06-09T10:49:54.026+0000] {logging_mixin.py:188} INFO - [2026-06-09T10:49:54.026+0000] {dagbag.py:545} INFO - Filling up the DagBag from /opt/airflow/dags/dag_tp2a_pokemon_ingestion.py
[2026-06-09T10:49:54.045+0000] {processor.py:840} INFO - DAG(s) 'tp2a_pokemon_ingestion' retrieved from /opt/airflow/dags/dag_tp2a_pokemon_ingestion.py
[2026-06-09T10:49:54.240+0000] {logging_mixin.py:188} INFO - [2026-06-09T10:49:54.240+0000] {dag.py:3096} INFO - Sync 1 DAGs
[2026-06-09T10:49:54.250+0000] {logging_mixin.py:188} INFO - [2026-06-09T10:49:54.250+0000] {dag.py:3954} INFO - Setting next_dagrun for tp2a_pokemon_ingestion to None, run_after=None
[2026-06-09T10:49:54.268+0000] {processor.py:183} INFO - Processing /opt/airflow/dags/dag_tp2a_pokemon_ingestion.py took 0.250 seconds
[2026-06-09T10:50:24.335+0000] {processor.py:161} INFO - Started process (PID=1987) to work on /opt/airflow/dags/dag_tp2a_pokemon_ingestion.py
[2026-06-09T10:50:24.336+0000] {processor.py:830} INFO - Processing file /opt/airflow/dags/dag_tp2a_pokemon_ingestion.py for tasks to queue
[2026-06-09T10:50:24.338+0000] {logging_mixin.py:188} INFO - [2026-06-09T10:50:24.338+0000] {dagbag.py:545} INFO - Filling up the DagBag from /opt/airflow/dags/dag_tp2a_pokemon_ingestion.py
[2026-06-09T10:50:24.356+0000] {processor.py:840} INFO - DAG(s) 'tp2a_pokemon_ingestion' retrieved from /opt/airflow/dags/dag_tp2a_pokemon_ingestion.py
[2026-06-09T10:50:24.389+0000] {logging_mixin.py:188} INFO - [2026-06-09T10:50:24.389+0000] {dag.py:3096} INFO - Sync 1 DAGs
[2026-06-09T10:50:24.403+0000] {logging_mixin.py:188} INFO - [2026-06-09T10:50:24.402+0000] {dag.py:3954} INFO - Setting next_dagrun for tp2a_pokemon_ingestion to None, run_after=None
[2026-06-09T10:50:24.424+0000] {processor.py:183} INFO - Processing /opt/airflow/dags/dag_tp2a_pokemon_ingestion.py took 0.093 seconds
[2026-06-09T10:50:54.677+0000] {processor.py:161} INFO - Started process (PID=1997) to work on /opt/airflow/dags/dag_tp2a_pokemon_ingestion.py
[2026-06-09T10:50:54.678+0000] {processor.py:830} INFO - Processing file /opt/airflow/dags/dag_tp2a_pokemon_ingestion.py for tasks to queue
[2026-06-09T10:50:54.680+0000] {logging_mixin.py:188} INFO - [2026-06-09T10:50:54.679+0000] {dagbag.py:545} INFO - Filling up the DagBag from /opt/airflow/dags/dag_tp2a_pokemon_ingestion.py
[2026-06-09T10:50:54.700+0000] {processor.py:840} INFO - DAG(s) 'tp2a_pokemon_ingestion' retrieved from /opt/airflow/dags/dag_tp2a_pokemon_ingestion.py
[2026-06-09T10:50:54.734+0000] {logging_mixin.py:188} INFO - [2026-06-09T10:50:54.734+0000] {dag.py:3096} INFO - Sync 1 DAGs
[2026-06-09T10:50:54.747+0000] {logging_mixin.py:188} INFO - [2026-06-09T10:50:54.747+0000] {dag.py:3954} INFO - Setting next_dagrun for tp2a_pokemon_ingestion to None, run_after=None
[2026-06-09T10:50:54.932+0000] {processor.py:183} INFO - Processing /opt/airflow/dags/dag_tp2a_pokemon_ingestion.py took 0.259 seconds
[2026-06-09T10:51:25.140+0000] {processor.py:161} INFO - Started process (PID=2007) to work on /opt/airflow/dags/dag_tp2a_pokemon_ingestion.py
[2026-06-09T10:51:25.141+0000] {processor.py:830} INFO - Processing file /opt/airflow/dags/dag_tp2a_pokemon_ingestion.py for tasks to queue
[2026-06-09T10:51:25.143+0000] {logging_mixin.py:188} INFO - [2026-06-09T10:51:25.143+0000] {dagbag.py:545} INFO - Filling up the DagBag from /opt/airflow/dags/dag_tp2a_pokemon_ingestion.py
[2026-06-09T10:51:25.163+0000] {processor.py:840} INFO - DAG(s) 'tp2a_pokemon_ingestion' retrieved from /opt/airflow/dags/dag_tp2a_pokemon_ingestion.py
[2026-06-09T10:51:25.347+0000] {logging_mixin.py:188} INFO - [2026-06-09T10:51:25.347+0000] {dag.py:3096} INFO - Sync 1 DAGs
[2026-06-09T10:51:25.358+0000] {logging_mixin.py:188} INFO - [2026-06-09T10:51:25.358+0000] {dag.py:3954} INFO - Setting next_dagrun for tp2a_pokemon_ingestion to None, run_after=None
[2026-06-09T10:51:25.376+0000] {processor.py:183} INFO - Processing /opt/airflow/dags/dag_tp2a_pokemon_ingestion.py took 0.241 seconds
[2026-06-09T10:51:55.453+0000] {processor.py:161} INFO - Started process (PID=2017) to work on /opt/airflow/dags/dag_tp2a_pokemon_ingestion.py
[2026-06-09T10:51:55.454+0000] {processor.py:830} INFO - Processing file /opt/airflow/dags/dag_tp2a_pokemon_ingestion.py for tasks to queue
[2026-06-09T10:51:55.456+0000] {logging_mixin.py:188} INFO - [2026-06-09T10:51:55.455+0000] {dagbag.py:545} INFO - Filling up the DagBag from /opt/airflow/dags/dag_tp2a_pokemon_ingestion.py
[2026-06-09T10:51:55.475+0000] {processor.py:840} INFO - DAG(s) 'tp2a_pokemon_ingestion' retrieved from /opt/airflow/dags/dag_tp2a_pokemon_ingestion.py
[2026-06-09T10:51:55.508+0000] {logging_mixin.py:188} INFO - [2026-06-09T10:51:55.508+0000] {dag.py:3096} INFO - Sync 1 DAGs
[2026-06-09T10:51:55.521+0000] {logging_mixin.py:188} INFO - [2026-06-09T10:51:55.520+0000] {dag.py:3954} INFO - Setting next_dagrun for tp2a_pokemon_ingestion to None, run_after=None
[2026-06-09T10:51:55.542+0000] {processor.py:183} INFO - Processing /opt/airflow/dags/dag_tp2a_pokemon_ingestion.py took 0.093 seconds
[2026-06-09T10:52:25.755+0000] {processor.py:161} INFO - Started process (PID=2027) to work on /opt/airflow/dags/dag_tp2a_pokemon_ingestion.py
[2026-06-09T10:52:25.756+0000] {processor.py:830} INFO - Processing file /opt/airflow/dags/dag_tp2a_pokemon_ingestion.py for tasks to queue
[2026-06-09T10:52:25.758+0000] {logging_mixin.py:188} INFO - [2026-06-09T10:52:25.758+0000] {dagbag.py:545} INFO - Filling up the DagBag from /opt/airflow/dags/dag_tp2a_pokemon_ingestion.py
[2026-06-09T10:52:25.776+0000] {processor.py:840} INFO - DAG(s) 'tp2a_pokemon_ingestion' retrieved from /opt/airflow/dags/dag_tp2a_pokemon_ingestion.py
[2026-06-09T10:52:25.808+0000] {logging_mixin.py:188} INFO - [2026-06-09T10:52:25.807+0000] {dag.py:3096} INFO - Sync 1 DAGs
[2026-06-09T10:52:25.821+0000] {logging_mixin.py:188} INFO - [2026-06-09T10:52:25.821+0000] {dag.py:3954} INFO - Setting next_dagrun for tp2a_pokemon_ingestion to None, run_after=None
[2026-06-09T10:52:26.004+0000] {processor.py:183} INFO - Processing /opt/airflow/dags/dag_tp2a_pokemon_ingestion.py took 0.253 seconds
[2026-06-09T10:52:56.226+0000] {processor.py:161} INFO - Started process (PID=2037) to work on /opt/airflow/dags/dag_tp2a_pokemon_ingestion.py
[2026-06-09T10:52:56.227+0000] {processor.py:830} INFO - Processing file /opt/airflow/dags/dag_tp2a_pokemon_ingestion.py for tasks to queue
[2026-06-09T10:52:56.229+0000] {logging_mixin.py:188} INFO - [2026-06-09T10:52:56.229+0000] {dagbag.py:545} INFO - Filling up the DagBag from /opt/airflow/dags/dag_tp2a_pokemon_ingestion.py
[2026-06-09T10:52:56.248+0000] {processor.py:840} INFO - DAG(s) 'tp2a_pokemon_ingestion' retrieved from /opt/airflow/dags/dag_tp2a_pokemon_ingestion.py
[2026-06-09T10:52:56.433+0000] {logging_mixin.py:188} INFO - [2026-06-09T10:52:56.433+0000] {dag.py:3096} INFO - Sync 1 DAGs
[2026-06-09T10:52:56.444+0000] {logging_mixin.py:188} INFO - [2026-06-09T10:52:56.444+0000] {dag.py:3954} INFO - Setting next_dagrun for tp2a_pokemon_ingestion to None, run_after=None
[2026-06-09T10:52:56.462+0000] {processor.py:183} INFO - Processing /opt/airflow/dags/dag_tp2a_pokemon_ingestion.py took 0.240 seconds
[2026-06-09T10:53:26.538+0000] {processor.py:161} INFO - Started process (PID=2047) to work on /opt/airflow/dags/dag_tp2a_pokemon_ingestion.py
[2026-06-09T10:53:26.539+0000] {processor.py:830} INFO - Processing file /opt/airflow/dags/dag_tp2a_pokemon_ingestion.py for tasks to queue
[2026-06-09T10:53:26.541+0000] {logging_mixin.py:188} INFO - [2026-06-09T10:53:26.540+0000] {dagbag.py:545} INFO - Filling up the DagBag from /opt/airflow/dags/dag_tp2a_pokemon_ingestion.py
[2026-06-09T10:53:26.561+0000] {processor.py:840} INFO - DAG(s) 'tp2a_pokemon_ingestion' retrieved from /opt/airflow/dags/dag_tp2a_pokemon_ingestion.py
[2026-06-09T10:53:26.592+0000] {logging_mixin.py:188} INFO - [2026-06-09T10:53:26.592+0000] {dag.py:3096} INFO - Sync 1 DAGs
[2026-06-09T10:53:26.606+0000] {logging_mixin.py:188} INFO - [2026-06-09T10:53:26.606+0000] {dag.py:3954} INFO - Setting next_dagrun for tp2a_pokemon_ingestion to None, run_after=None
[2026-06-09T10:53:26.626+0000] {processor.py:183} INFO - Processing /opt/airflow/dags/dag_tp2a_pokemon_ingestion.py took 0.093 seconds
[2026-06-09T10:53:56.837+0000] {processor.py:161} INFO - Started process (PID=2057) to work on /opt/airflow/dags/dag_tp2a_pokemon_ingestion.py
[2026-06-09T10:53:56.838+0000] {processor.py:830} INFO - Processing file /opt/airflow/dags/dag_tp2a_pokemon_ingestion.py for tasks to queue
[2026-06-09T10:53:56.840+0000] {logging_mixin.py:188} INFO - [2026-06-09T10:53:56.839+0000] {dagbag.py:545} INFO - Filling up the DagBag from /opt/airflow/dags/dag_tp2a_pokemon_ingestion.py
[2026-06-09T10:53:56.859+0000] {processor.py:840} INFO - DAG(s) 'tp2a_pokemon_ingestion' retrieved from /opt/airflow/dags/dag_tp2a_pokemon_ingestion.py
[2026-06-09T10:53:56.892+0000] {logging_mixin.py:188} INFO - [2026-06-09T10:53:56.892+0000] {dag.py:3096} INFO - Sync 1 DAGs
[2026-06-09T10:53:56.906+0000] {logging_mixin.py:188} INFO - [2026-06-09T10:53:56.905+0000] {dag.py:3954} INFO - Setting next_dagrun for tp2a_pokemon_ingestion to None, run_after=None
[2026-06-09T10:53:57.089+0000] {processor.py:183} INFO - Processing /opt/airflow/dags/dag_tp2a_pokemon_ingestion.py took 0.257 seconds
[2026-06-09T10:54:27.311+0000] {processor.py:161} INFO - Started process (PID=2067) to work on /opt/airflow/dags/dag_tp2a_pokemon_ingestion.py
[2026-06-09T10:54:27.312+0000] {processor.py:830} INFO - Processing file /opt/airflow/dags/dag_tp2a_pokemon_ingestion.py for tasks to queue
[2026-06-09T10:54:27.313+0000] {logging_mixin.py:188} INFO - [2026-06-09T10:54:27.313+0000] {dagbag.py:545} INFO - Filling up the DagBag from /opt/airflow/dags/dag_tp2a_pokemon_ingestion.py
[2026-06-09T10:54:27.336+0000] {processor.py:840} INFO - DAG(s) 'tp2a_pokemon_ingestion' retrieved from /opt/airflow/dags/dag_tp2a_pokemon_ingestion.py
[2026-06-09T10:54:27.526+0000] {logging_mixin.py:188} INFO - [2026-06-09T10:54:27.525+0000] {dag.py:3096} INFO - Sync 1 DAGs
[2026-06-09T10:54:27.535+0000] {logging_mixin.py:188} INFO - [2026-06-09T10:54:27.535+0000] {dag.py:3954} INFO - Setting next_dagrun for tp2a_pokemon_ingestion to None, run_after=None
[2026-06-09T10:54:27.554+0000] {processor.py:183} INFO - Processing /opt/airflow/dags/dag_tp2a_pokemon_ingestion.py took 0.248 seconds
[2026-06-09T10:54:57.768+0000] {processor.py:161} INFO - Started process (PID=2077) to work on /opt/airflow/dags/dag_tp2a_pokemon_ingestion.py
[2026-06-09T10:54:57.769+0000] {processor.py:830} INFO - Processing file /opt/airflow/dags/dag_tp2a_pokemon_ingestion.py for tasks to queue
[2026-06-09T10:54:57.770+0000] {logging_mixin.py:188} INFO - [2026-06-09T10:54:57.770+0000] {dagbag.py:545} INFO - Filling up the DagBag from /opt/airflow/dags/dag_tp2a_pokemon_ingestion.py
[2026-06-09T10:54:57.789+0000] {processor.py:840} INFO - DAG(s) 'tp2a_pokemon_ingestion' retrieved from /opt/airflow/dags/dag_tp2a_pokemon_ingestion.py
[2026-06-09T10:54:57.823+0000] {logging_mixin.py:188} INFO - [2026-06-09T10:54:57.823+0000] {dag.py:3096} INFO - Sync 1 DAGs
[2026-06-09T10:54:57.836+0000] {logging_mixin.py:188} INFO - [2026-06-09T10:54:57.836+0000] {dag.py:3954} INFO - Setting next_dagrun for tp2a_pokemon_ingestion to None, run_after=None
[2026-06-09T10:54:57.857+0000] {processor.py:183} INFO - Processing /opt/airflow/dags/dag_tp2a_pokemon_ingestion.py took 0.094 seconds
[2026-06-09T10:55:28.067+0000] {processor.py:161} INFO - Started process (PID=2087) to work on /opt/airflow/dags/dag_tp2a_pokemon_ingestion.py
[2026-06-09T10:55:28.068+0000] {processor.py:830} INFO - Processing file /opt/airflow/dags/dag_tp2a_pokemon_ingestion.py for tasks to queue
[2026-06-09T10:55:28.069+0000] {logging_mixin.py:188} INFO - [2026-06-09T10:55:28.069+0000] {dagbag.py:545} INFO - Filling up the DagBag from /opt/airflow/dags/dag_tp2a_pokemon_ingestion.py
[2026-06-09T10:55:28.087+0000] {processor.py:840} INFO - DAG(s) 'tp2a_pokemon_ingestion' retrieved from /opt/airflow/dags/dag_tp2a_pokemon_ingestion.py
[2026-06-09T10:55:28.116+0000] {logging_mixin.py:188} INFO - [2026-06-09T10:55:28.116+0000] {dag.py:3096} INFO - Sync 1 DAGs
[2026-06-09T10:55:28.131+0000] {logging_mixin.py:188} INFO - [2026-06-09T10:55:28.130+0000] {dag.py:3954} INFO - Setting next_dagrun for tp2a_pokemon_ingestion to None, run_after=None
[2026-06-09T10:55:28.317+0000] {processor.py:183} INFO - Processing /opt/airflow/dags/dag_tp2a_pokemon_ingestion.py took 0.255 seconds
[2026-06-09T10:55:58.595+0000] {processor.py:161} INFO - Started process (PID=2097) to work on /opt/airflow/dags/dag_tp2a_pokemon_ingestion.py
[2026-06-09T10:55:58.596+0000] {processor.py:830} INFO - Processing file /opt/airflow/dags/dag_tp2a_pokemon_ingestion.py for tasks to queue
[2026-06-09T10:55:58.598+0000] {logging_mixin.py:188} INFO - [2026-06-09T10:55:58.598+0000] {dagbag.py:545} INFO - Filling up the DagBag from /opt/airflow/dags/dag_tp2a_pokemon_ingestion.py
[2026-06-09T10:55:58.620+0000] {processor.py:840} INFO - DAG(s) 'tp2a_pokemon_ingestion' retrieved from /opt/airflow/dags/dag_tp2a_pokemon_ingestion.py
[2026-06-09T10:55:58.817+0000] {logging_mixin.py:188} INFO - [2026-06-09T10:55:58.817+0000] {dag.py:3096} INFO - Sync 1 DAGs
[2026-06-09T10:55:58.831+0000] {logging_mixin.py:188} INFO - [2026-06-09T10:55:58.831+0000] {dag.py:3954} INFO - Setting next_dagrun for tp2a_pokemon_ingestion to None, run_after=None
[2026-06-09T10:55:58.850+0000] {processor.py:183} INFO - Processing /opt/airflow/dags/dag_tp2a_pokemon_ingestion.py took 0.260 seconds
[2026-06-09T10:56:29.052+0000] {processor.py:161} INFO - Started process (PID=2107) to work on /opt/airflow/dags/dag_tp2a_pokemon_ingestion.py
[2026-06-09T10:56:29.053+0000] {processor.py:830} INFO - Processing file /opt/airflow/dags/dag_tp2a_pokemon_ingestion.py for tasks to queue
[2026-06-09T10:56:29.056+0000] {logging_mixin.py:188} INFO - [2026-06-09T10:56:29.055+0000] {dagbag.py:545} INFO - Filling up the DagBag from /opt/airflow/dags/dag_tp2a_pokemon_ingestion.py
[2026-06-09T10:56:29.080+0000] {processor.py:840} INFO - DAG(s) 'tp2a_pokemon_ingestion' retrieved from /opt/airflow/dags/dag_tp2a_pokemon_ingestion.py
[2026-06-09T10:56:29.119+0000] {logging_mixin.py:188} INFO - [2026-06-09T10:56:29.118+0000] {dag.py:3096} INFO - Sync 1 DAGs
[2026-06-09T10:56:29.134+0000] {logging_mixin.py:188} INFO - [2026-06-09T10:56:29.134+0000] {dag.py:3954} INFO - Setting next_dagrun for tp2a_pokemon_ingestion to None, run_after=None
[2026-06-09T10:56:29.156+0000] {processor.py:183} INFO - Processing /opt/airflow/dags/dag_tp2a_pokemon_ingestion.py took 0.112 seconds
[2026-06-09T10:56:59.362+0000] {processor.py:161} INFO - Started process (PID=2117) to work on /opt/airflow/dags/dag_tp2a_pokemon_ingestion.py
[2026-06-09T10:56:59.363+0000] {processor.py:830} INFO - Processing file /opt/airflow/dags/dag_tp2a_pokemon_ingestion.py for tasks to queue
[2026-06-09T10:56:59.364+0000] {logging_mixin.py:188} INFO - [2026-06-09T10:56:59.364+0000] {dagbag.py:545} INFO - Filling up the DagBag from /opt/airflow/dags/dag_tp2a_pokemon_ingestion.py
[2026-06-09T10:56:59.382+0000] {processor.py:840} INFO - DAG(s) 'tp2a_pokemon_ingestion' retrieved from /opt/airflow/dags/dag_tp2a_pokemon_ingestion.py
[2026-06-09T10:56:59.415+0000] {logging_mixin.py:188} INFO - [2026-06-09T10:56:59.415+0000] {dag.py:3096} INFO - Sync 1 DAGs
[2026-06-09T10:56:59.429+0000] {logging_mixin.py:188} INFO - [2026-06-09T10:56:59.429+0000] {dag.py:3954} INFO - Setting next_dagrun for tp2a_pokemon_ingestion to None, run_after=None
[2026-06-09T10:56:59.653+0000] {processor.py:183} INFO - Processing /opt/airflow/dags/dag_tp2a_pokemon_ingestion.py took 0.296 seconds
[2026-06-09T10:57:29.875+0000] {processor.py:161} INFO - Started process (PID=2127) to work on /opt/airflow/dags/dag_tp2a_pokemon_ingestion.py
[2026-06-09T10:57:29.875+0000] {processor.py:830} INFO - Processing file /opt/airflow/dags/dag_tp2a_pokemon_ingestion.py for tasks to queue
[2026-06-09T10:57:29.877+0000] {logging_mixin.py:188} INFO - [2026-06-09T10:57:29.877+0000] {dagbag.py:545} INFO - Filling up the DagBag from /opt/airflow/dags/dag_tp2a_pokemon_ingestion.py
[2026-06-09T10:57:29.896+0000] {processor.py:840} INFO - DAG(s) 'tp2a_pokemon_ingestion' retrieved from /opt/airflow/dags/dag_tp2a_pokemon_ingestion.py
[2026-06-09T10:57:30.088+0000] {logging_mixin.py:188} INFO - [2026-06-09T10:57:30.088+0000] {dag.py:3096} INFO - Sync 1 DAGs
[2026-06-09T10:57:30.098+0000] {logging_mixin.py:188} INFO - [2026-06-09T10:57:30.097+0000] {dag.py:3954} INFO - Setting next_dagrun for tp2a_pokemon_ingestion to None, run_after=None
[2026-06-09T10:57:30.117+0000] {processor.py:183} INFO - Processing /opt/airflow/dags/dag_tp2a_pokemon_ingestion.py took 0.248 seconds
[2026-06-09T10:58:00.336+0000] {processor.py:161} INFO - Started process (PID=2137) to work on /opt/airflow/dags/dag_tp2a_pokemon_ingestion.py
[2026-06-09T10:58:00.337+0000] {processor.py:830} INFO - Processing file /opt/airflow/dags/dag_tp2a_pokemon_ingestion.py for tasks to queue
[2026-06-09T10:58:00.339+0000] {logging_mixin.py:188} INFO - [2026-06-09T10:58:00.339+0000] {dagbag.py:545} INFO - Filling up the DagBag from /opt/airflow/dags/dag_tp2a_pokemon_ingestion.py
[2026-06-09T10:58:00.359+0000] {processor.py:840} INFO - DAG(s) 'tp2a_pokemon_ingestion' retrieved from /opt/airflow/dags/dag_tp2a_pokemon_ingestion.py
[2026-06-09T10:58:00.395+0000] {logging_mixin.py:188} INFO - [2026-06-09T10:58:00.395+0000] {dag.py:3096} INFO - Sync 1 DAGs
[2026-06-09T10:58:00.410+0000] {logging_mixin.py:188} INFO - [2026-06-09T10:58:00.410+0000] {dag.py:3954} INFO - Setting next_dagrun for tp2a_pokemon_ingestion to None, run_after=None
[2026-06-09T10:58:00.430+0000] {processor.py:183} INFO - Processing /opt/airflow/dags/dag_tp2a_pokemon_ingestion.py took 0.099 seconds
[2026-06-09T10:58:30.533+0000] {processor.py:161} INFO - Started process (PID=2147) to work on /opt/airflow/dags/dag_tp2a_pokemon_ingestion.py
[2026-06-09T10:58:30.534+0000] {processor.py:830} INFO - Processing file /opt/airflow/dags/dag_tp2a_pokemon_ingestion.py for tasks to queue
[2026-06-09T10:58:30.535+0000] {logging_mixin.py:188} INFO - [2026-06-09T10:58:30.535+0000] {dagbag.py:545} INFO - Filling up the DagBag from /opt/airflow/dags/dag_tp2a_pokemon_ingestion.py
[2026-06-09T10:58:30.554+0000] {processor.py:840} INFO - DAG(s) 'tp2a_pokemon_ingestion' retrieved from /opt/airflow/dags/dag_tp2a_pokemon_ingestion.py
[2026-06-09T10:58:30.583+0000] {logging_mixin.py:188} INFO - [2026-06-09T10:58:30.583+0000] {dag.py:3096} INFO - Sync 1 DAGs
[2026-06-09T10:58:30.596+0000] {logging_mixin.py:188} INFO - [2026-06-09T10:58:30.596+0000] {dag.py:3954} INFO - Setting next_dagrun for tp2a_pokemon_ingestion to None, run_after=None
[2026-06-09T10:58:30.784+0000] {processor.py:183} INFO - Processing /opt/airflow/dags/dag_tp2a_pokemon_ingestion.py took 0.257 seconds
[2026-06-09T10:59:00.999+0000] {processor.py:161} INFO - Started process (PID=2157) to work on /opt/airflow/dags/dag_tp2a_pokemon_ingestion.py
[2026-06-09T10:59:01.000+0000] {processor.py:830} INFO - Processing file /opt/airflow/dags/dag_tp2a_pokemon_ingestion.py for tasks to queue
[2026-06-09T10:59:01.001+0000] {logging_mixin.py:188} INFO - [2026-06-09T10:59:01.001+0000] {dagbag.py:545} INFO - Filling up the DagBag from /opt/airflow/dags/dag_tp2a_pokemon_ingestion.py
[2026-06-09T10:59:01.019+0000] {processor.py:840} INFO - DAG(s) 'tp2a_pokemon_ingestion' retrieved from /opt/airflow/dags/dag_tp2a_pokemon_ingestion.py
[2026-06-09T10:59:01.218+0000] {logging_mixin.py:188} INFO - [2026-06-09T10:59:01.218+0000] {dag.py:3096} INFO - Sync 1 DAGs
[2026-06-09T10:59:01.228+0000] {logging_mixin.py:188} INFO - [2026-06-09T10:59:01.228+0000] {dag.py:3954} INFO - Setting next_dagrun for tp2a_pokemon_ingestion to None, run_after=None
[2026-06-09T10:59:01.247+0000] {processor.py:183} INFO - Processing /opt/airflow/dags/dag_tp2a_pokemon_ingestion.py took 0.253 seconds
[2026-06-09T10:59:31.439+0000] {processor.py:161} INFO - Started process (PID=2167) to work on /opt/airflow/dags/dag_tp2a_pokemon_ingestion.py
[2026-06-09T10:59:31.440+0000] {processor.py:830} INFO - Processing file /opt/airflow/dags/dag_tp2a_pokemon_ingestion.py for tasks to queue
[2026-06-09T10:59:31.442+0000] {logging_mixin.py:188} INFO - [2026-06-09T10:59:31.441+0000] {dagbag.py:545} INFO - Filling up the DagBag from /opt/airflow/dags/dag_tp2a_pokemon_ingestion.py
[2026-06-09T10:59:31.460+0000] {processor.py:840} INFO - DAG(s) 'tp2a_pokemon_ingestion' retrieved from /opt/airflow/dags/dag_tp2a_pokemon_ingestion.py
[2026-06-09T10:59:31.494+0000] {logging_mixin.py:188} INFO - [2026-06-09T10:59:31.494+0000] {dag.py:3096} INFO - Sync 1 DAGs
[2026-06-09T10:59:31.507+0000] {logging_mixin.py:188} INFO - [2026-06-09T10:59:31.506+0000] {dag.py:3954} INFO - Setting next_dagrun for tp2a_pokemon_ingestion to None, run_after=None
[2026-06-09T10:59:31.526+0000] {processor.py:183} INFO - Processing /opt/airflow/dags/dag_tp2a_pokemon_ingestion.py took 0.092 seconds
[2026-06-09T11:00:01.736+0000] {processor.py:161} INFO - Started process (PID=2177) to work on /opt/airflow/dags/dag_tp2a_pokemon_ingestion.py
[2026-06-09T11:00:01.737+0000] {processor.py:830} INFO - Processing file /opt/airflow/dags/dag_tp2a_pokemon_ingestion.py for tasks to queue
[2026-06-09T11:00:01.739+0000] {logging_mixin.py:188} INFO - [2026-06-09T11:00:01.739+0000] {dagbag.py:545} INFO - Filling up the DagBag from /opt/airflow/dags/dag_tp2a_pokemon_ingestion.py
[2026-06-09T11:00:01.757+0000] {processor.py:840} INFO - DAG(s) 'tp2a_pokemon_ingestion' retrieved from /opt/airflow/dags/dag_tp2a_pokemon_ingestion.py
[2026-06-09T11:00:01.788+0000] {logging_mixin.py:188} INFO - [2026-06-09T11:00:01.788+0000] {dag.py:3096} INFO - Sync 1 DAGs
[2026-06-09T11:00:01.801+0000] {logging_mixin.py:188} INFO - [2026-06-09T11:00:01.801+0000] {dag.py:3954} INFO - Setting next_dagrun for tp2a_pokemon_ingestion to None, run_after=None
[2026-06-09T11:00:01.979+0000] {processor.py:183} INFO - Processing /opt/airflow/dags/dag_tp2a_pokemon_ingestion.py took 0.248 seconds
[2026-06-09T11:00:32.196+0000] {processor.py:161} INFO - Started process (PID=2187) to work on /opt/airflow/dags/dag_tp2a_pokemon_ingestion.py
[2026-06-09T11:00:32.198+0000] {processor.py:830} INFO - Processing file /opt/airflow/dags/dag_tp2a_pokemon_ingestion.py for tasks to queue
[2026-06-09T11:00:32.199+0000] {logging_mixin.py:188} INFO - [2026-06-09T11:00:32.199+0000] {dagbag.py:545} INFO - Filling up the DagBag from /opt/airflow/dags/dag_tp2a_pokemon_ingestion.py
[2026-06-09T11:00:32.218+0000] {processor.py:840} INFO - DAG(s) 'tp2a_pokemon_ingestion' retrieved from /opt/airflow/dags/dag_tp2a_pokemon_ingestion.py
[2026-06-09T11:00:32.407+0000] {logging_mixin.py:188} INFO - [2026-06-09T11:00:32.407+0000] {dag.py:3096} INFO - Sync 1 DAGs
[2026-06-09T11:00:32.418+0000] {logging_mixin.py:188} INFO - [2026-06-09T11:00:32.418+0000] {dag.py:3954} INFO - Setting next_dagrun for tp2a_pokemon_ingestion to None, run_after=None
[2026-06-09T11:00:32.440+0000] {processor.py:183} INFO - Processing /opt/airflow/dags/dag_tp2a_pokemon_ingestion.py took 0.248 seconds
[2026-06-09T11:01:02.699+0000] {processor.py:161} INFO - Started process (PID=2197) to work on /opt/airflow/dags/dag_tp2a_pokemon_ingestion.py
[2026-06-09T11:01:02.700+0000] {processor.py:830} INFO - Processing file /opt/airflow/dags/dag_tp2a_pokemon_ingestion.py for tasks to queue
[2026-06-09T11:01:02.702+0000] {logging_mixin.py:188} INFO - [2026-06-09T11:01:02.702+0000] {dagbag.py:545} INFO - Filling up the DagBag from /opt/airflow/dags/dag_tp2a_pokemon_ingestion.py
[2026-06-09T11:01:02.721+0000] {processor.py:840} INFO - DAG(s) 'tp2a_pokemon_ingestion' retrieved from /opt/airflow/dags/dag_tp2a_pokemon_ingestion.py
[2026-06-09T11:01:02.752+0000] {logging_mixin.py:188} INFO - [2026-06-09T11:01:02.752+0000] {dag.py:3096} INFO - Sync 1 DAGs
[2026-06-09T11:01:02.765+0000] {logging_mixin.py:188} INFO - [2026-06-09T11:01:02.764+0000] {dag.py:3954} INFO - Setting next_dagrun for tp2a_pokemon_ingestion to None, run_after=None
[2026-06-09T11:01:02.784+0000] {processor.py:183} INFO - Processing /opt/airflow/dags/dag_tp2a_pokemon_ingestion.py took 0.090 seconds
[2026-06-09T11:01:32.892+0000] {processor.py:161} INFO - Started process (PID=2207) to work on /opt/airflow/dags/dag_tp2a_pokemon_ingestion.py
[2026-06-09T11:01:32.893+0000] {processor.py:830} INFO - Processing file /opt/airflow/dags/dag_tp2a_pokemon_ingestion.py for tasks to queue
[2026-06-09T11:01:32.895+0000] {logging_mixin.py:188} INFO - [2026-06-09T11:01:32.895+0000] {dagbag.py:545} INFO - Filling up the DagBag from /opt/airflow/dags/dag_tp2a_pokemon_ingestion.py
[2026-06-09T11:01:32.913+0000] {processor.py:840} INFO - DAG(s) 'tp2a_pokemon_ingestion' retrieved from /opt/airflow/dags/dag_tp2a_pokemon_ingestion.py
[2026-06-09T11:01:32.943+0000] {logging_mixin.py:188} INFO - [2026-06-09T11:01:32.943+0000] {dag.py:3096} INFO - Sync 1 DAGs
[2026-06-09T11:01:32.957+0000] {logging_mixin.py:188} INFO - [2026-06-09T11:01:32.957+0000] {dag.py:3954} INFO - Setting next_dagrun for tp2a_pokemon_ingestion to None, run_after=None
[2026-06-09T11:01:33.146+0000] {processor.py:183} INFO - Processing /opt/airflow/dags/dag_tp2a_pokemon_ingestion.py took 0.259 seconds
[2026-06-09T11:02:03.331+0000] {processor.py:161} INFO - Started process (PID=2217) to work on /opt/airflow/dags/dag_tp2a_pokemon_ingestion.py
[2026-06-09T11:02:03.332+0000] {processor.py:830} INFO - Processing file /opt/airflow/dags/dag_tp2a_pokemon_ingestion.py for tasks to queue
[2026-06-09T11:02:03.334+0000] {logging_mixin.py:188} INFO - [2026-06-09T11:02:03.333+0000] {dagbag.py:545} INFO - Filling up the DagBag from /opt/airflow/dags/dag_tp2a_pokemon_ingestion.py
[2026-06-09T11:02:03.353+0000] {processor.py:840} INFO - DAG(s) 'tp2a_pokemon_ingestion' retrieved from /opt/airflow/dags/dag_tp2a_pokemon_ingestion.py
[2026-06-09T11:02:03.544+0000] {logging_mixin.py:188} INFO - [2026-06-09T11:02:03.544+0000] {dag.py:3096} INFO - Sync 1 DAGs
[2026-06-09T11:02:03.554+0000] {logging_mixin.py:188} INFO - [2026-06-09T11:02:03.554+0000] {dag.py:3954} INFO - Setting next_dagrun for tp2a_pokemon_ingestion to None, run_after=None
[2026-06-09T11:02:03.572+0000] {processor.py:183} INFO - Processing /opt/airflow/dags/dag_tp2a_pokemon_ingestion.py took 0.246 seconds
[2026-06-09T11:02:34.031+0000] {processor.py:161} INFO - Started process (PID=2227) to work on /opt/airflow/dags/dag_tp2a_pokemon_ingestion.py
[2026-06-09T11:02:34.032+0000] {processor.py:830} INFO - Processing file /opt/airflow/dags/dag_tp2a_pokemon_ingestion.py for tasks to queue
[2026-06-09T11:02:34.035+0000] {logging_mixin.py:188} INFO - [2026-06-09T11:02:34.034+0000] {dagbag.py:545} INFO - Filling up the DagBag from /opt/airflow/dags/dag_tp2a_pokemon_ingestion.py
[2026-06-09T11:02:34.058+0000] {processor.py:840} INFO - DAG(s) 'tp2a_pokemon_ingestion' retrieved from /opt/airflow/dags/dag_tp2a_pokemon_ingestion.py
[2026-06-09T11:02:34.096+0000] {logging_mixin.py:188} INFO - [2026-06-09T11:02:34.095+0000] {dag.py:3096} INFO - Sync 1 DAGs
[2026-06-09T11:02:34.111+0000] {logging_mixin.py:188} INFO - [2026-06-09T11:02:34.111+0000] {dag.py:3954} INFO - Setting next_dagrun for tp2a_pokemon_ingestion to None, run_after=None
[2026-06-09T11:02:34.138+0000] {processor.py:183} INFO - Processing /opt/airflow/dags/dag_tp2a_pokemon_ingestion.py took 0.116 seconds
[2026-06-09T11:03:04.355+0000] {processor.py:161} INFO - Started process (PID=2237) to work on /opt/airflow/dags/dag_tp2a_pokemon_ingestion.py
[2026-06-09T11:03:04.357+0000] {processor.py:830} INFO - Processing file /opt/airflow/dags/dag_tp2a_pokemon_ingestion.py for tasks to queue
[2026-06-09T11:03:04.359+0000] {logging_mixin.py:188} INFO - [2026-06-09T11:03:04.359+0000] {dagbag.py:545} INFO - Filling up the DagBag from /opt/airflow/dags/dag_tp2a_pokemon_ingestion.py
[2026-06-09T11:03:04.380+0000] {processor.py:840} INFO - DAG(s) 'tp2a_pokemon_ingestion' retrieved from /opt/airflow/dags/dag_tp2a_pokemon_ingestion.py
[2026-06-09T11:03:04.413+0000] {logging_mixin.py:188} INFO - [2026-06-09T11:03:04.413+0000] {dag.py:3096} INFO - Sync 1 DAGs
[2026-06-09T11:03:04.425+0000] {logging_mixin.py:188} INFO - [2026-06-09T11:03:04.425+0000] {dag.py:3954} INFO - Setting next_dagrun for tp2a_pokemon_ingestion to None, run_after=None
[2026-06-09T11:03:04.447+0000] {processor.py:183} INFO - Processing /opt/airflow/dags/dag_tp2a_pokemon_ingestion.py took 0.097 seconds
[2026-06-09T11:03:34.659+0000] {processor.py:161} INFO - Started process (PID=2247) to work on /opt/airflow/dags/dag_tp2a_pokemon_ingestion.py
[2026-06-09T11:03:34.660+0000] {processor.py:830} INFO - Processing file /opt/airflow/dags/dag_tp2a_pokemon_ingestion.py for tasks to queue
[2026-06-09T11:03:34.662+0000] {logging_mixin.py:188} INFO - [2026-06-09T11:03:34.661+0000] {dagbag.py:545} INFO - Filling up the DagBag from /opt/airflow/dags/dag_tp2a_pokemon_ingestion.py
[2026-06-09T11:03:34.681+0000] {processor.py:840} INFO - DAG(s) 'tp2a_pokemon_ingestion' retrieved from /opt/airflow/dags/dag_tp2a_pokemon_ingestion.py
[2026-06-09T11:03:34.713+0000] {logging_mixin.py:188} INFO - [2026-06-09T11:03:34.713+0000] {dag.py:3096} INFO - Sync 1 DAGs
[2026-06-09T11:03:34.725+0000] {logging_mixin.py:188} INFO - [2026-06-09T11:03:34.725+0000] {dag.py:3954} INFO - Setting next_dagrun for tp2a_pokemon_ingestion to None, run_after=None
[2026-06-09T11:03:34.746+0000] {processor.py:183} INFO - Processing /opt/airflow/dags/dag_tp2a_pokemon_ingestion.py took 0.092 seconds
[2026-06-09T11:04:04.950+0000] {processor.py:161} INFO - Started process (PID=2257) to work on /opt/airflow/dags/dag_tp2a_pokemon_ingestion.py
[2026-06-09T11:04:04.951+0000] {processor.py:830} INFO - Processing file /opt/airflow/dags/dag_tp2a_pokemon_ingestion.py for tasks to queue
[2026-06-09T11:04:04.952+0000] {logging_mixin.py:188} INFO - [2026-06-09T11:04:04.952+0000] {dagbag.py:545} INFO - Filling up the DagBag from /opt/airflow/dags/dag_tp2a_pokemon_ingestion.py
[2026-06-09T11:04:04.974+0000] {processor.py:840} INFO - DAG(s) 'tp2a_pokemon_ingestion' retrieved from /opt/airflow/dags/dag_tp2a_pokemon_ingestion.py
[2026-06-09T11:04:05.010+0000] {logging_mixin.py:188} INFO - [2026-06-09T11:04:05.010+0000] {dag.py:3096} INFO - Sync 1 DAGs
[2026-06-09T11:04:05.026+0000] {logging_mixin.py:188} INFO - [2026-06-09T11:04:05.025+0000] {dag.py:3954} INFO - Setting next_dagrun for tp2a_pokemon_ingestion to None, run_after=None
[2026-06-09T11:04:05.046+0000] {processor.py:183} INFO - Processing /opt/airflow/dags/dag_tp2a_pokemon_ingestion.py took 0.101 seconds
[2026-06-09T11:04:35.137+0000] {processor.py:161} INFO - Started process (PID=2267) to work on /opt/airflow/dags/dag_tp2a_pokemon_ingestion.py
[2026-06-09T11:04:35.138+0000] {processor.py:830} INFO - Processing file /opt/airflow/dags/dag_tp2a_pokemon_ingestion.py for tasks to queue
[2026-06-09T11:04:35.140+0000] {logging_mixin.py:188} INFO - [2026-06-09T11:04:35.139+0000] {dagbag.py:545} INFO - Filling up the DagBag from /opt/airflow/dags/dag_tp2a_pokemon_ingestion.py
[2026-06-09T11:04:35.158+0000] {processor.py:840} INFO - DAG(s) 'tp2a_pokemon_ingestion' retrieved from /opt/airflow/dags/dag_tp2a_pokemon_ingestion.py
[2026-06-09T11:04:35.195+0000] {logging_mixin.py:188} INFO - [2026-06-09T11:04:35.194+0000] {dag.py:3096} INFO - Sync 1 DAGs
[2026-06-09T11:04:35.207+0000] {logging_mixin.py:188} INFO - [2026-06-09T11:04:35.207+0000] {dag.py:3954} INFO - Setting next_dagrun for tp2a_pokemon_ingestion to None, run_after=None
[2026-06-09T11:04:35.228+0000] {processor.py:183} INFO - Processing /opt/airflow/dags/dag_tp2a_pokemon_ingestion.py took 0.096 seconds
[2026-06-09T11:05:05.434+0000] {processor.py:161} INFO - Started process (PID=2277) to work on /opt/airflow/dags/dag_tp2a_pokemon_ingestion.py
[2026-06-09T11:05:05.434+0000] {processor.py:830} INFO - Processing file /opt/airflow/dags/dag_tp2a_pokemon_ingestion.py for tasks to queue
[2026-06-09T11:05:05.436+0000] {logging_mixin.py:188} INFO - [2026-06-09T11:05:05.436+0000] {dagbag.py:545} INFO - Filling up the DagBag from /opt/airflow/dags/dag_tp2a_pokemon_ingestion.py
[2026-06-09T11:05:05.453+0000] {processor.py:840} INFO - DAG(s) 'tp2a_pokemon_ingestion' retrieved from /opt/airflow/dags/dag_tp2a_pokemon_ingestion.py
[2026-06-09T11:05:05.484+0000] {logging_mixin.py:188} INFO - [2026-06-09T11:05:05.484+0000] {dag.py:3096} INFO - Sync 1 DAGs
[2026-06-09T11:05:05.497+0000] {logging_mixin.py:188} INFO - [2026-06-09T11:05:05.497+0000] {dag.py:3954} INFO - Setting next_dagrun for tp2a_pokemon_ingestion to None, run_after=None
[2026-06-09T11:05:05.519+0000] {processor.py:183} INFO - Processing /opt/airflow/dags/dag_tp2a_pokemon_ingestion.py took 0.090 seconds
[2026-06-09T11:05:35.720+0000] {processor.py:161} INFO - Started process (PID=2287) to work on /opt/airflow/dags/dag_tp2a_pokemon_ingestion.py
[2026-06-09T11:05:35.721+0000] {processor.py:830} INFO - Processing file /opt/airflow/dags/dag_tp2a_pokemon_ingestion.py for tasks to queue
[2026-06-09T11:05:35.723+0000] {logging_mixin.py:188} INFO - [2026-06-09T11:05:35.723+0000] {dagbag.py:545} INFO - Filling up the DagBag from /opt/airflow/dags/dag_tp2a_pokemon_ingestion.py
[2026-06-09T11:05:35.740+0000] {processor.py:840} INFO - DAG(s) 'tp2a_pokemon_ingestion' retrieved from /opt/airflow/dags/dag_tp2a_pokemon_ingestion.py
[2026-06-09T11:05:35.769+0000] {logging_mixin.py:188} INFO - [2026-06-09T11:05:35.769+0000] {dag.py:3096} INFO - Sync 1 DAGs
[2026-06-09T11:05:35.780+0000] {logging_mixin.py:188} INFO - [2026-06-09T11:05:35.780+0000] {dag.py:3954} INFO - Setting next_dagrun for tp2a_pokemon_ingestion to None, run_after=None
[2026-06-09T11:05:35.799+0000] {processor.py:183} INFO - Processing /opt/airflow/dags/dag_tp2a_pokemon_ingestion.py took 0.083 seconds
[2026-06-09T11:06:06.043+0000] {processor.py:161} INFO - Started process (PID=2298) to work on /opt/airflow/dags/dag_tp2a_pokemon_ingestion.py
[2026-06-09T11:06:06.044+0000] {processor.py:830} INFO - Processing file /opt/airflow/dags/dag_tp2a_pokemon_ingestion.py for tasks to queue
[2026-06-09T11:06:06.046+0000] {logging_mixin.py:188} INFO - [2026-06-09T11:06:06.045+0000] {dagbag.py:545} INFO - Filling up the DagBag from /opt/airflow/dags/dag_tp2a_pokemon_ingestion.py
[2026-06-09T11:06:06.064+0000] {processor.py:840} INFO - DAG(s) 'tp2a_pokemon_ingestion' retrieved from /opt/airflow/dags/dag_tp2a_pokemon_ingestion.py
[2026-06-09T11:06:06.099+0000] {logging_mixin.py:188} INFO - [2026-06-09T11:06:06.099+0000] {dag.py:3096} INFO - Sync 1 DAGs
[2026-06-09T11:06:06.114+0000] {logging_mixin.py:188} INFO - [2026-06-09T11:06:06.114+0000] {dag.py:3954} INFO - Setting next_dagrun for tp2a_pokemon_ingestion to None, run_after=None
[2026-06-09T11:06:06.134+0000] {processor.py:183} INFO - Processing /opt/airflow/dags/dag_tp2a_pokemon_ingestion.py took 0.100 seconds
[2026-06-09T11:06:36.337+0000] {processor.py:161} INFO - Started process (PID=2308) to work on /opt/airflow/dags/dag_tp2a_pokemon_ingestion.py
[2026-06-09T11:06:36.338+0000] {processor.py:830} INFO - Processing file /opt/airflow/dags/dag_tp2a_pokemon_ingestion.py for tasks to queue
[2026-06-09T11:06:36.340+0000] {logging_mixin.py:188} INFO - [2026-06-09T11:06:36.339+0000] {dagbag.py:545} INFO - Filling up the DagBag from /opt/airflow/dags/dag_tp2a_pokemon_ingestion.py
[2026-06-09T11:06:36.358+0000] {processor.py:840} INFO - DAG(s) 'tp2a_pokemon_ingestion' retrieved from /opt/airflow/dags/dag_tp2a_pokemon_ingestion.py
[2026-06-09T11:06:36.390+0000] {logging_mixin.py:188} INFO - [2026-06-09T11:06:36.389+0000] {dag.py:3096} INFO - Sync 1 DAGs
[2026-06-09T11:06:36.402+0000] {logging_mixin.py:188} INFO - [2026-06-09T11:06:36.402+0000] {dag.py:3954} INFO - Setting next_dagrun for tp2a_pokemon_ingestion to None, run_after=None
[2026-06-09T11:06:36.421+0000] {processor.py:183} INFO - Processing /opt/airflow/dags/dag_tp2a_pokemon_ingestion.py took 0.090 seconds
[2026-06-09T11:07:06.631+0000] {processor.py:161} INFO - Started process (PID=2318) to work on /opt/airflow/dags/dag_tp2a_pokemon_ingestion.py
[2026-06-09T11:07:06.632+0000] {processor.py:830} INFO - Processing file /opt/airflow/dags/dag_tp2a_pokemon_ingestion.py for tasks to queue
[2026-06-09T11:07:06.633+0000] {logging_mixin.py:188} INFO - [2026-06-09T11:07:06.633+0000] {dagbag.py:545} INFO - Filling up the DagBag from /opt/airflow/dags/dag_tp2a_pokemon_ingestion.py
[2026-06-09T11:07:06.652+0000] {processor.py:840} INFO - DAG(s) 'tp2a_pokemon_ingestion' retrieved from /opt/airflow/dags/dag_tp2a_pokemon_ingestion.py
[2026-06-09T11:07:06.683+0000] {logging_mixin.py:188} INFO - [2026-06-09T11:07:06.682+0000] {dag.py:3096} INFO - Sync 1 DAGs
[2026-06-09T11:07:06.694+0000] {logging_mixin.py:188} INFO - [2026-06-09T11:07:06.694+0000] {dag.py:3954} INFO - Setting next_dagrun for tp2a_pokemon_ingestion to None, run_after=None
[2026-06-09T11:07:06.713+0000] {processor.py:183} INFO - Processing /opt/airflow/dags/dag_tp2a_pokemon_ingestion.py took 0.088 seconds
[2026-06-09T11:07:36.916+0000] {processor.py:161} INFO - Started process (PID=2328) to work on /opt/airflow/dags/dag_tp2a_pokemon_ingestion.py
[2026-06-09T11:07:36.917+0000] {processor.py:830} INFO - Processing file /opt/airflow/dags/dag_tp2a_pokemon_ingestion.py for tasks to queue
[2026-06-09T11:07:36.918+0000] {logging_mixin.py:188} INFO - [2026-06-09T11:07:36.918+0000] {dagbag.py:545} INFO - Filling up the DagBag from /opt/airflow/dags/dag_tp2a_pokemon_ingestion.py
[2026-06-09T11:07:36.938+0000] {processor.py:840} INFO - DAG(s) 'tp2a_pokemon_ingestion' retrieved from /opt/airflow/dags/dag_tp2a_pokemon_ingestion.py
[2026-06-09T11:07:36.973+0000] {logging_mixin.py:188} INFO - [2026-06-09T11:07:36.973+0000] {dag.py:3096} INFO - Sync 1 DAGs
[2026-06-09T11:07:36.986+0000] {logging_mixin.py:188} INFO - [2026-06-09T11:07:36.986+0000] {dag.py:3954} INFO - Setting next_dagrun for tp2a_pokemon_ingestion to None, run_after=None
[2026-06-09T11:07:37.006+0000] {processor.py:183} INFO - Processing /opt/airflow/dags/dag_tp2a_pokemon_ingestion.py took 0.095 seconds
[2026-06-09T11:08:07.210+0000] {processor.py:161} INFO - Started process (PID=2338) to work on /opt/airflow/dags/dag_tp2a_pokemon_ingestion.py
[2026-06-09T11:08:07.211+0000] {processor.py:830} INFO - Processing file /opt/airflow/dags/dag_tp2a_pokemon_ingestion.py for tasks to queue
[2026-06-09T11:08:07.213+0000] {logging_mixin.py:188} INFO - [2026-06-09T11:08:07.212+0000] {dagbag.py:545} INFO - Filling up the DagBag from /opt/airflow/dags/dag_tp2a_pokemon_ingestion.py
[2026-06-09T11:08:07.232+0000] {processor.py:840} INFO - DAG(s) 'tp2a_pokemon_ingestion' retrieved from /opt/airflow/dags/dag_tp2a_pokemon_ingestion.py
[2026-06-09T11:08:07.266+0000] {logging_mixin.py:188} INFO - [2026-06-09T11:08:07.265+0000] {dag.py:3096} INFO - Sync 1 DAGs
[2026-06-09T11:08:07.279+0000] {logging_mixin.py:188} INFO - [2026-06-09T11:08:07.279+0000] {dag.py:3954} INFO - Setting next_dagrun for tp2a_pokemon_ingestion to None, run_after=None
[2026-06-09T11:08:07.299+0000] {processor.py:183} INFO - Processing /opt/airflow/dags/dag_tp2a_pokemon_ingestion.py took 0.094 seconds
[2026-06-09T11:08:37.403+0000] {processor.py:161} INFO - Started process (PID=2348) to work on /opt/airflow/dags/dag_tp2a_pokemon_ingestion.py
[2026-06-09T11:08:37.404+0000] {processor.py:830} INFO - Processing file /opt/airflow/dags/dag_tp2a_pokemon_ingestion.py for tasks to queue
[2026-06-09T11:08:37.406+0000] {logging_mixin.py:188} INFO - [2026-06-09T11:08:37.405+0000] {dagbag.py:545} INFO - Filling up the DagBag from /opt/airflow/dags/dag_tp2a_pokemon_ingestion.py
[2026-06-09T11:08:37.424+0000] {processor.py:840} INFO - DAG(s) 'tp2a_pokemon_ingestion' retrieved from /opt/airflow/dags/dag_tp2a_pokemon_ingestion.py
[2026-06-09T11:08:37.455+0000] {logging_mixin.py:188} INFO - [2026-06-09T11:08:37.455+0000] {dag.py:3096} INFO - Sync 1 DAGs
[2026-06-09T11:08:37.468+0000] {logging_mixin.py:188} INFO - [2026-06-09T11:08:37.467+0000] {dag.py:3954} INFO - Setting next_dagrun for tp2a_pokemon_ingestion to None, run_after=None
[2026-06-09T11:08:37.489+0000] {processor.py:183} INFO - Processing /opt/airflow/dags/dag_tp2a_pokemon_ingestion.py took 0.091 seconds
[2026-06-09T11:09:07.693+0000] {processor.py:161} INFO - Started process (PID=2358) to work on /opt/airflow/dags/dag_tp2a_pokemon_ingestion.py
[2026-06-09T11:09:07.694+0000] {processor.py:830} INFO - Processing file /opt/airflow/dags/dag_tp2a_pokemon_ingestion.py for tasks to queue
[2026-06-09T11:09:07.695+0000] {logging_mixin.py:188} INFO - [2026-06-09T11:09:07.695+0000] {dagbag.py:545} INFO - Filling up the DagBag from /opt/airflow/dags/dag_tp2a_pokemon_ingestion.py
[2026-06-09T11:09:07.712+0000] {processor.py:840} INFO - DAG(s) 'tp2a_pokemon_ingestion' retrieved from /opt/airflow/dags/dag_tp2a_pokemon_ingestion.py
[2026-06-09T11:09:07.744+0000] {logging_mixin.py:188} INFO - [2026-06-09T11:09:07.744+0000] {dag.py:3096} INFO - Sync 1 DAGs
[2026-06-09T11:09:07.756+0000] {logging_mixin.py:188} INFO - [2026-06-09T11:09:07.756+0000] {dag.py:3954} INFO - Setting next_dagrun for tp2a_pokemon_ingestion to None, run_after=None
[2026-06-09T11:09:07.776+0000] {processor.py:183} INFO - Processing /opt/airflow/dags/dag_tp2a_pokemon_ingestion.py took 0.088 seconds
[2026-06-09T11:09:37.880+0000] {processor.py:161} INFO - Started process (PID=2368) to work on /opt/airflow/dags/dag_tp2a_pokemon_ingestion.py
[2026-06-09T11:09:37.881+0000] {processor.py:830} INFO - Processing file /opt/airflow/dags/dag_tp2a_pokemon_ingestion.py for tasks to queue
[2026-06-09T11:09:37.883+0000] {logging_mixin.py:188} INFO - [2026-06-09T11:09:37.883+0000] {dagbag.py:545} INFO - Filling up the DagBag from /opt/airflow/dags/dag_tp2a_pokemon_ingestion.py
[2026-06-09T11:09:37.903+0000] {processor.py:840} INFO - DAG(s) 'tp2a_pokemon_ingestion' retrieved from /opt/airflow/dags/dag_tp2a_pokemon_ingestion.py
[2026-06-09T11:09:37.937+0000] {logging_mixin.py:188} INFO - [2026-06-09T11:09:37.937+0000] {dag.py:3096} INFO - Sync 1 DAGs
[2026-06-09T11:09:37.951+0000] {logging_mixin.py:188} INFO - [2026-06-09T11:09:37.951+0000] {dag.py:3954} INFO - Setting next_dagrun for tp2a_pokemon_ingestion to None, run_after=None
[2026-06-09T11:09:37.971+0000] {processor.py:183} INFO - Processing /opt/airflow/dags/dag_tp2a_pokemon_ingestion.py took 0.097 seconds
[2026-06-09T11:10:08.104+0000] {processor.py:161} INFO - Started process (PID=2378) to work on /opt/airflow/dags/dag_tp2a_pokemon_ingestion.py
[2026-06-09T11:10:08.105+0000] {processor.py:830} INFO - Processing file /opt/airflow/dags/dag_tp2a_pokemon_ingestion.py for tasks to queue
[2026-06-09T11:10:08.107+0000] {logging_mixin.py:188} INFO - [2026-06-09T11:10:08.107+0000] {dagbag.py:545} INFO - Filling up the DagBag from /opt/airflow/dags/dag_tp2a_pokemon_ingestion.py
[2026-06-09T11:10:08.127+0000] {processor.py:840} INFO - DAG(s) 'tp2a_pokemon_ingestion' retrieved from /opt/airflow/dags/dag_tp2a_pokemon_ingestion.py
[2026-06-09T11:10:08.159+0000] {logging_mixin.py:188} INFO - [2026-06-09T11:10:08.159+0000] {dag.py:3096} INFO - Sync 1 DAGs
[2026-06-09T11:10:08.172+0000] {logging_mixin.py:188} INFO - [2026-06-09T11:10:08.172+0000] {dag.py:3954} INFO - Setting next_dagrun for tp2a_pokemon_ingestion to None, run_after=None
[2026-06-09T11:10:08.193+0000] {processor.py:183} INFO - Processing /opt/airflow/dags/dag_tp2a_pokemon_ingestion.py took 0.094 seconds
[2026-06-09T11:10:38.404+0000] {processor.py:161} INFO - Started process (PID=2388) to work on /opt/airflow/dags/dag_tp2a_pokemon_ingestion.py
[2026-06-09T11:10:38.405+0000] {processor.py:830} INFO - Processing file /opt/airflow/dags/dag_tp2a_pokemon_ingestion.py for tasks to queue
[2026-06-09T11:10:38.406+0000] {logging_mixin.py:188} INFO - [2026-06-09T11:10:38.406+0000] {dagbag.py:545} INFO - Filling up the DagBag from /opt/airflow/dags/dag_tp2a_pokemon_ingestion.py
[2026-06-09T11:10:38.425+0000] {processor.py:840} INFO - DAG(s) 'tp2a_pokemon_ingestion' retrieved from /opt/airflow/dags/dag_tp2a_pokemon_ingestion.py
[2026-06-09T11:10:38.460+0000] {logging_mixin.py:188} INFO - [2026-06-09T11:10:38.460+0000] {dag.py:3096} INFO - Sync 1 DAGs
[2026-06-09T11:10:38.474+0000] {logging_mixin.py:188} INFO - [2026-06-09T11:10:38.474+0000] {dag.py:3954} INFO - Setting next_dagrun for tp2a_pokemon_ingestion to None, run_after=None
[2026-06-09T11:10:38.495+0000] {processor.py:183} INFO - Processing /opt/airflow/dags/dag_tp2a_pokemon_ingestion.py took 0.096 seconds
[2026-06-09T11:11:08.636+0000] {processor.py:161} INFO - Started process (PID=2398) to work on /opt/airflow/dags/dag_tp2a_pokemon_ingestion.py
[2026-06-09T11:11:08.637+0000] {processor.py:830} INFO - Processing file /opt/airflow/dags/dag_tp2a_pokemon_ingestion.py for tasks to queue
[2026-06-09T11:11:08.638+0000] {logging_mixin.py:188} INFO - [2026-06-09T11:11:08.638+0000] {dagbag.py:545} INFO - Filling up the DagBag from /opt/airflow/dags/dag_tp2a_pokemon_ingestion.py
[2026-06-09T11:11:08.655+0000] {processor.py:840} INFO - DAG(s) 'tp2a_pokemon_ingestion' retrieved from /opt/airflow/dags/dag_tp2a_pokemon_ingestion.py
[2026-06-09T11:11:08.687+0000] {logging_mixin.py:188} INFO - [2026-06-09T11:11:08.687+0000] {dag.py:3096} INFO - Sync 1 DAGs
[2026-06-09T11:11:08.701+0000] {logging_mixin.py:188} INFO - [2026-06-09T11:11:08.701+0000] {dag.py:3954} INFO - Setting next_dagrun for tp2a_pokemon_ingestion to None, run_after=None
[2026-06-09T11:11:08.721+0000] {processor.py:183} INFO - Processing /opt/airflow/dags/dag_tp2a_pokemon_ingestion.py took 0.090 seconds
[2026-06-09T11:11:38.918+0000] {processor.py:161} INFO - Started process (PID=2408) to work on /opt/airflow/dags/dag_tp2a_pokemon_ingestion.py
[2026-06-09T11:11:38.919+0000] {processor.py:830} INFO - Processing file /opt/airflow/dags/dag_tp2a_pokemon_ingestion.py for tasks to queue
[2026-06-09T11:11:38.920+0000] {logging_mixin.py:188} INFO - [2026-06-09T11:11:38.920+0000] {dagbag.py:545} INFO - Filling up the DagBag from /opt/airflow/dags/dag_tp2a_pokemon_ingestion.py
[2026-06-09T11:11:38.939+0000] {processor.py:840} INFO - DAG(s) 'tp2a_pokemon_ingestion' retrieved from /opt/airflow/dags/dag_tp2a_pokemon_ingestion.py
[2026-06-09T11:11:38.972+0000] {logging_mixin.py:188} INFO - [2026-06-09T11:11:38.971+0000] {dag.py:3096} INFO - Sync 1 DAGs
[2026-06-09T11:11:38.985+0000] {logging_mixin.py:188} INFO - [2026-06-09T11:11:38.984+0000] {dag.py:3954} INFO - Setting next_dagrun for tp2a_pokemon_ingestion to None, run_after=None
[2026-06-09T11:11:39.004+0000] {processor.py:183} INFO - Processing /opt/airflow/dags/dag_tp2a_pokemon_ingestion.py took 0.091 seconds
[2026-06-09T11:12:09.214+0000] {processor.py:161} INFO - Started process (PID=2418) to work on /opt/airflow/dags/dag_tp2a_pokemon_ingestion.py
[2026-06-09T11:12:09.215+0000] {processor.py:830} INFO - Processing file /opt/airflow/dags/dag_tp2a_pokemon_ingestion.py for tasks to queue
[2026-06-09T11:12:09.217+0000] {logging_mixin.py:188} INFO - [2026-06-09T11:12:09.216+0000] {dagbag.py:545} INFO - Filling up the DagBag from /opt/airflow/dags/dag_tp2a_pokemon_ingestion.py
[2026-06-09T11:12:09.234+0000] {processor.py:840} INFO - DAG(s) 'tp2a_pokemon_ingestion' retrieved from /opt/airflow/dags/dag_tp2a_pokemon_ingestion.py
[2026-06-09T11:12:09.267+0000] {logging_mixin.py:188} INFO - [2026-06-09T11:12:09.267+0000] {dag.py:3096} INFO - Sync 1 DAGs
[2026-06-09T11:12:09.280+0000] {logging_mixin.py:188} INFO - [2026-06-09T11:12:09.279+0000] {dag.py:3954} INFO - Setting next_dagrun for tp2a_pokemon_ingestion to None, run_after=None
[2026-06-09T11:12:09.300+0000] {processor.py:183} INFO - Processing /opt/airflow/dags/dag_tp2a_pokemon_ingestion.py took 0.091 seconds
[2026-06-09T11:12:39.508+0000] {processor.py:161} INFO - Started process (PID=2428) to work on /opt/airflow/dags/dag_tp2a_pokemon_ingestion.py
[2026-06-09T11:12:39.508+0000] {processor.py:830} INFO - Processing file /opt/airflow/dags/dag_tp2a_pokemon_ingestion.py for tasks to queue
[2026-06-09T11:12:39.510+0000] {logging_mixin.py:188} INFO - [2026-06-09T11:12:39.510+0000] {dagbag.py:545} INFO - Filling up the DagBag from /opt/airflow/dags/dag_tp2a_pokemon_ingestion.py
[2026-06-09T11:12:39.531+0000] {processor.py:840} INFO - DAG(s) 'tp2a_pokemon_ingestion' retrieved from /opt/airflow/dags/dag_tp2a_pokemon_ingestion.py
[2026-06-09T11:12:39.562+0000] {logging_mixin.py:188} INFO - [2026-06-09T11:12:39.561+0000] {dag.py:3096} INFO - Sync 1 DAGs
[2026-06-09T11:12:39.575+0000] {logging_mixin.py:188} INFO - [2026-06-09T11:12:39.575+0000] {dag.py:3954} INFO - Setting next_dagrun for tp2a_pokemon_ingestion to None, run_after=None
[2026-06-09T11:12:39.597+0000] {processor.py:183} INFO - Processing /opt/airflow/dags/dag_tp2a_pokemon_ingestion.py took 0.095 seconds
[2026-06-09T11:13:09.794+0000] {processor.py:161} INFO - Started process (PID=2438) to work on /opt/airflow/dags/dag_tp2a_pokemon_ingestion.py
[2026-06-09T11:13:09.795+0000] {processor.py:830} INFO - Processing file /opt/airflow/dags/dag_tp2a_pokemon_ingestion.py for tasks to queue
[2026-06-09T11:13:09.796+0000] {logging_mixin.py:188} INFO - [2026-06-09T11:13:09.796+0000] {dagbag.py:545} INFO - Filling up the DagBag from /opt/airflow/dags/dag_tp2a_pokemon_ingestion.py
[2026-06-09T11:13:09.814+0000] {processor.py:840} INFO - DAG(s) 'tp2a_pokemon_ingestion' retrieved from /opt/airflow/dags/dag_tp2a_pokemon_ingestion.py
[2026-06-09T11:13:09.844+0000] {logging_mixin.py:188} INFO - [2026-06-09T11:13:09.844+0000] {dag.py:3096} INFO - Sync 1 DAGs
[2026-06-09T11:13:09.857+0000] {logging_mixin.py:188} INFO - [2026-06-09T11:13:09.857+0000] {dag.py:3954} INFO - Setting next_dagrun for tp2a_pokemon_ingestion to None, run_after=None
[2026-06-09T11:13:09.876+0000] {processor.py:183} INFO - Processing /opt/airflow/dags/dag_tp2a_pokemon_ingestion.py took 0.087 seconds
[2026-06-09T11:13:40.079+0000] {processor.py:161} INFO - Started process (PID=2448) to work on /opt/airflow/dags/dag_tp2a_pokemon_ingestion.py
[2026-06-09T11:13:40.080+0000] {processor.py:830} INFO - Processing file /opt/airflow/dags/dag_tp2a_pokemon_ingestion.py for tasks to queue
[2026-06-09T11:13:40.082+0000] {logging_mixin.py:188} INFO - [2026-06-09T11:13:40.081+0000] {dagbag.py:545} INFO - Filling up the DagBag from /opt/airflow/dags/dag_tp2a_pokemon_ingestion.py
[2026-06-09T11:13:40.100+0000] {processor.py:840} INFO - DAG(s) 'tp2a_pokemon_ingestion' retrieved from /opt/airflow/dags/dag_tp2a_pokemon_ingestion.py
[2026-06-09T11:13:40.134+0000] {logging_mixin.py:188} INFO - [2026-06-09T11:13:40.134+0000] {dag.py:3096} INFO - Sync 1 DAGs
[2026-06-09T11:13:40.148+0000] {logging_mixin.py:188} INFO - [2026-06-09T11:13:40.148+0000] {dag.py:3954} INFO - Setting next_dagrun for tp2a_pokemon_ingestion to None, run_after=None
[2026-06-09T11:13:40.168+0000] {processor.py:183} INFO - Processing /opt/airflow/dags/dag_tp2a_pokemon_ingestion.py took 0.094 seconds
[2026-06-09T11:14:10.269+0000] {processor.py:161} INFO - Started process (PID=2458) to work on /opt/airflow/dags/dag_tp2a_pokemon_ingestion.py
[2026-06-09T11:14:10.270+0000] {processor.py:830} INFO - Processing file /opt/airflow/dags/dag_tp2a_pokemon_ingestion.py for tasks to queue
[2026-06-09T11:14:10.272+0000] {logging_mixin.py:188} INFO - [2026-06-09T11:14:10.272+0000] {dagbag.py:545} INFO - Filling up the DagBag from /opt/airflow/dags/dag_tp2a_pokemon_ingestion.py
[2026-06-09T11:14:10.290+0000] {processor.py:840} INFO - DAG(s) 'tp2a_pokemon_ingestion' retrieved from /opt/airflow/dags/dag_tp2a_pokemon_ingestion.py
[2026-06-09T11:14:10.320+0000] {logging_mixin.py:188} INFO - [2026-06-09T11:14:10.320+0000] {dag.py:3096} INFO - Sync 1 DAGs
[2026-06-09T11:14:10.334+0000] {logging_mixin.py:188} INFO - [2026-06-09T11:14:10.334+0000] {dag.py:3954} INFO - Setting next_dagrun for tp2a_pokemon_ingestion to None, run_after=None
[2026-06-09T11:14:10.353+0000] {processor.py:183} INFO - Processing /opt/airflow/dags/dag_tp2a_pokemon_ingestion.py took 0.090 seconds
[2026-06-09T11:14:40.592+0000] {processor.py:161} INFO - Started process (PID=2468) to work on /opt/airflow/dags/dag_tp2a_pokemon_ingestion.py
[2026-06-09T11:14:40.596+0000] {processor.py:830} INFO - Processing file /opt/airflow/dags/dag_tp2a_pokemon_ingestion.py for tasks to queue
[2026-06-09T11:14:40.599+0000] {logging_mixin.py:188} INFO - [2026-06-09T11:14:40.598+0000] {dagbag.py:545} INFO - Filling up the DagBag from /opt/airflow/dags/dag_tp2a_pokemon_ingestion.py
[2026-06-09T11:14:40.625+0000] {processor.py:840} INFO - DAG(s) 'tp2a_pokemon_ingestion' retrieved from /opt/airflow/dags/dag_tp2a_pokemon_ingestion.py
[2026-06-09T11:14:40.666+0000] {logging_mixin.py:188} INFO - [2026-06-09T11:14:40.665+0000] {dag.py:3096} INFO - Sync 1 DAGs
[2026-06-09T11:14:40.681+0000] {logging_mixin.py:188} INFO - [2026-06-09T11:14:40.680+0000] {dag.py:3954} INFO - Setting next_dagrun for tp2a_pokemon_ingestion to None, run_after=None
[2026-06-09T11:14:40.701+0000] {processor.py:183} INFO - Processing /opt/airflow/dags/dag_tp2a_pokemon_ingestion.py took 0.117 seconds
[2026-06-09T11:15:10.897+0000] {processor.py:161} INFO - Started process (PID=2478) to work on /opt/airflow/dags/dag_tp2a_pokemon_ingestion.py
[2026-06-09T11:15:10.897+0000] {processor.py:830} INFO - Processing file /opt/airflow/dags/dag_tp2a_pokemon_ingestion.py for tasks to queue
[2026-06-09T11:15:10.899+0000] {logging_mixin.py:188} INFO - [2026-06-09T11:15:10.899+0000] {dagbag.py:545} INFO - Filling up the DagBag from /opt/airflow/dags/dag_tp2a_pokemon_ingestion.py
[2026-06-09T11:15:10.917+0000] {processor.py:840} INFO - DAG(s) 'tp2a_pokemon_ingestion' retrieved from /opt/airflow/dags/dag_tp2a_pokemon_ingestion.py
[2026-06-09T11:15:10.948+0000] {logging_mixin.py:188} INFO - [2026-06-09T11:15:10.948+0000] {dag.py:3096} INFO - Sync 1 DAGs
[2026-06-09T11:15:10.961+0000] {logging_mixin.py:188} INFO - [2026-06-09T11:15:10.961+0000] {dag.py:3954} INFO - Setting next_dagrun for tp2a_pokemon_ingestion to None, run_after=None
[2026-06-09T11:15:10.982+0000] {processor.py:183} INFO - Processing /opt/airflow/dags/dag_tp2a_pokemon_ingestion.py took 0.091 seconds
[2026-06-09T11:15:41.190+0000] {processor.py:161} INFO - Started process (PID=2488) to work on /opt/airflow/dags/dag_tp2a_pokemon_ingestion.py
[2026-06-09T11:15:41.191+0000] {processor.py:830} INFO - Processing file /opt/airflow/dags/dag_tp2a_pokemon_ingestion.py for tasks to queue
[2026-06-09T11:15:41.193+0000] {logging_mixin.py:188} INFO - [2026-06-09T11:15:41.193+0000] {dagbag.py:545} INFO - Filling up the DagBag from /opt/airflow/dags/dag_tp2a_pokemon_ingestion.py
[2026-06-09T11:15:41.212+0000] {processor.py:840} INFO - DAG(s) 'tp2a_pokemon_ingestion' retrieved from /opt/airflow/dags/dag_tp2a_pokemon_ingestion.py
[2026-06-09T11:15:41.244+0000] {logging_mixin.py:188} INFO - [2026-06-09T11:15:41.244+0000] {dag.py:3096} INFO - Sync 1 DAGs
[2026-06-09T11:15:41.258+0000] {logging_mixin.py:188} INFO - [2026-06-09T11:15:41.257+0000] {dag.py:3954} INFO - Setting next_dagrun for tp2a_pokemon_ingestion to None, run_after=None
[2026-06-09T11:15:41.277+0000] {processor.py:183} INFO - Processing /opt/airflow/dags/dag_tp2a_pokemon_ingestion.py took 0.093 seconds
[2026-06-09T11:16:11.522+0000] {processor.py:161} INFO - Started process (PID=2498) to work on /opt/airflow/dags/dag_tp2a_pokemon_ingestion.py
[2026-06-09T11:16:11.523+0000] {processor.py:830} INFO - Processing file /opt/airflow/dags/dag_tp2a_pokemon_ingestion.py for tasks to queue
[2026-06-09T11:16:11.525+0000] {logging_mixin.py:188} INFO - [2026-06-09T11:16:11.524+0000] {dagbag.py:545} INFO - Filling up the DagBag from /opt/airflow/dags/dag_tp2a_pokemon_ingestion.py
[2026-06-09T11:16:11.543+0000] {processor.py:840} INFO - DAG(s) 'tp2a_pokemon_ingestion' retrieved from /opt/airflow/dags/dag_tp2a_pokemon_ingestion.py
[2026-06-09T11:16:11.576+0000] {logging_mixin.py:188} INFO - [2026-06-09T11:16:11.575+0000] {dag.py:3096} INFO - Sync 1 DAGs
[2026-06-09T11:16:11.589+0000] {logging_mixin.py:188} INFO - [2026-06-09T11:16:11.589+0000] {dag.py:3954} INFO - Setting next_dagrun for tp2a_pokemon_ingestion to None, run_after=None
[2026-06-09T11:16:11.610+0000] {processor.py:183} INFO - Processing /opt/airflow/dags/dag_tp2a_pokemon_ingestion.py took 0.093 seconds
[2026-06-09T11:16:41.812+0000] {processor.py:161} INFO - Started process (PID=2508) to work on /opt/airflow/dags/dag_tp2a_pokemon_ingestion.py
[2026-06-09T11:16:41.813+0000] {processor.py:830} INFO - Processing file /opt/airflow/dags/dag_tp2a_pokemon_ingestion.py for tasks to queue
[2026-06-09T11:16:41.814+0000] {logging_mixin.py:188} INFO - [2026-06-09T11:16:41.814+0000] {dagbag.py:545} INFO - Filling up the DagBag from /opt/airflow/dags/dag_tp2a_pokemon_ingestion.py
[2026-06-09T11:16:41.833+0000] {processor.py:840} INFO - DAG(s) 'tp2a_pokemon_ingestion' retrieved from /opt/airflow/dags/dag_tp2a_pokemon_ingestion.py
[2026-06-09T11:16:41.866+0000] {logging_mixin.py:188} INFO - [2026-06-09T11:16:41.866+0000] {dag.py:3096} INFO - Sync 1 DAGs
[2026-06-09T11:16:41.878+0000] {logging_mixin.py:188} INFO - [2026-06-09T11:16:41.877+0000] {dag.py:3954} INFO - Setting next_dagrun for tp2a_pokemon_ingestion to None, run_after=None
[2026-06-09T11:16:41.898+0000] {processor.py:183} INFO - Processing /opt/airflow/dags/dag_tp2a_pokemon_ingestion.py took 0.091 seconds
[2026-06-09T11:17:11.999+0000] {processor.py:161} INFO - Started process (PID=2518) to work on /opt/airflow/dags/dag_tp2a_pokemon_ingestion.py
[2026-06-09T11:17:12.000+0000] {processor.py:830} INFO - Processing file /opt/airflow/dags/dag_tp2a_pokemon_ingestion.py for tasks to queue
[2026-06-09T11:17:12.001+0000] {logging_mixin.py:188} INFO - [2026-06-09T11:17:12.001+0000] {dagbag.py:545} INFO - Filling up the DagBag from /opt/airflow/dags/dag_tp2a_pokemon_ingestion.py
[2026-06-09T11:17:12.019+0000] {processor.py:840} INFO - DAG(s) 'tp2a_pokemon_ingestion' retrieved from /opt/airflow/dags/dag_tp2a_pokemon_ingestion.py
[2026-06-09T11:17:12.051+0000] {logging_mixin.py:188} INFO - [2026-06-09T11:17:12.051+0000] {dag.py:3096} INFO - Sync 1 DAGs
[2026-06-09T11:17:12.064+0000] {logging_mixin.py:188} INFO - [2026-06-09T11:17:12.064+0000] {dag.py:3954} INFO - Setting next_dagrun for tp2a_pokemon_ingestion to None, run_after=None
[2026-06-09T11:17:12.085+0000] {processor.py:183} INFO - Processing /opt/airflow/dags/dag_tp2a_pokemon_ingestion.py took 0.092 seconds
[2026-06-09T11:17:42.291+0000] {processor.py:161} INFO - Started process (PID=2528) to work on /opt/airflow/dags/dag_tp2a_pokemon_ingestion.py
[2026-06-09T11:17:42.292+0000] {processor.py:830} INFO - Processing file /opt/airflow/dags/dag_tp2a_pokemon_ingestion.py for tasks to queue
[2026-06-09T11:17:42.294+0000] {logging_mixin.py:188} INFO - [2026-06-09T11:17:42.293+0000] {dagbag.py:545} INFO - Filling up the DagBag from /opt/airflow/dags/dag_tp2a_pokemon_ingestion.py
[2026-06-09T11:17:42.312+0000] {processor.py:840} INFO - DAG(s) 'tp2a_pokemon_ingestion' retrieved from /opt/airflow/dags/dag_tp2a_pokemon_ingestion.py
[2026-06-09T11:17:42.343+0000] {logging_mixin.py:188} INFO - [2026-06-09T11:17:42.343+0000] {dag.py:3096} INFO - Sync 1 DAGs
[2026-06-09T11:17:42.356+0000] {logging_mixin.py:188} INFO - [2026-06-09T11:17:42.355+0000] {dag.py:3954} INFO - Setting next_dagrun for tp2a_pokemon_ingestion to None, run_after=None
[2026-06-09T11:17:42.377+0000] {processor.py:183} INFO - Processing /opt/airflow/dags/dag_tp2a_pokemon_ingestion.py took 0.091 seconds
[2026-06-09T11:18:12.582+0000] {processor.py:161} INFO - Started process (PID=2538) to work on /opt/airflow/dags/dag_tp2a_pokemon_ingestion.py
[2026-06-09T11:18:12.583+0000] {processor.py:830} INFO - Processing file /opt/airflow/dags/dag_tp2a_pokemon_ingestion.py for tasks to queue
[2026-06-09T11:18:12.585+0000] {logging_mixin.py:188} INFO - [2026-06-09T11:18:12.584+0000] {dagbag.py:545} INFO - Filling up the DagBag from /opt/airflow/dags/dag_tp2a_pokemon_ingestion.py
[2026-06-09T11:18:12.601+0000] {processor.py:840} INFO - DAG(s) 'tp2a_pokemon_ingestion' retrieved from /opt/airflow/dags/dag_tp2a_pokemon_ingestion.py
[2026-06-09T11:18:12.632+0000] {logging_mixin.py:188} INFO - [2026-06-09T11:18:12.632+0000] {dag.py:3096} INFO - Sync 1 DAGs
[2026-06-09T11:18:12.645+0000] {logging_mixin.py:188} INFO - [2026-06-09T11:18:12.645+0000] {dag.py:3954} INFO - Setting next_dagrun for tp2a_pokemon_ingestion to None, run_after=None
[2026-06-09T11:18:12.664+0000] {processor.py:183} INFO - Processing /opt/airflow/dags/dag_tp2a_pokemon_ingestion.py took 0.087 seconds
[2026-06-09T11:18:42.861+0000] {processor.py:161} INFO - Started process (PID=2548) to work on /opt/airflow/dags/dag_tp2a_pokemon_ingestion.py
[2026-06-09T11:18:42.862+0000] {processor.py:830} INFO - Processing file /opt/airflow/dags/dag_tp2a_pokemon_ingestion.py for tasks to queue
[2026-06-09T11:18:42.863+0000] {logging_mixin.py:188} INFO - [2026-06-09T11:18:42.863+0000] {dagbag.py:545} INFO - Filling up the DagBag from /opt/airflow/dags/dag_tp2a_pokemon_ingestion.py
[2026-06-09T11:18:42.881+0000] {processor.py:840} INFO - DAG(s) 'tp2a_pokemon_ingestion' retrieved from /opt/airflow/dags/dag_tp2a_pokemon_ingestion.py
[2026-06-09T11:18:42.913+0000] {logging_mixin.py:188} INFO - [2026-06-09T11:18:42.912+0000] {dag.py:3096} INFO - Sync 1 DAGs
[2026-06-09T11:18:42.925+0000] {logging_mixin.py:188} INFO - [2026-06-09T11:18:42.925+0000] {dag.py:3954} INFO - Setting next_dagrun for tp2a_pokemon_ingestion to None, run_after=None
[2026-06-09T11:18:42.945+0000] {processor.py:183} INFO - Processing /opt/airflow/dags/dag_tp2a_pokemon_ingestion.py took 0.090 seconds
[2026-06-09T11:19:13.156+0000] {processor.py:161} INFO - Started process (PID=2558) to work on /opt/airflow/dags/dag_tp2a_pokemon_ingestion.py
[2026-06-09T11:19:13.157+0000] {processor.py:830} INFO - Processing file /opt/airflow/dags/dag_tp2a_pokemon_ingestion.py for tasks to queue
[2026-06-09T11:19:13.158+0000] {logging_mixin.py:188} INFO - [2026-06-09T11:19:13.158+0000] {dagbag.py:545} INFO - Filling up the DagBag from /opt/airflow/dags/dag_tp2a_pokemon_ingestion.py
[2026-06-09T11:19:13.177+0000] {processor.py:840} INFO - DAG(s) 'tp2a_pokemon_ingestion' retrieved from /opt/airflow/dags/dag_tp2a_pokemon_ingestion.py
[2026-06-09T11:19:13.209+0000] {logging_mixin.py:188} INFO - [2026-06-09T11:19:13.209+0000] {dag.py:3096} INFO - Sync 1 DAGs
[2026-06-09T11:19:13.222+0000] {logging_mixin.py:188} INFO - [2026-06-09T11:19:13.222+0000] {dag.py:3954} INFO - Setting next_dagrun for tp2a_pokemon_ingestion to None, run_after=None
[2026-06-09T11:19:13.243+0000] {processor.py:183} INFO - Processing /opt/airflow/dags/dag_tp2a_pokemon_ingestion.py took 0.093 seconds
[2026-06-09T11:19:43.453+0000] {processor.py:161} INFO - Started process (PID=2568) to work on /opt/airflow/dags/dag_tp2a_pokemon_ingestion.py
[2026-06-09T11:19:43.454+0000] {processor.py:830} INFO - Processing file /opt/airflow/dags/dag_tp2a_pokemon_ingestion.py for tasks to queue
[2026-06-09T11:19:43.456+0000] {logging_mixin.py:188} INFO - [2026-06-09T11:19:43.456+0000] {dagbag.py:545} INFO - Filling up the DagBag from /opt/airflow/dags/dag_tp2a_pokemon_ingestion.py
[2026-06-09T11:19:43.475+0000] {processor.py:840} INFO - DAG(s) 'tp2a_pokemon_ingestion' retrieved from /opt/airflow/dags/dag_tp2a_pokemon_ingestion.py
[2026-06-09T11:19:43.505+0000] {logging_mixin.py:188} INFO - [2026-06-09T11:19:43.505+0000] {dag.py:3096} INFO - Sync 1 DAGs
[2026-06-09T11:19:43.519+0000] {logging_mixin.py:188} INFO - [2026-06-09T11:19:43.519+0000] {dag.py:3954} INFO - Setting next_dagrun for tp2a_pokemon_ingestion to None, run_after=None
[2026-06-09T11:19:43.539+0000] {processor.py:183} INFO - Processing /opt/airflow/dags/dag_tp2a_pokemon_ingestion.py took 0.092 seconds
[2026-06-09T11:20:13.743+0000] {processor.py:161} INFO - Started process (PID=2578) to work on /opt/airflow/dags/dag_tp2a_pokemon_ingestion.py
[2026-06-09T11:20:13.744+0000] {processor.py:830} INFO - Processing file /opt/airflow/dags/dag_tp2a_pokemon_ingestion.py for tasks to queue
[2026-06-09T11:20:13.746+0000] {logging_mixin.py:188} INFO - [2026-06-09T11:20:13.745+0000] {dagbag.py:545} INFO - Filling up the DagBag from /opt/airflow/dags/dag_tp2a_pokemon_ingestion.py
[2026-06-09T11:20:13.763+0000] {processor.py:840} INFO - DAG(s) 'tp2a_pokemon_ingestion' retrieved from /opt/airflow/dags/dag_tp2a_pokemon_ingestion.py
[2026-06-09T11:20:13.795+0000] {logging_mixin.py:188} INFO - [2026-06-09T11:20:13.795+0000] {dag.py:3096} INFO - Sync 1 DAGs
[2026-06-09T11:20:13.808+0000] {logging_mixin.py:188} INFO - [2026-06-09T11:20:13.808+0000] {dag.py:3954} INFO - Setting next_dagrun for tp2a_pokemon_ingestion to None, run_after=None
[2026-06-09T11:20:13.828+0000] {processor.py:183} INFO - Processing /opt/airflow/dags/dag_tp2a_pokemon_ingestion.py took 0.089 seconds
[2026-06-09T11:20:43.933+0000] {processor.py:161} INFO - Started process (PID=2588) to work on /opt/airflow/dags/dag_tp2a_pokemon_ingestion.py
[2026-06-09T11:20:43.934+0000] {processor.py:830} INFO - Processing file /opt/airflow/dags/dag_tp2a_pokemon_ingestion.py for tasks to queue
[2026-06-09T11:20:43.936+0000] {logging_mixin.py:188} INFO - [2026-06-09T11:20:43.935+0000] {dagbag.py:545} INFO - Filling up the DagBag from /opt/airflow/dags/dag_tp2a_pokemon_ingestion.py
[2026-06-09T11:20:43.954+0000] {processor.py:840} INFO - DAG(s) 'tp2a_pokemon_ingestion' retrieved from /opt/airflow/dags/dag_tp2a_pokemon_ingestion.py
[2026-06-09T11:20:43.987+0000] {logging_mixin.py:188} INFO - [2026-06-09T11:20:43.986+0000] {dag.py:3096} INFO - Sync 1 DAGs
[2026-06-09T11:20:44.000+0000] {logging_mixin.py:188} INFO - [2026-06-09T11:20:44.000+0000] {dag.py:3954} INFO - Setting next_dagrun for tp2a_pokemon_ingestion to None, run_after=None
[2026-06-09T11:20:44.021+0000] {processor.py:183} INFO - Processing /opt/airflow/dags/dag_tp2a_pokemon_ingestion.py took 0.093 seconds
[2026-06-09T11:21:14.268+0000] {processor.py:161} INFO - Started process (PID=2598) to work on /opt/airflow/dags/dag_tp2a_pokemon_ingestion.py
[2026-06-09T11:21:14.269+0000] {processor.py:830} INFO - Processing file /opt/airflow/dags/dag_tp2a_pokemon_ingestion.py for tasks to queue
[2026-06-09T11:21:14.271+0000] {logging_mixin.py:188} INFO - [2026-06-09T11:21:14.271+0000] {dagbag.py:545} INFO - Filling up the DagBag from /opt/airflow/dags/dag_tp2a_pokemon_ingestion.py
[2026-06-09T11:21:14.290+0000] {processor.py:840} INFO - DAG(s) 'tp2a_pokemon_ingestion' retrieved from /opt/airflow/dags/dag_tp2a_pokemon_ingestion.py
[2026-06-09T11:21:14.320+0000] {logging_mixin.py:188} INFO - [2026-06-09T11:21:14.319+0000] {dag.py:3096} INFO - Sync 1 DAGs
[2026-06-09T11:21:14.332+0000] {logging_mixin.py:188} INFO - [2026-06-09T11:21:14.332+0000] {dag.py:3954} INFO - Setting next_dagrun for tp2a_pokemon_ingestion to None, run_after=None
[2026-06-09T11:21:14.351+0000] {processor.py:183} INFO - Processing /opt/airflow/dags/dag_tp2a_pokemon_ingestion.py took 0.088 seconds
[2026-06-09T11:21:44.561+0000] {processor.py:161} INFO - Started process (PID=2608) to work on /opt/airflow/dags/dag_tp2a_pokemon_ingestion.py
[2026-06-09T11:21:44.562+0000] {processor.py:830} INFO - Processing file /opt/airflow/dags/dag_tp2a_pokemon_ingestion.py for tasks to queue
[2026-06-09T11:21:44.564+0000] {logging_mixin.py:188} INFO - [2026-06-09T11:21:44.563+0000] {dagbag.py:545} INFO - Filling up the DagBag from /opt/airflow/dags/dag_tp2a_pokemon_ingestion.py
[2026-06-09T11:21:44.583+0000] {processor.py:840} INFO - DAG(s) 'tp2a_pokemon_ingestion' retrieved from /opt/airflow/dags/dag_tp2a_pokemon_ingestion.py
[2026-06-09T11:21:44.617+0000] {logging_mixin.py:188} INFO - [2026-06-09T11:21:44.616+0000] {dag.py:3096} INFO - Sync 1 DAGs
[2026-06-09T11:21:44.629+0000] {logging_mixin.py:188} INFO - [2026-06-09T11:21:44.629+0000] {dag.py:3954} INFO - Setting next_dagrun for tp2a_pokemon_ingestion to None, run_after=None
[2026-06-09T11:21:44.647+0000] {processor.py:183} INFO - Processing /opt/airflow/dags/dag_tp2a_pokemon_ingestion.py took 0.091 seconds
[2026-06-09T11:22:14.844+0000] {processor.py:161} INFO - Started process (PID=2618) to work on /opt/airflow/dags/dag_tp2a_pokemon_ingestion.py
[2026-06-09T11:22:14.845+0000] {processor.py:830} INFO - Processing file /opt/airflow/dags/dag_tp2a_pokemon_ingestion.py for tasks to queue
[2026-06-09T11:22:14.846+0000] {logging_mixin.py:188} INFO - [2026-06-09T11:22:14.846+0000] {dagbag.py:545} INFO - Filling up the DagBag from /opt/airflow/dags/dag_tp2a_pokemon_ingestion.py
[2026-06-09T11:22:14.863+0000] {processor.py:840} INFO - DAG(s) 'tp2a_pokemon_ingestion' retrieved from /opt/airflow/dags/dag_tp2a_pokemon_ingestion.py
[2026-06-09T11:22:14.893+0000] {logging_mixin.py:188} INFO - [2026-06-09T11:22:14.893+0000] {dag.py:3096} INFO - Sync 1 DAGs
[2026-06-09T11:22:14.905+0000] {logging_mixin.py:188} INFO - [2026-06-09T11:22:14.905+0000] {dag.py:3954} INFO - Setting next_dagrun for tp2a_pokemon_ingestion to None, run_after=None
[2026-06-09T11:22:14.926+0000] {processor.py:183} INFO - Processing /opt/airflow/dags/dag_tp2a_pokemon_ingestion.py took 0.087 seconds
[2026-06-09T11:22:45.140+0000] {processor.py:161} INFO - Started process (PID=2628) to work on /opt/airflow/dags/dag_tp2a_pokemon_ingestion.py
[2026-06-09T11:22:45.141+0000] {processor.py:830} INFO - Processing file /opt/airflow/dags/dag_tp2a_pokemon_ingestion.py for tasks to queue
[2026-06-09T11:22:45.143+0000] {logging_mixin.py:188} INFO - [2026-06-09T11:22:45.143+0000] {dagbag.py:545} INFO - Filling up the DagBag from /opt/airflow/dags/dag_tp2a_pokemon_ingestion.py
[2026-06-09T11:22:45.162+0000] {processor.py:840} INFO - DAG(s) 'tp2a_pokemon_ingestion' retrieved from /opt/airflow/dags/dag_tp2a_pokemon_ingestion.py
[2026-06-09T11:22:45.197+0000] {logging_mixin.py:188} INFO - [2026-06-09T11:22:45.197+0000] {dag.py:3096} INFO - Sync 1 DAGs
[2026-06-09T11:22:45.210+0000] {logging_mixin.py:188} INFO - [2026-06-09T11:22:45.210+0000] {dag.py:3954} INFO - Setting next_dagrun for tp2a_pokemon_ingestion to None, run_after=None
[2026-06-09T11:22:45.232+0000] {processor.py:183} INFO - Processing /opt/airflow/dags/dag_tp2a_pokemon_ingestion.py took 0.096 seconds
[2026-06-09T11:23:15.329+0000] {processor.py:161} INFO - Started process (PID=2638) to work on /opt/airflow/dags/dag_tp2a_pokemon_ingestion.py
[2026-06-09T11:23:15.330+0000] {processor.py:830} INFO - Processing file /opt/airflow/dags/dag_tp2a_pokemon_ingestion.py for tasks to queue
[2026-06-09T11:23:15.332+0000] {logging_mixin.py:188} INFO - [2026-06-09T11:23:15.332+0000] {dagbag.py:545} INFO - Filling up the DagBag from /opt/airflow/dags/dag_tp2a_pokemon_ingestion.py
[2026-06-09T11:23:15.355+0000] {processor.py:840} INFO - DAG(s) 'tp2a_pokemon_ingestion' retrieved from /opt/airflow/dags/dag_tp2a_pokemon_ingestion.py
[2026-06-09T11:23:15.390+0000] {logging_mixin.py:188} INFO - [2026-06-09T11:23:15.390+0000] {dag.py:3096} INFO - Sync 1 DAGs
[2026-06-09T11:23:15.405+0000] {logging_mixin.py:188} INFO - [2026-06-09T11:23:15.405+0000] {dag.py:3954} INFO - Setting next_dagrun for tp2a_pokemon_ingestion to None, run_after=None
[2026-06-09T11:23:15.426+0000] {processor.py:183} INFO - Processing /opt/airflow/dags/dag_tp2a_pokemon_ingestion.py took 0.101 seconds
[2026-06-09T11:23:45.640+0000] {processor.py:161} INFO - Started process (PID=2648) to work on /opt/airflow/dags/dag_tp2a_pokemon_ingestion.py
[2026-06-09T11:23:45.641+0000] {processor.py:830} INFO - Processing file /opt/airflow/dags/dag_tp2a_pokemon_ingestion.py for tasks to queue
[2026-06-09T11:23:45.643+0000] {logging_mixin.py:188} INFO - [2026-06-09T11:23:45.643+0000] {dagbag.py:545} INFO - Filling up the DagBag from /opt/airflow/dags/dag_tp2a_pokemon_ingestion.py
[2026-06-09T11:23:45.661+0000] {processor.py:840} INFO - DAG(s) 'tp2a_pokemon_ingestion' retrieved from /opt/airflow/dags/dag_tp2a_pokemon_ingestion.py
[2026-06-09T11:23:45.689+0000] {logging_mixin.py:188} INFO - [2026-06-09T11:23:45.689+0000] {dag.py:3096} INFO - Sync 1 DAGs
[2026-06-09T11:23:45.702+0000] {logging_mixin.py:188} INFO - [2026-06-09T11:23:45.701+0000] {dag.py:3954} INFO - Setting next_dagrun for tp2a_pokemon_ingestion to None, run_after=None
[2026-06-09T11:23:45.721+0000] {processor.py:183} INFO - Processing /opt/airflow/dags/dag_tp2a_pokemon_ingestion.py took 0.087 seconds
[2026-06-09T11:24:15.920+0000] {processor.py:161} INFO - Started process (PID=2658) to work on /opt/airflow/dags/dag_tp2a_pokemon_ingestion.py
[2026-06-09T11:24:15.921+0000] {processor.py:830} INFO - Processing file /opt/airflow/dags/dag_tp2a_pokemon_ingestion.py for tasks to queue
[2026-06-09T11:24:15.923+0000] {logging_mixin.py:188} INFO - [2026-06-09T11:24:15.923+0000] {dagbag.py:545} INFO - Filling up the DagBag from /opt/airflow/dags/dag_tp2a_pokemon_ingestion.py
[2026-06-09T11:24:15.941+0000] {processor.py:840} INFO - DAG(s) 'tp2a_pokemon_ingestion' retrieved from /opt/airflow/dags/dag_tp2a_pokemon_ingestion.py
[2026-06-09T11:24:15.973+0000] {logging_mixin.py:188} INFO - [2026-06-09T11:24:15.972+0000] {dag.py:3096} INFO - Sync 1 DAGs
[2026-06-09T11:24:15.985+0000] {logging_mixin.py:188} INFO - [2026-06-09T11:24:15.985+0000] {dag.py:3954} INFO - Setting next_dagrun for tp2a_pokemon_ingestion to None, run_after=None
[2026-06-09T11:24:16.006+0000] {processor.py:183} INFO - Processing /opt/airflow/dags/dag_tp2a_pokemon_ingestion.py took 0.091 seconds
[2026-06-09T11:24:46.219+0000] {processor.py:161} INFO - Started process (PID=2668) to work on /opt/airflow/dags/dag_tp2a_pokemon_ingestion.py
[2026-06-09T11:24:46.220+0000] {processor.py:830} INFO - Processing file /opt/airflow/dags/dag_tp2a_pokemon_ingestion.py for tasks to queue
[2026-06-09T11:24:46.222+0000] {logging_mixin.py:188} INFO - [2026-06-09T11:24:46.222+0000] {dagbag.py:545} INFO - Filling up the DagBag from /opt/airflow/dags/dag_tp2a_pokemon_ingestion.py
[2026-06-09T11:24:46.242+0000] {processor.py:840} INFO - DAG(s) 'tp2a_pokemon_ingestion' retrieved from /opt/airflow/dags/dag_tp2a_pokemon_ingestion.py
[2026-06-09T11:24:46.278+0000] {logging_mixin.py:188} INFO - [2026-06-09T11:24:46.278+0000] {dag.py:3096} INFO - Sync 1 DAGs
[2026-06-09T11:24:46.293+0000] {logging_mixin.py:188} INFO - [2026-06-09T11:24:46.292+0000] {dag.py:3954} INFO - Setting next_dagrun for tp2a_pokemon_ingestion to None, run_after=None
[2026-06-09T11:24:46.313+0000] {processor.py:183} INFO - Processing /opt/airflow/dags/dag_tp2a_pokemon_ingestion.py took 0.099 seconds
[2026-06-09T11:25:16.414+0000] {processor.py:161} INFO - Started process (PID=2678) to work on /opt/airflow/dags/dag_tp2a_pokemon_ingestion.py
[2026-06-09T11:25:16.415+0000] {processor.py:830} INFO - Processing file /opt/airflow/dags/dag_tp2a_pokemon_ingestion.py for tasks to queue
[2026-06-09T11:25:16.417+0000] {logging_mixin.py:188} INFO - [2026-06-09T11:25:16.416+0000] {dagbag.py:545} INFO - Filling up the DagBag from /opt/airflow/dags/dag_tp2a_pokemon_ingestion.py
[2026-06-09T11:25:16.435+0000] {processor.py:840} INFO - DAG(s) 'tp2a_pokemon_ingestion' retrieved from /opt/airflow/dags/dag_tp2a_pokemon_ingestion.py
[2026-06-09T11:25:16.467+0000] {logging_mixin.py:188} INFO - [2026-06-09T11:25:16.467+0000] {dag.py:3096} INFO - Sync 1 DAGs
[2026-06-09T11:25:16.479+0000] {logging_mixin.py:188} INFO - [2026-06-09T11:25:16.479+0000] {dag.py:3954} INFO - Setting next_dagrun for tp2a_pokemon_ingestion to None, run_after=None
[2026-06-09T11:25:16.500+0000] {processor.py:183} INFO - Processing /opt/airflow/dags/dag_tp2a_pokemon_ingestion.py took 0.091 seconds
[2026-06-09T11:25:46.715+0000] {processor.py:161} INFO - Started process (PID=2688) to work on /opt/airflow/dags/dag_tp2a_pokemon_ingestion.py
[2026-06-09T11:25:46.716+0000] {processor.py:830} INFO - Processing file /opt/airflow/dags/dag_tp2a_pokemon_ingestion.py for tasks to queue
[2026-06-09T11:25:46.717+0000] {logging_mixin.py:188} INFO - [2026-06-09T11:25:46.717+0000] {dagbag.py:545} INFO - Filling up the DagBag from /opt/airflow/dags/dag_tp2a_pokemon_ingestion.py
[2026-06-09T11:25:46.735+0000] {processor.py:840} INFO - DAG(s) 'tp2a_pokemon_ingestion' retrieved from /opt/airflow/dags/dag_tp2a_pokemon_ingestion.py
[2026-06-09T11:25:46.766+0000] {logging_mixin.py:188} INFO - [2026-06-09T11:25:46.766+0000] {dag.py:3096} INFO - Sync 1 DAGs
[2026-06-09T11:25:46.778+0000] {logging_mixin.py:188} INFO - [2026-06-09T11:25:46.778+0000] {dag.py:3954} INFO - Setting next_dagrun for tp2a_pokemon_ingestion to None, run_after=None
[2026-06-09T11:25:46.798+0000] {processor.py:183} INFO - Processing /opt/airflow/dags/dag_tp2a_pokemon_ingestion.py took 0.088 seconds
[2026-06-09T11:26:16.936+0000] {processor.py:161} INFO - Started process (PID=2698) to work on /opt/airflow/dags/dag_tp2a_pokemon_ingestion.py
[2026-06-09T11:26:16.937+0000] {processor.py:830} INFO - Processing file /opt/airflow/dags/dag_tp2a_pokemon_ingestion.py for tasks to queue
[2026-06-09T11:26:16.939+0000] {logging_mixin.py:188} INFO - [2026-06-09T11:26:16.939+0000] {dagbag.py:545} INFO - Filling up the DagBag from /opt/airflow/dags/dag_tp2a_pokemon_ingestion.py
[2026-06-09T11:26:16.956+0000] {processor.py:840} INFO - DAG(s) 'tp2a_pokemon_ingestion' retrieved from /opt/airflow/dags/dag_tp2a_pokemon_ingestion.py
[2026-06-09T11:26:16.987+0000] {logging_mixin.py:188} INFO - [2026-06-09T11:26:16.987+0000] {dag.py:3096} INFO - Sync 1 DAGs
[2026-06-09T11:26:17.000+0000] {logging_mixin.py:188} INFO - [2026-06-09T11:26:16.999+0000] {dag.py:3954} INFO - Setting next_dagrun for tp2a_pokemon_ingestion to None, run_after=None
[2026-06-09T11:26:17.020+0000] {processor.py:183} INFO - Processing /opt/airflow/dags/dag_tp2a_pokemon_ingestion.py took 0.089 seconds
[2026-06-09T11:26:47.231+0000] {processor.py:161} INFO - Started process (PID=2708) to work on /opt/airflow/dags/dag_tp2a_pokemon_ingestion.py
[2026-06-09T11:26:47.232+0000] {processor.py:830} INFO - Processing file /opt/airflow/dags/dag_tp2a_pokemon_ingestion.py for tasks to queue
[2026-06-09T11:26:47.233+0000] {logging_mixin.py:188} INFO - [2026-06-09T11:26:47.233+0000] {dagbag.py:545} INFO - Filling up the DagBag from /opt/airflow/dags/dag_tp2a_pokemon_ingestion.py
[2026-06-09T11:26:47.252+0000] {processor.py:840} INFO - DAG(s) 'tp2a_pokemon_ingestion' retrieved from /opt/airflow/dags/dag_tp2a_pokemon_ingestion.py
[2026-06-09T11:26:47.283+0000] {logging_mixin.py:188} INFO - [2026-06-09T11:26:47.283+0000] {dag.py:3096} INFO - Sync 1 DAGs
[2026-06-09T11:26:47.295+0000] {logging_mixin.py:188} INFO - [2026-06-09T11:26:47.295+0000] {dag.py:3954} INFO - Setting next_dagrun for tp2a_pokemon_ingestion to None, run_after=None
[2026-06-09T11:26:47.314+0000] {processor.py:183} INFO - Processing /opt/airflow/dags/dag_tp2a_pokemon_ingestion.py took 0.089 seconds
[2026-06-09T11:27:17.520+0000] {processor.py:161} INFO - Started process (PID=2718) to work on /opt/airflow/dags/dag_tp2a_pokemon_ingestion.py
[2026-06-09T11:27:17.521+0000] {processor.py:830} INFO - Processing file /opt/airflow/dags/dag_tp2a_pokemon_ingestion.py for tasks to queue
[2026-06-09T11:27:17.523+0000] {logging_mixin.py:188} INFO - [2026-06-09T11:27:17.522+0000] {dagbag.py:545} INFO - Filling up the DagBag from /opt/airflow/dags/dag_tp2a_pokemon_ingestion.py
[2026-06-09T11:27:17.542+0000] {processor.py:840} INFO - DAG(s) 'tp2a_pokemon_ingestion' retrieved from /opt/airflow/dags/dag_tp2a_pokemon_ingestion.py
[2026-06-09T11:27:17.575+0000] {logging_mixin.py:188} INFO - [2026-06-09T11:27:17.574+0000] {dag.py:3096} INFO - Sync 1 DAGs
[2026-06-09T11:27:17.587+0000] {logging_mixin.py:188} INFO - [2026-06-09T11:27:17.587+0000] {dag.py:3954} INFO - Setting next_dagrun for tp2a_pokemon_ingestion to None, run_after=None
[2026-06-09T11:27:17.607+0000] {processor.py:183} INFO - Processing /opt/airflow/dags/dag_tp2a_pokemon_ingestion.py took 0.092 seconds
[2026-06-09T11:27:47.712+0000] {processor.py:161} INFO - Started process (PID=2728) to work on /opt/airflow/dags/dag_tp2a_pokemon_ingestion.py
[2026-06-09T11:27:47.713+0000] {processor.py:830} INFO - Processing file /opt/airflow/dags/dag_tp2a_pokemon_ingestion.py for tasks to queue
[2026-06-09T11:27:47.715+0000] {logging_mixin.py:188} INFO - [2026-06-09T11:27:47.714+0000] {dagbag.py:545} INFO - Filling up the DagBag from /opt/airflow/dags/dag_tp2a_pokemon_ingestion.py
[2026-06-09T11:27:47.733+0000] {processor.py:840} INFO - DAG(s) 'tp2a_pokemon_ingestion' retrieved from /opt/airflow/dags/dag_tp2a_pokemon_ingestion.py
[2026-06-09T11:27:47.765+0000] {logging_mixin.py:188} INFO - [2026-06-09T11:27:47.764+0000] {dag.py:3096} INFO - Sync 1 DAGs
[2026-06-09T11:27:47.778+0000] {logging_mixin.py:188} INFO - [2026-06-09T11:27:47.778+0000] {dag.py:3954} INFO - Setting next_dagrun for tp2a_pokemon_ingestion to None, run_after=None
[2026-06-09T11:27:47.797+0000] {processor.py:183} INFO - Processing /opt/airflow/dags/dag_tp2a_pokemon_ingestion.py took 0.091 seconds
[2026-06-09T11:28:17.997+0000] {processor.py:161} INFO - Started process (PID=2738) to work on /opt/airflow/dags/dag_tp2a_pokemon_ingestion.py
[2026-06-09T11:28:17.998+0000] {processor.py:830} INFO - Processing file /opt/airflow/dags/dag_tp2a_pokemon_ingestion.py for tasks to queue
[2026-06-09T11:28:18.000+0000] {logging_mixin.py:188} INFO - [2026-06-09T11:28:17.999+0000] {dagbag.py:545} INFO - Filling up the DagBag from /opt/airflow/dags/dag_tp2a_pokemon_ingestion.py
[2026-06-09T11:28:18.018+0000] {processor.py:840} INFO - DAG(s) 'tp2a_pokemon_ingestion' retrieved from /opt/airflow/dags/dag_tp2a_pokemon_ingestion.py
[2026-06-09T11:28:18.049+0000] {logging_mixin.py:188} INFO - [2026-06-09T11:28:18.049+0000] {dag.py:3096} INFO - Sync 1 DAGs
[2026-06-09T11:28:18.063+0000] {logging_mixin.py:188} INFO - [2026-06-09T11:28:18.062+0000] {dag.py:3954} INFO - Setting next_dagrun for tp2a_pokemon_ingestion to None, run_after=None
[2026-06-09T11:28:18.126+0000] {processor.py:183} INFO - Processing /opt/airflow/dags/dag_tp2a_pokemon_ingestion.py took 0.134 seconds
[2026-06-09T11:28:48.185+0000] {processor.py:161} INFO - Started process (PID=2748) to work on /opt/airflow/dags/dag_tp2a_pokemon_ingestion.py
[2026-06-09T11:28:48.186+0000] {processor.py:830} INFO - Processing file /opt/airflow/dags/dag_tp2a_pokemon_ingestion.py for tasks to queue
[2026-06-09T11:28:48.188+0000] {logging_mixin.py:188} INFO - [2026-06-09T11:28:48.187+0000] {dagbag.py:545} INFO - Filling up the DagBag from /opt/airflow/dags/dag_tp2a_pokemon_ingestion.py
[2026-06-09T11:28:48.206+0000] {processor.py:840} INFO - DAG(s) 'tp2a_pokemon_ingestion' retrieved from /opt/airflow/dags/dag_tp2a_pokemon_ingestion.py
[2026-06-09T11:28:48.237+0000] {logging_mixin.py:188} INFO - [2026-06-09T11:28:48.237+0000] {dag.py:3096} INFO - Sync 1 DAGs
[2026-06-09T11:28:48.249+0000] {logging_mixin.py:188} INFO - [2026-06-09T11:28:48.249+0000] {dag.py:3954} INFO - Setting next_dagrun for tp2a_pokemon_ingestion to None, run_after=None
[2026-06-09T11:28:48.270+0000] {processor.py:183} INFO - Processing /opt/airflow/dags/dag_tp2a_pokemon_ingestion.py took 0.090 seconds
[2026-06-09T11:29:18.475+0000] {processor.py:161} INFO - Started process (PID=2758) to work on /opt/airflow/dags/dag_tp2a_pokemon_ingestion.py
[2026-06-09T11:29:18.476+0000] {processor.py:830} INFO - Processing file /opt/airflow/dags/dag_tp2a_pokemon_ingestion.py for tasks to queue
[2026-06-09T11:29:18.478+0000] {logging_mixin.py:188} INFO - [2026-06-09T11:29:18.477+0000] {dagbag.py:545} INFO - Filling up the DagBag from /opt/airflow/dags/dag_tp2a_pokemon_ingestion.py
[2026-06-09T11:29:18.498+0000] {processor.py:840} INFO - DAG(s) 'tp2a_pokemon_ingestion' retrieved from /opt/airflow/dags/dag_tp2a_pokemon_ingestion.py
[2026-06-09T11:29:18.530+0000] {logging_mixin.py:188} INFO - [2026-06-09T11:29:18.530+0000] {dag.py:3096} INFO - Sync 1 DAGs
[2026-06-09T11:29:18.544+0000] {logging_mixin.py:188} INFO - [2026-06-09T11:29:18.543+0000] {dag.py:3954} INFO - Setting next_dagrun for tp2a_pokemon_ingestion to None, run_after=None
[2026-06-09T11:29:18.569+0000] {processor.py:183} INFO - Processing /opt/airflow/dags/dag_tp2a_pokemon_ingestion.py took 0.099 seconds
[2026-06-09T11:29:48.668+0000] {processor.py:161} INFO - Started process (PID=2768) to work on /opt/airflow/dags/dag_tp2a_pokemon_ingestion.py
[2026-06-09T11:29:48.669+0000] {processor.py:830} INFO - Processing file /opt/airflow/dags/dag_tp2a_pokemon_ingestion.py for tasks to queue
[2026-06-09T11:29:48.670+0000] {logging_mixin.py:188} INFO - [2026-06-09T11:29:48.670+0000] {dagbag.py:545} INFO - Filling up the DagBag from /opt/airflow/dags/dag_tp2a_pokemon_ingestion.py
[2026-06-09T11:29:48.688+0000] {processor.py:840} INFO - DAG(s) 'tp2a_pokemon_ingestion' retrieved from /opt/airflow/dags/dag_tp2a_pokemon_ingestion.py
[2026-06-09T11:29:48.721+0000] {logging_mixin.py:188} INFO - [2026-06-09T11:29:48.721+0000] {dag.py:3096} INFO - Sync 1 DAGs
[2026-06-09T11:29:48.737+0000] {logging_mixin.py:188} INFO - [2026-06-09T11:29:48.737+0000] {dag.py:3954} INFO - Setting next_dagrun for tp2a_pokemon_ingestion to None, run_after=None
[2026-06-09T11:29:48.756+0000] {processor.py:183} INFO - Processing /opt/airflow/dags/dag_tp2a_pokemon_ingestion.py took 0.093 seconds
[2026-06-09T11:30:18.890+0000] {processor.py:161} INFO - Started process (PID=2778) to work on /opt/airflow/dags/dag_tp2a_pokemon_ingestion.py
[2026-06-09T11:30:18.891+0000] {processor.py:830} INFO - Processing file /opt/airflow/dags/dag_tp2a_pokemon_ingestion.py for tasks to queue
[2026-06-09T11:30:18.893+0000] {logging_mixin.py:188} INFO - [2026-06-09T11:30:18.893+0000] {dagbag.py:545} INFO - Filling up the DagBag from /opt/airflow/dags/dag_tp2a_pokemon_ingestion.py
[2026-06-09T11:30:18.912+0000] {processor.py:840} INFO - DAG(s) 'tp2a_pokemon_ingestion' retrieved from /opt/airflow/dags/dag_tp2a_pokemon_ingestion.py
[2026-06-09T11:30:18.949+0000] {logging_mixin.py:188} INFO - [2026-06-09T11:30:18.948+0000] {dag.py:3096} INFO - Sync 1 DAGs
[2026-06-09T11:30:18.962+0000] {logging_mixin.py:188} INFO - [2026-06-09T11:30:18.962+0000] {dag.py:3954} INFO - Setting next_dagrun for tp2a_pokemon_ingestion to None, run_after=None
[2026-06-09T11:30:18.985+0000] {processor.py:183} INFO - Processing /opt/airflow/dags/dag_tp2a_pokemon_ingestion.py took 0.102 seconds
[2026-06-09T11:30:49.085+0000] {processor.py:161} INFO - Started process (PID=2788) to work on /opt/airflow/dags/dag_tp2a_pokemon_ingestion.py
[2026-06-09T11:30:49.086+0000] {processor.py:830} INFO - Processing file /opt/airflow/dags/dag_tp2a_pokemon_ingestion.py for tasks to queue
[2026-06-09T11:30:49.088+0000] {logging_mixin.py:188} INFO - [2026-06-09T11:30:49.087+0000] {dagbag.py:545} INFO - Filling up the DagBag from /opt/airflow/dags/dag_tp2a_pokemon_ingestion.py
[2026-06-09T11:30:49.106+0000] {processor.py:840} INFO - DAG(s) 'tp2a_pokemon_ingestion' retrieved from /opt/airflow/dags/dag_tp2a_pokemon_ingestion.py
[2026-06-09T11:30:49.139+0000] {logging_mixin.py:188} INFO - [2026-06-09T11:30:49.139+0000] {dag.py:3096} INFO - Sync 1 DAGs
[2026-06-09T11:30:49.152+0000] {logging_mixin.py:188} INFO - [2026-06-09T11:30:49.151+0000] {dag.py:3954} INFO - Setting next_dagrun for tp2a_pokemon_ingestion to None, run_after=None
[2026-06-09T11:30:49.175+0000] {processor.py:183} INFO - Processing /opt/airflow/dags/dag_tp2a_pokemon_ingestion.py took 0.095 seconds
[2026-06-09T11:31:19.423+0000] {processor.py:161} INFO - Started process (PID=2798) to work on /opt/airflow/dags/dag_tp2a_pokemon_ingestion.py
[2026-06-09T11:31:19.424+0000] {processor.py:830} INFO - Processing file /opt/airflow/dags/dag_tp2a_pokemon_ingestion.py for tasks to queue
[2026-06-09T11:31:19.425+0000] {logging_mixin.py:188} INFO - [2026-06-09T11:31:19.425+0000] {dagbag.py:545} INFO - Filling up the DagBag from /opt/airflow/dags/dag_tp2a_pokemon_ingestion.py
[2026-06-09T11:31:19.445+0000] {processor.py:840} INFO - DAG(s) 'tp2a_pokemon_ingestion' retrieved from /opt/airflow/dags/dag_tp2a_pokemon_ingestion.py
[2026-06-09T11:31:19.479+0000] {logging_mixin.py:188} INFO - [2026-06-09T11:31:19.478+0000] {dag.py:3096} INFO - Sync 1 DAGs
[2026-06-09T11:31:19.491+0000] {logging_mixin.py:188} INFO - [2026-06-09T11:31:19.491+0000] {dag.py:3954} INFO - Setting next_dagrun for tp2a_pokemon_ingestion to None, run_after=None
[2026-06-09T11:31:19.512+0000] {processor.py:183} INFO - Processing /opt/airflow/dags/dag_tp2a_pokemon_ingestion.py took 0.094 seconds
[2026-06-09T11:31:49.717+0000] {processor.py:161} INFO - Started process (PID=2808) to work on /opt/airflow/dags/dag_tp2a_pokemon_ingestion.py
[2026-06-09T11:31:49.717+0000] {processor.py:830} INFO - Processing file /opt/airflow/dags/dag_tp2a_pokemon_ingestion.py for tasks to queue
[2026-06-09T11:31:49.719+0000] {logging_mixin.py:188} INFO - [2026-06-09T11:31:49.719+0000] {dagbag.py:545} INFO - Filling up the DagBag from /opt/airflow/dags/dag_tp2a_pokemon_ingestion.py
[2026-06-09T11:31:49.736+0000] {processor.py:840} INFO - DAG(s) 'tp2a_pokemon_ingestion' retrieved from /opt/airflow/dags/dag_tp2a_pokemon_ingestion.py
[2026-06-09T11:31:49.765+0000] {logging_mixin.py:188} INFO - [2026-06-09T11:31:49.765+0000] {dag.py:3096} INFO - Sync 1 DAGs
[2026-06-09T11:31:49.778+0000] {logging_mixin.py:188} INFO - [2026-06-09T11:31:49.778+0000] {dag.py:3954} INFO - Setting next_dagrun for tp2a_pokemon_ingestion to None, run_after=None
[2026-06-09T11:31:49.798+0000] {processor.py:183} INFO - Processing /opt/airflow/dags/dag_tp2a_pokemon_ingestion.py took 0.086 seconds
[2026-06-09T11:32:19.995+0000] {processor.py:161} INFO - Started process (PID=2818) to work on /opt/airflow/dags/dag_tp2a_pokemon_ingestion.py
[2026-06-09T11:32:19.996+0000] {processor.py:830} INFO - Processing file /opt/airflow/dags/dag_tp2a_pokemon_ingestion.py for tasks to queue
[2026-06-09T11:32:19.998+0000] {logging_mixin.py:188} INFO - [2026-06-09T11:32:19.998+0000] {dagbag.py:545} INFO - Filling up the DagBag from /opt/airflow/dags/dag_tp2a_pokemon_ingestion.py
[2026-06-09T11:32:20.016+0000] {processor.py:840} INFO - DAG(s) 'tp2a_pokemon_ingestion' retrieved from /opt/airflow/dags/dag_tp2a_pokemon_ingestion.py
[2026-06-09T11:32:20.049+0000] {logging_mixin.py:188} INFO - [2026-06-09T11:32:20.049+0000] {dag.py:3096} INFO - Sync 1 DAGs
[2026-06-09T11:32:20.061+0000] {logging_mixin.py:188} INFO - [2026-06-09T11:32:20.061+0000] {dag.py:3954} INFO - Setting next_dagrun for tp2a_pokemon_ingestion to None, run_after=None
[2026-06-09T11:32:20.081+0000] {processor.py:183} INFO - Processing /opt/airflow/dags/dag_tp2a_pokemon_ingestion.py took 0.091 seconds
[2026-06-09T11:32:50.291+0000] {processor.py:161} INFO - Started process (PID=2828) to work on /opt/airflow/dags/dag_tp2a_pokemon_ingestion.py
[2026-06-09T11:32:50.292+0000] {processor.py:830} INFO - Processing file /opt/airflow/dags/dag_tp2a_pokemon_ingestion.py for tasks to queue
[2026-06-09T11:32:50.294+0000] {logging_mixin.py:188} INFO - [2026-06-09T11:32:50.293+0000] {dagbag.py:545} INFO - Filling up the DagBag from /opt/airflow/dags/dag_tp2a_pokemon_ingestion.py
[2026-06-09T11:32:50.313+0000] {processor.py:840} INFO - DAG(s) 'tp2a_pokemon_ingestion' retrieved from /opt/airflow/dags/dag_tp2a_pokemon_ingestion.py
[2026-06-09T11:32:50.346+0000] {logging_mixin.py:188} INFO - [2026-06-09T11:32:50.345+0000] {dag.py:3096} INFO - Sync 1 DAGs
[2026-06-09T11:32:50.359+0000] {logging_mixin.py:188} INFO - [2026-06-09T11:32:50.359+0000] {dag.py:3954} INFO - Setting next_dagrun for tp2a_pokemon_ingestion to None, run_after=None
[2026-06-09T11:32:50.380+0000] {processor.py:183} INFO - Processing /opt/airflow/dags/dag_tp2a_pokemon_ingestion.py took 0.094 seconds
[2026-06-09T11:33:20.588+0000] {processor.py:161} INFO - Started process (PID=2838) to work on /opt/airflow/dags/dag_tp2a_pokemon_ingestion.py
[2026-06-09T11:33:20.588+0000] {processor.py:830} INFO - Processing file /opt/airflow/dags/dag_tp2a_pokemon_ingestion.py for tasks to queue
[2026-06-09T11:33:20.590+0000] {logging_mixin.py:188} INFO - [2026-06-09T11:33:20.590+0000] {dagbag.py:545} INFO - Filling up the DagBag from /opt/airflow/dags/dag_tp2a_pokemon_ingestion.py
[2026-06-09T11:33:20.608+0000] {processor.py:840} INFO - DAG(s) 'tp2a_pokemon_ingestion' retrieved from /opt/airflow/dags/dag_tp2a_pokemon_ingestion.py
[2026-06-09T11:33:20.642+0000] {logging_mixin.py:188} INFO - [2026-06-09T11:33:20.642+0000] {dag.py:3096} INFO - Sync 1 DAGs
[2026-06-09T11:33:20.654+0000] {logging_mixin.py:188} INFO - [2026-06-09T11:33:20.654+0000] {dag.py:3954} INFO - Setting next_dagrun for tp2a_pokemon_ingestion to None, run_after=None
[2026-06-09T11:33:20.672+0000] {processor.py:183} INFO - Processing /opt/airflow/dags/dag_tp2a_pokemon_ingestion.py took 0.089 seconds
[2026-06-09T11:33:50.868+0000] {processor.py:161} INFO - Started process (PID=2848) to work on /opt/airflow/dags/dag_tp2a_pokemon_ingestion.py
[2026-06-09T11:33:50.869+0000] {processor.py:830} INFO - Processing file /opt/airflow/dags/dag_tp2a_pokemon_ingestion.py for tasks to queue
[2026-06-09T11:33:50.870+0000] {logging_mixin.py:188} INFO - [2026-06-09T11:33:50.870+0000] {dagbag.py:545} INFO - Filling up the DagBag from /opt/airflow/dags/dag_tp2a_pokemon_ingestion.py
[2026-06-09T11:33:50.887+0000] {processor.py:840} INFO - DAG(s) 'tp2a_pokemon_ingestion' retrieved from /opt/airflow/dags/dag_tp2a_pokemon_ingestion.py
[2026-06-09T11:33:50.921+0000] {logging_mixin.py:188} INFO - [2026-06-09T11:33:50.921+0000] {dag.py:3096} INFO - Sync 1 DAGs
[2026-06-09T11:33:50.933+0000] {logging_mixin.py:188} INFO - [2026-06-09T11:33:50.933+0000] {dag.py:3954} INFO - Setting next_dagrun for tp2a_pokemon_ingestion to None, run_after=None
[2026-06-09T11:33:50.953+0000] {processor.py:183} INFO - Processing /opt/airflow/dags/dag_tp2a_pokemon_ingestion.py took 0.090 seconds
[2026-06-09T11:34:21.160+0000] {processor.py:161} INFO - Started process (PID=2858) to work on /opt/airflow/dags/dag_tp2a_pokemon_ingestion.py
[2026-06-09T11:34:21.161+0000] {processor.py:830} INFO - Processing file /opt/airflow/dags/dag_tp2a_pokemon_ingestion.py for tasks to queue
[2026-06-09T11:34:21.163+0000] {logging_mixin.py:188} INFO - [2026-06-09T11:34:21.162+0000] {dagbag.py:545} INFO - Filling up the DagBag from /opt/airflow/dags/dag_tp2a_pokemon_ingestion.py
[2026-06-09T11:34:21.182+0000] {processor.py:840} INFO - DAG(s) 'tp2a_pokemon_ingestion' retrieved from /opt/airflow/dags/dag_tp2a_pokemon_ingestion.py
[2026-06-09T11:34:21.215+0000] {logging_mixin.py:188} INFO - [2026-06-09T11:34:21.215+0000] {dag.py:3096} INFO - Sync 1 DAGs
[2026-06-09T11:34:21.229+0000] {logging_mixin.py:188} INFO - [2026-06-09T11:34:21.229+0000] {dag.py:3954} INFO - Setting next_dagrun for tp2a_pokemon_ingestion to None, run_after=None
[2026-06-09T11:34:21.250+0000] {processor.py:183} INFO - Processing /opt/airflow/dags/dag_tp2a_pokemon_ingestion.py took 0.097 seconds
[2026-06-09T11:34:51.456+0000] {processor.py:161} INFO - Started process (PID=2868) to work on /opt/airflow/dags/dag_tp2a_pokemon_ingestion.py
[2026-06-09T11:34:51.457+0000] {processor.py:830} INFO - Processing file /opt/airflow/dags/dag_tp2a_pokemon_ingestion.py for tasks to queue
[2026-06-09T11:34:51.459+0000] {logging_mixin.py:188} INFO - [2026-06-09T11:34:51.459+0000] {dagbag.py:545} INFO - Filling up the DagBag from /opt/airflow/dags/dag_tp2a_pokemon_ingestion.py
[2026-06-09T11:34:51.477+0000] {processor.py:840} INFO - DAG(s) 'tp2a_pokemon_ingestion' retrieved from /opt/airflow/dags/dag_tp2a_pokemon_ingestion.py
[2026-06-09T11:34:51.514+0000] {logging_mixin.py:188} INFO - [2026-06-09T11:34:51.514+0000] {dag.py:3096} INFO - Sync 1 DAGs
[2026-06-09T11:34:51.528+0000] {logging_mixin.py:188} INFO - [2026-06-09T11:34:51.528+0000] {dag.py:3954} INFO - Setting next_dagrun for tp2a_pokemon_ingestion to None, run_after=None
[2026-06-09T11:34:51.550+0000] {processor.py:183} INFO - Processing /opt/airflow/dags/dag_tp2a_pokemon_ingestion.py took 0.101 seconds
[2026-06-09T11:35:21.750+0000] {processor.py:161} INFO - Started process (PID=2878) to work on /opt/airflow/dags/dag_tp2a_pokemon_ingestion.py
[2026-06-09T11:35:21.751+0000] {processor.py:830} INFO - Processing file /opt/airflow/dags/dag_tp2a_pokemon_ingestion.py for tasks to queue
[2026-06-09T11:35:21.752+0000] {logging_mixin.py:188} INFO - [2026-06-09T11:35:21.752+0000] {dagbag.py:545} INFO - Filling up the DagBag from /opt/airflow/dags/dag_tp2a_pokemon_ingestion.py
[2026-06-09T11:35:21.769+0000] {processor.py:840} INFO - DAG(s) 'tp2a_pokemon_ingestion' retrieved from /opt/airflow/dags/dag_tp2a_pokemon_ingestion.py
[2026-06-09T11:35:21.798+0000] {logging_mixin.py:188} INFO - [2026-06-09T11:35:21.797+0000] {dag.py:3096} INFO - Sync 1 DAGs
[2026-06-09T11:35:21.809+0000] {logging_mixin.py:188} INFO - [2026-06-09T11:35:21.809+0000] {dag.py:3954} INFO - Setting next_dagrun for tp2a_pokemon_ingestion to None, run_after=None
[2026-06-09T11:35:21.827+0000] {processor.py:183} INFO - Processing /opt/airflow/dags/dag_tp2a_pokemon_ingestion.py took 0.082 seconds
[2026-06-09T11:35:52.025+0000] {processor.py:161} INFO - Started process (PID=2888) to work on /opt/airflow/dags/dag_tp2a_pokemon_ingestion.py
[2026-06-09T11:35:52.026+0000] {processor.py:830} INFO - Processing file /opt/airflow/dags/dag_tp2a_pokemon_ingestion.py for tasks to queue
[2026-06-09T11:35:52.028+0000] {logging_mixin.py:188} INFO - [2026-06-09T11:35:52.028+0000] {dagbag.py:545} INFO - Filling up the DagBag from /opt/airflow/dags/dag_tp2a_pokemon_ingestion.py
[2026-06-09T11:35:52.046+0000] {processor.py:840} INFO - DAG(s) 'tp2a_pokemon_ingestion' retrieved from /opt/airflow/dags/dag_tp2a_pokemon_ingestion.py
[2026-06-09T11:35:52.079+0000] {logging_mixin.py:188} INFO - [2026-06-09T11:35:52.079+0000] {dag.py:3096} INFO - Sync 1 DAGs
[2026-06-09T11:35:52.094+0000] {logging_mixin.py:188} INFO - [2026-06-09T11:35:52.094+0000] {dag.py:3954} INFO - Setting next_dagrun for tp2a_pokemon_ingestion to None, run_after=None
[2026-06-09T11:35:52.115+0000] {processor.py:183} INFO - Processing /opt/airflow/dags/dag_tp2a_pokemon_ingestion.py took 0.095 seconds
[2026-06-09T11:36:22.366+0000] {processor.py:161} INFO - Started process (PID=2898) to work on /opt/airflow/dags/dag_tp2a_pokemon_ingestion.py
[2026-06-09T11:36:22.367+0000] {processor.py:830} INFO - Processing file /opt/airflow/dags/dag_tp2a_pokemon_ingestion.py for tasks to queue
[2026-06-09T11:36:22.368+0000] {logging_mixin.py:188} INFO - [2026-06-09T11:36:22.368+0000] {dagbag.py:545} INFO - Filling up the DagBag from /opt/airflow/dags/dag_tp2a_pokemon_ingestion.py
[2026-06-09T11:36:22.387+0000] {processor.py:840} INFO - DAG(s) 'tp2a_pokemon_ingestion' retrieved from /opt/airflow/dags/dag_tp2a_pokemon_ingestion.py
[2026-06-09T11:36:22.418+0000] {logging_mixin.py:188} INFO - [2026-06-09T11:36:22.418+0000] {dag.py:3096} INFO - Sync 1 DAGs
[2026-06-09T11:36:22.431+0000] {logging_mixin.py:188} INFO - [2026-06-09T11:36:22.431+0000] {dag.py:3954} INFO - Setting next_dagrun for tp2a_pokemon_ingestion to None, run_after=None
[2026-06-09T11:36:22.452+0000] {processor.py:183} INFO - Processing /opt/airflow/dags/dag_tp2a_pokemon_ingestion.py took 0.091 seconds
[2026-06-09T11:36:52.655+0000] {processor.py:161} INFO - Started process (PID=2908) to work on /opt/airflow/dags/dag_tp2a_pokemon_ingestion.py
[2026-06-09T11:36:52.656+0000] {processor.py:830} INFO - Processing file /opt/airflow/dags/dag_tp2a_pokemon_ingestion.py for tasks to queue
[2026-06-09T11:36:52.658+0000] {logging_mixin.py:188} INFO - [2026-06-09T11:36:52.658+0000] {dagbag.py:545} INFO - Filling up the DagBag from /opt/airflow/dags/dag_tp2a_pokemon_ingestion.py
[2026-06-09T11:36:52.677+0000] {processor.py:840} INFO - DAG(s) 'tp2a_pokemon_ingestion' retrieved from /opt/airflow/dags/dag_tp2a_pokemon_ingestion.py
[2026-06-09T11:36:52.709+0000] {logging_mixin.py:188} INFO - [2026-06-09T11:36:52.708+0000] {dag.py:3096} INFO - Sync 1 DAGs
[2026-06-09T11:36:52.722+0000] {logging_mixin.py:188} INFO - [2026-06-09T11:36:52.722+0000] {dag.py:3954} INFO - Setting next_dagrun for tp2a_pokemon_ingestion to None, run_after=None
[2026-06-09T11:36:52.741+0000] {processor.py:183} INFO - Processing /opt/airflow/dags/dag_tp2a_pokemon_ingestion.py took 0.091 seconds
[2026-06-09T11:37:22.938+0000] {processor.py:161} INFO - Started process (PID=2918) to work on /opt/airflow/dags/dag_tp2a_pokemon_ingestion.py
[2026-06-09T11:37:22.939+0000] {processor.py:830} INFO - Processing file /opt/airflow/dags/dag_tp2a_pokemon_ingestion.py for tasks to queue
[2026-06-09T11:37:22.940+0000] {logging_mixin.py:188} INFO - [2026-06-09T11:37:22.940+0000] {dagbag.py:545} INFO - Filling up the DagBag from /opt/airflow/dags/dag_tp2a_pokemon_ingestion.py
[2026-06-09T11:37:22.961+0000] {processor.py:840} INFO - DAG(s) 'tp2a_pokemon_ingestion' retrieved from /opt/airflow/dags/dag_tp2a_pokemon_ingestion.py
[2026-06-09T11:37:22.991+0000] {logging_mixin.py:188} INFO - [2026-06-09T11:37:22.990+0000] {dag.py:3096} INFO - Sync 1 DAGs
[2026-06-09T11:37:23.004+0000] {logging_mixin.py:188} INFO - [2026-06-09T11:37:23.004+0000] {dag.py:3954} INFO - Setting next_dagrun for tp2a_pokemon_ingestion to None, run_after=None
[2026-06-09T11:37:23.024+0000] {processor.py:183} INFO - Processing /opt/airflow/dags/dag_tp2a_pokemon_ingestion.py took 0.092 seconds
[2026-06-09T11:37:53.234+0000] {processor.py:161} INFO - Started process (PID=2928) to work on /opt/airflow/dags/dag_tp2a_pokemon_ingestion.py
[2026-06-09T11:37:53.235+0000] {processor.py:830} INFO - Processing file /opt/airflow/dags/dag_tp2a_pokemon_ingestion.py for tasks to queue
[2026-06-09T11:37:53.237+0000] {logging_mixin.py:188} INFO - [2026-06-09T11:37:53.237+0000] {dagbag.py:545} INFO - Filling up the DagBag from /opt/airflow/dags/dag_tp2a_pokemon_ingestion.py
[2026-06-09T11:37:53.255+0000] {processor.py:840} INFO - DAG(s) 'tp2a_pokemon_ingestion' retrieved from /opt/airflow/dags/dag_tp2a_pokemon_ingestion.py
[2026-06-09T11:37:53.286+0000] {logging_mixin.py:188} INFO - [2026-06-09T11:37:53.286+0000] {dag.py:3096} INFO - Sync 1 DAGs
[2026-06-09T11:37:53.298+0000] {logging_mixin.py:188} INFO - [2026-06-09T11:37:53.298+0000] {dag.py:3954} INFO - Setting next_dagrun for tp2a_pokemon_ingestion to None, run_after=None
[2026-06-09T11:37:53.317+0000] {processor.py:183} INFO - Processing /opt/airflow/dags/dag_tp2a_pokemon_ingestion.py took 0.088 seconds
[2026-06-09T11:38:23.519+0000] {processor.py:161} INFO - Started process (PID=2938) to work on /opt/airflow/dags/dag_tp2a_pokemon_ingestion.py
[2026-06-09T11:38:23.520+0000] {processor.py:830} INFO - Processing file /opt/airflow/dags/dag_tp2a_pokemon_ingestion.py for tasks to queue
[2026-06-09T11:38:23.522+0000] {logging_mixin.py:188} INFO - [2026-06-09T11:38:23.521+0000] {dagbag.py:545} INFO - Filling up the DagBag from /opt/airflow/dags/dag_tp2a_pokemon_ingestion.py
[2026-06-09T11:38:23.539+0000] {processor.py:840} INFO - DAG(s) 'tp2a_pokemon_ingestion' retrieved from /opt/airflow/dags/dag_tp2a_pokemon_ingestion.py
[2026-06-09T11:38:23.571+0000] {logging_mixin.py:188} INFO - [2026-06-09T11:38:23.571+0000] {dag.py:3096} INFO - Sync 1 DAGs
[2026-06-09T11:38:23.583+0000] {logging_mixin.py:188} INFO - [2026-06-09T11:38:23.583+0000] {dag.py:3954} INFO - Setting next_dagrun for tp2a_pokemon_ingestion to None, run_after=None
[2026-06-09T11:38:23.604+0000] {processor.py:183} INFO - Processing /opt/airflow/dags/dag_tp2a_pokemon_ingestion.py took 0.091 seconds
[2026-06-09T11:38:53.807+0000] {processor.py:161} INFO - Started process (PID=2948) to work on /opt/airflow/dags/dag_tp2a_pokemon_ingestion.py
[2026-06-09T11:38:53.808+0000] {processor.py:830} INFO - Processing file /opt/airflow/dags/dag_tp2a_pokemon_ingestion.py for tasks to queue
[2026-06-09T11:38:53.810+0000] {logging_mixin.py:188} INFO - [2026-06-09T11:38:53.809+0000] {dagbag.py:545} INFO - Filling up the DagBag from /opt/airflow/dags/dag_tp2a_pokemon_ingestion.py
[2026-06-09T11:38:53.827+0000] {processor.py:840} INFO - DAG(s) 'tp2a_pokemon_ingestion' retrieved from /opt/airflow/dags/dag_tp2a_pokemon_ingestion.py
[2026-06-09T11:38:53.860+0000] {logging_mixin.py:188} INFO - [2026-06-09T11:38:53.860+0000] {dag.py:3096} INFO - Sync 1 DAGs
[2026-06-09T11:38:53.878+0000] {logging_mixin.py:188} INFO - [2026-06-09T11:38:53.878+0000] {dag.py:3954} INFO - Setting next_dagrun for tp2a_pokemon_ingestion to None, run_after=None
[2026-06-09T11:38:53.897+0000] {processor.py:183} INFO - Processing /opt/airflow/dags/dag_tp2a_pokemon_ingestion.py took 0.095 seconds
[2026-06-09T11:39:23.994+0000] {processor.py:161} INFO - Started process (PID=2958) to work on /opt/airflow/dags/dag_tp2a_pokemon_ingestion.py
[2026-06-09T11:39:23.994+0000] {processor.py:830} INFO - Processing file /opt/airflow/dags/dag_tp2a_pokemon_ingestion.py for tasks to queue
[2026-06-09T11:39:23.996+0000] {logging_mixin.py:188} INFO - [2026-06-09T11:39:23.996+0000] {dagbag.py:545} INFO - Filling up the DagBag from /opt/airflow/dags/dag_tp2a_pokemon_ingestion.py
[2026-06-09T11:39:24.014+0000] {processor.py:840} INFO - DAG(s) 'tp2a_pokemon_ingestion' retrieved from /opt/airflow/dags/dag_tp2a_pokemon_ingestion.py
[2026-06-09T11:39:24.046+0000] {logging_mixin.py:188} INFO - [2026-06-09T11:39:24.046+0000] {dag.py:3096} INFO - Sync 1 DAGs
[2026-06-09T11:39:24.061+0000] {logging_mixin.py:188} INFO - [2026-06-09T11:39:24.061+0000] {dag.py:3954} INFO - Setting next_dagrun for tp2a_pokemon_ingestion to None, run_after=None
[2026-06-09T11:39:24.080+0000] {processor.py:183} INFO - Processing /opt/airflow/dags/dag_tp2a_pokemon_ingestion.py took 0.093 seconds
[2026-06-09T11:39:54.288+0000] {processor.py:161} INFO - Started process (PID=2968) to work on /opt/airflow/dags/dag_tp2a_pokemon_ingestion.py
[2026-06-09T11:39:54.289+0000] {processor.py:830} INFO - Processing file /opt/airflow/dags/dag_tp2a_pokemon_ingestion.py for tasks to queue
[2026-06-09T11:39:54.291+0000] {logging_mixin.py:188} INFO - [2026-06-09T11:39:54.291+0000] {dagbag.py:545} INFO - Filling up the DagBag from /opt/airflow/dags/dag_tp2a_pokemon_ingestion.py
[2026-06-09T11:39:54.309+0000] {processor.py:840} INFO - DAG(s) 'tp2a_pokemon_ingestion' retrieved from /opt/airflow/dags/dag_tp2a_pokemon_ingestion.py
[2026-06-09T11:39:54.342+0000] {logging_mixin.py:188} INFO - [2026-06-09T11:39:54.342+0000] {dag.py:3096} INFO - Sync 1 DAGs
[2026-06-09T11:39:54.356+0000] {logging_mixin.py:188} INFO - [2026-06-09T11:39:54.356+0000] {dag.py:3954} INFO - Setting next_dagrun for tp2a_pokemon_ingestion to None, run_after=None
[2026-06-09T11:39:54.379+0000] {processor.py:183} INFO - Processing /opt/airflow/dags/dag_tp2a_pokemon_ingestion.py took 0.096 seconds
[2026-06-09T11:40:24.585+0000] {processor.py:161} INFO - Started process (PID=2978) to work on /opt/airflow/dags/dag_tp2a_pokemon_ingestion.py
[2026-06-09T11:40:24.586+0000] {processor.py:830} INFO - Processing file /opt/airflow/dags/dag_tp2a_pokemon_ingestion.py for tasks to queue
[2026-06-09T11:40:24.587+0000] {logging_mixin.py:188} INFO - [2026-06-09T11:40:24.587+0000] {dagbag.py:545} INFO - Filling up the DagBag from /opt/airflow/dags/dag_tp2a_pokemon_ingestion.py
[2026-06-09T11:40:24.606+0000] {processor.py:840} INFO - DAG(s) 'tp2a_pokemon_ingestion' retrieved from /opt/airflow/dags/dag_tp2a_pokemon_ingestion.py
[2026-06-09T11:40:24.636+0000] {logging_mixin.py:188} INFO - [2026-06-09T11:40:24.635+0000] {dag.py:3096} INFO - Sync 1 DAGs
[2026-06-09T11:40:24.649+0000] {logging_mixin.py:188} INFO - [2026-06-09T11:40:24.649+0000] {dag.py:3954} INFO - Setting next_dagrun for tp2a_pokemon_ingestion to None, run_after=None
[2026-06-09T11:40:24.669+0000] {processor.py:183} INFO - Processing /opt/airflow/dags/dag_tp2a_pokemon_ingestion.py took 0.089 seconds
[2026-06-09T11:40:54.905+0000] {processor.py:161} INFO - Started process (PID=2988) to work on /opt/airflow/dags/dag_tp2a_pokemon_ingestion.py
[2026-06-09T11:40:54.906+0000] {processor.py:830} INFO - Processing file /opt/airflow/dags/dag_tp2a_pokemon_ingestion.py for tasks to queue
[2026-06-09T11:40:54.907+0000] {logging_mixin.py:188} INFO - [2026-06-09T11:40:54.907+0000] {dagbag.py:545} INFO - Filling up the DagBag from /opt/airflow/dags/dag_tp2a_pokemon_ingestion.py
[2026-06-09T11:40:54.926+0000] {processor.py:840} INFO - DAG(s) 'tp2a_pokemon_ingestion' retrieved from /opt/airflow/dags/dag_tp2a_pokemon_ingestion.py
[2026-06-09T11:40:54.959+0000] {logging_mixin.py:188} INFO - [2026-06-09T11:40:54.959+0000] {dag.py:3096} INFO - Sync 1 DAGs
[2026-06-09T11:40:54.972+0000] {logging_mixin.py:188} INFO - [2026-06-09T11:40:54.971+0000] {dag.py:3954} INFO - Setting next_dagrun for tp2a_pokemon_ingestion to None, run_after=None
[2026-06-09T11:40:54.992+0000] {processor.py:183} INFO - Processing /opt/airflow/dags/dag_tp2a_pokemon_ingestion.py took 0.092 seconds
[2026-06-09T11:41:25.201+0000] {processor.py:161} INFO - Started process (PID=2998) to work on /opt/airflow/dags/dag_tp2a_pokemon_ingestion.py
[2026-06-09T11:41:25.202+0000] {processor.py:830} INFO - Processing file /opt/airflow/dags/dag_tp2a_pokemon_ingestion.py for tasks to queue
[2026-06-09T11:41:25.204+0000] {logging_mixin.py:188} INFO - [2026-06-09T11:41:25.204+0000] {dagbag.py:545} INFO - Filling up the DagBag from /opt/airflow/dags/dag_tp2a_pokemon_ingestion.py
[2026-06-09T11:41:25.223+0000] {processor.py:840} INFO - DAG(s) 'tp2a_pokemon_ingestion' retrieved from /opt/airflow/dags/dag_tp2a_pokemon_ingestion.py
[2026-06-09T11:41:25.256+0000] {logging_mixin.py:188} INFO - [2026-06-09T11:41:25.255+0000] {dag.py:3096} INFO - Sync 1 DAGs
[2026-06-09T11:41:25.268+0000] {logging_mixin.py:188} INFO - [2026-06-09T11:41:25.268+0000] {dag.py:3954} INFO - Setting next_dagrun for tp2a_pokemon_ingestion to None, run_after=None
[2026-06-09T11:41:25.288+0000] {processor.py:183} INFO - Processing /opt/airflow/dags/dag_tp2a_pokemon_ingestion.py took 0.092 seconds
[2026-06-09T11:41:55.392+0000] {processor.py:161} INFO - Started process (PID=3008) to work on /opt/airflow/dags/dag_tp2a_pokemon_ingestion.py
[2026-06-09T11:41:55.393+0000] {processor.py:830} INFO - Processing file /opt/airflow/dags/dag_tp2a_pokemon_ingestion.py for tasks to queue
[2026-06-09T11:41:55.395+0000] {logging_mixin.py:188} INFO - [2026-06-09T11:41:55.394+0000] {dagbag.py:545} INFO - Filling up the DagBag from /opt/airflow/dags/dag_tp2a_pokemon_ingestion.py
[2026-06-09T11:41:55.413+0000] {processor.py:840} INFO - DAG(s) 'tp2a_pokemon_ingestion' retrieved from /opt/airflow/dags/dag_tp2a_pokemon_ingestion.py
[2026-06-09T11:41:55.443+0000] {logging_mixin.py:188} INFO - [2026-06-09T11:41:55.442+0000] {dag.py:3096} INFO - Sync 1 DAGs
[2026-06-09T11:41:55.457+0000] {logging_mixin.py:188} INFO - [2026-06-09T11:41:55.456+0000] {dag.py:3954} INFO - Setting next_dagrun for tp2a_pokemon_ingestion to None, run_after=None
[2026-06-09T11:41:55.477+0000] {processor.py:183} INFO - Processing /opt/airflow/dags/dag_tp2a_pokemon_ingestion.py took 0.090 seconds
[2026-06-09T11:42:25.679+0000] {processor.py:161} INFO - Started process (PID=3018) to work on /opt/airflow/dags/dag_tp2a_pokemon_ingestion.py
[2026-06-09T11:42:25.680+0000] {processor.py:830} INFO - Processing file /opt/airflow/dags/dag_tp2a_pokemon_ingestion.py for tasks to queue
[2026-06-09T11:42:25.682+0000] {logging_mixin.py:188} INFO - [2026-06-09T11:42:25.682+0000] {dagbag.py:545} INFO - Filling up the DagBag from /opt/airflow/dags/dag_tp2a_pokemon_ingestion.py
[2026-06-09T11:42:25.700+0000] {processor.py:840} INFO - DAG(s) 'tp2a_pokemon_ingestion' retrieved from /opt/airflow/dags/dag_tp2a_pokemon_ingestion.py
[2026-06-09T11:42:25.731+0000] {logging_mixin.py:188} INFO - [2026-06-09T11:42:25.731+0000] {dag.py:3096} INFO - Sync 1 DAGs
[2026-06-09T11:42:25.744+0000] {logging_mixin.py:188} INFO - [2026-06-09T11:42:25.744+0000] {dag.py:3954} INFO - Setting next_dagrun for tp2a_pokemon_ingestion to None, run_after=None
[2026-06-09T11:42:25.765+0000] {processor.py:183} INFO - Processing /opt/airflow/dags/dag_tp2a_pokemon_ingestion.py took 0.091 seconds
[2026-06-09T11:42:55.975+0000] {processor.py:161} INFO - Started process (PID=3028) to work on /opt/airflow/dags/dag_tp2a_pokemon_ingestion.py
[2026-06-09T11:42:55.976+0000] {processor.py:830} INFO - Processing file /opt/airflow/dags/dag_tp2a_pokemon_ingestion.py for tasks to queue
[2026-06-09T11:42:55.978+0000] {logging_mixin.py:188} INFO - [2026-06-09T11:42:55.977+0000] {dagbag.py:545} INFO - Filling up the DagBag from /opt/airflow/dags/dag_tp2a_pokemon_ingestion.py
[2026-06-09T11:42:55.996+0000] {processor.py:840} INFO - DAG(s) 'tp2a_pokemon_ingestion' retrieved from /opt/airflow/dags/dag_tp2a_pokemon_ingestion.py
[2026-06-09T11:42:56.028+0000] {logging_mixin.py:188} INFO - [2026-06-09T11:42:56.028+0000] {dag.py:3096} INFO - Sync 1 DAGs
[2026-06-09T11:42:56.041+0000] {logging_mixin.py:188} INFO - [2026-06-09T11:42:56.041+0000] {dag.py:3954} INFO - Setting next_dagrun for tp2a_pokemon_ingestion to None, run_after=None
[2026-06-09T11:42:56.062+0000] {processor.py:183} INFO - Processing /opt/airflow/dags/dag_tp2a_pokemon_ingestion.py took 0.092 seconds
[2026-06-09T11:43:26.271+0000] {processor.py:161} INFO - Started process (PID=3038) to work on /opt/airflow/dags/dag_tp2a_pokemon_ingestion.py
[2026-06-09T11:43:26.272+0000] {processor.py:830} INFO - Processing file /opt/airflow/dags/dag_tp2a_pokemon_ingestion.py for tasks to queue
[2026-06-09T11:43:26.274+0000] {logging_mixin.py:188} INFO - [2026-06-09T11:43:26.273+0000] {dagbag.py:545} INFO - Filling up the DagBag from /opt/airflow/dags/dag_tp2a_pokemon_ingestion.py
[2026-06-09T11:43:26.294+0000] {processor.py:840} INFO - DAG(s) 'tp2a_pokemon_ingestion' retrieved from /opt/airflow/dags/dag_tp2a_pokemon_ingestion.py
[2026-06-09T11:43:26.327+0000] {logging_mixin.py:188} INFO - [2026-06-09T11:43:26.326+0000] {dag.py:3096} INFO - Sync 1 DAGs
[2026-06-09T11:43:26.341+0000] {logging_mixin.py:188} INFO - [2026-06-09T11:43:26.340+0000] {dag.py:3954} INFO - Setting next_dagrun for tp2a_pokemon_ingestion to None, run_after=None
[2026-06-09T11:43:26.362+0000] {processor.py:183} INFO - Processing /opt/airflow/dags/dag_tp2a_pokemon_ingestion.py took 0.096 seconds
[2026-06-09T11:43:56.570+0000] {processor.py:161} INFO - Started process (PID=3048) to work on /opt/airflow/dags/dag_tp2a_pokemon_ingestion.py
[2026-06-09T11:43:56.571+0000] {processor.py:830} INFO - Processing file /opt/airflow/dags/dag_tp2a_pokemon_ingestion.py for tasks to queue
[2026-06-09T11:43:56.572+0000] {logging_mixin.py:188} INFO - [2026-06-09T11:43:56.572+0000] {dagbag.py:545} INFO - Filling up the DagBag from /opt/airflow/dags/dag_tp2a_pokemon_ingestion.py
[2026-06-09T11:43:56.592+0000] {processor.py:840} INFO - DAG(s) 'tp2a_pokemon_ingestion' retrieved from /opt/airflow/dags/dag_tp2a_pokemon_ingestion.py
[2026-06-09T11:43:56.629+0000] {logging_mixin.py:188} INFO - [2026-06-09T11:43:56.629+0000] {dag.py:3096} INFO - Sync 1 DAGs
[2026-06-09T11:43:56.642+0000] {logging_mixin.py:188} INFO - [2026-06-09T11:43:56.642+0000] {dag.py:3954} INFO - Setting next_dagrun for tp2a_pokemon_ingestion to None, run_after=None
[2026-06-09T11:43:56.659+0000] {processor.py:183} INFO - Processing /opt/airflow/dags/dag_tp2a_pokemon_ingestion.py took 0.095 seconds
[2026-06-09T11:44:26.753+0000] {processor.py:161} INFO - Started process (PID=3058) to work on /opt/airflow/dags/dag_tp2a_pokemon_ingestion.py
[2026-06-09T11:44:26.754+0000] {processor.py:830} INFO - Processing file /opt/airflow/dags/dag_tp2a_pokemon_ingestion.py for tasks to queue
[2026-06-09T11:44:26.756+0000] {logging_mixin.py:188} INFO - [2026-06-09T11:44:26.755+0000] {dagbag.py:545} INFO - Filling up the DagBag from /opt/airflow/dags/dag_tp2a_pokemon_ingestion.py
[2026-06-09T11:44:26.773+0000] {processor.py:840} INFO - DAG(s) 'tp2a_pokemon_ingestion' retrieved from /opt/airflow/dags/dag_tp2a_pokemon_ingestion.py
[2026-06-09T11:44:26.805+0000] {logging_mixin.py:188} INFO - [2026-06-09T11:44:26.804+0000] {dag.py:3096} INFO - Sync 1 DAGs
[2026-06-09T11:44:26.816+0000] {logging_mixin.py:188} INFO - [2026-06-09T11:44:26.816+0000] {dag.py:3954} INFO - Setting next_dagrun for tp2a_pokemon_ingestion to None, run_after=None
[2026-06-09T11:44:26.835+0000] {processor.py:183} INFO - Processing /opt/airflow/dags/dag_tp2a_pokemon_ingestion.py took 0.087 seconds
[2026-06-09T11:44:57.043+0000] {processor.py:161} INFO - Started process (PID=3068) to work on /opt/airflow/dags/dag_tp2a_pokemon_ingestion.py
[2026-06-09T11:44:57.044+0000] {processor.py:830} INFO - Processing file /opt/airflow/dags/dag_tp2a_pokemon_ingestion.py for tasks to queue
[2026-06-09T11:44:57.046+0000] {logging_mixin.py:188} INFO - [2026-06-09T11:44:57.046+0000] {dagbag.py:545} INFO - Filling up the DagBag from /opt/airflow/dags/dag_tp2a_pokemon_ingestion.py
[2026-06-09T11:44:57.063+0000] {processor.py:840} INFO - DAG(s) 'tp2a_pokemon_ingestion' retrieved from /opt/airflow/dags/dag_tp2a_pokemon_ingestion.py
[2026-06-09T11:44:57.097+0000] {logging_mixin.py:188} INFO - [2026-06-09T11:44:57.096+0000] {dag.py:3096} INFO - Sync 1 DAGs
[2026-06-09T11:44:57.109+0000] {logging_mixin.py:188} INFO - [2026-06-09T11:44:57.109+0000] {dag.py:3954} INFO - Setting next_dagrun for tp2a_pokemon_ingestion to None, run_after=None
[2026-06-09T11:44:57.131+0000] {processor.py:183} INFO - Processing /opt/airflow/dags/dag_tp2a_pokemon_ingestion.py took 0.093 seconds
[2026-06-09T11:45:27.338+0000] {processor.py:161} INFO - Started process (PID=3078) to work on /opt/airflow/dags/dag_tp2a_pokemon_ingestion.py
[2026-06-09T11:45:27.339+0000] {processor.py:830} INFO - Processing file /opt/airflow/dags/dag_tp2a_pokemon_ingestion.py for tasks to queue
[2026-06-09T11:45:27.340+0000] {logging_mixin.py:188} INFO - [2026-06-09T11:45:27.340+0000] {dagbag.py:545} INFO - Filling up the DagBag from /opt/airflow/dags/dag_tp2a_pokemon_ingestion.py
[2026-06-09T11:45:27.359+0000] {processor.py:840} INFO - DAG(s) 'tp2a_pokemon_ingestion' retrieved from /opt/airflow/dags/dag_tp2a_pokemon_ingestion.py
[2026-06-09T11:45:27.392+0000] {logging_mixin.py:188} INFO - [2026-06-09T11:45:27.391+0000] {dag.py:3096} INFO - Sync 1 DAGs
[2026-06-09T11:45:27.405+0000] {logging_mixin.py:188} INFO - [2026-06-09T11:45:27.404+0000] {dag.py:3954} INFO - Setting next_dagrun for tp2a_pokemon_ingestion to None, run_after=None
[2026-06-09T11:45:27.425+0000] {processor.py:183} INFO - Processing /opt/airflow/dags/dag_tp2a_pokemon_ingestion.py took 0.092 seconds
[2026-06-09T11:45:57.568+0000] {processor.py:161} INFO - Started process (PID=3088) to work on /opt/airflow/dags/dag_tp2a_pokemon_ingestion.py
[2026-06-09T11:45:57.569+0000] {processor.py:830} INFO - Processing file /opt/airflow/dags/dag_tp2a_pokemon_ingestion.py for tasks to queue
[2026-06-09T11:45:57.571+0000] {logging_mixin.py:188} INFO - [2026-06-09T11:45:57.571+0000] {dagbag.py:545} INFO - Filling up the DagBag from /opt/airflow/dags/dag_tp2a_pokemon_ingestion.py
[2026-06-09T11:45:57.589+0000] {processor.py:840} INFO - DAG(s) 'tp2a_pokemon_ingestion' retrieved from /opt/airflow/dags/dag_tp2a_pokemon_ingestion.py
[2026-06-09T11:45:57.620+0000] {logging_mixin.py:188} INFO - [2026-06-09T11:45:57.620+0000] {dag.py:3096} INFO - Sync 1 DAGs
[2026-06-09T11:45:57.632+0000] {logging_mixin.py:188} INFO - [2026-06-09T11:45:57.632+0000] {dag.py:3954} INFO - Setting next_dagrun for tp2a_pokemon_ingestion to None, run_after=None
[2026-06-09T11:45:57.651+0000] {processor.py:183} INFO - Processing /opt/airflow/dags/dag_tp2a_pokemon_ingestion.py took 0.088 seconds
[2026-06-09T11:46:27.846+0000] {processor.py:161} INFO - Started process (PID=3098) to work on /opt/airflow/dags/dag_tp2a_pokemon_ingestion.py
[2026-06-09T11:46:27.847+0000] {processor.py:830} INFO - Processing file /opt/airflow/dags/dag_tp2a_pokemon_ingestion.py for tasks to queue
[2026-06-09T11:46:27.848+0000] {logging_mixin.py:188} INFO - [2026-06-09T11:46:27.848+0000] {dagbag.py:545} INFO - Filling up the DagBag from /opt/airflow/dags/dag_tp2a_pokemon_ingestion.py
[2026-06-09T11:46:27.866+0000] {processor.py:840} INFO - DAG(s) 'tp2a_pokemon_ingestion' retrieved from /opt/airflow/dags/dag_tp2a_pokemon_ingestion.py
[2026-06-09T11:46:27.904+0000] {logging_mixin.py:188} INFO - [2026-06-09T11:46:27.903+0000] {dag.py:3096} INFO - Sync 1 DAGs
[2026-06-09T11:46:27.918+0000] {logging_mixin.py:188} INFO - [2026-06-09T11:46:27.917+0000] {dag.py:3954} INFO - Setting next_dagrun for tp2a_pokemon_ingestion to None, run_after=None
[2026-06-09T11:46:27.939+0000] {processor.py:183} INFO - Processing /opt/airflow/dags/dag_tp2a_pokemon_ingestion.py took 0.098 seconds
[2026-06-09T11:46:58.033+0000] {processor.py:161} INFO - Started process (PID=3108) to work on /opt/airflow/dags/dag_tp2a_pokemon_ingestion.py
[2026-06-09T11:46:58.034+0000] {processor.py:830} INFO - Processing file /opt/airflow/dags/dag_tp2a_pokemon_ingestion.py for tasks to queue
[2026-06-09T11:46:58.036+0000] {logging_mixin.py:188} INFO - [2026-06-09T11:46:58.035+0000] {dagbag.py:545} INFO - Filling up the DagBag from /opt/airflow/dags/dag_tp2a_pokemon_ingestion.py
[2026-06-09T11:46:58.053+0000] {processor.py:840} INFO - DAG(s) 'tp2a_pokemon_ingestion' retrieved from /opt/airflow/dags/dag_tp2a_pokemon_ingestion.py
[2026-06-09T11:46:58.084+0000] {logging_mixin.py:188} INFO - [2026-06-09T11:46:58.084+0000] {dag.py:3096} INFO - Sync 1 DAGs
[2026-06-09T11:46:58.097+0000] {logging_mixin.py:188} INFO - [2026-06-09T11:46:58.097+0000] {dag.py:3954} INFO - Setting next_dagrun for tp2a_pokemon_ingestion to None, run_after=None
[2026-06-09T11:46:58.115+0000] {processor.py:183} INFO - Processing /opt/airflow/dags/dag_tp2a_pokemon_ingestion.py took 0.086 seconds
[2026-06-09T11:47:28.319+0000] {processor.py:161} INFO - Started process (PID=3118) to work on /opt/airflow/dags/dag_tp2a_pokemon_ingestion.py
[2026-06-09T11:47:28.320+0000] {processor.py:830} INFO - Processing file /opt/airflow/dags/dag_tp2a_pokemon_ingestion.py for tasks to queue
[2026-06-09T11:47:28.322+0000] {logging_mixin.py:188} INFO - [2026-06-09T11:47:28.322+0000] {dagbag.py:545} INFO - Filling up the DagBag from /opt/airflow/dags/dag_tp2a_pokemon_ingestion.py
[2026-06-09T11:47:28.341+0000] {processor.py:840} INFO - DAG(s) 'tp2a_pokemon_ingestion' retrieved from /opt/airflow/dags/dag_tp2a_pokemon_ingestion.py
[2026-06-09T11:47:28.373+0000] {logging_mixin.py:188} INFO - [2026-06-09T11:47:28.373+0000] {dag.py:3096} INFO - Sync 1 DAGs
[2026-06-09T11:47:28.386+0000] {logging_mixin.py:188} INFO - [2026-06-09T11:47:28.386+0000] {dag.py:3954} INFO - Setting next_dagrun for tp2a_pokemon_ingestion to None, run_after=None
[2026-06-09T11:47:28.407+0000] {processor.py:183} INFO - Processing /opt/airflow/dags/dag_tp2a_pokemon_ingestion.py took 0.093 seconds
[2026-06-09T11:47:58.615+0000] {processor.py:161} INFO - Started process (PID=3128) to work on /opt/airflow/dags/dag_tp2a_pokemon_ingestion.py
[2026-06-09T11:47:58.616+0000] {processor.py:830} INFO - Processing file /opt/airflow/dags/dag_tp2a_pokemon_ingestion.py for tasks to queue
[2026-06-09T11:47:58.618+0000] {logging_mixin.py:188} INFO - [2026-06-09T11:47:58.617+0000] {dagbag.py:545} INFO - Filling up the DagBag from /opt/airflow/dags/dag_tp2a_pokemon_ingestion.py
[2026-06-09T11:47:58.636+0000] {processor.py:840} INFO - DAG(s) 'tp2a_pokemon_ingestion' retrieved from /opt/airflow/dags/dag_tp2a_pokemon_ingestion.py
[2026-06-09T11:47:58.666+0000] {logging_mixin.py:188} INFO - [2026-06-09T11:47:58.666+0000] {dag.py:3096} INFO - Sync 1 DAGs
[2026-06-09T11:47:58.678+0000] {logging_mixin.py:188} INFO - [2026-06-09T11:47:58.678+0000] {dag.py:3954} INFO - Setting next_dagrun for tp2a_pokemon_ingestion to None, run_after=None
[2026-06-09T11:47:58.698+0000] {processor.py:183} INFO - Processing /opt/airflow/dags/dag_tp2a_pokemon_ingestion.py took 0.088 seconds
[2026-06-09T11:48:28.894+0000] {processor.py:161} INFO - Started process (PID=3138) to work on /opt/airflow/dags/dag_tp2a_pokemon_ingestion.py
[2026-06-09T11:48:28.895+0000] {processor.py:830} INFO - Processing file /opt/airflow/dags/dag_tp2a_pokemon_ingestion.py for tasks to queue
[2026-06-09T11:48:28.897+0000] {logging_mixin.py:188} INFO - [2026-06-09T11:48:28.896+0000] {dagbag.py:545} INFO - Filling up the DagBag from /opt/airflow/dags/dag_tp2a_pokemon_ingestion.py
[2026-06-09T11:48:28.914+0000] {processor.py:840} INFO - DAG(s) 'tp2a_pokemon_ingestion' retrieved from /opt/airflow/dags/dag_tp2a_pokemon_ingestion.py
[2026-06-09T11:48:28.947+0000] {logging_mixin.py:188} INFO - [2026-06-09T11:48:28.947+0000] {dag.py:3096} INFO - Sync 1 DAGs
[2026-06-09T11:48:28.963+0000] {logging_mixin.py:188} INFO - [2026-06-09T11:48:28.962+0000] {dag.py:3954} INFO - Setting next_dagrun for tp2a_pokemon_ingestion to None, run_after=None
[2026-06-09T11:48:28.988+0000] {processor.py:183} INFO - Processing /opt/airflow/dags/dag_tp2a_pokemon_ingestion.py took 0.099 seconds
[2026-06-09T11:48:59.084+0000] {processor.py:161} INFO - Started process (PID=3148) to work on /opt/airflow/dags/dag_tp2a_pokemon_ingestion.py
[2026-06-09T11:48:59.085+0000] {processor.py:830} INFO - Processing file /opt/airflow/dags/dag_tp2a_pokemon_ingestion.py for tasks to queue
[2026-06-09T11:48:59.087+0000] {logging_mixin.py:188} INFO - [2026-06-09T11:48:59.087+0000] {dagbag.py:545} INFO - Filling up the DagBag from /opt/airflow/dags/dag_tp2a_pokemon_ingestion.py
[2026-06-09T11:48:59.105+0000] {processor.py:840} INFO - DAG(s) 'tp2a_pokemon_ingestion' retrieved from /opt/airflow/dags/dag_tp2a_pokemon_ingestion.py
[2026-06-09T11:48:59.133+0000] {logging_mixin.py:188} INFO - [2026-06-09T11:48:59.133+0000] {dag.py:3096} INFO - Sync 1 DAGs
[2026-06-09T11:48:59.146+0000] {logging_mixin.py:188} INFO - [2026-06-09T11:48:59.146+0000] {dag.py:3954} INFO - Setting next_dagrun for tp2a_pokemon_ingestion to None, run_after=None
[2026-06-09T11:48:59.166+0000] {processor.py:183} INFO - Processing /opt/airflow/dags/dag_tp2a_pokemon_ingestion.py took 0.087 seconds
[2026-06-09T11:49:29.378+0000] {processor.py:161} INFO - Started process (PID=3158) to work on /opt/airflow/dags/dag_tp2a_pokemon_ingestion.py
[2026-06-09T11:49:29.379+0000] {processor.py:830} INFO - Processing file /opt/airflow/dags/dag_tp2a_pokemon_ingestion.py for tasks to queue
[2026-06-09T11:49:29.381+0000] {logging_mixin.py:188} INFO - [2026-06-09T11:49:29.381+0000] {dagbag.py:545} INFO - Filling up the DagBag from /opt/airflow/dags/dag_tp2a_pokemon_ingestion.py
[2026-06-09T11:49:29.401+0000] {processor.py:840} INFO - DAG(s) 'tp2a_pokemon_ingestion' retrieved from /opt/airflow/dags/dag_tp2a_pokemon_ingestion.py
[2026-06-09T11:49:29.431+0000] {logging_mixin.py:188} INFO - [2026-06-09T11:49:29.430+0000] {dag.py:3096} INFO - Sync 1 DAGs
[2026-06-09T11:49:29.443+0000] {logging_mixin.py:188} INFO - [2026-06-09T11:49:29.443+0000] {dag.py:3954} INFO - Setting next_dagrun for tp2a_pokemon_ingestion to None, run_after=None
[2026-06-09T11:49:29.464+0000] {processor.py:183} INFO - Processing /opt/airflow/dags/dag_tp2a_pokemon_ingestion.py took 0.091 seconds
[2026-06-09T11:49:59.665+0000] {processor.py:161} INFO - Started process (PID=3168) to work on /opt/airflow/dags/dag_tp2a_pokemon_ingestion.py
[2026-06-09T11:49:59.666+0000] {processor.py:830} INFO - Processing file /opt/airflow/dags/dag_tp2a_pokemon_ingestion.py for tasks to queue
[2026-06-09T11:49:59.667+0000] {logging_mixin.py:188} INFO - [2026-06-09T11:49:59.667+0000] {dagbag.py:545} INFO - Filling up the DagBag from /opt/airflow/dags/dag_tp2a_pokemon_ingestion.py
[2026-06-09T11:49:59.684+0000] {processor.py:840} INFO - DAG(s) 'tp2a_pokemon_ingestion' retrieved from /opt/airflow/dags/dag_tp2a_pokemon_ingestion.py
[2026-06-09T11:49:59.713+0000] {logging_mixin.py:188} INFO - [2026-06-09T11:49:59.713+0000] {dag.py:3096} INFO - Sync 1 DAGs
[2026-06-09T11:49:59.727+0000] {logging_mixin.py:188} INFO - [2026-06-09T11:49:59.727+0000] {dag.py:3954} INFO - Setting next_dagrun for tp2a_pokemon_ingestion to None, run_after=None
[2026-06-09T11:49:59.748+0000] {processor.py:183} INFO - Processing /opt/airflow/dags/dag_tp2a_pokemon_ingestion.py took 0.087 seconds
[2026-06-09T11:50:29.946+0000] {processor.py:161} INFO - Started process (PID=3178) to work on /opt/airflow/dags/dag_tp2a_pokemon_ingestion.py
[2026-06-09T11:50:29.947+0000] {processor.py:830} INFO - Processing file /opt/airflow/dags/dag_tp2a_pokemon_ingestion.py for tasks to queue
[2026-06-09T11:50:29.949+0000] {logging_mixin.py:188} INFO - [2026-06-09T11:50:29.949+0000] {dagbag.py:545} INFO - Filling up the DagBag from /opt/airflow/dags/dag_tp2a_pokemon_ingestion.py
[2026-06-09T11:50:29.967+0000] {processor.py:840} INFO - DAG(s) 'tp2a_pokemon_ingestion' retrieved from /opt/airflow/dags/dag_tp2a_pokemon_ingestion.py
[2026-06-09T11:50:29.999+0000] {logging_mixin.py:188} INFO - [2026-06-09T11:50:29.999+0000] {dag.py:3096} INFO - Sync 1 DAGs
[2026-06-09T11:50:30.013+0000] {logging_mixin.py:188} INFO - [2026-06-09T11:50:30.012+0000] {dag.py:3954} INFO - Setting next_dagrun for tp2a_pokemon_ingestion to None, run_after=None
[2026-06-09T11:50:30.039+0000] {processor.py:183} INFO - Processing /opt/airflow/dags/dag_tp2a_pokemon_ingestion.py took 0.098 seconds
[2026-06-09T11:51:00.176+0000] {processor.py:161} INFO - Started process (PID=3188) to work on /opt/airflow/dags/dag_tp2a_pokemon_ingestion.py
[2026-06-09T11:51:00.177+0000] {processor.py:830} INFO - Processing file /opt/airflow/dags/dag_tp2a_pokemon_ingestion.py for tasks to queue
[2026-06-09T11:51:00.178+0000] {logging_mixin.py:188} INFO - [2026-06-09T11:51:00.178+0000] {dagbag.py:545} INFO - Filling up the DagBag from /opt/airflow/dags/dag_tp2a_pokemon_ingestion.py
[2026-06-09T11:51:00.197+0000] {processor.py:840} INFO - DAG(s) 'tp2a_pokemon_ingestion' retrieved from /opt/airflow/dags/dag_tp2a_pokemon_ingestion.py
[2026-06-09T11:51:00.229+0000] {logging_mixin.py:188} INFO - [2026-06-09T11:51:00.229+0000] {dag.py:3096} INFO - Sync 1 DAGs
[2026-06-09T11:51:00.242+0000] {logging_mixin.py:188} INFO - [2026-06-09T11:51:00.242+0000] {dag.py:3954} INFO - Setting next_dagrun for tp2a_pokemon_ingestion to None, run_after=None
[2026-06-09T11:51:00.263+0000] {processor.py:183} INFO - Processing /opt/airflow/dags/dag_tp2a_pokemon_ingestion.py took 0.093 seconds
[2026-06-09T11:51:30.372+0000] {processor.py:161} INFO - Started process (PID=3198) to work on /opt/airflow/dags/dag_tp2a_pokemon_ingestion.py
[2026-06-09T11:51:30.373+0000] {processor.py:830} INFO - Processing file /opt/airflow/dags/dag_tp2a_pokemon_ingestion.py for tasks to queue
[2026-06-09T11:51:30.374+0000] {logging_mixin.py:188} INFO - [2026-06-09T11:51:30.374+0000] {dagbag.py:545} INFO - Filling up the DagBag from /opt/airflow/dags/dag_tp2a_pokemon_ingestion.py
[2026-06-09T11:51:30.392+0000] {processor.py:840} INFO - DAG(s) 'tp2a_pokemon_ingestion' retrieved from /opt/airflow/dags/dag_tp2a_pokemon_ingestion.py
[2026-06-09T11:51:30.421+0000] {logging_mixin.py:188} INFO - [2026-06-09T11:51:30.421+0000] {dag.py:3096} INFO - Sync 1 DAGs
[2026-06-09T11:51:30.435+0000] {logging_mixin.py:188} INFO - [2026-06-09T11:51:30.434+0000] {dag.py:3954} INFO - Setting next_dagrun for tp2a_pokemon_ingestion to None, run_after=None
[2026-06-09T11:51:30.455+0000] {processor.py:183} INFO - Processing /opt/airflow/dags/dag_tp2a_pokemon_ingestion.py took 0.088 seconds
[2026-06-09T11:52:00.660+0000] {processor.py:161} INFO - Started process (PID=3208) to work on /opt/airflow/dags/dag_tp2a_pokemon_ingestion.py
[2026-06-09T11:52:00.661+0000] {processor.py:830} INFO - Processing file /opt/airflow/dags/dag_tp2a_pokemon_ingestion.py for tasks to queue
[2026-06-09T11:52:00.663+0000] {logging_mixin.py:188} INFO - [2026-06-09T11:52:00.662+0000] {dagbag.py:545} INFO - Filling up the DagBag from /opt/airflow/dags/dag_tp2a_pokemon_ingestion.py
[2026-06-09T11:52:00.679+0000] {processor.py:840} INFO - DAG(s) 'tp2a_pokemon_ingestion' retrieved from /opt/airflow/dags/dag_tp2a_pokemon_ingestion.py
[2026-06-09T11:52:00.709+0000] {logging_mixin.py:188} INFO - [2026-06-09T11:52:00.709+0000] {dag.py:3096} INFO - Sync 1 DAGs
[2026-06-09T11:52:00.721+0000] {logging_mixin.py:188} INFO - [2026-06-09T11:52:00.721+0000] {dag.py:3954} INFO - Setting next_dagrun for tp2a_pokemon_ingestion to None, run_after=None
[2026-06-09T11:52:00.741+0000] {processor.py:183} INFO - Processing /opt/airflow/dags/dag_tp2a_pokemon_ingestion.py took 0.086 seconds
[2026-06-09T11:52:30.938+0000] {processor.py:161} INFO - Started process (PID=3218) to work on /opt/airflow/dags/dag_tp2a_pokemon_ingestion.py
[2026-06-09T11:52:30.938+0000] {processor.py:830} INFO - Processing file /opt/airflow/dags/dag_tp2a_pokemon_ingestion.py for tasks to queue
[2026-06-09T11:52:30.940+0000] {logging_mixin.py:188} INFO - [2026-06-09T11:52:30.940+0000] {dagbag.py:545} INFO - Filling up the DagBag from /opt/airflow/dags/dag_tp2a_pokemon_ingestion.py
[2026-06-09T11:52:30.957+0000] {processor.py:840} INFO - DAG(s) 'tp2a_pokemon_ingestion' retrieved from /opt/airflow/dags/dag_tp2a_pokemon_ingestion.py
[2026-06-09T11:52:30.988+0000] {logging_mixin.py:188} INFO - [2026-06-09T11:52:30.988+0000] {dag.py:3096} INFO - Sync 1 DAGs
[2026-06-09T11:52:31.001+0000] {logging_mixin.py:188} INFO - [2026-06-09T11:52:31.000+0000] {dag.py:3954} INFO - Setting next_dagrun for tp2a_pokemon_ingestion to None, run_after=None
[2026-06-09T11:52:31.022+0000] {processor.py:183} INFO - Processing /opt/airflow/dags/dag_tp2a_pokemon_ingestion.py took 0.089 seconds
[2026-06-09T11:53:01.231+0000] {processor.py:161} INFO - Started process (PID=3228) to work on /opt/airflow/dags/dag_tp2a_pokemon_ingestion.py
[2026-06-09T11:53:01.232+0000] {processor.py:830} INFO - Processing file /opt/airflow/dags/dag_tp2a_pokemon_ingestion.py for tasks to queue
[2026-06-09T11:53:01.233+0000] {logging_mixin.py:188} INFO - [2026-06-09T11:53:01.233+0000] {dagbag.py:545} INFO - Filling up the DagBag from /opt/airflow/dags/dag_tp2a_pokemon_ingestion.py
[2026-06-09T11:53:01.254+0000] {processor.py:840} INFO - DAG(s) 'tp2a_pokemon_ingestion' retrieved from /opt/airflow/dags/dag_tp2a_pokemon_ingestion.py
[2026-06-09T11:53:01.288+0000] {logging_mixin.py:188} INFO - [2026-06-09T11:53:01.288+0000] {dag.py:3096} INFO - Sync 1 DAGs
[2026-06-09T11:53:01.302+0000] {logging_mixin.py:188} INFO - [2026-06-09T11:53:01.302+0000] {dag.py:3954} INFO - Setting next_dagrun for tp2a_pokemon_ingestion to None, run_after=None
[2026-06-09T11:53:01.323+0000] {processor.py:183} INFO - Processing /opt/airflow/dags/dag_tp2a_pokemon_ingestion.py took 0.098 seconds
[2026-06-09T11:53:31.530+0000] {processor.py:161} INFO - Started process (PID=3238) to work on /opt/airflow/dags/dag_tp2a_pokemon_ingestion.py
[2026-06-09T11:53:31.532+0000] {processor.py:830} INFO - Processing file /opt/airflow/dags/dag_tp2a_pokemon_ingestion.py for tasks to queue
[2026-06-09T11:53:31.534+0000] {logging_mixin.py:188} INFO - [2026-06-09T11:53:31.534+0000] {dagbag.py:545} INFO - Filling up the DagBag from /opt/airflow/dags/dag_tp2a_pokemon_ingestion.py
[2026-06-09T11:53:31.552+0000] {processor.py:840} INFO - DAG(s) 'tp2a_pokemon_ingestion' retrieved from /opt/airflow/dags/dag_tp2a_pokemon_ingestion.py
[2026-06-09T11:53:31.582+0000] {logging_mixin.py:188} INFO - [2026-06-09T11:53:31.582+0000] {dag.py:3096} INFO - Sync 1 DAGs
[2026-06-09T11:53:31.595+0000] {logging_mixin.py:188} INFO - [2026-06-09T11:53:31.595+0000] {dag.py:3954} INFO - Setting next_dagrun for tp2a_pokemon_ingestion to None, run_after=None
[2026-06-09T11:53:31.614+0000] {processor.py:183} INFO - Processing /opt/airflow/dags/dag_tp2a_pokemon_ingestion.py took 0.089 seconds
[2026-06-09T11:54:01.814+0000] {processor.py:161} INFO - Started process (PID=3248) to work on /opt/airflow/dags/dag_tp2a_pokemon_ingestion.py
[2026-06-09T11:54:01.815+0000] {processor.py:830} INFO - Processing file /opt/airflow/dags/dag_tp2a_pokemon_ingestion.py for tasks to queue
[2026-06-09T11:54:01.816+0000] {logging_mixin.py:188} INFO - [2026-06-09T11:54:01.816+0000] {dagbag.py:545} INFO - Filling up the DagBag from /opt/airflow/dags/dag_tp2a_pokemon_ingestion.py
[2026-06-09T11:54:01.834+0000] {processor.py:840} INFO - DAG(s) 'tp2a_pokemon_ingestion' retrieved from /opt/airflow/dags/dag_tp2a_pokemon_ingestion.py
[2026-06-09T11:54:01.865+0000] {logging_mixin.py:188} INFO - [2026-06-09T11:54:01.865+0000] {dag.py:3096} INFO - Sync 1 DAGs
[2026-06-09T11:54:01.878+0000] {logging_mixin.py:188} INFO - [2026-06-09T11:54:01.878+0000] {dag.py:3954} INFO - Setting next_dagrun for tp2a_pokemon_ingestion to None, run_after=None
[2026-06-09T11:54:01.899+0000] {processor.py:183} INFO - Processing /opt/airflow/dags/dag_tp2a_pokemon_ingestion.py took 0.090 seconds
[2026-06-09T11:54:32.105+0000] {processor.py:161} INFO - Started process (PID=3258) to work on /opt/airflow/dags/dag_tp2a_pokemon_ingestion.py
[2026-06-09T11:54:32.106+0000] {processor.py:830} INFO - Processing file /opt/airflow/dags/dag_tp2a_pokemon_ingestion.py for tasks to queue
[2026-06-09T11:54:32.108+0000] {logging_mixin.py:188} INFO - [2026-06-09T11:54:32.107+0000] {dagbag.py:545} INFO - Filling up the DagBag from /opt/airflow/dags/dag_tp2a_pokemon_ingestion.py
[2026-06-09T11:54:32.126+0000] {processor.py:840} INFO - DAG(s) 'tp2a_pokemon_ingestion' retrieved from /opt/airflow/dags/dag_tp2a_pokemon_ingestion.py
[2026-06-09T11:54:32.159+0000] {logging_mixin.py:188} INFO - [2026-06-09T11:54:32.159+0000] {dag.py:3096} INFO - Sync 1 DAGs
[2026-06-09T11:54:32.173+0000] {logging_mixin.py:188} INFO - [2026-06-09T11:54:32.173+0000] {dag.py:3954} INFO - Setting next_dagrun for tp2a_pokemon_ingestion to None, run_after=None
[2026-06-09T11:54:32.194+0000] {processor.py:183} INFO - Processing /opt/airflow/dags/dag_tp2a_pokemon_ingestion.py took 0.094 seconds
[2026-06-09T11:55:02.402+0000] {processor.py:161} INFO - Started process (PID=3268) to work on /opt/airflow/dags/dag_tp2a_pokemon_ingestion.py
[2026-06-09T11:55:02.403+0000] {processor.py:830} INFO - Processing file /opt/airflow/dags/dag_tp2a_pokemon_ingestion.py for tasks to queue
[2026-06-09T11:55:02.404+0000] {logging_mixin.py:188} INFO - [2026-06-09T11:55:02.404+0000] {dagbag.py:545} INFO - Filling up the DagBag from /opt/airflow/dags/dag_tp2a_pokemon_ingestion.py
[2026-06-09T11:55:02.423+0000] {processor.py:840} INFO - DAG(s) 'tp2a_pokemon_ingestion' retrieved from /opt/airflow/dags/dag_tp2a_pokemon_ingestion.py
[2026-06-09T11:55:02.455+0000] {logging_mixin.py:188} INFO - [2026-06-09T11:55:02.454+0000] {dag.py:3096} INFO - Sync 1 DAGs
[2026-06-09T11:55:02.468+0000] {logging_mixin.py:188} INFO - [2026-06-09T11:55:02.467+0000] {dag.py:3954} INFO - Setting next_dagrun for tp2a_pokemon_ingestion to None, run_after=None
[2026-06-09T11:55:02.491+0000] {processor.py:183} INFO - Processing /opt/airflow/dags/dag_tp2a_pokemon_ingestion.py took 0.095 seconds
[2026-06-09T11:55:32.699+0000] {processor.py:161} INFO - Started process (PID=3278) to work on /opt/airflow/dags/dag_tp2a_pokemon_ingestion.py
[2026-06-09T11:55:32.700+0000] {processor.py:830} INFO - Processing file /opt/airflow/dags/dag_tp2a_pokemon_ingestion.py for tasks to queue
[2026-06-09T11:55:32.701+0000] {logging_mixin.py:188} INFO - [2026-06-09T11:55:32.701+0000] {dagbag.py:545} INFO - Filling up the DagBag from /opt/airflow/dags/dag_tp2a_pokemon_ingestion.py
[2026-06-09T11:55:32.719+0000] {processor.py:840} INFO - DAG(s) 'tp2a_pokemon_ingestion' retrieved from /opt/airflow/dags/dag_tp2a_pokemon_ingestion.py
[2026-06-09T11:55:32.749+0000] {logging_mixin.py:188} INFO - [2026-06-09T11:55:32.748+0000] {dag.py:3096} INFO - Sync 1 DAGs
[2026-06-09T11:55:32.761+0000] {logging_mixin.py:188} INFO - [2026-06-09T11:55:32.761+0000] {dag.py:3954} INFO - Setting next_dagrun for tp2a_pokemon_ingestion to None, run_after=None
[2026-06-09T11:55:32.782+0000] {processor.py:183} INFO - Processing /opt/airflow/dags/dag_tp2a_pokemon_ingestion.py took 0.088 seconds
[2026-06-09T11:56:03.030+0000] {processor.py:161} INFO - Started process (PID=3288) to work on /opt/airflow/dags/dag_tp2a_pokemon_ingestion.py
[2026-06-09T11:56:03.031+0000] {processor.py:830} INFO - Processing file /opt/airflow/dags/dag_tp2a_pokemon_ingestion.py for tasks to queue
[2026-06-09T11:56:03.033+0000] {logging_mixin.py:188} INFO - [2026-06-09T11:56:03.032+0000] {dagbag.py:545} INFO - Filling up the DagBag from /opt/airflow/dags/dag_tp2a_pokemon_ingestion.py
[2026-06-09T11:56:03.050+0000] {processor.py:840} INFO - DAG(s) 'tp2a_pokemon_ingestion' retrieved from /opt/airflow/dags/dag_tp2a_pokemon_ingestion.py
[2026-06-09T11:56:03.079+0000] {logging_mixin.py:188} INFO - [2026-06-09T11:56:03.079+0000] {dag.py:3096} INFO - Sync 1 DAGs
[2026-06-09T11:56:03.093+0000] {logging_mixin.py:188} INFO - [2026-06-09T11:56:03.093+0000] {dag.py:3954} INFO - Setting next_dagrun for tp2a_pokemon_ingestion to None, run_after=None
[2026-06-09T11:56:03.114+0000] {processor.py:183} INFO - Processing /opt/airflow/dags/dag_tp2a_pokemon_ingestion.py took 0.089 seconds
[2026-06-09T11:56:33.323+0000] {processor.py:161} INFO - Started process (PID=3298) to work on /opt/airflow/dags/dag_tp2a_pokemon_ingestion.py
[2026-06-09T11:56:33.324+0000] {processor.py:830} INFO - Processing file /opt/airflow/dags/dag_tp2a_pokemon_ingestion.py for tasks to queue
[2026-06-09T11:56:33.326+0000] {logging_mixin.py:188} INFO - [2026-06-09T11:56:33.325+0000] {dagbag.py:545} INFO - Filling up the DagBag from /opt/airflow/dags/dag_tp2a_pokemon_ingestion.py
[2026-06-09T11:56:33.347+0000] {processor.py:840} INFO - DAG(s) 'tp2a_pokemon_ingestion' retrieved from /opt/airflow/dags/dag_tp2a_pokemon_ingestion.py
[2026-06-09T11:56:33.380+0000] {logging_mixin.py:188} INFO - [2026-06-09T11:56:33.379+0000] {dag.py:3096} INFO - Sync 1 DAGs
[2026-06-09T11:56:33.393+0000] {logging_mixin.py:188} INFO - [2026-06-09T11:56:33.393+0000] {dag.py:3954} INFO - Setting next_dagrun for tp2a_pokemon_ingestion to None, run_after=None
[2026-06-09T11:56:33.414+0000] {processor.py:183} INFO - Processing /opt/airflow/dags/dag_tp2a_pokemon_ingestion.py took 0.097 seconds
[2026-06-09T11:57:03.518+0000] {processor.py:161} INFO - Started process (PID=3308) to work on /opt/airflow/dags/dag_tp2a_pokemon_ingestion.py
[2026-06-09T11:57:03.518+0000] {processor.py:830} INFO - Processing file /opt/airflow/dags/dag_tp2a_pokemon_ingestion.py for tasks to queue
[2026-06-09T11:57:03.520+0000] {logging_mixin.py:188} INFO - [2026-06-09T11:57:03.520+0000] {dagbag.py:545} INFO - Filling up the DagBag from /opt/airflow/dags/dag_tp2a_pokemon_ingestion.py
[2026-06-09T11:57:03.538+0000] {processor.py:840} INFO - DAG(s) 'tp2a_pokemon_ingestion' retrieved from /opt/airflow/dags/dag_tp2a_pokemon_ingestion.py
[2026-06-09T11:57:03.568+0000] {logging_mixin.py:188} INFO - [2026-06-09T11:57:03.568+0000] {dag.py:3096} INFO - Sync 1 DAGs
[2026-06-09T11:57:03.582+0000] {logging_mixin.py:188} INFO - [2026-06-09T11:57:03.581+0000] {dag.py:3954} INFO - Setting next_dagrun for tp2a_pokemon_ingestion to None, run_after=None
[2026-06-09T11:57:03.602+0000] {processor.py:183} INFO - Processing /opt/airflow/dags/dag_tp2a_pokemon_ingestion.py took 0.090 seconds
[2026-06-09T11:57:33.797+0000] {processor.py:161} INFO - Started process (PID=3318) to work on /opt/airflow/dags/dag_tp2a_pokemon_ingestion.py
[2026-06-09T11:57:33.797+0000] {processor.py:830} INFO - Processing file /opt/airflow/dags/dag_tp2a_pokemon_ingestion.py for tasks to queue
[2026-06-09T11:57:33.799+0000] {logging_mixin.py:188} INFO - [2026-06-09T11:57:33.799+0000] {dagbag.py:545} INFO - Filling up the DagBag from /opt/airflow/dags/dag_tp2a_pokemon_ingestion.py
[2026-06-09T11:57:33.816+0000] {processor.py:840} INFO - DAG(s) 'tp2a_pokemon_ingestion' retrieved from /opt/airflow/dags/dag_tp2a_pokemon_ingestion.py
[2026-06-09T11:57:33.846+0000] {logging_mixin.py:188} INFO - [2026-06-09T11:57:33.846+0000] {dag.py:3096} INFO - Sync 1 DAGs
[2026-06-09T11:57:33.858+0000] {logging_mixin.py:188} INFO - [2026-06-09T11:57:33.858+0000] {dag.py:3954} INFO - Setting next_dagrun for tp2a_pokemon_ingestion to None, run_after=None
[2026-06-09T11:57:33.880+0000] {processor.py:183} INFO - Processing /opt/airflow/dags/dag_tp2a_pokemon_ingestion.py took 0.088 seconds
[2026-06-09T11:58:03.988+0000] {processor.py:161} INFO - Started process (PID=3328) to work on /opt/airflow/dags/dag_tp2a_pokemon_ingestion.py
[2026-06-09T11:58:03.989+0000] {processor.py:830} INFO - Processing file /opt/airflow/dags/dag_tp2a_pokemon_ingestion.py for tasks to queue
[2026-06-09T11:58:03.991+0000] {logging_mixin.py:188} INFO - [2026-06-09T11:58:03.991+0000] {dagbag.py:545} INFO - Filling up the DagBag from /opt/airflow/dags/dag_tp2a_pokemon_ingestion.py
[2026-06-09T11:58:04.009+0000] {processor.py:840} INFO - DAG(s) 'tp2a_pokemon_ingestion' retrieved from /opt/airflow/dags/dag_tp2a_pokemon_ingestion.py
[2026-06-09T11:58:04.045+0000] {logging_mixin.py:188} INFO - [2026-06-09T11:58:04.045+0000] {dag.py:3096} INFO - Sync 1 DAGs
[2026-06-09T11:58:04.059+0000] {logging_mixin.py:188} INFO - [2026-06-09T11:58:04.058+0000] {dag.py:3954} INFO - Setting next_dagrun for tp2a_pokemon_ingestion to None, run_after=None
[2026-06-09T11:58:04.079+0000] {processor.py:183} INFO - Processing /opt/airflow/dags/dag_tp2a_pokemon_ingestion.py took 0.098 seconds
[2026-06-09T11:58:34.291+0000] {processor.py:161} INFO - Started process (PID=3338) to work on /opt/airflow/dags/dag_tp2a_pokemon_ingestion.py
[2026-06-09T11:58:34.292+0000] {processor.py:830} INFO - Processing file /opt/airflow/dags/dag_tp2a_pokemon_ingestion.py for tasks to queue
[2026-06-09T11:58:34.294+0000] {logging_mixin.py:188} INFO - [2026-06-09T11:58:34.293+0000] {dagbag.py:545} INFO - Filling up the DagBag from /opt/airflow/dags/dag_tp2a_pokemon_ingestion.py
[2026-06-09T11:58:34.313+0000] {processor.py:840} INFO - DAG(s) 'tp2a_pokemon_ingestion' retrieved from /opt/airflow/dags/dag_tp2a_pokemon_ingestion.py
[2026-06-09T11:58:34.347+0000] {logging_mixin.py:188} INFO - [2026-06-09T11:58:34.346+0000] {dag.py:3096} INFO - Sync 1 DAGs
[2026-06-09T11:58:34.360+0000] {logging_mixin.py:188} INFO - [2026-06-09T11:58:34.360+0000] {dag.py:3954} INFO - Setting next_dagrun for tp2a_pokemon_ingestion to None, run_after=None
[2026-06-09T11:58:34.381+0000] {processor.py:183} INFO - Processing /opt/airflow/dags/dag_tp2a_pokemon_ingestion.py took 0.095 seconds
[2026-06-09T11:59:04.602+0000] {processor.py:161} INFO - Started process (PID=3348) to work on /opt/airflow/dags/dag_tp2a_pokemon_ingestion.py
[2026-06-09T11:59:04.603+0000] {processor.py:830} INFO - Processing file /opt/airflow/dags/dag_tp2a_pokemon_ingestion.py for tasks to queue
[2026-06-09T11:59:04.605+0000] {logging_mixin.py:188} INFO - [2026-06-09T11:59:04.605+0000] {dagbag.py:545} INFO - Filling up the DagBag from /opt/airflow/dags/dag_tp2a_pokemon_ingestion.py
[2026-06-09T11:59:04.631+0000] {processor.py:840} INFO - DAG(s) 'tp2a_pokemon_ingestion' retrieved from /opt/airflow/dags/dag_tp2a_pokemon_ingestion.py
[2026-06-09T11:59:04.686+0000] {logging_mixin.py:188} INFO - [2026-06-09T11:59:04.685+0000] {dag.py:3096} INFO - Sync 1 DAGs
[2026-06-09T11:59:04.701+0000] {logging_mixin.py:188} INFO - [2026-06-09T11:59:04.701+0000] {dag.py:3954} INFO - Setting next_dagrun for tp2a_pokemon_ingestion to None, run_after=None
[2026-06-09T11:59:04.724+0000] {processor.py:183} INFO - Processing /opt/airflow/dags/dag_tp2a_pokemon_ingestion.py took 0.129 seconds
[2026-06-09T11:59:34.801+0000] {processor.py:161} INFO - Started process (PID=3358) to work on /opt/airflow/dags/dag_tp2a_pokemon_ingestion.py
[2026-06-09T11:59:34.802+0000] {processor.py:830} INFO - Processing file /opt/airflow/dags/dag_tp2a_pokemon_ingestion.py for tasks to queue
[2026-06-09T11:59:34.804+0000] {logging_mixin.py:188} INFO - [2026-06-09T11:59:34.803+0000] {dagbag.py:545} INFO - Filling up the DagBag from /opt/airflow/dags/dag_tp2a_pokemon_ingestion.py
[2026-06-09T11:59:34.824+0000] {processor.py:840} INFO - DAG(s) 'tp2a_pokemon_ingestion' retrieved from /opt/airflow/dags/dag_tp2a_pokemon_ingestion.py
[2026-06-09T11:59:34.860+0000] {logging_mixin.py:188} INFO - [2026-06-09T11:59:34.860+0000] {dag.py:3096} INFO - Sync 1 DAGs
[2026-06-09T11:59:34.876+0000] {logging_mixin.py:188} INFO - [2026-06-09T11:59:34.876+0000] {dag.py:3954} INFO - Setting next_dagrun for tp2a_pokemon_ingestion to None, run_after=None
[2026-06-09T11:59:34.896+0000] {processor.py:183} INFO - Processing /opt/airflow/dags/dag_tp2a_pokemon_ingestion.py took 0.102 seconds
[2026-06-09T12:00:05.107+0000] {processor.py:161} INFO - Started process (PID=3368) to work on /opt/airflow/dags/dag_tp2a_pokemon_ingestion.py
[2026-06-09T12:00:05.107+0000] {processor.py:830} INFO - Processing file /opt/airflow/dags/dag_tp2a_pokemon_ingestion.py for tasks to queue
[2026-06-09T12:00:05.109+0000] {logging_mixin.py:188} INFO - [2026-06-09T12:00:05.109+0000] {dagbag.py:545} INFO - Filling up the DagBag from /opt/airflow/dags/dag_tp2a_pokemon_ingestion.py
[2026-06-09T12:00:05.127+0000] {processor.py:840} INFO - DAG(s) 'tp2a_pokemon_ingestion' retrieved from /opt/airflow/dags/dag_tp2a_pokemon_ingestion.py
[2026-06-09T12:00:05.157+0000] {logging_mixin.py:188} INFO - [2026-06-09T12:00:05.157+0000] {dag.py:3096} INFO - Sync 1 DAGs
[2026-06-09T12:00:05.169+0000] {logging_mixin.py:188} INFO - [2026-06-09T12:00:05.169+0000] {dag.py:3954} INFO - Setting next_dagrun for tp2a_pokemon_ingestion to None, run_after=None
[2026-06-09T12:00:05.189+0000] {processor.py:183} INFO - Processing /opt/airflow/dags/dag_tp2a_pokemon_ingestion.py took 0.087 seconds
[2026-06-09T12:00:35.399+0000] {processor.py:161} INFO - Started process (PID=3378) to work on /opt/airflow/dags/dag_tp2a_pokemon_ingestion.py
[2026-06-09T12:00:35.400+0000] {processor.py:830} INFO - Processing file /opt/airflow/dags/dag_tp2a_pokemon_ingestion.py for tasks to queue
[2026-06-09T12:00:35.402+0000] {logging_mixin.py:188} INFO - [2026-06-09T12:00:35.401+0000] {dagbag.py:545} INFO - Filling up the DagBag from /opt/airflow/dags/dag_tp2a_pokemon_ingestion.py
[2026-06-09T12:00:35.421+0000] {processor.py:840} INFO - DAG(s) 'tp2a_pokemon_ingestion' retrieved from /opt/airflow/dags/dag_tp2a_pokemon_ingestion.py
[2026-06-09T12:00:35.455+0000] {logging_mixin.py:188} INFO - [2026-06-09T12:00:35.454+0000] {dag.py:3096} INFO - Sync 1 DAGs
[2026-06-09T12:00:35.467+0000] {logging_mixin.py:188} INFO - [2026-06-09T12:00:35.467+0000] {dag.py:3954} INFO - Setting next_dagrun for tp2a_pokemon_ingestion to None, run_after=None
[2026-06-09T12:00:35.489+0000] {processor.py:183} INFO - Processing /opt/airflow/dags/dag_tp2a_pokemon_ingestion.py took 0.096 seconds
[2026-06-09T12:01:05.734+0000] {processor.py:161} INFO - Started process (PID=3388) to work on /opt/airflow/dags/dag_tp2a_pokemon_ingestion.py
[2026-06-09T12:01:05.735+0000] {processor.py:830} INFO - Processing file /opt/airflow/dags/dag_tp2a_pokemon_ingestion.py for tasks to queue
[2026-06-09T12:01:05.737+0000] {logging_mixin.py:188} INFO - [2026-06-09T12:01:05.737+0000] {dagbag.py:545} INFO - Filling up the DagBag from /opt/airflow/dags/dag_tp2a_pokemon_ingestion.py
[2026-06-09T12:01:05.755+0000] {processor.py:840} INFO - DAG(s) 'tp2a_pokemon_ingestion' retrieved from /opt/airflow/dags/dag_tp2a_pokemon_ingestion.py
[2026-06-09T12:01:05.788+0000] {logging_mixin.py:188} INFO - [2026-06-09T12:01:05.788+0000] {dag.py:3096} INFO - Sync 1 DAGs
[2026-06-09T12:01:05.802+0000] {logging_mixin.py:188} INFO - [2026-06-09T12:01:05.801+0000] {dag.py:3954} INFO - Setting next_dagrun for tp2a_pokemon_ingestion to None, run_after=None
[2026-06-09T12:01:05.822+0000] {processor.py:183} INFO - Processing /opt/airflow/dags/dag_tp2a_pokemon_ingestion.py took 0.093 seconds
[2026-06-09T12:01:35.930+0000] {processor.py:161} INFO - Started process (PID=3398) to work on /opt/airflow/dags/dag_tp2a_pokemon_ingestion.py
[2026-06-09T12:01:35.931+0000] {processor.py:830} INFO - Processing file /opt/airflow/dags/dag_tp2a_pokemon_ingestion.py for tasks to queue
[2026-06-09T12:01:35.933+0000] {logging_mixin.py:188} INFO - [2026-06-09T12:01:35.932+0000] {dagbag.py:545} INFO - Filling up the DagBag from /opt/airflow/dags/dag_tp2a_pokemon_ingestion.py
[2026-06-09T12:01:35.950+0000] {processor.py:840} INFO - DAG(s) 'tp2a_pokemon_ingestion' retrieved from /opt/airflow/dags/dag_tp2a_pokemon_ingestion.py
[2026-06-09T12:01:35.981+0000] {logging_mixin.py:188} INFO - [2026-06-09T12:01:35.981+0000] {dag.py:3096} INFO - Sync 1 DAGs
[2026-06-09T12:01:35.993+0000] {logging_mixin.py:188} INFO - [2026-06-09T12:01:35.993+0000] {dag.py:3954} INFO - Setting next_dagrun for tp2a_pokemon_ingestion to None, run_after=None
[2026-06-09T12:01:36.011+0000] {processor.py:183} INFO - Processing /opt/airflow/dags/dag_tp2a_pokemon_ingestion.py took 0.086 seconds
[2026-06-09T12:02:06.210+0000] {processor.py:161} INFO - Started process (PID=3408) to work on /opt/airflow/dags/dag_tp2a_pokemon_ingestion.py
[2026-06-09T12:02:06.211+0000] {processor.py:830} INFO - Processing file /opt/airflow/dags/dag_tp2a_pokemon_ingestion.py for tasks to queue
[2026-06-09T12:02:06.213+0000] {logging_mixin.py:188} INFO - [2026-06-09T12:02:06.213+0000] {dagbag.py:545} INFO - Filling up the DagBag from /opt/airflow/dags/dag_tp2a_pokemon_ingestion.py
[2026-06-09T12:02:06.230+0000] {processor.py:840} INFO - DAG(s) 'tp2a_pokemon_ingestion' retrieved from /opt/airflow/dags/dag_tp2a_pokemon_ingestion.py
[2026-06-09T12:02:06.260+0000] {logging_mixin.py:188} INFO - [2026-06-09T12:02:06.259+0000] {dag.py:3096} INFO - Sync 1 DAGs
[2026-06-09T12:02:06.273+0000] {logging_mixin.py:188} INFO - [2026-06-09T12:02:06.273+0000] {dag.py:3954} INFO - Setting next_dagrun for tp2a_pokemon_ingestion to None, run_after=None
[2026-06-09T12:02:06.294+0000] {processor.py:183} INFO - Processing /opt/airflow/dags/dag_tp2a_pokemon_ingestion.py took 0.090 seconds
[2026-06-09T12:02:36.498+0000] {processor.py:161} INFO - Started process (PID=3418) to work on /opt/airflow/dags/dag_tp2a_pokemon_ingestion.py
[2026-06-09T12:02:36.499+0000] {processor.py:830} INFO - Processing file /opt/airflow/dags/dag_tp2a_pokemon_ingestion.py for tasks to queue
[2026-06-09T12:02:36.501+0000] {logging_mixin.py:188} INFO - [2026-06-09T12:02:36.500+0000] {dagbag.py:545} INFO - Filling up the DagBag from /opt/airflow/dags/dag_tp2a_pokemon_ingestion.py
[2026-06-09T12:02:36.518+0000] {processor.py:840} INFO - DAG(s) 'tp2a_pokemon_ingestion' retrieved from /opt/airflow/dags/dag_tp2a_pokemon_ingestion.py
[2026-06-09T12:02:36.554+0000] {logging_mixin.py:188} INFO - [2026-06-09T12:02:36.554+0000] {dag.py:3096} INFO - Sync 1 DAGs
[2026-06-09T12:02:36.570+0000] {logging_mixin.py:188} INFO - [2026-06-09T12:02:36.569+0000] {dag.py:3954} INFO - Setting next_dagrun for tp2a_pokemon_ingestion to None, run_after=None
[2026-06-09T12:02:36.590+0000] {processor.py:183} INFO - Processing /opt/airflow/dags/dag_tp2a_pokemon_ingestion.py took 0.097 seconds
[2026-06-09T12:03:06.810+0000] {processor.py:161} INFO - Started process (PID=3428) to work on /opt/airflow/dags/dag_tp2a_pokemon_ingestion.py
[2026-06-09T12:03:06.811+0000] {processor.py:830} INFO - Processing file /opt/airflow/dags/dag_tp2a_pokemon_ingestion.py for tasks to queue
[2026-06-09T12:03:06.813+0000] {logging_mixin.py:188} INFO - [2026-06-09T12:03:06.813+0000] {dagbag.py:545} INFO - Filling up the DagBag from /opt/airflow/dags/dag_tp2a_pokemon_ingestion.py
[2026-06-09T12:03:06.833+0000] {processor.py:840} INFO - DAG(s) 'tp2a_pokemon_ingestion' retrieved from /opt/airflow/dags/dag_tp2a_pokemon_ingestion.py
[2026-06-09T12:03:06.869+0000] {logging_mixin.py:188} INFO - [2026-06-09T12:03:06.868+0000] {dag.py:3096} INFO - Sync 1 DAGs
[2026-06-09T12:03:06.882+0000] {logging_mixin.py:188} INFO - [2026-06-09T12:03:06.882+0000] {dag.py:3954} INFO - Setting next_dagrun for tp2a_pokemon_ingestion to None, run_after=None
[2026-06-09T12:03:06.905+0000] {processor.py:183} INFO - Processing /opt/airflow/dags/dag_tp2a_pokemon_ingestion.py took 0.101 seconds
[2026-06-09T12:03:37.117+0000] {processor.py:161} INFO - Started process (PID=3438) to work on /opt/airflow/dags/dag_tp2a_pokemon_ingestion.py
[2026-06-09T12:03:37.118+0000] {processor.py:830} INFO - Processing file /opt/airflow/dags/dag_tp2a_pokemon_ingestion.py for tasks to queue
[2026-06-09T12:03:37.120+0000] {logging_mixin.py:188} INFO - [2026-06-09T12:03:37.119+0000] {dagbag.py:545} INFO - Filling up the DagBag from /opt/airflow/dags/dag_tp2a_pokemon_ingestion.py
[2026-06-09T12:03:37.138+0000] {processor.py:840} INFO - DAG(s) 'tp2a_pokemon_ingestion' retrieved from /opt/airflow/dags/dag_tp2a_pokemon_ingestion.py
[2026-06-09T12:03:37.170+0000] {logging_mixin.py:188} INFO - [2026-06-09T12:03:37.170+0000] {dag.py:3096} INFO - Sync 1 DAGs
[2026-06-09T12:03:37.184+0000] {logging_mixin.py:188} INFO - [2026-06-09T12:03:37.184+0000] {dag.py:3954} INFO - Setting next_dagrun for tp2a_pokemon_ingestion to None, run_after=None
[2026-06-09T12:03:37.205+0000] {processor.py:183} INFO - Processing /opt/airflow/dags/dag_tp2a_pokemon_ingestion.py took 0.093 seconds
[2026-06-09T12:04:07.311+0000] {processor.py:161} INFO - Started process (PID=3448) to work on /opt/airflow/dags/dag_tp2a_pokemon_ingestion.py
[2026-06-09T12:04:07.312+0000] {processor.py:830} INFO - Processing file /opt/airflow/dags/dag_tp2a_pokemon_ingestion.py for tasks to queue
[2026-06-09T12:04:07.314+0000] {logging_mixin.py:188} INFO - [2026-06-09T12:04:07.314+0000] {dagbag.py:545} INFO - Filling up the DagBag from /opt/airflow/dags/dag_tp2a_pokemon_ingestion.py
[2026-06-09T12:04:07.332+0000] {processor.py:840} INFO - DAG(s) 'tp2a_pokemon_ingestion' retrieved from /opt/airflow/dags/dag_tp2a_pokemon_ingestion.py
[2026-06-09T12:04:07.363+0000] {logging_mixin.py:188} INFO - [2026-06-09T12:04:07.363+0000] {dag.py:3096} INFO - Sync 1 DAGs
[2026-06-09T12:04:07.376+0000] {logging_mixin.py:188} INFO - [2026-06-09T12:04:07.376+0000] {dag.py:3954} INFO - Setting next_dagrun for tp2a_pokemon_ingestion to None, run_after=None
[2026-06-09T12:04:07.394+0000] {processor.py:183} INFO - Processing /opt/airflow/dags/dag_tp2a_pokemon_ingestion.py took 0.088 seconds
[2026-06-09T12:04:37.602+0000] {processor.py:161} INFO - Started process (PID=3458) to work on /opt/airflow/dags/dag_tp2a_pokemon_ingestion.py
[2026-06-09T12:04:37.603+0000] {processor.py:830} INFO - Processing file /opt/airflow/dags/dag_tp2a_pokemon_ingestion.py for tasks to queue
[2026-06-09T12:04:37.605+0000] {logging_mixin.py:188} INFO - [2026-06-09T12:04:37.604+0000] {dagbag.py:545} INFO - Filling up the DagBag from /opt/airflow/dags/dag_tp2a_pokemon_ingestion.py
[2026-06-09T12:04:37.624+0000] {processor.py:840} INFO - DAG(s) 'tp2a_pokemon_ingestion' retrieved from /opt/airflow/dags/dag_tp2a_pokemon_ingestion.py
[2026-06-09T12:04:37.661+0000] {logging_mixin.py:188} INFO - [2026-06-09T12:04:37.661+0000] {dag.py:3096} INFO - Sync 1 DAGs
[2026-06-09T12:04:37.674+0000] {logging_mixin.py:188} INFO - [2026-06-09T12:04:37.674+0000] {dag.py:3954} INFO - Setting next_dagrun for tp2a_pokemon_ingestion to None, run_after=None
[2026-06-09T12:04:37.697+0000] {processor.py:183} INFO - Processing /opt/airflow/dags/dag_tp2a_pokemon_ingestion.py took 0.102 seconds
[2026-06-09T12:05:07.902+0000] {processor.py:161} INFO - Started process (PID=3468) to work on /opt/airflow/dags/dag_tp2a_pokemon_ingestion.py
[2026-06-09T12:05:07.903+0000] {processor.py:830} INFO - Processing file /opt/airflow/dags/dag_tp2a_pokemon_ingestion.py for tasks to queue
[2026-06-09T12:05:07.905+0000] {logging_mixin.py:188} INFO - [2026-06-09T12:05:07.904+0000] {dagbag.py:545} INFO - Filling up the DagBag from /opt/airflow/dags/dag_tp2a_pokemon_ingestion.py
[2026-06-09T12:05:07.928+0000] {processor.py:840} INFO - DAG(s) 'tp2a_pokemon_ingestion' retrieved from /opt/airflow/dags/dag_tp2a_pokemon_ingestion.py
[2026-06-09T12:05:07.960+0000] {logging_mixin.py:188} INFO - [2026-06-09T12:05:07.960+0000] {dag.py:3096} INFO - Sync 1 DAGs
[2026-06-09T12:05:07.973+0000] {logging_mixin.py:188} INFO - [2026-06-09T12:05:07.973+0000] {dag.py:3954} INFO - Setting next_dagrun for tp2a_pokemon_ingestion to None, run_after=None
[2026-06-09T12:05:07.994+0000] {processor.py:183} INFO - Processing /opt/airflow/dags/dag_tp2a_pokemon_ingestion.py took 0.098 seconds
[2026-06-09T12:05:38.087+0000] {processor.py:161} INFO - Started process (PID=3478) to work on /opt/airflow/dags/dag_tp2a_pokemon_ingestion.py
[2026-06-09T12:05:38.088+0000] {processor.py:830} INFO - Processing file /opt/airflow/dags/dag_tp2a_pokemon_ingestion.py for tasks to queue
[2026-06-09T12:05:38.089+0000] {logging_mixin.py:188} INFO - [2026-06-09T12:05:38.089+0000] {dagbag.py:545} INFO - Filling up the DagBag from /opt/airflow/dags/dag_tp2a_pokemon_ingestion.py
[2026-06-09T12:05:38.108+0000] {processor.py:840} INFO - DAG(s) 'tp2a_pokemon_ingestion' retrieved from /opt/airflow/dags/dag_tp2a_pokemon_ingestion.py
[2026-06-09T12:05:38.137+0000] {logging_mixin.py:188} INFO - [2026-06-09T12:05:38.137+0000] {dag.py:3096} INFO - Sync 1 DAGs
[2026-06-09T12:05:38.149+0000] {logging_mixin.py:188} INFO - [2026-06-09T12:05:38.149+0000] {dag.py:3954} INFO - Setting next_dagrun for tp2a_pokemon_ingestion to None, run_after=None
[2026-06-09T12:05:38.169+0000] {processor.py:183} INFO - Processing /opt/airflow/dags/dag_tp2a_pokemon_ingestion.py took 0.087 seconds
[2026-06-09T12:06:08.433+0000] {processor.py:161} INFO - Started process (PID=3488) to work on /opt/airflow/dags/dag_tp2a_pokemon_ingestion.py
[2026-06-09T12:06:08.434+0000] {processor.py:830} INFO - Processing file /opt/airflow/dags/dag_tp2a_pokemon_ingestion.py for tasks to queue
[2026-06-09T12:06:08.436+0000] {logging_mixin.py:188} INFO - [2026-06-09T12:06:08.436+0000] {dagbag.py:545} INFO - Filling up the DagBag from /opt/airflow/dags/dag_tp2a_pokemon_ingestion.py
[2026-06-09T12:06:08.456+0000] {processor.py:840} INFO - DAG(s) 'tp2a_pokemon_ingestion' retrieved from /opt/airflow/dags/dag_tp2a_pokemon_ingestion.py
[2026-06-09T12:06:08.488+0000] {logging_mixin.py:188} INFO - [2026-06-09T12:06:08.488+0000] {dag.py:3096} INFO - Sync 1 DAGs
[2026-06-09T12:06:08.501+0000] {logging_mixin.py:188} INFO - [2026-06-09T12:06:08.501+0000] {dag.py:3954} INFO - Setting next_dagrun for tp2a_pokemon_ingestion to None, run_after=None
[2026-06-09T12:06:08.521+0000] {processor.py:183} INFO - Processing /opt/airflow/dags/dag_tp2a_pokemon_ingestion.py took 0.094 seconds
[2026-06-09T12:06:38.729+0000] {processor.py:161} INFO - Started process (PID=3498) to work on /opt/airflow/dags/dag_tp2a_pokemon_ingestion.py
[2026-06-09T12:06:38.730+0000] {processor.py:830} INFO - Processing file /opt/airflow/dags/dag_tp2a_pokemon_ingestion.py for tasks to queue
[2026-06-09T12:06:38.731+0000] {logging_mixin.py:188} INFO - [2026-06-09T12:06:38.731+0000] {dagbag.py:545} INFO - Filling up the DagBag from /opt/airflow/dags/dag_tp2a_pokemon_ingestion.py
[2026-06-09T12:06:38.749+0000] {processor.py:840} INFO - DAG(s) 'tp2a_pokemon_ingestion' retrieved from /opt/airflow/dags/dag_tp2a_pokemon_ingestion.py
[2026-06-09T12:06:38.781+0000] {logging_mixin.py:188} INFO - [2026-06-09T12:06:38.781+0000] {dag.py:3096} INFO - Sync 1 DAGs
[2026-06-09T12:06:38.795+0000] {logging_mixin.py:188} INFO - [2026-06-09T12:06:38.795+0000] {dag.py:3954} INFO - Setting next_dagrun for tp2a_pokemon_ingestion to None, run_after=None
[2026-06-09T12:06:38.815+0000] {processor.py:183} INFO - Processing /opt/airflow/dags/dag_tp2a_pokemon_ingestion.py took 0.092 seconds
[2026-06-09T12:07:08.916+0000] {processor.py:161} INFO - Started process (PID=3508) to work on /opt/airflow/dags/dag_tp2a_pokemon_ingestion.py
[2026-06-09T12:07:08.917+0000] {processor.py:830} INFO - Processing file /opt/airflow/dags/dag_tp2a_pokemon_ingestion.py for tasks to queue
[2026-06-09T12:07:08.919+0000] {logging_mixin.py:188} INFO - [2026-06-09T12:07:08.919+0000] {dagbag.py:545} INFO - Filling up the DagBag from /opt/airflow/dags/dag_tp2a_pokemon_ingestion.py
[2026-06-09T12:07:08.936+0000] {processor.py:840} INFO - DAG(s) 'tp2a_pokemon_ingestion' retrieved from /opt/airflow/dags/dag_tp2a_pokemon_ingestion.py
[2026-06-09T12:07:08.968+0000] {logging_mixin.py:188} INFO - [2026-06-09T12:07:08.968+0000] {dag.py:3096} INFO - Sync 1 DAGs
[2026-06-09T12:07:08.982+0000] {logging_mixin.py:188} INFO - [2026-06-09T12:07:08.982+0000] {dag.py:3954} INFO - Setting next_dagrun for tp2a_pokemon_ingestion to None, run_after=None
[2026-06-09T12:07:09.001+0000] {processor.py:183} INFO - Processing /opt/airflow/dags/dag_tp2a_pokemon_ingestion.py took 0.090 seconds
[2026-06-09T12:07:39.207+0000] {processor.py:161} INFO - Started process (PID=3518) to work on /opt/airflow/dags/dag_tp2a_pokemon_ingestion.py
[2026-06-09T12:07:39.208+0000] {processor.py:830} INFO - Processing file /opt/airflow/dags/dag_tp2a_pokemon_ingestion.py for tasks to queue
[2026-06-09T12:07:39.210+0000] {logging_mixin.py:188} INFO - [2026-06-09T12:07:39.209+0000] {dagbag.py:545} INFO - Filling up the DagBag from /opt/airflow/dags/dag_tp2a_pokemon_ingestion.py
[2026-06-09T12:07:39.228+0000] {processor.py:840} INFO - DAG(s) 'tp2a_pokemon_ingestion' retrieved from /opt/airflow/dags/dag_tp2a_pokemon_ingestion.py
[2026-06-09T12:07:39.259+0000] {logging_mixin.py:188} INFO - [2026-06-09T12:07:39.259+0000] {dag.py:3096} INFO - Sync 1 DAGs
[2026-06-09T12:07:39.272+0000] {logging_mixin.py:188} INFO - [2026-06-09T12:07:39.272+0000] {dag.py:3954} INFO - Setting next_dagrun for tp2a_pokemon_ingestion to None, run_after=None
[2026-06-09T12:07:39.291+0000] {processor.py:183} INFO - Processing /opt/airflow/dags/dag_tp2a_pokemon_ingestion.py took 0.089 seconds
[2026-06-09T12:08:09.496+0000] {processor.py:161} INFO - Started process (PID=3528) to work on /opt/airflow/dags/dag_tp2a_pokemon_ingestion.py
[2026-06-09T12:08:09.498+0000] {processor.py:830} INFO - Processing file /opt/airflow/dags/dag_tp2a_pokemon_ingestion.py for tasks to queue
[2026-06-09T12:08:09.500+0000] {logging_mixin.py:188} INFO - [2026-06-09T12:08:09.499+0000] {dagbag.py:545} INFO - Filling up the DagBag from /opt/airflow/dags/dag_tp2a_pokemon_ingestion.py
[2026-06-09T12:08:09.520+0000] {processor.py:840} INFO - DAG(s) 'tp2a_pokemon_ingestion' retrieved from /opt/airflow/dags/dag_tp2a_pokemon_ingestion.py
[2026-06-09T12:08:09.553+0000] {logging_mixin.py:188} INFO - [2026-06-09T12:08:09.553+0000] {dag.py:3096} INFO - Sync 1 DAGs
[2026-06-09T12:08:09.565+0000] {logging_mixin.py:188} INFO - [2026-06-09T12:08:09.565+0000] {dag.py:3954} INFO - Setting next_dagrun for tp2a_pokemon_ingestion to None, run_after=None
[2026-06-09T12:08:09.585+0000] {processor.py:183} INFO - Processing /opt/airflow/dags/dag_tp2a_pokemon_ingestion.py took 0.095 seconds
[2026-06-09T12:08:39.787+0000] {processor.py:161} INFO - Started process (PID=3538) to work on /opt/airflow/dags/dag_tp2a_pokemon_ingestion.py
[2026-06-09T12:08:39.788+0000] {processor.py:830} INFO - Processing file /opt/airflow/dags/dag_tp2a_pokemon_ingestion.py for tasks to queue
[2026-06-09T12:08:39.790+0000] {logging_mixin.py:188} INFO - [2026-06-09T12:08:39.789+0000] {dagbag.py:545} INFO - Filling up the DagBag from /opt/airflow/dags/dag_tp2a_pokemon_ingestion.py
[2026-06-09T12:08:39.807+0000] {processor.py:840} INFO - DAG(s) 'tp2a_pokemon_ingestion' retrieved from /opt/airflow/dags/dag_tp2a_pokemon_ingestion.py
[2026-06-09T12:08:39.839+0000] {logging_mixin.py:188} INFO - [2026-06-09T12:08:39.839+0000] {dag.py:3096} INFO - Sync 1 DAGs
[2026-06-09T12:08:39.851+0000] {logging_mixin.py:188} INFO - [2026-06-09T12:08:39.851+0000] {dag.py:3954} INFO - Setting next_dagrun for tp2a_pokemon_ingestion to None, run_after=None
[2026-06-09T12:08:39.870+0000] {processor.py:183} INFO - Processing /opt/airflow/dags/dag_tp2a_pokemon_ingestion.py took 0.088 seconds
[2026-06-09T12:09:10.075+0000] {processor.py:161} INFO - Started process (PID=3548) to work on /opt/airflow/dags/dag_tp2a_pokemon_ingestion.py
[2026-06-09T12:09:10.076+0000] {processor.py:830} INFO - Processing file /opt/airflow/dags/dag_tp2a_pokemon_ingestion.py for tasks to queue
[2026-06-09T12:09:10.078+0000] {logging_mixin.py:188} INFO - [2026-06-09T12:09:10.077+0000] {dagbag.py:545} INFO - Filling up the DagBag from /opt/airflow/dags/dag_tp2a_pokemon_ingestion.py
[2026-06-09T12:09:10.097+0000] {processor.py:840} INFO - DAG(s) 'tp2a_pokemon_ingestion' retrieved from /opt/airflow/dags/dag_tp2a_pokemon_ingestion.py
[2026-06-09T12:09:10.133+0000] {logging_mixin.py:188} INFO - [2026-06-09T12:09:10.133+0000] {dag.py:3096} INFO - Sync 1 DAGs
[2026-06-09T12:09:10.146+0000] {logging_mixin.py:188} INFO - [2026-06-09T12:09:10.146+0000] {dag.py:3954} INFO - Setting next_dagrun for tp2a_pokemon_ingestion to None, run_after=None
[2026-06-09T12:09:10.165+0000] {processor.py:183} INFO - Processing /opt/airflow/dags/dag_tp2a_pokemon_ingestion.py took 0.095 seconds
[2026-06-09T12:09:40.375+0000] {processor.py:161} INFO - Started process (PID=3558) to work on /opt/airflow/dags/dag_tp2a_pokemon_ingestion.py
[2026-06-09T12:09:40.376+0000] {processor.py:830} INFO - Processing file /opt/airflow/dags/dag_tp2a_pokemon_ingestion.py for tasks to queue
[2026-06-09T12:09:40.378+0000] {logging_mixin.py:188} INFO - [2026-06-09T12:09:40.377+0000] {dagbag.py:545} INFO - Filling up the DagBag from /opt/airflow/dags/dag_tp2a_pokemon_ingestion.py
[2026-06-09T12:09:40.395+0000] {processor.py:840} INFO - DAG(s) 'tp2a_pokemon_ingestion' retrieved from /opt/airflow/dags/dag_tp2a_pokemon_ingestion.py
[2026-06-09T12:09:40.427+0000] {logging_mixin.py:188} INFO - [2026-06-09T12:09:40.427+0000] {dag.py:3096} INFO - Sync 1 DAGs
[2026-06-09T12:09:40.440+0000] {logging_mixin.py:188} INFO - [2026-06-09T12:09:40.440+0000] {dag.py:3954} INFO - Setting next_dagrun for tp2a_pokemon_ingestion to None, run_after=None
[2026-06-09T12:09:40.458+0000] {processor.py:183} INFO - Processing /opt/airflow/dags/dag_tp2a_pokemon_ingestion.py took 0.089 seconds
[2026-06-09T12:10:10.671+0000] {processor.py:161} INFO - Started process (PID=3568) to work on /opt/airflow/dags/dag_tp2a_pokemon_ingestion.py
[2026-06-09T12:10:10.672+0000] {processor.py:830} INFO - Processing file /opt/airflow/dags/dag_tp2a_pokemon_ingestion.py for tasks to queue
[2026-06-09T12:10:10.674+0000] {logging_mixin.py:188} INFO - [2026-06-09T12:10:10.674+0000] {dagbag.py:545} INFO - Filling up the DagBag from /opt/airflow/dags/dag_tp2a_pokemon_ingestion.py
[2026-06-09T12:10:10.694+0000] {processor.py:840} INFO - DAG(s) 'tp2a_pokemon_ingestion' retrieved from /opt/airflow/dags/dag_tp2a_pokemon_ingestion.py
[2026-06-09T12:10:10.725+0000] {logging_mixin.py:188} INFO - [2026-06-09T12:10:10.725+0000] {dag.py:3096} INFO - Sync 1 DAGs
[2026-06-09T12:10:10.738+0000] {logging_mixin.py:188} INFO - [2026-06-09T12:10:10.738+0000] {dag.py:3954} INFO - Setting next_dagrun for tp2a_pokemon_ingestion to None, run_after=None
[2026-06-09T12:10:10.758+0000] {processor.py:183} INFO - Processing /opt/airflow/dags/dag_tp2a_pokemon_ingestion.py took 0.092 seconds
[2026-06-09T12:10:40.984+0000] {processor.py:161} INFO - Started process (PID=3578) to work on /opt/airflow/dags/dag_tp2a_pokemon_ingestion.py
[2026-06-09T12:10:40.986+0000] {processor.py:830} INFO - Processing file /opt/airflow/dags/dag_tp2a_pokemon_ingestion.py for tasks to queue
[2026-06-09T12:10:40.988+0000] {logging_mixin.py:188} INFO - [2026-06-09T12:10:40.988+0000] {dagbag.py:545} INFO - Filling up the DagBag from /opt/airflow/dags/dag_tp2a_pokemon_ingestion.py
[2026-06-09T12:10:41.013+0000] {processor.py:840} INFO - DAG(s) 'tp2a_pokemon_ingestion' retrieved from /opt/airflow/dags/dag_tp2a_pokemon_ingestion.py
[2026-06-09T12:10:41.045+0000] {logging_mixin.py:188} INFO - [2026-06-09T12:10:41.045+0000] {dag.py:3096} INFO - Sync 1 DAGs
[2026-06-09T12:10:41.057+0000] {logging_mixin.py:188} INFO - [2026-06-09T12:10:41.057+0000] {dag.py:3954} INFO - Setting next_dagrun for tp2a_pokemon_ingestion to None, run_after=None
[2026-06-09T12:10:41.078+0000] {processor.py:183} INFO - Processing /opt/airflow/dags/dag_tp2a_pokemon_ingestion.py took 0.101 seconds
[2026-06-09T12:11:11.322+0000] {processor.py:161} INFO - Started process (PID=3588) to work on /opt/airflow/dags/dag_tp2a_pokemon_ingestion.py
[2026-06-09T12:11:11.323+0000] {processor.py:830} INFO - Processing file /opt/airflow/dags/dag_tp2a_pokemon_ingestion.py for tasks to queue
[2026-06-09T12:11:11.325+0000] {logging_mixin.py:188} INFO - [2026-06-09T12:11:11.324+0000] {dagbag.py:545} INFO - Filling up the DagBag from /opt/airflow/dags/dag_tp2a_pokemon_ingestion.py
[2026-06-09T12:11:11.344+0000] {processor.py:840} INFO - DAG(s) 'tp2a_pokemon_ingestion' retrieved from /opt/airflow/dags/dag_tp2a_pokemon_ingestion.py
[2026-06-09T12:11:11.384+0000] {logging_mixin.py:188} INFO - [2026-06-09T12:11:11.384+0000] {dag.py:3096} INFO - Sync 1 DAGs
[2026-06-09T12:11:11.398+0000] {logging_mixin.py:188} INFO - [2026-06-09T12:11:11.398+0000] {dag.py:3954} INFO - Setting next_dagrun for tp2a_pokemon_ingestion to None, run_after=None
[2026-06-09T12:11:11.417+0000] {processor.py:183} INFO - Processing /opt/airflow/dags/dag_tp2a_pokemon_ingestion.py took 0.101 seconds
[2026-06-09T12:11:41.508+0000] {processor.py:161} INFO - Started process (PID=3598) to work on /opt/airflow/dags/dag_tp2a_pokemon_ingestion.py
[2026-06-09T12:11:41.509+0000] {processor.py:830} INFO - Processing file /opt/airflow/dags/dag_tp2a_pokemon_ingestion.py for tasks to queue
[2026-06-09T12:11:41.510+0000] {logging_mixin.py:188} INFO - [2026-06-09T12:11:41.510+0000] {dagbag.py:545} INFO - Filling up the DagBag from /opt/airflow/dags/dag_tp2a_pokemon_ingestion.py
[2026-06-09T12:11:41.531+0000] {processor.py:840} INFO - DAG(s) 'tp2a_pokemon_ingestion' retrieved from /opt/airflow/dags/dag_tp2a_pokemon_ingestion.py
[2026-06-09T12:11:41.562+0000] {logging_mixin.py:188} INFO - [2026-06-09T12:11:41.561+0000] {dag.py:3096} INFO - Sync 1 DAGs
[2026-06-09T12:11:41.575+0000] {logging_mixin.py:188} INFO - [2026-06-09T12:11:41.574+0000] {dag.py:3954} INFO - Setting next_dagrun for tp2a_pokemon_ingestion to None, run_after=None
[2026-06-09T12:11:41.594+0000] {processor.py:183} INFO - Processing /opt/airflow/dags/dag_tp2a_pokemon_ingestion.py took 0.092 seconds
[2026-06-09T12:12:11.753+0000] {processor.py:161} INFO - Started process (PID=3608) to work on /opt/airflow/dags/dag_tp2a_pokemon_ingestion.py
[2026-06-09T12:12:11.754+0000] {processor.py:830} INFO - Processing file /opt/airflow/dags/dag_tp2a_pokemon_ingestion.py for tasks to queue
[2026-06-09T12:12:11.756+0000] {logging_mixin.py:188} INFO - [2026-06-09T12:12:11.755+0000] {dagbag.py:545} INFO - Filling up the DagBag from /opt/airflow/dags/dag_tp2a_pokemon_ingestion.py
[2026-06-09T12:12:11.778+0000] {processor.py:840} INFO - DAG(s) 'tp2a_pokemon_ingestion' retrieved from /opt/airflow/dags/dag_tp2a_pokemon_ingestion.py
[2026-06-09T12:12:11.814+0000] {logging_mixin.py:188} INFO - [2026-06-09T12:12:11.814+0000] {dag.py:3096} INFO - Sync 1 DAGs
[2026-06-09T12:12:11.828+0000] {logging_mixin.py:188} INFO - [2026-06-09T12:12:11.827+0000] {dag.py:3954} INFO - Setting next_dagrun for tp2a_pokemon_ingestion to None, run_after=None
[2026-06-09T12:12:11.850+0000] {processor.py:183} INFO - Processing /opt/airflow/dags/dag_tp2a_pokemon_ingestion.py took 0.103 seconds
[2026-06-09T12:12:42.064+0000] {processor.py:161} INFO - Started process (PID=3618) to work on /opt/airflow/dags/dag_tp2a_pokemon_ingestion.py
[2026-06-09T12:12:42.065+0000] {processor.py:830} INFO - Processing file /opt/airflow/dags/dag_tp2a_pokemon_ingestion.py for tasks to queue
[2026-06-09T12:12:42.067+0000] {logging_mixin.py:188} INFO - [2026-06-09T12:12:42.067+0000] {dagbag.py:545} INFO - Filling up the DagBag from /opt/airflow/dags/dag_tp2a_pokemon_ingestion.py
[2026-06-09T12:12:42.088+0000] {processor.py:840} INFO - DAG(s) 'tp2a_pokemon_ingestion' retrieved from /opt/airflow/dags/dag_tp2a_pokemon_ingestion.py
[2026-06-09T12:12:42.122+0000] {logging_mixin.py:188} INFO - [2026-06-09T12:12:42.121+0000] {dag.py:3096} INFO - Sync 1 DAGs
[2026-06-09T12:12:42.134+0000] {logging_mixin.py:188} INFO - [2026-06-09T12:12:42.134+0000] {dag.py:3954} INFO - Setting next_dagrun for tp2a_pokemon_ingestion to None, run_after=None
[2026-06-09T12:12:42.154+0000] {processor.py:183} INFO - Processing /opt/airflow/dags/dag_tp2a_pokemon_ingestion.py took 0.096 seconds
[2026-06-09T12:13:12.258+0000] {processor.py:161} INFO - Started process (PID=3628) to work on /opt/airflow/dags/dag_tp2a_pokemon_ingestion.py
[2026-06-09T12:13:12.259+0000] {processor.py:830} INFO - Processing file /opt/airflow/dags/dag_tp2a_pokemon_ingestion.py for tasks to queue
[2026-06-09T12:13:12.261+0000] {logging_mixin.py:188} INFO - [2026-06-09T12:13:12.260+0000] {dagbag.py:545} INFO - Filling up the DagBag from /opt/airflow/dags/dag_tp2a_pokemon_ingestion.py
[2026-06-09T12:13:12.281+0000] {processor.py:840} INFO - DAG(s) 'tp2a_pokemon_ingestion' retrieved from /opt/airflow/dags/dag_tp2a_pokemon_ingestion.py
[2026-06-09T12:13:12.316+0000] {logging_mixin.py:188} INFO - [2026-06-09T12:13:12.315+0000] {dag.py:3096} INFO - Sync 1 DAGs
[2026-06-09T12:13:12.331+0000] {logging_mixin.py:188} INFO - [2026-06-09T12:13:12.331+0000] {dag.py:3954} INFO - Setting next_dagrun for tp2a_pokemon_ingestion to None, run_after=None
[2026-06-09T12:13:12.356+0000] {processor.py:183} INFO - Processing /opt/airflow/dags/dag_tp2a_pokemon_ingestion.py took 0.104 seconds
[2026-06-09T12:13:42.564+0000] {processor.py:161} INFO - Started process (PID=3638) to work on /opt/airflow/dags/dag_tp2a_pokemon_ingestion.py
[2026-06-09T12:13:42.565+0000] {processor.py:830} INFO - Processing file /opt/airflow/dags/dag_tp2a_pokemon_ingestion.py for tasks to queue
[2026-06-09T12:13:42.566+0000] {logging_mixin.py:188} INFO - [2026-06-09T12:13:42.566+0000] {dagbag.py:545} INFO - Filling up the DagBag from /opt/airflow/dags/dag_tp2a_pokemon_ingestion.py
[2026-06-09T12:13:42.587+0000] {processor.py:840} INFO - DAG(s) 'tp2a_pokemon_ingestion' retrieved from /opt/airflow/dags/dag_tp2a_pokemon_ingestion.py
[2026-06-09T12:13:42.621+0000] {logging_mixin.py:188} INFO - [2026-06-09T12:13:42.621+0000] {dag.py:3096} INFO - Sync 1 DAGs
[2026-06-09T12:13:42.633+0000] {logging_mixin.py:188} INFO - [2026-06-09T12:13:42.633+0000] {dag.py:3954} INFO - Setting next_dagrun for tp2a_pokemon_ingestion to None, run_after=None
[2026-06-09T12:13:42.656+0000] {processor.py:183} INFO - Processing /opt/airflow/dags/dag_tp2a_pokemon_ingestion.py took 0.097 seconds
[2026-06-09T12:14:12.752+0000] {processor.py:161} INFO - Started process (PID=3648) to work on /opt/airflow/dags/dag_tp2a_pokemon_ingestion.py
[2026-06-09T12:14:12.753+0000] {processor.py:830} INFO - Processing file /opt/airflow/dags/dag_tp2a_pokemon_ingestion.py for tasks to queue
[2026-06-09T12:14:12.755+0000] {logging_mixin.py:188} INFO - [2026-06-09T12:14:12.755+0000] {dagbag.py:545} INFO - Filling up the DagBag from /opt/airflow/dags/dag_tp2a_pokemon_ingestion.py
[2026-06-09T12:14:12.776+0000] {processor.py:840} INFO - DAG(s) 'tp2a_pokemon_ingestion' retrieved from /opt/airflow/dags/dag_tp2a_pokemon_ingestion.py
[2026-06-09T12:14:12.808+0000] {logging_mixin.py:188} INFO - [2026-06-09T12:14:12.808+0000] {dag.py:3096} INFO - Sync 1 DAGs
[2026-06-09T12:14:12.821+0000] {logging_mixin.py:188} INFO - [2026-06-09T12:14:12.820+0000] {dag.py:3954} INFO - Setting next_dagrun for tp2a_pokemon_ingestion to None, run_after=None
[2026-06-09T12:14:12.839+0000] {processor.py:183} INFO - Processing /opt/airflow/dags/dag_tp2a_pokemon_ingestion.py took 0.092 seconds
[2026-06-09T12:14:43.043+0000] {processor.py:161} INFO - Started process (PID=3658) to work on /opt/airflow/dags/dag_tp2a_pokemon_ingestion.py
[2026-06-09T12:14:43.044+0000] {processor.py:830} INFO - Processing file /opt/airflow/dags/dag_tp2a_pokemon_ingestion.py for tasks to queue
[2026-06-09T12:14:43.046+0000] {logging_mixin.py:188} INFO - [2026-06-09T12:14:43.046+0000] {dagbag.py:545} INFO - Filling up the DagBag from /opt/airflow/dags/dag_tp2a_pokemon_ingestion.py
[2026-06-09T12:14:43.070+0000] {processor.py:840} INFO - DAG(s) 'tp2a_pokemon_ingestion' retrieved from /opt/airflow/dags/dag_tp2a_pokemon_ingestion.py
[2026-06-09T12:14:43.104+0000] {logging_mixin.py:188} INFO - [2026-06-09T12:14:43.104+0000] {dag.py:3096} INFO - Sync 1 DAGs
[2026-06-09T12:14:43.117+0000] {logging_mixin.py:188} INFO - [2026-06-09T12:14:43.117+0000] {dag.py:3954} INFO - Setting next_dagrun for tp2a_pokemon_ingestion to None, run_after=None
[2026-06-09T12:14:43.139+0000] {processor.py:183} INFO - Processing /opt/airflow/dags/dag_tp2a_pokemon_ingestion.py took 0.101 seconds
[2026-06-09T12:15:13.352+0000] {processor.py:161} INFO - Started process (PID=3668) to work on /opt/airflow/dags/dag_tp2a_pokemon_ingestion.py
[2026-06-09T12:15:13.353+0000] {processor.py:830} INFO - Processing file /opt/airflow/dags/dag_tp2a_pokemon_ingestion.py for tasks to queue
[2026-06-09T12:15:13.355+0000] {logging_mixin.py:188} INFO - [2026-06-09T12:15:13.355+0000] {dagbag.py:545} INFO - Filling up the DagBag from /opt/airflow/dags/dag_tp2a_pokemon_ingestion.py
[2026-06-09T12:15:13.377+0000] {processor.py:840} INFO - DAG(s) 'tp2a_pokemon_ingestion' retrieved from /opt/airflow/dags/dag_tp2a_pokemon_ingestion.py
[2026-06-09T12:15:13.422+0000] {logging_mixin.py:188} INFO - [2026-06-09T12:15:13.422+0000] {dag.py:3096} INFO - Sync 1 DAGs
[2026-06-09T12:15:13.439+0000] {logging_mixin.py:188} INFO - [2026-06-09T12:15:13.439+0000] {dag.py:3954} INFO - Setting next_dagrun for tp2a_pokemon_ingestion to None, run_after=None
[2026-06-09T12:15:13.460+0000] {processor.py:183} INFO - Processing /opt/airflow/dags/dag_tp2a_pokemon_ingestion.py took 0.114 seconds
[2026-06-09T12:15:43.660+0000] {processor.py:161} INFO - Started process (PID=3678) to work on /opt/airflow/dags/dag_tp2a_pokemon_ingestion.py
[2026-06-09T12:15:43.661+0000] {processor.py:830} INFO - Processing file /opt/airflow/dags/dag_tp2a_pokemon_ingestion.py for tasks to queue
[2026-06-09T12:15:43.662+0000] {logging_mixin.py:188} INFO - [2026-06-09T12:15:43.662+0000] {dagbag.py:545} INFO - Filling up the DagBag from /opt/airflow/dags/dag_tp2a_pokemon_ingestion.py
[2026-06-09T12:15:43.680+0000] {processor.py:840} INFO - DAG(s) 'tp2a_pokemon_ingestion' retrieved from /opt/airflow/dags/dag_tp2a_pokemon_ingestion.py
[2026-06-09T12:15:43.714+0000] {logging_mixin.py:188} INFO - [2026-06-09T12:15:43.713+0000] {dag.py:3096} INFO - Sync 1 DAGs
[2026-06-09T12:15:43.727+0000] {logging_mixin.py:188} INFO - [2026-06-09T12:15:43.727+0000] {dag.py:3954} INFO - Setting next_dagrun for tp2a_pokemon_ingestion to None, run_after=None
[2026-06-09T12:15:43.745+0000] {processor.py:183} INFO - Processing /opt/airflow/dags/dag_tp2a_pokemon_ingestion.py took 0.090 seconds
[2026-06-09T12:16:13.892+0000] {processor.py:161} INFO - Started process (PID=3688) to work on /opt/airflow/dags/dag_tp2a_pokemon_ingestion.py
[2026-06-09T12:16:13.893+0000] {processor.py:830} INFO - Processing file /opt/airflow/dags/dag_tp2a_pokemon_ingestion.py for tasks to queue
[2026-06-09T12:16:13.895+0000] {logging_mixin.py:188} INFO - [2026-06-09T12:16:13.895+0000] {dagbag.py:545} INFO - Filling up the DagBag from /opt/airflow/dags/dag_tp2a_pokemon_ingestion.py
[2026-06-09T12:16:13.912+0000] {processor.py:840} INFO - DAG(s) 'tp2a_pokemon_ingestion' retrieved from /opt/airflow/dags/dag_tp2a_pokemon_ingestion.py
[2026-06-09T12:16:13.945+0000] {logging_mixin.py:188} INFO - [2026-06-09T12:16:13.944+0000] {dag.py:3096} INFO - Sync 1 DAGs
[2026-06-09T12:16:13.958+0000] {logging_mixin.py:188} INFO - [2026-06-09T12:16:13.958+0000] {dag.py:3954} INFO - Setting next_dagrun for tp2a_pokemon_ingestion to None, run_after=None
[2026-06-09T12:16:13.980+0000] {processor.py:183} INFO - Processing /opt/airflow/dags/dag_tp2a_pokemon_ingestion.py took 0.093 seconds
[2026-06-09T12:16:44.176+0000] {processor.py:161} INFO - Started process (PID=3698) to work on /opt/airflow/dags/dag_tp2a_pokemon_ingestion.py
[2026-06-09T12:16:44.177+0000] {processor.py:830} INFO - Processing file /opt/airflow/dags/dag_tp2a_pokemon_ingestion.py for tasks to queue
[2026-06-09T12:16:44.178+0000] {logging_mixin.py:188} INFO - [2026-06-09T12:16:44.178+0000] {dagbag.py:545} INFO - Filling up the DagBag from /opt/airflow/dags/dag_tp2a_pokemon_ingestion.py
[2026-06-09T12:16:44.196+0000] {processor.py:840} INFO - DAG(s) 'tp2a_pokemon_ingestion' retrieved from /opt/airflow/dags/dag_tp2a_pokemon_ingestion.py
[2026-06-09T12:16:44.230+0000] {logging_mixin.py:188} INFO - [2026-06-09T12:16:44.229+0000] {dag.py:3096} INFO - Sync 1 DAGs
[2026-06-09T12:16:44.242+0000] {logging_mixin.py:188} INFO - [2026-06-09T12:16:44.241+0000] {dag.py:3954} INFO - Setting next_dagrun for tp2a_pokemon_ingestion to None, run_after=None
[2026-06-09T12:16:44.264+0000] {processor.py:183} INFO - Processing /opt/airflow/dags/dag_tp2a_pokemon_ingestion.py took 0.092 seconds
[2026-06-09T12:17:14.358+0000] {processor.py:161} INFO - Started process (PID=3708) to work on /opt/airflow/dags/dag_tp2a_pokemon_ingestion.py
[2026-06-09T12:17:14.359+0000] {processor.py:830} INFO - Processing file /opt/airflow/dags/dag_tp2a_pokemon_ingestion.py for tasks to queue
[2026-06-09T12:17:14.360+0000] {logging_mixin.py:188} INFO - [2026-06-09T12:17:14.360+0000] {dagbag.py:545} INFO - Filling up the DagBag from /opt/airflow/dags/dag_tp2a_pokemon_ingestion.py
[2026-06-09T12:17:14.377+0000] {processor.py:840} INFO - DAG(s) 'tp2a_pokemon_ingestion' retrieved from /opt/airflow/dags/dag_tp2a_pokemon_ingestion.py
[2026-06-09T12:17:14.407+0000] {logging_mixin.py:188} INFO - [2026-06-09T12:17:14.407+0000] {dag.py:3096} INFO - Sync 1 DAGs
[2026-06-09T12:17:14.419+0000] {logging_mixin.py:188} INFO - [2026-06-09T12:17:14.419+0000] {dag.py:3954} INFO - Setting next_dagrun for tp2a_pokemon_ingestion to None, run_after=None
[2026-06-09T12:17:14.438+0000] {processor.py:183} INFO - Processing /opt/airflow/dags/dag_tp2a_pokemon_ingestion.py took 0.085 seconds
[2026-06-09T12:17:44.634+0000] {processor.py:161} INFO - Started process (PID=3718) to work on /opt/airflow/dags/dag_tp2a_pokemon_ingestion.py
[2026-06-09T12:17:44.635+0000] {processor.py:830} INFO - Processing file /opt/airflow/dags/dag_tp2a_pokemon_ingestion.py for tasks to queue
[2026-06-09T12:17:44.637+0000] {logging_mixin.py:188} INFO - [2026-06-09T12:17:44.636+0000] {dagbag.py:545} INFO - Filling up the DagBag from /opt/airflow/dags/dag_tp2a_pokemon_ingestion.py
[2026-06-09T12:17:44.654+0000] {processor.py:840} INFO - DAG(s) 'tp2a_pokemon_ingestion' retrieved from /opt/airflow/dags/dag_tp2a_pokemon_ingestion.py
[2026-06-09T12:17:44.686+0000] {logging_mixin.py:188} INFO - [2026-06-09T12:17:44.685+0000] {dag.py:3096} INFO - Sync 1 DAGs
[2026-06-09T12:17:44.699+0000] {logging_mixin.py:188} INFO - [2026-06-09T12:17:44.699+0000] {dag.py:3954} INFO - Setting next_dagrun for tp2a_pokemon_ingestion to None, run_after=None
[2026-06-09T12:17:44.719+0000] {processor.py:183} INFO - Processing /opt/airflow/dags/dag_tp2a_pokemon_ingestion.py took 0.089 seconds
[2026-06-09T12:18:14.927+0000] {processor.py:161} INFO - Started process (PID=3728) to work on /opt/airflow/dags/dag_tp2a_pokemon_ingestion.py
[2026-06-09T12:18:14.928+0000] {processor.py:830} INFO - Processing file /opt/airflow/dags/dag_tp2a_pokemon_ingestion.py for tasks to queue
[2026-06-09T12:18:14.930+0000] {logging_mixin.py:188} INFO - [2026-06-09T12:18:14.930+0000] {dagbag.py:545} INFO - Filling up the DagBag from /opt/airflow/dags/dag_tp2a_pokemon_ingestion.py
[2026-06-09T12:18:14.949+0000] {processor.py:840} INFO - DAG(s) 'tp2a_pokemon_ingestion' retrieved from /opt/airflow/dags/dag_tp2a_pokemon_ingestion.py
[2026-06-09T12:18:14.979+0000] {logging_mixin.py:188} INFO - [2026-06-09T12:18:14.979+0000] {dag.py:3096} INFO - Sync 1 DAGs
[2026-06-09T12:18:14.991+0000] {logging_mixin.py:188} INFO - [2026-06-09T12:18:14.991+0000] {dag.py:3954} INFO - Setting next_dagrun for tp2a_pokemon_ingestion to None, run_after=None
[2026-06-09T12:18:15.010+0000] {processor.py:183} INFO - Processing /opt/airflow/dags/dag_tp2a_pokemon_ingestion.py took 0.088 seconds
[2026-06-09T12:18:45.219+0000] {processor.py:161} INFO - Started process (PID=3738) to work on /opt/airflow/dags/dag_tp2a_pokemon_ingestion.py
[2026-06-09T12:18:45.220+0000] {processor.py:830} INFO - Processing file /opt/airflow/dags/dag_tp2a_pokemon_ingestion.py for tasks to queue
[2026-06-09T12:18:45.222+0000] {logging_mixin.py:188} INFO - [2026-06-09T12:18:45.221+0000] {dagbag.py:545} INFO - Filling up the DagBag from /opt/airflow/dags/dag_tp2a_pokemon_ingestion.py
[2026-06-09T12:18:45.241+0000] {processor.py:840} INFO - DAG(s) 'tp2a_pokemon_ingestion' retrieved from /opt/airflow/dags/dag_tp2a_pokemon_ingestion.py
[2026-06-09T12:18:45.275+0000] {logging_mixin.py:188} INFO - [2026-06-09T12:18:45.274+0000] {dag.py:3096} INFO - Sync 1 DAGs
[2026-06-09T12:18:45.289+0000] {logging_mixin.py:188} INFO - [2026-06-09T12:18:45.288+0000] {dag.py:3954} INFO - Setting next_dagrun for tp2a_pokemon_ingestion to None, run_after=None
[2026-06-09T12:18:45.312+0000] {processor.py:183} INFO - Processing /opt/airflow/dags/dag_tp2a_pokemon_ingestion.py took 0.098 seconds
[2026-06-09T12:19:15.551+0000] {processor.py:161} INFO - Started process (PID=3748) to work on /opt/airflow/dags/dag_tp2a_pokemon_ingestion.py
[2026-06-09T12:19:15.552+0000] {processor.py:830} INFO - Processing file /opt/airflow/dags/dag_tp2a_pokemon_ingestion.py for tasks to queue
[2026-06-09T12:19:15.554+0000] {logging_mixin.py:188} INFO - [2026-06-09T12:19:15.554+0000] {dagbag.py:545} INFO - Filling up the DagBag from /opt/airflow/dags/dag_tp2a_pokemon_ingestion.py
[2026-06-09T12:19:15.579+0000] {processor.py:840} INFO - DAG(s) 'tp2a_pokemon_ingestion' retrieved from /opt/airflow/dags/dag_tp2a_pokemon_ingestion.py
[2026-06-09T12:19:15.615+0000] {logging_mixin.py:188} INFO - [2026-06-09T12:19:15.615+0000] {dag.py:3096} INFO - Sync 1 DAGs
[2026-06-09T12:19:15.629+0000] {logging_mixin.py:188} INFO - [2026-06-09T12:19:15.629+0000] {dag.py:3954} INFO - Setting next_dagrun for tp2a_pokemon_ingestion to None, run_after=None
[2026-06-09T12:19:15.652+0000] {processor.py:183} INFO - Processing /opt/airflow/dags/dag_tp2a_pokemon_ingestion.py took 0.106 seconds
[2026-06-09T12:19:45.876+0000] {processor.py:161} INFO - Started process (PID=3758) to work on /opt/airflow/dags/dag_tp2a_pokemon_ingestion.py
[2026-06-09T12:19:45.878+0000] {processor.py:830} INFO - Processing file /opt/airflow/dags/dag_tp2a_pokemon_ingestion.py for tasks to queue
[2026-06-09T12:19:45.880+0000] {logging_mixin.py:188} INFO - [2026-06-09T12:19:45.879+0000] {dagbag.py:545} INFO - Filling up the DagBag from /opt/airflow/dags/dag_tp2a_pokemon_ingestion.py
[2026-06-09T12:19:45.901+0000] {processor.py:840} INFO - DAG(s) 'tp2a_pokemon_ingestion' retrieved from /opt/airflow/dags/dag_tp2a_pokemon_ingestion.py
[2026-06-09T12:19:45.943+0000] {logging_mixin.py:188} INFO - [2026-06-09T12:19:45.943+0000] {dag.py:3096} INFO - Sync 1 DAGs
[2026-06-09T12:19:45.959+0000] {logging_mixin.py:188} INFO - [2026-06-09T12:19:45.959+0000] {dag.py:3954} INFO - Setting next_dagrun for tp2a_pokemon_ingestion to None, run_after=None
[2026-06-09T12:19:46.028+0000] {processor.py:183} INFO - Processing /opt/airflow/dags/dag_tp2a_pokemon_ingestion.py took 0.157 seconds
[2026-06-09T12:20:16.238+0000] {processor.py:161} INFO - Started process (PID=3768) to work on /opt/airflow/dags/dag_tp2a_pokemon_ingestion.py
[2026-06-09T12:20:16.239+0000] {processor.py:830} INFO - Processing file /opt/airflow/dags/dag_tp2a_pokemon_ingestion.py for tasks to queue
[2026-06-09T12:20:16.242+0000] {logging_mixin.py:188} INFO - [2026-06-09T12:20:16.241+0000] {dagbag.py:545} INFO - Filling up the DagBag from /opt/airflow/dags/dag_tp2a_pokemon_ingestion.py
[2026-06-09T12:20:16.266+0000] {processor.py:840} INFO - DAG(s) 'tp2a_pokemon_ingestion' retrieved from /opt/airflow/dags/dag_tp2a_pokemon_ingestion.py
[2026-06-09T12:20:16.313+0000] {logging_mixin.py:188} INFO - [2026-06-09T12:20:16.313+0000] {dag.py:3096} INFO - Sync 1 DAGs
[2026-06-09T12:20:16.336+0000] {logging_mixin.py:188} INFO - [2026-06-09T12:20:16.336+0000] {dag.py:3954} INFO - Setting next_dagrun for tp2a_pokemon_ingestion to None, run_after=None
[2026-06-09T12:20:16.366+0000] {processor.py:183} INFO - Processing /opt/airflow/dags/dag_tp2a_pokemon_ingestion.py took 0.134 seconds
[2026-06-09T12:20:46.447+0000] {processor.py:161} INFO - Started process (PID=3778) to work on /opt/airflow/dags/dag_tp2a_pokemon_ingestion.py
[2026-06-09T12:20:46.448+0000] {processor.py:830} INFO - Processing file /opt/airflow/dags/dag_tp2a_pokemon_ingestion.py for tasks to queue
[2026-06-09T12:20:46.450+0000] {logging_mixin.py:188} INFO - [2026-06-09T12:20:46.450+0000] {dagbag.py:545} INFO - Filling up the DagBag from /opt/airflow/dags/dag_tp2a_pokemon_ingestion.py
[2026-06-09T12:20:46.472+0000] {processor.py:840} INFO - DAG(s) 'tp2a_pokemon_ingestion' retrieved from /opt/airflow/dags/dag_tp2a_pokemon_ingestion.py
[2026-06-09T12:20:46.510+0000] {logging_mixin.py:188} INFO - [2026-06-09T12:20:46.510+0000] {dag.py:3096} INFO - Sync 1 DAGs
[2026-06-09T12:20:46.525+0000] {logging_mixin.py:188} INFO - [2026-06-09T12:20:46.524+0000] {dag.py:3954} INFO - Setting next_dagrun for tp2a_pokemon_ingestion to None, run_after=None
[2026-06-09T12:20:46.548+0000] {processor.py:183} INFO - Processing /opt/airflow/dags/dag_tp2a_pokemon_ingestion.py took 0.107 seconds
[2026-06-09T12:21:16.810+0000] {processor.py:161} INFO - Started process (PID=3788) to work on /opt/airflow/dags/dag_tp2a_pokemon_ingestion.py
[2026-06-09T12:21:16.811+0000] {processor.py:830} INFO - Processing file /opt/airflow/dags/dag_tp2a_pokemon_ingestion.py for tasks to queue
[2026-06-09T12:21:16.814+0000] {logging_mixin.py:188} INFO - [2026-06-09T12:21:16.813+0000] {dagbag.py:545} INFO - Filling up the DagBag from /opt/airflow/dags/dag_tp2a_pokemon_ingestion.py
[2026-06-09T12:21:16.835+0000] {processor.py:840} INFO - DAG(s) 'tp2a_pokemon_ingestion' retrieved from /opt/airflow/dags/dag_tp2a_pokemon_ingestion.py
[2026-06-09T12:21:16.870+0000] {logging_mixin.py:188} INFO - [2026-06-09T12:21:16.870+0000] {dag.py:3096} INFO - Sync 1 DAGs
[2026-06-09T12:21:16.884+0000] {logging_mixin.py:188} INFO - [2026-06-09T12:21:16.884+0000] {dag.py:3954} INFO - Setting next_dagrun for tp2a_pokemon_ingestion to None, run_after=None
[2026-06-09T12:21:16.906+0000] {processor.py:183} INFO - Processing /opt/airflow/dags/dag_tp2a_pokemon_ingestion.py took 0.102 seconds
[2026-06-09T12:21:47.122+0000] {processor.py:161} INFO - Started process (PID=3798) to work on /opt/airflow/dags/dag_tp2a_pokemon_ingestion.py
[2026-06-09T12:21:47.123+0000] {processor.py:830} INFO - Processing file /opt/airflow/dags/dag_tp2a_pokemon_ingestion.py for tasks to queue
[2026-06-09T12:21:47.125+0000] {logging_mixin.py:188} INFO - [2026-06-09T12:21:47.124+0000] {dagbag.py:545} INFO - Filling up the DagBag from /opt/airflow/dags/dag_tp2a_pokemon_ingestion.py
[2026-06-09T12:21:47.149+0000] {processor.py:840} INFO - DAG(s) 'tp2a_pokemon_ingestion' retrieved from /opt/airflow/dags/dag_tp2a_pokemon_ingestion.py
[2026-06-09T12:21:47.188+0000] {logging_mixin.py:188} INFO - [2026-06-09T12:21:47.188+0000] {dag.py:3096} INFO - Sync 1 DAGs
[2026-06-09T12:21:47.201+0000] {logging_mixin.py:188} INFO - [2026-06-09T12:21:47.201+0000] {dag.py:3954} INFO - Setting next_dagrun for tp2a_pokemon_ingestion to None, run_after=None
[2026-06-09T12:21:47.223+0000] {processor.py:183} INFO - Processing /opt/airflow/dags/dag_tp2a_pokemon_ingestion.py took 0.106 seconds
[2026-06-09T12:22:17.338+0000] {processor.py:161} INFO - Started process (PID=3808) to work on /opt/airflow/dags/dag_tp2a_pokemon_ingestion.py
[2026-06-09T12:22:17.338+0000] {processor.py:830} INFO - Processing file /opt/airflow/dags/dag_tp2a_pokemon_ingestion.py for tasks to queue
[2026-06-09T12:22:17.340+0000] {logging_mixin.py:188} INFO - [2026-06-09T12:22:17.340+0000] {dagbag.py:545} INFO - Filling up the DagBag from /opt/airflow/dags/dag_tp2a_pokemon_ingestion.py
[2026-06-09T12:22:17.361+0000] {processor.py:840} INFO - DAG(s) 'tp2a_pokemon_ingestion' retrieved from /opt/airflow/dags/dag_tp2a_pokemon_ingestion.py
[2026-06-09T12:22:17.398+0000] {logging_mixin.py:188} INFO - [2026-06-09T12:22:17.398+0000] {dag.py:3096} INFO - Sync 1 DAGs
[2026-06-09T12:22:17.411+0000] {logging_mixin.py:188} INFO - [2026-06-09T12:22:17.411+0000] {dag.py:3954} INFO - Setting next_dagrun for tp2a_pokemon_ingestion to None, run_after=None
[2026-06-09T12:22:17.433+0000] {processor.py:183} INFO - Processing /opt/airflow/dags/dag_tp2a_pokemon_ingestion.py took 0.101 seconds
[2026-06-09T12:22:47.574+0000] {processor.py:161} INFO - Started process (PID=3818) to work on /opt/airflow/dags/dag_tp2a_pokemon_ingestion.py
[2026-06-09T12:22:47.575+0000] {processor.py:830} INFO - Processing file /opt/airflow/dags/dag_tp2a_pokemon_ingestion.py for tasks to queue
[2026-06-09T12:22:47.577+0000] {logging_mixin.py:188} INFO - [2026-06-09T12:22:47.577+0000] {dagbag.py:545} INFO - Filling up the DagBag from /opt/airflow/dags/dag_tp2a_pokemon_ingestion.py
[2026-06-09T12:22:47.596+0000] {processor.py:840} INFO - DAG(s) 'tp2a_pokemon_ingestion' retrieved from /opt/airflow/dags/dag_tp2a_pokemon_ingestion.py
[2026-06-09T12:22:47.630+0000] {logging_mixin.py:188} INFO - [2026-06-09T12:22:47.630+0000] {dag.py:3096} INFO - Sync 1 DAGs
[2026-06-09T12:22:47.645+0000] {logging_mixin.py:188} INFO - [2026-06-09T12:22:47.645+0000] {dag.py:3954} INFO - Setting next_dagrun for tp2a_pokemon_ingestion to None, run_after=None
[2026-06-09T12:22:47.667+0000] {processor.py:183} INFO - Processing /opt/airflow/dags/dag_tp2a_pokemon_ingestion.py took 0.098 seconds
[2026-06-09T12:23:17.873+0000] {processor.py:161} INFO - Started process (PID=3828) to work on /opt/airflow/dags/dag_tp2a_pokemon_ingestion.py
[2026-06-09T12:23:17.874+0000] {processor.py:830} INFO - Processing file /opt/airflow/dags/dag_tp2a_pokemon_ingestion.py for tasks to queue
[2026-06-09T12:23:17.876+0000] {logging_mixin.py:188} INFO - [2026-06-09T12:23:17.875+0000] {dagbag.py:545} INFO - Filling up the DagBag from /opt/airflow/dags/dag_tp2a_pokemon_ingestion.py
[2026-06-09T12:23:17.894+0000] {processor.py:840} INFO - DAG(s) 'tp2a_pokemon_ingestion' retrieved from /opt/airflow/dags/dag_tp2a_pokemon_ingestion.py
[2026-06-09T12:23:17.927+0000] {logging_mixin.py:188} INFO - [2026-06-09T12:23:17.927+0000] {dag.py:3096} INFO - Sync 1 DAGs
[2026-06-09T12:23:17.939+0000] {logging_mixin.py:188} INFO - [2026-06-09T12:23:17.939+0000] {dag.py:3954} INFO - Setting next_dagrun for tp2a_pokemon_ingestion to None, run_after=None
[2026-06-09T12:23:17.960+0000] {processor.py:183} INFO - Processing /opt/airflow/dags/dag_tp2a_pokemon_ingestion.py took 0.092 seconds
[2026-06-09T12:23:48.173+0000] {processor.py:161} INFO - Started process (PID=3838) to work on /opt/airflow/dags/dag_tp2a_pokemon_ingestion.py
[2026-06-09T12:23:48.174+0000] {processor.py:830} INFO - Processing file /opt/airflow/dags/dag_tp2a_pokemon_ingestion.py for tasks to queue
[2026-06-09T12:23:48.175+0000] {logging_mixin.py:188} INFO - [2026-06-09T12:23:48.175+0000] {dagbag.py:545} INFO - Filling up the DagBag from /opt/airflow/dags/dag_tp2a_pokemon_ingestion.py
[2026-06-09T12:23:48.195+0000] {processor.py:840} INFO - DAG(s) 'tp2a_pokemon_ingestion' retrieved from /opt/airflow/dags/dag_tp2a_pokemon_ingestion.py
[2026-06-09T12:23:48.225+0000] {logging_mixin.py:188} INFO - [2026-06-09T12:23:48.225+0000] {dag.py:3096} INFO - Sync 1 DAGs
[2026-06-09T12:23:48.237+0000] {logging_mixin.py:188} INFO - [2026-06-09T12:23:48.237+0000] {dag.py:3954} INFO - Setting next_dagrun for tp2a_pokemon_ingestion to None, run_after=None
[2026-06-09T12:23:48.258+0000] {processor.py:183} INFO - Processing /opt/airflow/dags/dag_tp2a_pokemon_ingestion.py took 0.090 seconds
[2026-06-09T12:24:18.462+0000] {processor.py:161} INFO - Started process (PID=3848) to work on /opt/airflow/dags/dag_tp2a_pokemon_ingestion.py
[2026-06-09T12:24:18.463+0000] {processor.py:830} INFO - Processing file /opt/airflow/dags/dag_tp2a_pokemon_ingestion.py for tasks to queue
[2026-06-09T12:24:18.465+0000] {logging_mixin.py:188} INFO - [2026-06-09T12:24:18.464+0000] {dagbag.py:545} INFO - Filling up the DagBag from /opt/airflow/dags/dag_tp2a_pokemon_ingestion.py
[2026-06-09T12:24:18.483+0000] {processor.py:840} INFO - DAG(s) 'tp2a_pokemon_ingestion' retrieved from /opt/airflow/dags/dag_tp2a_pokemon_ingestion.py
[2026-06-09T12:24:18.516+0000] {logging_mixin.py:188} INFO - [2026-06-09T12:24:18.516+0000] {dag.py:3096} INFO - Sync 1 DAGs
[2026-06-09T12:24:18.529+0000] {logging_mixin.py:188} INFO - [2026-06-09T12:24:18.529+0000] {dag.py:3954} INFO - Setting next_dagrun for tp2a_pokemon_ingestion to None, run_after=None
[2026-06-09T12:24:18.549+0000] {processor.py:183} INFO - Processing /opt/airflow/dags/dag_tp2a_pokemon_ingestion.py took 0.092 seconds
[2026-06-09T12:24:48.650+0000] {processor.py:161} INFO - Started process (PID=3858) to work on /opt/airflow/dags/dag_tp2a_pokemon_ingestion.py
[2026-06-09T12:24:48.651+0000] {processor.py:830} INFO - Processing file /opt/airflow/dags/dag_tp2a_pokemon_ingestion.py for tasks to queue
[2026-06-09T12:24:48.652+0000] {logging_mixin.py:188} INFO - [2026-06-09T12:24:48.652+0000] {dagbag.py:545} INFO - Filling up the DagBag from /opt/airflow/dags/dag_tp2a_pokemon_ingestion.py
[2026-06-09T12:24:48.671+0000] {processor.py:840} INFO - DAG(s) 'tp2a_pokemon_ingestion' retrieved from /opt/airflow/dags/dag_tp2a_pokemon_ingestion.py
[2026-06-09T12:24:48.705+0000] {logging_mixin.py:188} INFO - [2026-06-09T12:24:48.705+0000] {dag.py:3096} INFO - Sync 1 DAGs
[2026-06-09T12:24:48.718+0000] {logging_mixin.py:188} INFO - [2026-06-09T12:24:48.718+0000] {dag.py:3954} INFO - Setting next_dagrun for tp2a_pokemon_ingestion to None, run_after=None
[2026-06-09T12:24:48.739+0000] {processor.py:183} INFO - Processing /opt/airflow/dags/dag_tp2a_pokemon_ingestion.py took 0.094 seconds
[2026-06-09T12:25:18.950+0000] {processor.py:161} INFO - Started process (PID=3868) to work on /opt/airflow/dags/dag_tp2a_pokemon_ingestion.py
[2026-06-09T12:25:18.951+0000] {processor.py:830} INFO - Processing file /opt/airflow/dags/dag_tp2a_pokemon_ingestion.py for tasks to queue
[2026-06-09T12:25:18.953+0000] {logging_mixin.py:188} INFO - [2026-06-09T12:25:18.953+0000] {dagbag.py:545} INFO - Filling up the DagBag from /opt/airflow/dags/dag_tp2a_pokemon_ingestion.py
[2026-06-09T12:25:18.972+0000] {processor.py:840} INFO - DAG(s) 'tp2a_pokemon_ingestion' retrieved from /opt/airflow/dags/dag_tp2a_pokemon_ingestion.py
[2026-06-09T12:25:19.005+0000] {logging_mixin.py:188} INFO - [2026-06-09T12:25:19.005+0000] {dag.py:3096} INFO - Sync 1 DAGs
[2026-06-09T12:25:19.018+0000] {logging_mixin.py:188} INFO - [2026-06-09T12:25:19.018+0000] {dag.py:3954} INFO - Setting next_dagrun for tp2a_pokemon_ingestion to None, run_after=None
[2026-06-09T12:25:19.038+0000] {processor.py:183} INFO - Processing /opt/airflow/dags/dag_tp2a_pokemon_ingestion.py took 0.093 seconds
[2026-06-09T12:25:49.256+0000] {processor.py:161} INFO - Started process (PID=3878) to work on /opt/airflow/dags/dag_tp2a_pokemon_ingestion.py
[2026-06-09T12:25:49.257+0000] {processor.py:830} INFO - Processing file /opt/airflow/dags/dag_tp2a_pokemon_ingestion.py for tasks to queue
[2026-06-09T12:25:49.258+0000] {logging_mixin.py:188} INFO - [2026-06-09T12:25:49.258+0000] {dagbag.py:545} INFO - Filling up the DagBag from /opt/airflow/dags/dag_tp2a_pokemon_ingestion.py
[2026-06-09T12:25:49.278+0000] {processor.py:840} INFO - DAG(s) 'tp2a_pokemon_ingestion' retrieved from /opt/airflow/dags/dag_tp2a_pokemon_ingestion.py
[2026-06-09T12:25:49.310+0000] {logging_mixin.py:188} INFO - [2026-06-09T12:25:49.310+0000] {dag.py:3096} INFO - Sync 1 DAGs
[2026-06-09T12:25:49.324+0000] {logging_mixin.py:188} INFO - [2026-06-09T12:25:49.324+0000] {dag.py:3954} INFO - Setting next_dagrun for tp2a_pokemon_ingestion to None, run_after=None
[2026-06-09T12:25:49.345+0000] {processor.py:183} INFO - Processing /opt/airflow/dags/dag_tp2a_pokemon_ingestion.py took 0.095 seconds
[2026-06-09T12:26:19.573+0000] {processor.py:161} INFO - Started process (PID=3888) to work on /opt/airflow/dags/dag_tp2a_pokemon_ingestion.py
[2026-06-09T12:26:19.574+0000] {processor.py:830} INFO - Processing file /opt/airflow/dags/dag_tp2a_pokemon_ingestion.py for tasks to queue
[2026-06-09T12:26:19.575+0000] {logging_mixin.py:188} INFO - [2026-06-09T12:26:19.575+0000] {dagbag.py:545} INFO - Filling up the DagBag from /opt/airflow/dags/dag_tp2a_pokemon_ingestion.py
[2026-06-09T12:26:19.592+0000] {processor.py:840} INFO - DAG(s) 'tp2a_pokemon_ingestion' retrieved from /opt/airflow/dags/dag_tp2a_pokemon_ingestion.py
[2026-06-09T12:26:19.620+0000] {logging_mixin.py:188} INFO - [2026-06-09T12:26:19.620+0000] {dag.py:3096} INFO - Sync 1 DAGs
[2026-06-09T12:26:19.633+0000] {logging_mixin.py:188} INFO - [2026-06-09T12:26:19.633+0000] {dag.py:3954} INFO - Setting next_dagrun for tp2a_pokemon_ingestion to None, run_after=None
[2026-06-09T12:26:19.651+0000] {processor.py:183} INFO - Processing /opt/airflow/dags/dag_tp2a_pokemon_ingestion.py took 0.082 seconds
[2026-06-09T12:26:49.853+0000] {processor.py:161} INFO - Started process (PID=3898) to work on /opt/airflow/dags/dag_tp2a_pokemon_ingestion.py
[2026-06-09T12:26:49.854+0000] {processor.py:830} INFO - Processing file /opt/airflow/dags/dag_tp2a_pokemon_ingestion.py for tasks to queue
[2026-06-09T12:26:49.856+0000] {logging_mixin.py:188} INFO - [2026-06-09T12:26:49.855+0000] {dagbag.py:545} INFO - Filling up the DagBag from /opt/airflow/dags/dag_tp2a_pokemon_ingestion.py
[2026-06-09T12:26:49.875+0000] {processor.py:840} INFO - DAG(s) 'tp2a_pokemon_ingestion' retrieved from /opt/airflow/dags/dag_tp2a_pokemon_ingestion.py
[2026-06-09T12:26:49.908+0000] {logging_mixin.py:188} INFO - [2026-06-09T12:26:49.908+0000] {dag.py:3096} INFO - Sync 1 DAGs
[2026-06-09T12:26:49.922+0000] {logging_mixin.py:188} INFO - [2026-06-09T12:26:49.922+0000] {dag.py:3954} INFO - Setting next_dagrun for tp2a_pokemon_ingestion to None, run_after=None
[2026-06-09T12:26:49.943+0000] {processor.py:183} INFO - Processing /opt/airflow/dags/dag_tp2a_pokemon_ingestion.py took 0.095 seconds
[2026-06-09T12:27:20.228+0000] {processor.py:161} INFO - Started process (PID=3908) to work on /opt/airflow/dags/dag_tp2a_pokemon_ingestion.py
[2026-06-09T12:27:20.239+0000] {processor.py:830} INFO - Processing file /opt/airflow/dags/dag_tp2a_pokemon_ingestion.py for tasks to queue
[2026-06-09T12:27:20.246+0000] {logging_mixin.py:188} INFO - [2026-06-09T12:27:20.245+0000] {dagbag.py:545} INFO - Filling up the DagBag from /opt/airflow/dags/dag_tp2a_pokemon_ingestion.py
[2026-06-09T12:27:20.316+0000] {processor.py:840} INFO - DAG(s) 'tp2a_pokemon_ingestion' retrieved from /opt/airflow/dags/dag_tp2a_pokemon_ingestion.py
[2026-06-09T12:27:20.420+0000] {logging_mixin.py:188} INFO - [2026-06-09T12:27:20.419+0000] {dag.py:3096} INFO - Sync 1 DAGs
[2026-06-09T12:27:20.458+0000] {logging_mixin.py:188} INFO - [2026-06-09T12:27:20.457+0000] {dag.py:3954} INFO - Setting next_dagrun for tp2a_pokemon_ingestion to None, run_after=None
[2026-06-09T12:27:20.501+0000] {processor.py:183} INFO - Processing /opt/airflow/dags/dag_tp2a_pokemon_ingestion.py took 0.292 seconds
[2026-06-09T12:27:50.618+0000] {processor.py:161} INFO - Started process (PID=3918) to work on /opt/airflow/dags/dag_tp2a_pokemon_ingestion.py
[2026-06-09T12:27:50.619+0000] {processor.py:830} INFO - Processing file /opt/airflow/dags/dag_tp2a_pokemon_ingestion.py for tasks to queue
[2026-06-09T12:27:50.622+0000] {logging_mixin.py:188} INFO - [2026-06-09T12:27:50.622+0000] {dagbag.py:545} INFO - Filling up the DagBag from /opt/airflow/dags/dag_tp2a_pokemon_ingestion.py
[2026-06-09T12:27:50.646+0000] {processor.py:840} INFO - DAG(s) 'tp2a_pokemon_ingestion' retrieved from /opt/airflow/dags/dag_tp2a_pokemon_ingestion.py
[2026-06-09T12:27:50.688+0000] {logging_mixin.py:188} INFO - [2026-06-09T12:27:50.687+0000] {dag.py:3096} INFO - Sync 1 DAGs
[2026-06-09T12:27:50.704+0000] {logging_mixin.py:188} INFO - [2026-06-09T12:27:50.703+0000] {dag.py:3954} INFO - Setting next_dagrun for tp2a_pokemon_ingestion to None, run_after=None
[2026-06-09T12:27:50.729+0000] {processor.py:183} INFO - Processing /opt/airflow/dags/dag_tp2a_pokemon_ingestion.py took 0.118 seconds
[2026-06-09T12:28:20.941+0000] {processor.py:161} INFO - Started process (PID=3928) to work on /opt/airflow/dags/dag_tp2a_pokemon_ingestion.py
[2026-06-09T12:28:20.942+0000] {processor.py:830} INFO - Processing file /opt/airflow/dags/dag_tp2a_pokemon_ingestion.py for tasks to queue
[2026-06-09T12:28:20.944+0000] {logging_mixin.py:188} INFO - [2026-06-09T12:28:20.943+0000] {dagbag.py:545} INFO - Filling up the DagBag from /opt/airflow/dags/dag_tp2a_pokemon_ingestion.py
[2026-06-09T12:28:20.962+0000] {processor.py:840} INFO - DAG(s) 'tp2a_pokemon_ingestion' retrieved from /opt/airflow/dags/dag_tp2a_pokemon_ingestion.py
[2026-06-09T12:28:20.996+0000] {logging_mixin.py:188} INFO - [2026-06-09T12:28:20.996+0000] {dag.py:3096} INFO - Sync 1 DAGs
[2026-06-09T12:28:21.011+0000] {logging_mixin.py:188} INFO - [2026-06-09T12:28:21.011+0000] {dag.py:3954} INFO - Setting next_dagrun for tp2a_pokemon_ingestion to None, run_after=None
[2026-06-09T12:28:21.032+0000] {processor.py:183} INFO - Processing /opt/airflow/dags/dag_tp2a_pokemon_ingestion.py took 0.096 seconds
[2026-06-09T12:28:51.247+0000] {processor.py:161} INFO - Started process (PID=3938) to work on /opt/airflow/dags/dag_tp2a_pokemon_ingestion.py
[2026-06-09T12:28:51.248+0000] {processor.py:830} INFO - Processing file /opt/airflow/dags/dag_tp2a_pokemon_ingestion.py for tasks to queue
[2026-06-09T12:28:51.250+0000] {logging_mixin.py:188} INFO - [2026-06-09T12:28:51.250+0000] {dagbag.py:545} INFO - Filling up the DagBag from /opt/airflow/dags/dag_tp2a_pokemon_ingestion.py
[2026-06-09T12:28:51.271+0000] {processor.py:840} INFO - DAG(s) 'tp2a_pokemon_ingestion' retrieved from /opt/airflow/dags/dag_tp2a_pokemon_ingestion.py
[2026-06-09T12:28:51.306+0000] {logging_mixin.py:188} INFO - [2026-06-09T12:28:51.306+0000] {dag.py:3096} INFO - Sync 1 DAGs
[2026-06-09T12:28:51.320+0000] {logging_mixin.py:188} INFO - [2026-06-09T12:28:51.320+0000] {dag.py:3954} INFO - Setting next_dagrun for tp2a_pokemon_ingestion to None, run_after=None
[2026-06-09T12:28:51.341+0000] {processor.py:183} INFO - Processing /opt/airflow/dags/dag_tp2a_pokemon_ingestion.py took 0.099 seconds
[2026-06-09T12:29:21.450+0000] {processor.py:161} INFO - Started process (PID=3948) to work on /opt/airflow/dags/dag_tp2a_pokemon_ingestion.py
[2026-06-09T12:29:21.451+0000] {processor.py:830} INFO - Processing file /opt/airflow/dags/dag_tp2a_pokemon_ingestion.py for tasks to queue
[2026-06-09T12:29:21.453+0000] {logging_mixin.py:188} INFO - [2026-06-09T12:29:21.453+0000] {dagbag.py:545} INFO - Filling up the DagBag from /opt/airflow/dags/dag_tp2a_pokemon_ingestion.py
[2026-06-09T12:29:21.472+0000] {processor.py:840} INFO - DAG(s) 'tp2a_pokemon_ingestion' retrieved from /opt/airflow/dags/dag_tp2a_pokemon_ingestion.py
[2026-06-09T12:29:21.503+0000] {logging_mixin.py:188} INFO - [2026-06-09T12:29:21.503+0000] {dag.py:3096} INFO - Sync 1 DAGs
[2026-06-09T12:29:21.517+0000] {logging_mixin.py:188} INFO - [2026-06-09T12:29:21.516+0000] {dag.py:3954} INFO - Setting next_dagrun for tp2a_pokemon_ingestion to None, run_after=None
[2026-06-09T12:29:21.537+0000] {processor.py:183} INFO - Processing /opt/airflow/dags/dag_tp2a_pokemon_ingestion.py took 0.092 seconds
[2026-06-09T12:29:51.797+0000] {processor.py:161} INFO - Started process (PID=3958) to work on /opt/airflow/dags/dag_tp2a_pokemon_ingestion.py
[2026-06-09T12:29:51.800+0000] {processor.py:830} INFO - Processing file /opt/airflow/dags/dag_tp2a_pokemon_ingestion.py for tasks to queue
[2026-06-09T12:29:51.802+0000] {logging_mixin.py:188} INFO - [2026-06-09T12:29:51.802+0000] {dagbag.py:545} INFO - Filling up the DagBag from /opt/airflow/dags/dag_tp2a_pokemon_ingestion.py
[2026-06-09T12:29:51.829+0000] {processor.py:840} INFO - DAG(s) 'tp2a_pokemon_ingestion' retrieved from /opt/airflow/dags/dag_tp2a_pokemon_ingestion.py
[2026-06-09T12:29:51.870+0000] {logging_mixin.py:188} INFO - [2026-06-09T12:29:51.870+0000] {dag.py:3096} INFO - Sync 1 DAGs
[2026-06-09T12:29:51.888+0000] {logging_mixin.py:188} INFO - [2026-06-09T12:29:51.887+0000] {dag.py:3954} INFO - Setting next_dagrun for tp2a_pokemon_ingestion to None, run_after=None
[2026-06-09T12:29:51.919+0000] {processor.py:183} INFO - Processing /opt/airflow/dags/dag_tp2a_pokemon_ingestion.py took 0.135 seconds
[2026-06-09T12:30:21.995+0000] {processor.py:161} INFO - Started process (PID=3968) to work on /opt/airflow/dags/dag_tp2a_pokemon_ingestion.py
[2026-06-09T12:30:21.996+0000] {processor.py:830} INFO - Processing file /opt/airflow/dags/dag_tp2a_pokemon_ingestion.py for tasks to queue
[2026-06-09T12:30:21.997+0000] {logging_mixin.py:188} INFO - [2026-06-09T12:30:21.997+0000] {dagbag.py:545} INFO - Filling up the DagBag from /opt/airflow/dags/dag_tp2a_pokemon_ingestion.py
[2026-06-09T12:30:22.016+0000] {processor.py:840} INFO - DAG(s) 'tp2a_pokemon_ingestion' retrieved from /opt/airflow/dags/dag_tp2a_pokemon_ingestion.py
[2026-06-09T12:30:22.050+0000] {logging_mixin.py:188} INFO - [2026-06-09T12:30:22.050+0000] {dag.py:3096} INFO - Sync 1 DAGs
[2026-06-09T12:30:22.063+0000] {logging_mixin.py:188} INFO - [2026-06-09T12:30:22.063+0000] {dag.py:3954} INFO - Setting next_dagrun for tp2a_pokemon_ingestion to None, run_after=None
[2026-06-09T12:30:22.086+0000] {processor.py:183} INFO - Processing /opt/airflow/dags/dag_tp2a_pokemon_ingestion.py took 0.096 seconds
[2026-06-09T12:30:52.285+0000] {processor.py:161} INFO - Started process (PID=3978) to work on /opt/airflow/dags/dag_tp2a_pokemon_ingestion.py
[2026-06-09T12:30:52.286+0000] {processor.py:830} INFO - Processing file /opt/airflow/dags/dag_tp2a_pokemon_ingestion.py for tasks to queue
[2026-06-09T12:30:52.288+0000] {logging_mixin.py:188} INFO - [2026-06-09T12:30:52.288+0000] {dagbag.py:545} INFO - Filling up the DagBag from /opt/airflow/dags/dag_tp2a_pokemon_ingestion.py
[2026-06-09T12:30:52.308+0000] {processor.py:840} INFO - DAG(s) 'tp2a_pokemon_ingestion' retrieved from /opt/airflow/dags/dag_tp2a_pokemon_ingestion.py
[2026-06-09T12:30:52.340+0000] {logging_mixin.py:188} INFO - [2026-06-09T12:30:52.340+0000] {dag.py:3096} INFO - Sync 1 DAGs
[2026-06-09T12:30:52.353+0000] {logging_mixin.py:188} INFO - [2026-06-09T12:30:52.353+0000] {dag.py:3954} INFO - Setting next_dagrun for tp2a_pokemon_ingestion to None, run_after=None
[2026-06-09T12:30:52.373+0000] {processor.py:183} INFO - Processing /opt/airflow/dags/dag_tp2a_pokemon_ingestion.py took 0.093 seconds
[2026-06-09T12:31:22.630+0000] {processor.py:161} INFO - Started process (PID=3988) to work on /opt/airflow/dags/dag_tp2a_pokemon_ingestion.py
[2026-06-09T12:31:22.631+0000] {processor.py:830} INFO - Processing file /opt/airflow/dags/dag_tp2a_pokemon_ingestion.py for tasks to queue
[2026-06-09T12:31:22.632+0000] {logging_mixin.py:188} INFO - [2026-06-09T12:31:22.632+0000] {dagbag.py:545} INFO - Filling up the DagBag from /opt/airflow/dags/dag_tp2a_pokemon_ingestion.py
[2026-06-09T12:31:22.652+0000] {processor.py:840} INFO - DAG(s) 'tp2a_pokemon_ingestion' retrieved from /opt/airflow/dags/dag_tp2a_pokemon_ingestion.py
[2026-06-09T12:31:22.688+0000] {logging_mixin.py:188} INFO - [2026-06-09T12:31:22.687+0000] {dag.py:3096} INFO - Sync 1 DAGs
[2026-06-09T12:31:22.700+0000] {logging_mixin.py:188} INFO - [2026-06-09T12:31:22.700+0000] {dag.py:3954} INFO - Setting next_dagrun for tp2a_pokemon_ingestion to None, run_after=None
[2026-06-09T12:31:22.720+0000] {processor.py:183} INFO - Processing /opt/airflow/dags/dag_tp2a_pokemon_ingestion.py took 0.095 seconds
[2026-06-09T12:31:52.928+0000] {processor.py:161} INFO - Started process (PID=3998) to work on /opt/airflow/dags/dag_tp2a_pokemon_ingestion.py
[2026-06-09T12:31:52.929+0000] {processor.py:830} INFO - Processing file /opt/airflow/dags/dag_tp2a_pokemon_ingestion.py for tasks to queue
[2026-06-09T12:31:52.931+0000] {logging_mixin.py:188} INFO - [2026-06-09T12:31:52.930+0000] {dagbag.py:545} INFO - Filling up the DagBag from /opt/airflow/dags/dag_tp2a_pokemon_ingestion.py
[2026-06-09T12:31:52.951+0000] {processor.py:840} INFO - DAG(s) 'tp2a_pokemon_ingestion' retrieved from /opt/airflow/dags/dag_tp2a_pokemon_ingestion.py
[2026-06-09T12:31:52.983+0000] {logging_mixin.py:188} INFO - [2026-06-09T12:31:52.983+0000] {dag.py:3096} INFO - Sync 1 DAGs
[2026-06-09T12:31:52.996+0000] {logging_mixin.py:188} INFO - [2026-06-09T12:31:52.996+0000] {dag.py:3954} INFO - Setting next_dagrun for tp2a_pokemon_ingestion to None, run_after=None
[2026-06-09T12:31:53.016+0000] {processor.py:183} INFO - Processing /opt/airflow/dags/dag_tp2a_pokemon_ingestion.py took 0.092 seconds
[2026-06-09T12:32:23.231+0000] {processor.py:161} INFO - Started process (PID=4008) to work on /opt/airflow/dags/dag_tp2a_pokemon_ingestion.py
[2026-06-09T12:32:23.232+0000] {processor.py:830} INFO - Processing file /opt/airflow/dags/dag_tp2a_pokemon_ingestion.py for tasks to queue
[2026-06-09T12:32:23.234+0000] {logging_mixin.py:188} INFO - [2026-06-09T12:32:23.233+0000] {dagbag.py:545} INFO - Filling up the DagBag from /opt/airflow/dags/dag_tp2a_pokemon_ingestion.py
[2026-06-09T12:32:23.253+0000] {processor.py:840} INFO - DAG(s) 'tp2a_pokemon_ingestion' retrieved from /opt/airflow/dags/dag_tp2a_pokemon_ingestion.py
[2026-06-09T12:32:23.285+0000] {logging_mixin.py:188} INFO - [2026-06-09T12:32:23.285+0000] {dag.py:3096} INFO - Sync 1 DAGs
[2026-06-09T12:32:23.298+0000] {logging_mixin.py:188} INFO - [2026-06-09T12:32:23.298+0000] {dag.py:3954} INFO - Setting next_dagrun for tp2a_pokemon_ingestion to None, run_after=None
[2026-06-09T12:32:23.321+0000] {processor.py:183} INFO - Processing /opt/airflow/dags/dag_tp2a_pokemon_ingestion.py took 0.095 seconds
[2026-06-09T12:32:53.528+0000] {processor.py:161} INFO - Started process (PID=4018) to work on /opt/airflow/dags/dag_tp2a_pokemon_ingestion.py
[2026-06-09T12:32:53.529+0000] {processor.py:830} INFO - Processing file /opt/airflow/dags/dag_tp2a_pokemon_ingestion.py for tasks to queue
[2026-06-09T12:32:53.531+0000] {logging_mixin.py:188} INFO - [2026-06-09T12:32:53.530+0000] {dagbag.py:545} INFO - Filling up the DagBag from /opt/airflow/dags/dag_tp2a_pokemon_ingestion.py
[2026-06-09T12:32:53.551+0000] {processor.py:840} INFO - DAG(s) 'tp2a_pokemon_ingestion' retrieved from /opt/airflow/dags/dag_tp2a_pokemon_ingestion.py
[2026-06-09T12:32:53.583+0000] {logging_mixin.py:188} INFO - [2026-06-09T12:32:53.583+0000] {dag.py:3096} INFO - Sync 1 DAGs
[2026-06-09T12:32:53.596+0000] {logging_mixin.py:188} INFO - [2026-06-09T12:32:53.596+0000] {dag.py:3954} INFO - Setting next_dagrun for tp2a_pokemon_ingestion to None, run_after=None
[2026-06-09T12:32:53.616+0000] {processor.py:183} INFO - Processing /opt/airflow/dags/dag_tp2a_pokemon_ingestion.py took 0.093 seconds
[2026-06-09T12:33:23.827+0000] {processor.py:161} INFO - Started process (PID=4028) to work on /opt/airflow/dags/dag_tp2a_pokemon_ingestion.py
[2026-06-09T12:33:23.828+0000] {processor.py:830} INFO - Processing file /opt/airflow/dags/dag_tp2a_pokemon_ingestion.py for tasks to queue
[2026-06-09T12:33:23.830+0000] {logging_mixin.py:188} INFO - [2026-06-09T12:33:23.829+0000] {dagbag.py:545} INFO - Filling up the DagBag from /opt/airflow/dags/dag_tp2a_pokemon_ingestion.py
[2026-06-09T12:33:23.849+0000] {processor.py:840} INFO - DAG(s) 'tp2a_pokemon_ingestion' retrieved from /opt/airflow/dags/dag_tp2a_pokemon_ingestion.py
[2026-06-09T12:33:23.879+0000] {logging_mixin.py:188} INFO - [2026-06-09T12:33:23.879+0000] {dag.py:3096} INFO - Sync 1 DAGs
[2026-06-09T12:33:23.893+0000] {logging_mixin.py:188} INFO - [2026-06-09T12:33:23.892+0000] {dag.py:3954} INFO - Setting next_dagrun for tp2a_pokemon_ingestion to None, run_after=None
[2026-06-09T12:33:23.912+0000] {processor.py:183} INFO - Processing /opt/airflow/dags/dag_tp2a_pokemon_ingestion.py took 0.090 seconds
[2026-06-09T12:33:54.122+0000] {processor.py:161} INFO - Started process (PID=4038) to work on /opt/airflow/dags/dag_tp2a_pokemon_ingestion.py
[2026-06-09T12:33:54.123+0000] {processor.py:830} INFO - Processing file /opt/airflow/dags/dag_tp2a_pokemon_ingestion.py for tasks to queue
[2026-06-09T12:33:54.124+0000] {logging_mixin.py:188} INFO - [2026-06-09T12:33:54.124+0000] {dagbag.py:545} INFO - Filling up the DagBag from /opt/airflow/dags/dag_tp2a_pokemon_ingestion.py
[2026-06-09T12:33:54.143+0000] {processor.py:840} INFO - DAG(s) 'tp2a_pokemon_ingestion' retrieved from /opt/airflow/dags/dag_tp2a_pokemon_ingestion.py
[2026-06-09T12:33:54.174+0000] {logging_mixin.py:188} INFO - [2026-06-09T12:33:54.174+0000] {dag.py:3096} INFO - Sync 1 DAGs
[2026-06-09T12:33:54.187+0000] {logging_mixin.py:188} INFO - [2026-06-09T12:33:54.187+0000] {dag.py:3954} INFO - Setting next_dagrun for tp2a_pokemon_ingestion to None, run_after=None
[2026-06-09T12:33:54.207+0000] {processor.py:183} INFO - Processing /opt/airflow/dags/dag_tp2a_pokemon_ingestion.py took 0.091 seconds
[2026-06-09T12:34:24.422+0000] {processor.py:161} INFO - Started process (PID=4048) to work on /opt/airflow/dags/dag_tp2a_pokemon_ingestion.py
[2026-06-09T12:34:24.423+0000] {processor.py:830} INFO - Processing file /opt/airflow/dags/dag_tp2a_pokemon_ingestion.py for tasks to queue
[2026-06-09T12:34:24.426+0000] {logging_mixin.py:188} INFO - [2026-06-09T12:34:24.425+0000] {dagbag.py:545} INFO - Filling up the DagBag from /opt/airflow/dags/dag_tp2a_pokemon_ingestion.py
[2026-06-09T12:34:24.450+0000] {processor.py:840} INFO - DAG(s) 'tp2a_pokemon_ingestion' retrieved from /opt/airflow/dags/dag_tp2a_pokemon_ingestion.py
[2026-06-09T12:34:24.485+0000] {logging_mixin.py:188} INFO - [2026-06-09T12:34:24.485+0000] {dag.py:3096} INFO - Sync 1 DAGs
[2026-06-09T12:34:24.499+0000] {logging_mixin.py:188} INFO - [2026-06-09T12:34:24.499+0000] {dag.py:3954} INFO - Setting next_dagrun for tp2a_pokemon_ingestion to None, run_after=None
[2026-06-09T12:34:24.518+0000] {processor.py:183} INFO - Processing /opt/airflow/dags/dag_tp2a_pokemon_ingestion.py took 0.101 seconds
[2026-06-09T12:34:54.719+0000] {processor.py:161} INFO - Started process (PID=4058) to work on /opt/airflow/dags/dag_tp2a_pokemon_ingestion.py
[2026-06-09T12:34:54.720+0000] {processor.py:830} INFO - Processing file /opt/airflow/dags/dag_tp2a_pokemon_ingestion.py for tasks to queue
[2026-06-09T12:34:54.722+0000] {logging_mixin.py:188} INFO - [2026-06-09T12:34:54.721+0000] {dagbag.py:545} INFO - Filling up the DagBag from /opt/airflow/dags/dag_tp2a_pokemon_ingestion.py
[2026-06-09T12:34:54.741+0000] {processor.py:840} INFO - DAG(s) 'tp2a_pokemon_ingestion' retrieved from /opt/airflow/dags/dag_tp2a_pokemon_ingestion.py
[2026-06-09T12:34:54.775+0000] {logging_mixin.py:188} INFO - [2026-06-09T12:34:54.775+0000] {dag.py:3096} INFO - Sync 1 DAGs
[2026-06-09T12:34:54.790+0000] {logging_mixin.py:188} INFO - [2026-06-09T12:34:54.790+0000] {dag.py:3954} INFO - Setting next_dagrun for tp2a_pokemon_ingestion to None, run_after=None
[2026-06-09T12:34:54.810+0000] {processor.py:183} INFO - Processing /opt/airflow/dags/dag_tp2a_pokemon_ingestion.py took 0.096 seconds
[2026-06-09T12:35:24.914+0000] {processor.py:161} INFO - Started process (PID=4068) to work on /opt/airflow/dags/dag_tp2a_pokemon_ingestion.py
[2026-06-09T12:35:24.915+0000] {processor.py:830} INFO - Processing file /opt/airflow/dags/dag_tp2a_pokemon_ingestion.py for tasks to queue
[2026-06-09T12:35:24.917+0000] {logging_mixin.py:188} INFO - [2026-06-09T12:35:24.917+0000] {dagbag.py:545} INFO - Filling up the DagBag from /opt/airflow/dags/dag_tp2a_pokemon_ingestion.py
[2026-06-09T12:35:24.937+0000] {processor.py:840} INFO - DAG(s) 'tp2a_pokemon_ingestion' retrieved from /opt/airflow/dags/dag_tp2a_pokemon_ingestion.py
[2026-06-09T12:35:24.968+0000] {logging_mixin.py:188} INFO - [2026-06-09T12:35:24.968+0000] {dag.py:3096} INFO - Sync 1 DAGs
[2026-06-09T12:35:24.981+0000] {logging_mixin.py:188} INFO - [2026-06-09T12:35:24.981+0000] {dag.py:3954} INFO - Setting next_dagrun for tp2a_pokemon_ingestion to None, run_after=None
[2026-06-09T12:35:25.002+0000] {processor.py:183} INFO - Processing /opt/airflow/dags/dag_tp2a_pokemon_ingestion.py took 0.092 seconds
[2026-06-09T12:35:55.209+0000] {processor.py:161} INFO - Started process (PID=4078) to work on /opt/airflow/dags/dag_tp2a_pokemon_ingestion.py
[2026-06-09T12:35:55.210+0000] {processor.py:830} INFO - Processing file /opt/airflow/dags/dag_tp2a_pokemon_ingestion.py for tasks to queue
[2026-06-09T12:35:55.211+0000] {logging_mixin.py:188} INFO - [2026-06-09T12:35:55.211+0000] {dagbag.py:545} INFO - Filling up the DagBag from /opt/airflow/dags/dag_tp2a_pokemon_ingestion.py
[2026-06-09T12:35:55.229+0000] {processor.py:840} INFO - DAG(s) 'tp2a_pokemon_ingestion' retrieved from /opt/airflow/dags/dag_tp2a_pokemon_ingestion.py
[2026-06-09T12:35:55.261+0000] {logging_mixin.py:188} INFO - [2026-06-09T12:35:55.261+0000] {dag.py:3096} INFO - Sync 1 DAGs
[2026-06-09T12:35:55.275+0000] {logging_mixin.py:188} INFO - [2026-06-09T12:35:55.274+0000] {dag.py:3954} INFO - Setting next_dagrun for tp2a_pokemon_ingestion to None, run_after=None
[2026-06-09T12:35:55.295+0000] {processor.py:183} INFO - Processing /opt/airflow/dags/dag_tp2a_pokemon_ingestion.py took 0.091 seconds
[2026-06-09T12:36:25.545+0000] {processor.py:161} INFO - Started process (PID=4088) to work on /opt/airflow/dags/dag_tp2a_pokemon_ingestion.py
[2026-06-09T12:36:25.546+0000] {processor.py:830} INFO - Processing file /opt/airflow/dags/dag_tp2a_pokemon_ingestion.py for tasks to queue
[2026-06-09T12:36:25.547+0000] {logging_mixin.py:188} INFO - [2026-06-09T12:36:25.547+0000] {dagbag.py:545} INFO - Filling up the DagBag from /opt/airflow/dags/dag_tp2a_pokemon_ingestion.py
[2026-06-09T12:36:25.566+0000] {processor.py:840} INFO - DAG(s) 'tp2a_pokemon_ingestion' retrieved from /opt/airflow/dags/dag_tp2a_pokemon_ingestion.py
[2026-06-09T12:36:25.600+0000] {logging_mixin.py:188} INFO - [2026-06-09T12:36:25.600+0000] {dag.py:3096} INFO - Sync 1 DAGs
[2026-06-09T12:36:25.613+0000] {logging_mixin.py:188} INFO - [2026-06-09T12:36:25.613+0000] {dag.py:3954} INFO - Setting next_dagrun for tp2a_pokemon_ingestion to None, run_after=None
[2026-06-09T12:36:25.634+0000] {processor.py:183} INFO - Processing /opt/airflow/dags/dag_tp2a_pokemon_ingestion.py took 0.095 seconds
[2026-06-09T12:36:55.843+0000] {processor.py:161} INFO - Started process (PID=4098) to work on /opt/airflow/dags/dag_tp2a_pokemon_ingestion.py
[2026-06-09T12:36:55.844+0000] {processor.py:830} INFO - Processing file /opt/airflow/dags/dag_tp2a_pokemon_ingestion.py for tasks to queue
[2026-06-09T12:36:55.846+0000] {logging_mixin.py:188} INFO - [2026-06-09T12:36:55.845+0000] {dagbag.py:545} INFO - Filling up the DagBag from /opt/airflow/dags/dag_tp2a_pokemon_ingestion.py
[2026-06-09T12:36:55.867+0000] {processor.py:840} INFO - DAG(s) 'tp2a_pokemon_ingestion' retrieved from /opt/airflow/dags/dag_tp2a_pokemon_ingestion.py
[2026-06-09T12:36:55.899+0000] {logging_mixin.py:188} INFO - [2026-06-09T12:36:55.898+0000] {dag.py:3096} INFO - Sync 1 DAGs
[2026-06-09T12:36:55.911+0000] {logging_mixin.py:188} INFO - [2026-06-09T12:36:55.911+0000] {dag.py:3954} INFO - Setting next_dagrun for tp2a_pokemon_ingestion to None, run_after=None
[2026-06-09T12:36:55.932+0000] {processor.py:183} INFO - Processing /opt/airflow/dags/dag_tp2a_pokemon_ingestion.py took 0.094 seconds
[2026-06-09T12:37:26.143+0000] {processor.py:161} INFO - Started process (PID=4108) to work on /opt/airflow/dags/dag_tp2a_pokemon_ingestion.py
[2026-06-09T12:37:26.144+0000] {processor.py:830} INFO - Processing file /opt/airflow/dags/dag_tp2a_pokemon_ingestion.py for tasks to queue
[2026-06-09T12:37:26.146+0000] {logging_mixin.py:188} INFO - [2026-06-09T12:37:26.146+0000] {dagbag.py:545} INFO - Filling up the DagBag from /opt/airflow/dags/dag_tp2a_pokemon_ingestion.py
[2026-06-09T12:37:26.165+0000] {processor.py:840} INFO - DAG(s) 'tp2a_pokemon_ingestion' retrieved from /opt/airflow/dags/dag_tp2a_pokemon_ingestion.py
[2026-06-09T12:37:26.197+0000] {logging_mixin.py:188} INFO - [2026-06-09T12:37:26.197+0000] {dag.py:3096} INFO - Sync 1 DAGs
[2026-06-09T12:37:26.211+0000] {logging_mixin.py:188} INFO - [2026-06-09T12:37:26.210+0000] {dag.py:3954} INFO - Setting next_dagrun for tp2a_pokemon_ingestion to None, run_after=None
[2026-06-09T12:37:26.232+0000] {processor.py:183} INFO - Processing /opt/airflow/dags/dag_tp2a_pokemon_ingestion.py took 0.095 seconds
[2026-06-09T12:37:56.442+0000] {processor.py:161} INFO - Started process (PID=4118) to work on /opt/airflow/dags/dag_tp2a_pokemon_ingestion.py
[2026-06-09T12:37:56.443+0000] {processor.py:830} INFO - Processing file /opt/airflow/dags/dag_tp2a_pokemon_ingestion.py for tasks to queue
[2026-06-09T12:37:56.445+0000] {logging_mixin.py:188} INFO - [2026-06-09T12:37:56.445+0000] {dagbag.py:545} INFO - Filling up the DagBag from /opt/airflow/dags/dag_tp2a_pokemon_ingestion.py
[2026-06-09T12:37:56.463+0000] {processor.py:840} INFO - DAG(s) 'tp2a_pokemon_ingestion' retrieved from /opt/airflow/dags/dag_tp2a_pokemon_ingestion.py
[2026-06-09T12:37:56.496+0000] {logging_mixin.py:188} INFO - [2026-06-09T12:37:56.496+0000] {dag.py:3096} INFO - Sync 1 DAGs
[2026-06-09T12:37:56.510+0000] {logging_mixin.py:188} INFO - [2026-06-09T12:37:56.509+0000] {dag.py:3954} INFO - Setting next_dagrun for tp2a_pokemon_ingestion to None, run_after=None
[2026-06-09T12:37:56.529+0000] {processor.py:183} INFO - Processing /opt/airflow/dags/dag_tp2a_pokemon_ingestion.py took 0.093 seconds
[2026-06-09T12:38:26.739+0000] {processor.py:161} INFO - Started process (PID=4128) to work on /opt/airflow/dags/dag_tp2a_pokemon_ingestion.py
[2026-06-09T12:38:26.740+0000] {processor.py:830} INFO - Processing file /opt/airflow/dags/dag_tp2a_pokemon_ingestion.py for tasks to queue
[2026-06-09T12:38:26.741+0000] {logging_mixin.py:188} INFO - [2026-06-09T12:38:26.741+0000] {dagbag.py:545} INFO - Filling up the DagBag from /opt/airflow/dags/dag_tp2a_pokemon_ingestion.py
[2026-06-09T12:38:26.760+0000] {processor.py:840} INFO - DAG(s) 'tp2a_pokemon_ingestion' retrieved from /opt/airflow/dags/dag_tp2a_pokemon_ingestion.py
[2026-06-09T12:38:26.789+0000] {logging_mixin.py:188} INFO - [2026-06-09T12:38:26.789+0000] {dag.py:3096} INFO - Sync 1 DAGs
[2026-06-09T12:38:26.802+0000] {logging_mixin.py:188} INFO - [2026-06-09T12:38:26.802+0000] {dag.py:3954} INFO - Setting next_dagrun for tp2a_pokemon_ingestion to None, run_after=None
[2026-06-09T12:38:26.822+0000] {processor.py:183} INFO - Processing /opt/airflow/dags/dag_tp2a_pokemon_ingestion.py took 0.089 seconds
[2026-06-09T12:38:57.030+0000] {processor.py:161} INFO - Started process (PID=4138) to work on /opt/airflow/dags/dag_tp2a_pokemon_ingestion.py
[2026-06-09T12:38:57.031+0000] {processor.py:830} INFO - Processing file /opt/airflow/dags/dag_tp2a_pokemon_ingestion.py for tasks to queue
[2026-06-09T12:38:57.032+0000] {logging_mixin.py:188} INFO - [2026-06-09T12:38:57.032+0000] {dagbag.py:545} INFO - Filling up the DagBag from /opt/airflow/dags/dag_tp2a_pokemon_ingestion.py
[2026-06-09T12:38:57.053+0000] {processor.py:840} INFO - DAG(s) 'tp2a_pokemon_ingestion' retrieved from /opt/airflow/dags/dag_tp2a_pokemon_ingestion.py
[2026-06-09T12:38:57.086+0000] {logging_mixin.py:188} INFO - [2026-06-09T12:38:57.086+0000] {dag.py:3096} INFO - Sync 1 DAGs
[2026-06-09T12:38:57.099+0000] {logging_mixin.py:188} INFO - [2026-06-09T12:38:57.099+0000] {dag.py:3954} INFO - Setting next_dagrun for tp2a_pokemon_ingestion to None, run_after=None
[2026-06-09T12:38:57.119+0000] {processor.py:183} INFO - Processing /opt/airflow/dags/dag_tp2a_pokemon_ingestion.py took 0.095 seconds
[2026-06-09T12:39:27.333+0000] {processor.py:161} INFO - Started process (PID=4148) to work on /opt/airflow/dags/dag_tp2a_pokemon_ingestion.py
[2026-06-09T12:39:27.334+0000] {processor.py:830} INFO - Processing file /opt/airflow/dags/dag_tp2a_pokemon_ingestion.py for tasks to queue
[2026-06-09T12:39:27.336+0000] {logging_mixin.py:188} INFO - [2026-06-09T12:39:27.335+0000] {dagbag.py:545} INFO - Filling up the DagBag from /opt/airflow/dags/dag_tp2a_pokemon_ingestion.py
[2026-06-09T12:39:27.355+0000] {processor.py:840} INFO - DAG(s) 'tp2a_pokemon_ingestion' retrieved from /opt/airflow/dags/dag_tp2a_pokemon_ingestion.py
[2026-06-09T12:39:27.388+0000] {logging_mixin.py:188} INFO - [2026-06-09T12:39:27.388+0000] {dag.py:3096} INFO - Sync 1 DAGs
[2026-06-09T12:39:27.401+0000] {logging_mixin.py:188} INFO - [2026-06-09T12:39:27.401+0000] {dag.py:3954} INFO - Setting next_dagrun for tp2a_pokemon_ingestion to None, run_after=None
[2026-06-09T12:39:27.422+0000] {processor.py:183} INFO - Processing /opt/airflow/dags/dag_tp2a_pokemon_ingestion.py took 0.094 seconds
[2026-06-09T12:39:57.636+0000] {processor.py:161} INFO - Started process (PID=4158) to work on /opt/airflow/dags/dag_tp2a_pokemon_ingestion.py
[2026-06-09T12:39:57.637+0000] {processor.py:830} INFO - Processing file /opt/airflow/dags/dag_tp2a_pokemon_ingestion.py for tasks to queue
[2026-06-09T12:39:57.639+0000] {logging_mixin.py:188} INFO - [2026-06-09T12:39:57.639+0000] {dagbag.py:545} INFO - Filling up the DagBag from /opt/airflow/dags/dag_tp2a_pokemon_ingestion.py
[2026-06-09T12:39:57.658+0000] {processor.py:840} INFO - DAG(s) 'tp2a_pokemon_ingestion' retrieved from /opt/airflow/dags/dag_tp2a_pokemon_ingestion.py
[2026-06-09T12:39:57.690+0000] {logging_mixin.py:188} INFO - [2026-06-09T12:39:57.689+0000] {dag.py:3096} INFO - Sync 1 DAGs
[2026-06-09T12:39:57.702+0000] {logging_mixin.py:188} INFO - [2026-06-09T12:39:57.702+0000] {dag.py:3954} INFO - Setting next_dagrun for tp2a_pokemon_ingestion to None, run_after=None
[2026-06-09T12:39:57.722+0000] {processor.py:183} INFO - Processing /opt/airflow/dags/dag_tp2a_pokemon_ingestion.py took 0.091 seconds
[2026-06-09T12:40:27.932+0000] {processor.py:161} INFO - Started process (PID=4168) to work on /opt/airflow/dags/dag_tp2a_pokemon_ingestion.py
[2026-06-09T12:40:27.933+0000] {processor.py:830} INFO - Processing file /opt/airflow/dags/dag_tp2a_pokemon_ingestion.py for tasks to queue
[2026-06-09T12:40:27.934+0000] {logging_mixin.py:188} INFO - [2026-06-09T12:40:27.934+0000] {dagbag.py:545} INFO - Filling up the DagBag from /opt/airflow/dags/dag_tp2a_pokemon_ingestion.py
[2026-06-09T12:40:27.953+0000] {processor.py:840} INFO - DAG(s) 'tp2a_pokemon_ingestion' retrieved from /opt/airflow/dags/dag_tp2a_pokemon_ingestion.py
[2026-06-09T12:40:27.984+0000] {logging_mixin.py:188} INFO - [2026-06-09T12:40:27.983+0000] {dag.py:3096} INFO - Sync 1 DAGs
[2026-06-09T12:40:27.996+0000] {logging_mixin.py:188} INFO - [2026-06-09T12:40:27.996+0000] {dag.py:3954} INFO - Setting next_dagrun for tp2a_pokemon_ingestion to None, run_after=None
[2026-06-09T12:40:28.017+0000] {processor.py:183} INFO - Processing /opt/airflow/dags/dag_tp2a_pokemon_ingestion.py took 0.091 seconds
[2026-06-09T12:40:58.123+0000] {processor.py:161} INFO - Started process (PID=4178) to work on /opt/airflow/dags/dag_tp2a_pokemon_ingestion.py
[2026-06-09T12:40:58.124+0000] {processor.py:830} INFO - Processing file /opt/airflow/dags/dag_tp2a_pokemon_ingestion.py for tasks to queue
[2026-06-09T12:40:58.125+0000] {logging_mixin.py:188} INFO - [2026-06-09T12:40:58.125+0000] {dagbag.py:545} INFO - Filling up the DagBag from /opt/airflow/dags/dag_tp2a_pokemon_ingestion.py
[2026-06-09T12:40:58.144+0000] {processor.py:840} INFO - DAG(s) 'tp2a_pokemon_ingestion' retrieved from /opt/airflow/dags/dag_tp2a_pokemon_ingestion.py
[2026-06-09T12:40:58.176+0000] {logging_mixin.py:188} INFO - [2026-06-09T12:40:58.175+0000] {dag.py:3096} INFO - Sync 1 DAGs
[2026-06-09T12:40:58.188+0000] {logging_mixin.py:188} INFO - [2026-06-09T12:40:58.188+0000] {dag.py:3954} INFO - Setting next_dagrun for tp2a_pokemon_ingestion to None, run_after=None
[2026-06-09T12:40:58.207+0000] {processor.py:183} INFO - Processing /opt/airflow/dags/dag_tp2a_pokemon_ingestion.py took 0.089 seconds
[2026-06-09T12:41:28.456+0000] {processor.py:161} INFO - Started process (PID=4188) to work on /opt/airflow/dags/dag_tp2a_pokemon_ingestion.py
[2026-06-09T12:41:28.457+0000] {processor.py:830} INFO - Processing file /opt/airflow/dags/dag_tp2a_pokemon_ingestion.py for tasks to queue
[2026-06-09T12:41:28.458+0000] {logging_mixin.py:188} INFO - [2026-06-09T12:41:28.458+0000] {dagbag.py:545} INFO - Filling up the DagBag from /opt/airflow/dags/dag_tp2a_pokemon_ingestion.py
[2026-06-09T12:41:28.478+0000] {processor.py:840} INFO - DAG(s) 'tp2a_pokemon_ingestion' retrieved from /opt/airflow/dags/dag_tp2a_pokemon_ingestion.py
[2026-06-09T12:41:28.510+0000] {logging_mixin.py:188} INFO - [2026-06-09T12:41:28.510+0000] {dag.py:3096} INFO - Sync 1 DAGs
[2026-06-09T12:41:28.524+0000] {logging_mixin.py:188} INFO - [2026-06-09T12:41:28.524+0000] {dag.py:3954} INFO - Setting next_dagrun for tp2a_pokemon_ingestion to None, run_after=None
[2026-06-09T12:41:28.546+0000] {processor.py:183} INFO - Processing /opt/airflow/dags/dag_tp2a_pokemon_ingestion.py took 0.096 seconds
[2026-06-09T12:41:58.647+0000] {processor.py:161} INFO - Started process (PID=4198) to work on /opt/airflow/dags/dag_tp2a_pokemon_ingestion.py
[2026-06-09T12:41:58.648+0000] {processor.py:830} INFO - Processing file /opt/airflow/dags/dag_tp2a_pokemon_ingestion.py for tasks to queue
[2026-06-09T12:41:58.650+0000] {logging_mixin.py:188} INFO - [2026-06-09T12:41:58.649+0000] {dagbag.py:545} INFO - Filling up the DagBag from /opt/airflow/dags/dag_tp2a_pokemon_ingestion.py
[2026-06-09T12:41:58.668+0000] {processor.py:840} INFO - DAG(s) 'tp2a_pokemon_ingestion' retrieved from /opt/airflow/dags/dag_tp2a_pokemon_ingestion.py
[2026-06-09T12:41:58.699+0000] {logging_mixin.py:188} INFO - [2026-06-09T12:41:58.699+0000] {dag.py:3096} INFO - Sync 1 DAGs
[2026-06-09T12:41:58.713+0000] {logging_mixin.py:188} INFO - [2026-06-09T12:41:58.713+0000] {dag.py:3954} INFO - Setting next_dagrun for tp2a_pokemon_ingestion to None, run_after=None
[2026-06-09T12:41:58.733+0000] {processor.py:183} INFO - Processing /opt/airflow/dags/dag_tp2a_pokemon_ingestion.py took 0.092 seconds
[2026-06-09T12:42:28.942+0000] {processor.py:161} INFO - Started process (PID=4208) to work on /opt/airflow/dags/dag_tp2a_pokemon_ingestion.py
[2026-06-09T12:42:28.943+0000] {processor.py:830} INFO - Processing file /opt/airflow/dags/dag_tp2a_pokemon_ingestion.py for tasks to queue
[2026-06-09T12:42:28.945+0000] {logging_mixin.py:188} INFO - [2026-06-09T12:42:28.945+0000] {dagbag.py:545} INFO - Filling up the DagBag from /opt/airflow/dags/dag_tp2a_pokemon_ingestion.py
[2026-06-09T12:42:28.965+0000] {processor.py:840} INFO - DAG(s) 'tp2a_pokemon_ingestion' retrieved from /opt/airflow/dags/dag_tp2a_pokemon_ingestion.py
[2026-06-09T12:42:29.000+0000] {logging_mixin.py:188} INFO - [2026-06-09T12:42:29.000+0000] {dag.py:3096} INFO - Sync 1 DAGs
[2026-06-09T12:42:29.013+0000] {logging_mixin.py:188} INFO - [2026-06-09T12:42:29.013+0000] {dag.py:3954} INFO - Setting next_dagrun for tp2a_pokemon_ingestion to None, run_after=None
[2026-06-09T12:42:29.033+0000] {processor.py:183} INFO - Processing /opt/airflow/dags/dag_tp2a_pokemon_ingestion.py took 0.096 seconds
[2026-06-09T12:42:59.129+0000] {processor.py:161} INFO - Started process (PID=4218) to work on /opt/airflow/dags/dag_tp2a_pokemon_ingestion.py
[2026-06-09T12:42:59.130+0000] {processor.py:830} INFO - Processing file /opt/airflow/dags/dag_tp2a_pokemon_ingestion.py for tasks to queue
[2026-06-09T12:42:59.132+0000] {logging_mixin.py:188} INFO - [2026-06-09T12:42:59.132+0000] {dagbag.py:545} INFO - Filling up the DagBag from /opt/airflow/dags/dag_tp2a_pokemon_ingestion.py
[2026-06-09T12:42:59.150+0000] {processor.py:840} INFO - DAG(s) 'tp2a_pokemon_ingestion' retrieved from /opt/airflow/dags/dag_tp2a_pokemon_ingestion.py
[2026-06-09T12:42:59.180+0000] {logging_mixin.py:188} INFO - [2026-06-09T12:42:59.180+0000] {dag.py:3096} INFO - Sync 1 DAGs
[2026-06-09T12:42:59.193+0000] {logging_mixin.py:188} INFO - [2026-06-09T12:42:59.193+0000] {dag.py:3954} INFO - Setting next_dagrun for tp2a_pokemon_ingestion to None, run_after=None
[2026-06-09T12:42:59.213+0000] {processor.py:183} INFO - Processing /opt/airflow/dags/dag_tp2a_pokemon_ingestion.py took 0.089 seconds
[2026-06-09T12:43:29.423+0000] {processor.py:161} INFO - Started process (PID=4228) to work on /opt/airflow/dags/dag_tp2a_pokemon_ingestion.py
[2026-06-09T12:43:29.424+0000] {processor.py:830} INFO - Processing file /opt/airflow/dags/dag_tp2a_pokemon_ingestion.py for tasks to queue
[2026-06-09T12:43:29.426+0000] {logging_mixin.py:188} INFO - [2026-06-09T12:43:29.425+0000] {dagbag.py:545} INFO - Filling up the DagBag from /opt/airflow/dags/dag_tp2a_pokemon_ingestion.py
[2026-06-09T12:43:29.444+0000] {processor.py:840} INFO - DAG(s) 'tp2a_pokemon_ingestion' retrieved from /opt/airflow/dags/dag_tp2a_pokemon_ingestion.py
[2026-06-09T12:43:29.475+0000] {logging_mixin.py:188} INFO - [2026-06-09T12:43:29.475+0000] {dag.py:3096} INFO - Sync 1 DAGs
[2026-06-09T12:43:29.488+0000] {logging_mixin.py:188} INFO - [2026-06-09T12:43:29.487+0000] {dag.py:3954} INFO - Setting next_dagrun for tp2a_pokemon_ingestion to None, run_after=None
[2026-06-09T12:43:29.509+0000] {processor.py:183} INFO - Processing /opt/airflow/dags/dag_tp2a_pokemon_ingestion.py took 0.091 seconds
[2026-06-09T12:43:59.717+0000] {processor.py:161} INFO - Started process (PID=4238) to work on /opt/airflow/dags/dag_tp2a_pokemon_ingestion.py
[2026-06-09T12:43:59.718+0000] {processor.py:830} INFO - Processing file /opt/airflow/dags/dag_tp2a_pokemon_ingestion.py for tasks to queue
[2026-06-09T12:43:59.719+0000] {logging_mixin.py:188} INFO - [2026-06-09T12:43:59.719+0000] {dagbag.py:545} INFO - Filling up the DagBag from /opt/airflow/dags/dag_tp2a_pokemon_ingestion.py
[2026-06-09T12:43:59.737+0000] {processor.py:840} INFO - DAG(s) 'tp2a_pokemon_ingestion' retrieved from /opt/airflow/dags/dag_tp2a_pokemon_ingestion.py
[2026-06-09T12:43:59.770+0000] {logging_mixin.py:188} INFO - [2026-06-09T12:43:59.770+0000] {dag.py:3096} INFO - Sync 1 DAGs
[2026-06-09T12:43:59.782+0000] {logging_mixin.py:188} INFO - [2026-06-09T12:43:59.782+0000] {dag.py:3954} INFO - Setting next_dagrun for tp2a_pokemon_ingestion to None, run_after=None
[2026-06-09T12:43:59.803+0000] {processor.py:183} INFO - Processing /opt/airflow/dags/dag_tp2a_pokemon_ingestion.py took 0.091 seconds
[2026-06-09T12:44:30.015+0000] {processor.py:161} INFO - Started process (PID=4248) to work on /opt/airflow/dags/dag_tp2a_pokemon_ingestion.py
[2026-06-09T12:44:30.016+0000] {processor.py:830} INFO - Processing file /opt/airflow/dags/dag_tp2a_pokemon_ingestion.py for tasks to queue
[2026-06-09T12:44:30.018+0000] {logging_mixin.py:188} INFO - [2026-06-09T12:44:30.018+0000] {dagbag.py:545} INFO - Filling up the DagBag from /opt/airflow/dags/dag_tp2a_pokemon_ingestion.py
[2026-06-09T12:44:30.037+0000] {processor.py:840} INFO - DAG(s) 'tp2a_pokemon_ingestion' retrieved from /opt/airflow/dags/dag_tp2a_pokemon_ingestion.py
[2026-06-09T12:44:30.070+0000] {logging_mixin.py:188} INFO - [2026-06-09T12:44:30.070+0000] {dag.py:3096} INFO - Sync 1 DAGs
[2026-06-09T12:44:30.083+0000] {logging_mixin.py:188} INFO - [2026-06-09T12:44:30.082+0000] {dag.py:3954} INFO - Setting next_dagrun for tp2a_pokemon_ingestion to None, run_after=None
[2026-06-09T12:44:30.104+0000] {processor.py:183} INFO - Processing /opt/airflow/dags/dag_tp2a_pokemon_ingestion.py took 0.094 seconds
[2026-06-09T12:45:00.316+0000] {processor.py:161} INFO - Started process (PID=4258) to work on /opt/airflow/dags/dag_tp2a_pokemon_ingestion.py
[2026-06-09T12:45:00.317+0000] {processor.py:830} INFO - Processing file /opt/airflow/dags/dag_tp2a_pokemon_ingestion.py for tasks to queue
[2026-06-09T12:45:00.319+0000] {logging_mixin.py:188} INFO - [2026-06-09T12:45:00.319+0000] {dagbag.py:545} INFO - Filling up the DagBag from /opt/airflow/dags/dag_tp2a_pokemon_ingestion.py
[2026-06-09T12:45:00.337+0000] {processor.py:840} INFO - DAG(s) 'tp2a_pokemon_ingestion' retrieved from /opt/airflow/dags/dag_tp2a_pokemon_ingestion.py
[2026-06-09T12:45:00.371+0000] {logging_mixin.py:188} INFO - [2026-06-09T12:45:00.371+0000] {dag.py:3096} INFO - Sync 1 DAGs
[2026-06-09T12:45:00.384+0000] {logging_mixin.py:188} INFO - [2026-06-09T12:45:00.384+0000] {dag.py:3954} INFO - Setting next_dagrun for tp2a_pokemon_ingestion to None, run_after=None
[2026-06-09T12:45:00.404+0000] {processor.py:183} INFO - Processing /opt/airflow/dags/dag_tp2a_pokemon_ingestion.py took 0.093 seconds
[2026-06-09T12:45:30.615+0000] {processor.py:161} INFO - Started process (PID=4268) to work on /opt/airflow/dags/dag_tp2a_pokemon_ingestion.py
[2026-06-09T12:45:30.616+0000] {processor.py:830} INFO - Processing file /opt/airflow/dags/dag_tp2a_pokemon_ingestion.py for tasks to queue
[2026-06-09T12:45:30.618+0000] {logging_mixin.py:188} INFO - [2026-06-09T12:45:30.618+0000] {dagbag.py:545} INFO - Filling up the DagBag from /opt/airflow/dags/dag_tp2a_pokemon_ingestion.py
[2026-06-09T12:45:30.637+0000] {processor.py:840} INFO - DAG(s) 'tp2a_pokemon_ingestion' retrieved from /opt/airflow/dags/dag_tp2a_pokemon_ingestion.py
[2026-06-09T12:45:30.670+0000] {logging_mixin.py:188} INFO - [2026-06-09T12:45:30.670+0000] {dag.py:3096} INFO - Sync 1 DAGs
[2026-06-09T12:45:30.683+0000] {logging_mixin.py:188} INFO - [2026-06-09T12:45:30.682+0000] {dag.py:3954} INFO - Setting next_dagrun for tp2a_pokemon_ingestion to None, run_after=None
[2026-06-09T12:45:30.704+0000] {processor.py:183} INFO - Processing /opt/airflow/dags/dag_tp2a_pokemon_ingestion.py took 0.093 seconds
[2026-06-09T12:46:00.806+0000] {processor.py:161} INFO - Started process (PID=4279) to work on /opt/airflow/dags/dag_tp2a_pokemon_ingestion.py
[2026-06-09T12:46:00.807+0000] {processor.py:830} INFO - Processing file /opt/airflow/dags/dag_tp2a_pokemon_ingestion.py for tasks to queue
[2026-06-09T12:46:00.809+0000] {logging_mixin.py:188} INFO - [2026-06-09T12:46:00.809+0000] {dagbag.py:545} INFO - Filling up the DagBag from /opt/airflow/dags/dag_tp2a_pokemon_ingestion.py
[2026-06-09T12:46:00.830+0000] {processor.py:840} INFO - DAG(s) 'tp2a_pokemon_ingestion' retrieved from /opt/airflow/dags/dag_tp2a_pokemon_ingestion.py
[2026-06-09T12:46:00.868+0000] {logging_mixin.py:188} INFO - [2026-06-09T12:46:00.868+0000] {dag.py:3096} INFO - Sync 1 DAGs
[2026-06-09T12:46:00.882+0000] {logging_mixin.py:188} INFO - [2026-06-09T12:46:00.882+0000] {dag.py:3954} INFO - Setting next_dagrun for tp2a_pokemon_ingestion to None, run_after=None
[2026-06-09T12:46:00.908+0000] {processor.py:183} INFO - Processing /opt/airflow/dags/dag_tp2a_pokemon_ingestion.py took 0.110 seconds
[2026-06-09T12:46:31.163+0000] {processor.py:161} INFO - Started process (PID=4289) to work on /opt/airflow/dags/dag_tp2a_pokemon_ingestion.py
[2026-06-09T12:46:31.164+0000] {processor.py:830} INFO - Processing file /opt/airflow/dags/dag_tp2a_pokemon_ingestion.py for tasks to queue
[2026-06-09T12:46:31.166+0000] {logging_mixin.py:188} INFO - [2026-06-09T12:46:31.166+0000] {dagbag.py:545} INFO - Filling up the DagBag from /opt/airflow/dags/dag_tp2a_pokemon_ingestion.py
[2026-06-09T12:46:31.186+0000] {processor.py:840} INFO - DAG(s) 'tp2a_pokemon_ingestion' retrieved from /opt/airflow/dags/dag_tp2a_pokemon_ingestion.py
[2026-06-09T12:46:31.226+0000] {logging_mixin.py:188} INFO - [2026-06-09T12:46:31.226+0000] {dag.py:3096} INFO - Sync 1 DAGs
[2026-06-09T12:46:31.240+0000] {logging_mixin.py:188} INFO - [2026-06-09T12:46:31.240+0000] {dag.py:3954} INFO - Setting next_dagrun for tp2a_pokemon_ingestion to None, run_after=None
[2026-06-09T12:46:31.264+0000] {processor.py:183} INFO - Processing /opt/airflow/dags/dag_tp2a_pokemon_ingestion.py took 0.106 seconds
[2026-06-09T12:47:01.494+0000] {processor.py:161} INFO - Started process (PID=4299) to work on /opt/airflow/dags/dag_tp2a_pokemon_ingestion.py
[2026-06-09T12:47:01.495+0000] {processor.py:830} INFO - Processing file /opt/airflow/dags/dag_tp2a_pokemon_ingestion.py for tasks to queue
[2026-06-09T12:47:01.497+0000] {logging_mixin.py:188} INFO - [2026-06-09T12:47:01.496+0000] {dagbag.py:545} INFO - Filling up the DagBag from /opt/airflow/dags/dag_tp2a_pokemon_ingestion.py
[2026-06-09T12:47:01.521+0000] {processor.py:840} INFO - DAG(s) 'tp2a_pokemon_ingestion' retrieved from /opt/airflow/dags/dag_tp2a_pokemon_ingestion.py
[2026-06-09T12:47:01.565+0000] {logging_mixin.py:188} INFO - [2026-06-09T12:47:01.564+0000] {dag.py:3096} INFO - Sync 1 DAGs
[2026-06-09T12:47:01.579+0000] {logging_mixin.py:188} INFO - [2026-06-09T12:47:01.579+0000] {dag.py:3954} INFO - Setting next_dagrun for tp2a_pokemon_ingestion to None, run_after=None
[2026-06-09T12:47:01.605+0000] {processor.py:183} INFO - Processing /opt/airflow/dags/dag_tp2a_pokemon_ingestion.py took 0.117 seconds
[2026-06-09T12:47:31.695+0000] {processor.py:161} INFO - Started process (PID=4309) to work on /opt/airflow/dags/dag_tp2a_pokemon_ingestion.py
[2026-06-09T12:47:31.696+0000] {processor.py:830} INFO - Processing file /opt/airflow/dags/dag_tp2a_pokemon_ingestion.py for tasks to queue
[2026-06-09T12:47:31.697+0000] {logging_mixin.py:188} INFO - [2026-06-09T12:47:31.697+0000] {dagbag.py:545} INFO - Filling up the DagBag from /opt/airflow/dags/dag_tp2a_pokemon_ingestion.py
[2026-06-09T12:47:31.715+0000] {processor.py:840} INFO - DAG(s) 'tp2a_pokemon_ingestion' retrieved from /opt/airflow/dags/dag_tp2a_pokemon_ingestion.py
[2026-06-09T12:47:31.744+0000] {logging_mixin.py:188} INFO - [2026-06-09T12:47:31.744+0000] {dag.py:3096} INFO - Sync 1 DAGs
[2026-06-09T12:47:31.757+0000] {logging_mixin.py:188} INFO - [2026-06-09T12:47:31.757+0000] {dag.py:3954} INFO - Setting next_dagrun for tp2a_pokemon_ingestion to None, run_after=None
[2026-06-09T12:47:31.777+0000] {processor.py:183} INFO - Processing /opt/airflow/dags/dag_tp2a_pokemon_ingestion.py took 0.088 seconds
[2026-06-09T12:48:02.011+0000] {processor.py:161} INFO - Started process (PID=4319) to work on /opt/airflow/dags/dag_tp2a_pokemon_ingestion.py
[2026-06-09T12:48:02.012+0000] {processor.py:830} INFO - Processing file /opt/airflow/dags/dag_tp2a_pokemon_ingestion.py for tasks to queue
[2026-06-09T12:48:02.014+0000] {logging_mixin.py:188} INFO - [2026-06-09T12:48:02.014+0000] {dagbag.py:545} INFO - Filling up the DagBag from /opt/airflow/dags/dag_tp2a_pokemon_ingestion.py
[2026-06-09T12:48:02.037+0000] {processor.py:840} INFO - DAG(s) 'tp2a_pokemon_ingestion' retrieved from /opt/airflow/dags/dag_tp2a_pokemon_ingestion.py
[2026-06-09T12:48:02.074+0000] {logging_mixin.py:188} INFO - [2026-06-09T12:48:02.074+0000] {dag.py:3096} INFO - Sync 1 DAGs
[2026-06-09T12:48:02.087+0000] {logging_mixin.py:188} INFO - [2026-06-09T12:48:02.087+0000] {dag.py:3954} INFO - Setting next_dagrun for tp2a_pokemon_ingestion to None, run_after=None
[2026-06-09T12:48:02.108+0000] {processor.py:183} INFO - Processing /opt/airflow/dags/dag_tp2a_pokemon_ingestion.py took 0.106 seconds
[2026-06-09T12:48:32.204+0000] {processor.py:161} INFO - Started process (PID=4329) to work on /opt/airflow/dags/dag_tp2a_pokemon_ingestion.py
[2026-06-09T12:48:32.205+0000] {processor.py:830} INFO - Processing file /opt/airflow/dags/dag_tp2a_pokemon_ingestion.py for tasks to queue
[2026-06-09T12:48:32.207+0000] {logging_mixin.py:188} INFO - [2026-06-09T12:48:32.206+0000] {dagbag.py:545} INFO - Filling up the DagBag from /opt/airflow/dags/dag_tp2a_pokemon_ingestion.py
[2026-06-09T12:48:32.225+0000] {processor.py:840} INFO - DAG(s) 'tp2a_pokemon_ingestion' retrieved from /opt/airflow/dags/dag_tp2a_pokemon_ingestion.py
[2026-06-09T12:48:32.258+0000] {logging_mixin.py:188} INFO - [2026-06-09T12:48:32.258+0000] {dag.py:3096} INFO - Sync 1 DAGs
[2026-06-09T12:48:32.272+0000] {logging_mixin.py:188} INFO - [2026-06-09T12:48:32.271+0000] {dag.py:3954} INFO - Setting next_dagrun for tp2a_pokemon_ingestion to None, run_after=None
[2026-06-09T12:48:32.294+0000] {processor.py:183} INFO - Processing /opt/airflow/dags/dag_tp2a_pokemon_ingestion.py took 0.095 seconds
[2026-06-09T12:49:02.506+0000] {processor.py:161} INFO - Started process (PID=4339) to work on /opt/airflow/dags/dag_tp2a_pokemon_ingestion.py
[2026-06-09T12:49:02.507+0000] {processor.py:830} INFO - Processing file /opt/airflow/dags/dag_tp2a_pokemon_ingestion.py for tasks to queue
[2026-06-09T12:49:02.509+0000] {logging_mixin.py:188} INFO - [2026-06-09T12:49:02.509+0000] {dagbag.py:545} INFO - Filling up the DagBag from /opt/airflow/dags/dag_tp2a_pokemon_ingestion.py
[2026-06-09T12:49:02.529+0000] {processor.py:840} INFO - DAG(s) 'tp2a_pokemon_ingestion' retrieved from /opt/airflow/dags/dag_tp2a_pokemon_ingestion.py
[2026-06-09T12:49:02.562+0000] {logging_mixin.py:188} INFO - [2026-06-09T12:49:02.562+0000] {dag.py:3096} INFO - Sync 1 DAGs
[2026-06-09T12:49:02.576+0000] {logging_mixin.py:188} INFO - [2026-06-09T12:49:02.576+0000] {dag.py:3954} INFO - Setting next_dagrun for tp2a_pokemon_ingestion to None, run_after=None
[2026-06-09T12:49:02.594+0000] {processor.py:183} INFO - Processing /opt/airflow/dags/dag_tp2a_pokemon_ingestion.py took 0.093 seconds
[2026-06-09T12:49:32.836+0000] {processor.py:161} INFO - Started process (PID=4349) to work on /opt/airflow/dags/dag_tp2a_pokemon_ingestion.py
[2026-06-09T12:49:32.837+0000] {processor.py:830} INFO - Processing file /opt/airflow/dags/dag_tp2a_pokemon_ingestion.py for tasks to queue
[2026-06-09T12:49:32.838+0000] {logging_mixin.py:188} INFO - [2026-06-09T12:49:32.838+0000] {dagbag.py:545} INFO - Filling up the DagBag from /opt/airflow/dags/dag_tp2a_pokemon_ingestion.py
[2026-06-09T12:49:32.857+0000] {processor.py:840} INFO - DAG(s) 'tp2a_pokemon_ingestion' retrieved from /opt/airflow/dags/dag_tp2a_pokemon_ingestion.py
[2026-06-09T12:49:32.889+0000] {logging_mixin.py:188} INFO - [2026-06-09T12:49:32.889+0000] {dag.py:3096} INFO - Sync 1 DAGs
[2026-06-09T12:49:32.901+0000] {logging_mixin.py:188} INFO - [2026-06-09T12:49:32.901+0000] {dag.py:3954} INFO - Setting next_dagrun for tp2a_pokemon_ingestion to None, run_after=None
[2026-06-09T12:49:32.924+0000] {processor.py:183} INFO - Processing /opt/airflow/dags/dag_tp2a_pokemon_ingestion.py took 0.094 seconds
[2026-06-09T12:50:03.137+0000] {processor.py:161} INFO - Started process (PID=4359) to work on /opt/airflow/dags/dag_tp2a_pokemon_ingestion.py
[2026-06-09T12:50:03.138+0000] {processor.py:830} INFO - Processing file /opt/airflow/dags/dag_tp2a_pokemon_ingestion.py for tasks to queue
[2026-06-09T12:50:03.139+0000] {logging_mixin.py:188} INFO - [2026-06-09T12:50:03.139+0000] {dagbag.py:545} INFO - Filling up the DagBag from /opt/airflow/dags/dag_tp2a_pokemon_ingestion.py
[2026-06-09T12:50:03.159+0000] {processor.py:840} INFO - DAG(s) 'tp2a_pokemon_ingestion' retrieved from /opt/airflow/dags/dag_tp2a_pokemon_ingestion.py
[2026-06-09T12:50:03.190+0000] {logging_mixin.py:188} INFO - [2026-06-09T12:50:03.190+0000] {dag.py:3096} INFO - Sync 1 DAGs
[2026-06-09T12:50:03.203+0000] {logging_mixin.py:188} INFO - [2026-06-09T12:50:03.203+0000] {dag.py:3954} INFO - Setting next_dagrun for tp2a_pokemon_ingestion to None, run_after=None
[2026-06-09T12:50:03.224+0000] {processor.py:183} INFO - Processing /opt/airflow/dags/dag_tp2a_pokemon_ingestion.py took 0.093 seconds
[2026-06-09T12:50:33.432+0000] {processor.py:161} INFO - Started process (PID=4369) to work on /opt/airflow/dags/dag_tp2a_pokemon_ingestion.py
[2026-06-09T12:50:33.433+0000] {processor.py:830} INFO - Processing file /opt/airflow/dags/dag_tp2a_pokemon_ingestion.py for tasks to queue
[2026-06-09T12:50:33.435+0000] {logging_mixin.py:188} INFO - [2026-06-09T12:50:33.435+0000] {dagbag.py:545} INFO - Filling up the DagBag from /opt/airflow/dags/dag_tp2a_pokemon_ingestion.py
[2026-06-09T12:50:33.455+0000] {processor.py:840} INFO - DAG(s) 'tp2a_pokemon_ingestion' retrieved from /opt/airflow/dags/dag_tp2a_pokemon_ingestion.py
[2026-06-09T12:50:33.489+0000] {logging_mixin.py:188} INFO - [2026-06-09T12:50:33.489+0000] {dag.py:3096} INFO - Sync 1 DAGs
[2026-06-09T12:50:33.502+0000] {logging_mixin.py:188} INFO - [2026-06-09T12:50:33.502+0000] {dag.py:3954} INFO - Setting next_dagrun for tp2a_pokemon_ingestion to None, run_after=None
[2026-06-09T12:50:33.523+0000] {processor.py:183} INFO - Processing /opt/airflow/dags/dag_tp2a_pokemon_ingestion.py took 0.097 seconds
[2026-06-09T12:51:03.624+0000] {processor.py:161} INFO - Started process (PID=4379) to work on /opt/airflow/dags/dag_tp2a_pokemon_ingestion.py
[2026-06-09T12:51:03.625+0000] {processor.py:830} INFO - Processing file /opt/airflow/dags/dag_tp2a_pokemon_ingestion.py for tasks to queue
[2026-06-09T12:51:03.627+0000] {logging_mixin.py:188} INFO - [2026-06-09T12:51:03.627+0000] {dagbag.py:545} INFO - Filling up the DagBag from /opt/airflow/dags/dag_tp2a_pokemon_ingestion.py
[2026-06-09T12:51:03.646+0000] {processor.py:840} INFO - DAG(s) 'tp2a_pokemon_ingestion' retrieved from /opt/airflow/dags/dag_tp2a_pokemon_ingestion.py
[2026-06-09T12:51:03.677+0000] {logging_mixin.py:188} INFO - [2026-06-09T12:51:03.677+0000] {dag.py:3096} INFO - Sync 1 DAGs
[2026-06-09T12:51:03.689+0000] {logging_mixin.py:188} INFO - [2026-06-09T12:51:03.689+0000] {dag.py:3954} INFO - Setting next_dagrun for tp2a_pokemon_ingestion to None, run_after=None
[2026-06-09T12:51:03.709+0000] {processor.py:183} INFO - Processing /opt/airflow/dags/dag_tp2a_pokemon_ingestion.py took 0.090 seconds
[2026-06-09T12:51:33.968+0000] {processor.py:161} INFO - Started process (PID=4389) to work on /opt/airflow/dags/dag_tp2a_pokemon_ingestion.py
[2026-06-09T12:51:33.969+0000] {processor.py:830} INFO - Processing file /opt/airflow/dags/dag_tp2a_pokemon_ingestion.py for tasks to queue
[2026-06-09T12:51:33.970+0000] {logging_mixin.py:188} INFO - [2026-06-09T12:51:33.970+0000] {dagbag.py:545} INFO - Filling up the DagBag from /opt/airflow/dags/dag_tp2a_pokemon_ingestion.py
[2026-06-09T12:51:33.990+0000] {processor.py:840} INFO - DAG(s) 'tp2a_pokemon_ingestion' retrieved from /opt/airflow/dags/dag_tp2a_pokemon_ingestion.py
[2026-06-09T12:51:34.024+0000] {logging_mixin.py:188} INFO - [2026-06-09T12:51:34.024+0000] {dag.py:3096} INFO - Sync 1 DAGs
[2026-06-09T12:51:34.037+0000] {logging_mixin.py:188} INFO - [2026-06-09T12:51:34.037+0000] {dag.py:3954} INFO - Setting next_dagrun for tp2a_pokemon_ingestion to None, run_after=None
[2026-06-09T12:51:34.059+0000] {processor.py:183} INFO - Processing /opt/airflow/dags/dag_tp2a_pokemon_ingestion.py took 0.097 seconds
[2026-06-09T12:52:04.271+0000] {processor.py:161} INFO - Started process (PID=4399) to work on /opt/airflow/dags/dag_tp2a_pokemon_ingestion.py
[2026-06-09T12:52:04.272+0000] {processor.py:830} INFO - Processing file /opt/airflow/dags/dag_tp2a_pokemon_ingestion.py for tasks to queue
[2026-06-09T12:52:04.274+0000] {logging_mixin.py:188} INFO - [2026-06-09T12:52:04.273+0000] {dagbag.py:545} INFO - Filling up the DagBag from /opt/airflow/dags/dag_tp2a_pokemon_ingestion.py
[2026-06-09T12:52:04.292+0000] {processor.py:840} INFO - DAG(s) 'tp2a_pokemon_ingestion' retrieved from /opt/airflow/dags/dag_tp2a_pokemon_ingestion.py
[2026-06-09T12:52:04.325+0000] {logging_mixin.py:188} INFO - [2026-06-09T12:52:04.325+0000] {dag.py:3096} INFO - Sync 1 DAGs
[2026-06-09T12:52:04.338+0000] {logging_mixin.py:188} INFO - [2026-06-09T12:52:04.338+0000] {dag.py:3954} INFO - Setting next_dagrun for tp2a_pokemon_ingestion to None, run_after=None
[2026-06-09T12:52:04.358+0000] {processor.py:183} INFO - Processing /opt/airflow/dags/dag_tp2a_pokemon_ingestion.py took 0.092 seconds
[2026-06-09T12:52:34.572+0000] {processor.py:161} INFO - Started process (PID=4409) to work on /opt/airflow/dags/dag_tp2a_pokemon_ingestion.py
[2026-06-09T12:52:34.573+0000] {processor.py:830} INFO - Processing file /opt/airflow/dags/dag_tp2a_pokemon_ingestion.py for tasks to queue
[2026-06-09T12:52:34.574+0000] {logging_mixin.py:188} INFO - [2026-06-09T12:52:34.574+0000] {dagbag.py:545} INFO - Filling up the DagBag from /opt/airflow/dags/dag_tp2a_pokemon_ingestion.py
[2026-06-09T12:52:34.593+0000] {processor.py:840} INFO - DAG(s) 'tp2a_pokemon_ingestion' retrieved from /opt/airflow/dags/dag_tp2a_pokemon_ingestion.py
[2026-06-09T12:52:34.624+0000] {logging_mixin.py:188} INFO - [2026-06-09T12:52:34.623+0000] {dag.py:3096} INFO - Sync 1 DAGs
[2026-06-09T12:52:34.635+0000] {logging_mixin.py:188} INFO - [2026-06-09T12:52:34.635+0000] {dag.py:3954} INFO - Setting next_dagrun for tp2a_pokemon_ingestion to None, run_after=None
[2026-06-09T12:52:34.655+0000] {processor.py:183} INFO - Processing /opt/airflow/dags/dag_tp2a_pokemon_ingestion.py took 0.089 seconds
[2026-06-09T12:53:04.865+0000] {processor.py:161} INFO - Started process (PID=4419) to work on /opt/airflow/dags/dag_tp2a_pokemon_ingestion.py
[2026-06-09T12:53:04.866+0000] {processor.py:830} INFO - Processing file /opt/airflow/dags/dag_tp2a_pokemon_ingestion.py for tasks to queue
[2026-06-09T12:53:04.868+0000] {logging_mixin.py:188} INFO - [2026-06-09T12:53:04.867+0000] {dagbag.py:545} INFO - Filling up the DagBag from /opt/airflow/dags/dag_tp2a_pokemon_ingestion.py
[2026-06-09T12:53:04.886+0000] {processor.py:840} INFO - DAG(s) 'tp2a_pokemon_ingestion' retrieved from /opt/airflow/dags/dag_tp2a_pokemon_ingestion.py
[2026-06-09T12:53:04.920+0000] {logging_mixin.py:188} INFO - [2026-06-09T12:53:04.920+0000] {dag.py:3096} INFO - Sync 1 DAGs
[2026-06-09T12:53:04.933+0000] {logging_mixin.py:188} INFO - [2026-06-09T12:53:04.933+0000] {dag.py:3954} INFO - Setting next_dagrun for tp2a_pokemon_ingestion to None, run_after=None
[2026-06-09T12:53:04.955+0000] {processor.py:183} INFO - Processing /opt/airflow/dags/dag_tp2a_pokemon_ingestion.py took 0.095 seconds
[2026-06-09T12:53:35.168+0000] {processor.py:161} INFO - Started process (PID=4429) to work on /opt/airflow/dags/dag_tp2a_pokemon_ingestion.py
[2026-06-09T12:53:35.169+0000] {processor.py:830} INFO - Processing file /opt/airflow/dags/dag_tp2a_pokemon_ingestion.py for tasks to queue
[2026-06-09T12:53:35.171+0000] {logging_mixin.py:188} INFO - [2026-06-09T12:53:35.171+0000] {dagbag.py:545} INFO - Filling up the DagBag from /opt/airflow/dags/dag_tp2a_pokemon_ingestion.py
[2026-06-09T12:53:35.191+0000] {processor.py:840} INFO - DAG(s) 'tp2a_pokemon_ingestion' retrieved from /opt/airflow/dags/dag_tp2a_pokemon_ingestion.py
[2026-06-09T12:53:35.222+0000] {logging_mixin.py:188} INFO - [2026-06-09T12:53:35.222+0000] {dag.py:3096} INFO - Sync 1 DAGs
[2026-06-09T12:53:35.235+0000] {logging_mixin.py:188} INFO - [2026-06-09T12:53:35.235+0000] {dag.py:3954} INFO - Setting next_dagrun for tp2a_pokemon_ingestion to None, run_after=None
[2026-06-09T12:53:35.258+0000] {processor.py:183} INFO - Processing /opt/airflow/dags/dag_tp2a_pokemon_ingestion.py took 0.094 seconds
[2026-06-09T12:54:05.471+0000] {processor.py:161} INFO - Started process (PID=4439) to work on /opt/airflow/dags/dag_tp2a_pokemon_ingestion.py
[2026-06-09T12:54:05.472+0000] {processor.py:830} INFO - Processing file /opt/airflow/dags/dag_tp2a_pokemon_ingestion.py for tasks to queue
[2026-06-09T12:54:05.474+0000] {logging_mixin.py:188} INFO - [2026-06-09T12:54:05.473+0000] {dagbag.py:545} INFO - Filling up the DagBag from /opt/airflow/dags/dag_tp2a_pokemon_ingestion.py
[2026-06-09T12:54:05.493+0000] {processor.py:840} INFO - DAG(s) 'tp2a_pokemon_ingestion' retrieved from /opt/airflow/dags/dag_tp2a_pokemon_ingestion.py
[2026-06-09T12:54:05.526+0000] {logging_mixin.py:188} INFO - [2026-06-09T12:54:05.525+0000] {dag.py:3096} INFO - Sync 1 DAGs
[2026-06-09T12:54:05.538+0000] {logging_mixin.py:188} INFO - [2026-06-09T12:54:05.538+0000] {dag.py:3954} INFO - Setting next_dagrun for tp2a_pokemon_ingestion to None, run_after=None
[2026-06-09T12:54:05.559+0000] {processor.py:183} INFO - Processing /opt/airflow/dags/dag_tp2a_pokemon_ingestion.py took 0.093 seconds
[2026-06-09T12:54:35.775+0000] {processor.py:161} INFO - Started process (PID=4449) to work on /opt/airflow/dags/dag_tp2a_pokemon_ingestion.py
[2026-06-09T12:54:35.776+0000] {processor.py:830} INFO - Processing file /opt/airflow/dags/dag_tp2a_pokemon_ingestion.py for tasks to queue
[2026-06-09T12:54:35.778+0000] {logging_mixin.py:188} INFO - [2026-06-09T12:54:35.778+0000] {dagbag.py:545} INFO - Filling up the DagBag from /opt/airflow/dags/dag_tp2a_pokemon_ingestion.py
[2026-06-09T12:54:35.797+0000] {processor.py:840} INFO - DAG(s) 'tp2a_pokemon_ingestion' retrieved from /opt/airflow/dags/dag_tp2a_pokemon_ingestion.py
[2026-06-09T12:54:35.831+0000] {logging_mixin.py:188} INFO - [2026-06-09T12:54:35.831+0000] {dag.py:3096} INFO - Sync 1 DAGs
[2026-06-09T12:54:35.844+0000] {logging_mixin.py:188} INFO - [2026-06-09T12:54:35.843+0000] {dag.py:3954} INFO - Setting next_dagrun for tp2a_pokemon_ingestion to None, run_after=None
[2026-06-09T12:54:35.865+0000] {processor.py:183} INFO - Processing /opt/airflow/dags/dag_tp2a_pokemon_ingestion.py took 0.096 seconds
[2026-06-09T12:55:06.077+0000] {processor.py:161} INFO - Started process (PID=4459) to work on /opt/airflow/dags/dag_tp2a_pokemon_ingestion.py
[2026-06-09T12:55:06.078+0000] {processor.py:830} INFO - Processing file /opt/airflow/dags/dag_tp2a_pokemon_ingestion.py for tasks to queue
[2026-06-09T12:55:06.080+0000] {logging_mixin.py:188} INFO - [2026-06-09T12:55:06.080+0000] {dagbag.py:545} INFO - Filling up the DagBag from /opt/airflow/dags/dag_tp2a_pokemon_ingestion.py
[2026-06-09T12:55:06.099+0000] {processor.py:840} INFO - DAG(s) 'tp2a_pokemon_ingestion' retrieved from /opt/airflow/dags/dag_tp2a_pokemon_ingestion.py
[2026-06-09T12:55:06.133+0000] {logging_mixin.py:188} INFO - [2026-06-09T12:55:06.133+0000] {dag.py:3096} INFO - Sync 1 DAGs
[2026-06-09T12:55:06.146+0000] {logging_mixin.py:188} INFO - [2026-06-09T12:55:06.146+0000] {dag.py:3954} INFO - Setting next_dagrun for tp2a_pokemon_ingestion to None, run_after=None
[2026-06-09T12:55:06.168+0000] {processor.py:183} INFO - Processing /opt/airflow/dags/dag_tp2a_pokemon_ingestion.py took 0.096 seconds
[2026-06-09T12:55:36.272+0000] {processor.py:161} INFO - Started process (PID=4469) to work on /opt/airflow/dags/dag_tp2a_pokemon_ingestion.py
[2026-06-09T12:55:36.273+0000] {processor.py:830} INFO - Processing file /opt/airflow/dags/dag_tp2a_pokemon_ingestion.py for tasks to queue
[2026-06-09T12:55:36.274+0000] {logging_mixin.py:188} INFO - [2026-06-09T12:55:36.274+0000] {dagbag.py:545} INFO - Filling up the DagBag from /opt/airflow/dags/dag_tp2a_pokemon_ingestion.py
[2026-06-09T12:55:36.294+0000] {processor.py:840} INFO - DAG(s) 'tp2a_pokemon_ingestion' retrieved from /opt/airflow/dags/dag_tp2a_pokemon_ingestion.py
[2026-06-09T12:55:36.326+0000] {logging_mixin.py:188} INFO - [2026-06-09T12:55:36.325+0000] {dag.py:3096} INFO - Sync 1 DAGs
[2026-06-09T12:55:36.339+0000] {logging_mixin.py:188} INFO - [2026-06-09T12:55:36.339+0000] {dag.py:3954} INFO - Setting next_dagrun for tp2a_pokemon_ingestion to None, run_after=None
[2026-06-09T12:55:36.359+0000] {processor.py:183} INFO - Processing /opt/airflow/dags/dag_tp2a_pokemon_ingestion.py took 0.092 seconds
[2026-06-09T12:56:06.624+0000] {processor.py:161} INFO - Started process (PID=4479) to work on /opt/airflow/dags/dag_tp2a_pokemon_ingestion.py
[2026-06-09T12:56:06.625+0000] {processor.py:830} INFO - Processing file /opt/airflow/dags/dag_tp2a_pokemon_ingestion.py for tasks to queue
[2026-06-09T12:56:06.626+0000] {logging_mixin.py:188} INFO - [2026-06-09T12:56:06.626+0000] {dagbag.py:545} INFO - Filling up the DagBag from /opt/airflow/dags/dag_tp2a_pokemon_ingestion.py
[2026-06-09T12:56:06.645+0000] {processor.py:840} INFO - DAG(s) 'tp2a_pokemon_ingestion' retrieved from /opt/airflow/dags/dag_tp2a_pokemon_ingestion.py
[2026-06-09T12:56:06.677+0000] {logging_mixin.py:188} INFO - [2026-06-09T12:56:06.676+0000] {dag.py:3096} INFO - Sync 1 DAGs
[2026-06-09T12:56:06.689+0000] {logging_mixin.py:188} INFO - [2026-06-09T12:56:06.689+0000] {dag.py:3954} INFO - Setting next_dagrun for tp2a_pokemon_ingestion to None, run_after=None
[2026-06-09T12:56:06.709+0000] {processor.py:183} INFO - Processing /opt/airflow/dags/dag_tp2a_pokemon_ingestion.py took 0.090 seconds
[2026-06-09T12:56:36.921+0000] {processor.py:161} INFO - Started process (PID=4489) to work on /opt/airflow/dags/dag_tp2a_pokemon_ingestion.py
[2026-06-09T12:56:36.922+0000] {processor.py:830} INFO - Processing file /opt/airflow/dags/dag_tp2a_pokemon_ingestion.py for tasks to queue
[2026-06-09T12:56:36.923+0000] {logging_mixin.py:188} INFO - [2026-06-09T12:56:36.923+0000] {dagbag.py:545} INFO - Filling up the DagBag from /opt/airflow/dags/dag_tp2a_pokemon_ingestion.py
[2026-06-09T12:56:36.941+0000] {processor.py:840} INFO - DAG(s) 'tp2a_pokemon_ingestion' retrieved from /opt/airflow/dags/dag_tp2a_pokemon_ingestion.py
[2026-06-09T12:56:36.978+0000] {logging_mixin.py:188} INFO - [2026-06-09T12:56:36.978+0000] {dag.py:3096} INFO - Sync 1 DAGs
[2026-06-09T12:56:36.991+0000] {logging_mixin.py:188} INFO - [2026-06-09T12:56:36.991+0000] {dag.py:3954} INFO - Setting next_dagrun for tp2a_pokemon_ingestion to None, run_after=None
[2026-06-09T12:56:37.011+0000] {processor.py:183} INFO - Processing /opt/airflow/dags/dag_tp2a_pokemon_ingestion.py took 0.095 seconds
[2026-06-09T12:57:07.118+0000] {processor.py:161} INFO - Started process (PID=4499) to work on /opt/airflow/dags/dag_tp2a_pokemon_ingestion.py
[2026-06-09T12:57:07.119+0000] {processor.py:830} INFO - Processing file /opt/airflow/dags/dag_tp2a_pokemon_ingestion.py for tasks to queue
[2026-06-09T12:57:07.120+0000] {logging_mixin.py:188} INFO - [2026-06-09T12:57:07.120+0000] {dagbag.py:545} INFO - Filling up the DagBag from /opt/airflow/dags/dag_tp2a_pokemon_ingestion.py
[2026-06-09T12:57:07.138+0000] {processor.py:840} INFO - DAG(s) 'tp2a_pokemon_ingestion' retrieved from /opt/airflow/dags/dag_tp2a_pokemon_ingestion.py
[2026-06-09T12:57:07.170+0000] {logging_mixin.py:188} INFO - [2026-06-09T12:57:07.169+0000] {dag.py:3096} INFO - Sync 1 DAGs
[2026-06-09T12:57:07.182+0000] {logging_mixin.py:188} INFO - [2026-06-09T12:57:07.182+0000] {dag.py:3954} INFO - Setting next_dagrun for tp2a_pokemon_ingestion to None, run_after=None
[2026-06-09T12:57:07.202+0000] {processor.py:183} INFO - Processing /opt/airflow/dags/dag_tp2a_pokemon_ingestion.py took 0.090 seconds
[2026-06-09T12:57:37.420+0000] {processor.py:161} INFO - Started process (PID=4509) to work on /opt/airflow/dags/dag_tp2a_pokemon_ingestion.py
[2026-06-09T12:57:37.421+0000] {processor.py:830} INFO - Processing file /opt/airflow/dags/dag_tp2a_pokemon_ingestion.py for tasks to queue
[2026-06-09T12:57:37.423+0000] {logging_mixin.py:188} INFO - [2026-06-09T12:57:37.423+0000] {dagbag.py:545} INFO - Filling up the DagBag from /opt/airflow/dags/dag_tp2a_pokemon_ingestion.py
[2026-06-09T12:57:37.442+0000] {processor.py:840} INFO - DAG(s) 'tp2a_pokemon_ingestion' retrieved from /opt/airflow/dags/dag_tp2a_pokemon_ingestion.py
[2026-06-09T12:57:37.477+0000] {logging_mixin.py:188} INFO - [2026-06-09T12:57:37.477+0000] {dag.py:3096} INFO - Sync 1 DAGs
[2026-06-09T12:57:37.490+0000] {logging_mixin.py:188} INFO - [2026-06-09T12:57:37.490+0000] {dag.py:3954} INFO - Setting next_dagrun for tp2a_pokemon_ingestion to None, run_after=None
[2026-06-09T12:57:37.514+0000] {processor.py:183} INFO - Processing /opt/airflow/dags/dag_tp2a_pokemon_ingestion.py took 0.102 seconds
[2026-06-09T12:58:07.613+0000] {processor.py:161} INFO - Started process (PID=4519) to work on /opt/airflow/dags/dag_tp2a_pokemon_ingestion.py
[2026-06-09T12:58:07.614+0000] {processor.py:830} INFO - Processing file /opt/airflow/dags/dag_tp2a_pokemon_ingestion.py for tasks to queue
[2026-06-09T12:58:07.616+0000] {logging_mixin.py:188} INFO - [2026-06-09T12:58:07.615+0000] {dagbag.py:545} INFO - Filling up the DagBag from /opt/airflow/dags/dag_tp2a_pokemon_ingestion.py
[2026-06-09T12:58:07.633+0000] {processor.py:840} INFO - DAG(s) 'tp2a_pokemon_ingestion' retrieved from /opt/airflow/dags/dag_tp2a_pokemon_ingestion.py
[2026-06-09T12:58:07.666+0000] {logging_mixin.py:188} INFO - [2026-06-09T12:58:07.666+0000] {dag.py:3096} INFO - Sync 1 DAGs
[2026-06-09T12:58:07.683+0000] {logging_mixin.py:188} INFO - [2026-06-09T12:58:07.683+0000] {dag.py:3954} INFO - Setting next_dagrun for tp2a_pokemon_ingestion to None, run_after=None
[2026-06-09T12:58:07.702+0000] {processor.py:183} INFO - Processing /opt/airflow/dags/dag_tp2a_pokemon_ingestion.py took 0.094 seconds
[2026-06-09T12:58:37.860+0000] {processor.py:161} INFO - Started process (PID=4529) to work on /opt/airflow/dags/dag_tp2a_pokemon_ingestion.py
[2026-06-09T12:58:37.861+0000] {processor.py:830} INFO - Processing file /opt/airflow/dags/dag_tp2a_pokemon_ingestion.py for tasks to queue
[2026-06-09T12:58:37.862+0000] {logging_mixin.py:188} INFO - [2026-06-09T12:58:37.862+0000] {dagbag.py:545} INFO - Filling up the DagBag from /opt/airflow/dags/dag_tp2a_pokemon_ingestion.py
[2026-06-09T12:58:37.882+0000] {processor.py:840} INFO - DAG(s) 'tp2a_pokemon_ingestion' retrieved from /opt/airflow/dags/dag_tp2a_pokemon_ingestion.py
[2026-06-09T12:58:37.918+0000] {logging_mixin.py:188} INFO - [2026-06-09T12:58:37.918+0000] {dag.py:3096} INFO - Sync 1 DAGs
[2026-06-09T12:58:37.932+0000] {logging_mixin.py:188} INFO - [2026-06-09T12:58:37.932+0000] {dag.py:3954} INFO - Setting next_dagrun for tp2a_pokemon_ingestion to None, run_after=None
[2026-06-09T12:58:37.952+0000] {processor.py:183} INFO - Processing /opt/airflow/dags/dag_tp2a_pokemon_ingestion.py took 0.097 seconds
[2026-06-09T12:59:08.058+0000] {processor.py:161} INFO - Started process (PID=4539) to work on /opt/airflow/dags/dag_tp2a_pokemon_ingestion.py
[2026-06-09T12:59:08.059+0000] {processor.py:830} INFO - Processing file /opt/airflow/dags/dag_tp2a_pokemon_ingestion.py for tasks to queue
[2026-06-09T12:59:08.061+0000] {logging_mixin.py:188} INFO - [2026-06-09T12:59:08.061+0000] {dagbag.py:545} INFO - Filling up the DagBag from /opt/airflow/dags/dag_tp2a_pokemon_ingestion.py
[2026-06-09T12:59:08.079+0000] {processor.py:840} INFO - DAG(s) 'tp2a_pokemon_ingestion' retrieved from /opt/airflow/dags/dag_tp2a_pokemon_ingestion.py
[2026-06-09T12:59:08.113+0000] {logging_mixin.py:188} INFO - [2026-06-09T12:59:08.113+0000] {dag.py:3096} INFO - Sync 1 DAGs
[2026-06-09T12:59:08.127+0000] {logging_mixin.py:188} INFO - [2026-06-09T12:59:08.127+0000] {dag.py:3954} INFO - Setting next_dagrun for tp2a_pokemon_ingestion to None, run_after=None
[2026-06-09T12:59:08.148+0000] {processor.py:183} INFO - Processing /opt/airflow/dags/dag_tp2a_pokemon_ingestion.py took 0.095 seconds
[2026-06-09T12:59:38.367+0000] {processor.py:161} INFO - Started process (PID=4549) to work on /opt/airflow/dags/dag_tp2a_pokemon_ingestion.py
[2026-06-09T12:59:38.369+0000] {processor.py:830} INFO - Processing file /opt/airflow/dags/dag_tp2a_pokemon_ingestion.py for tasks to queue
[2026-06-09T12:59:38.370+0000] {logging_mixin.py:188} INFO - [2026-06-09T12:59:38.370+0000] {dagbag.py:545} INFO - Filling up the DagBag from /opt/airflow/dags/dag_tp2a_pokemon_ingestion.py
[2026-06-09T12:59:38.389+0000] {processor.py:840} INFO - DAG(s) 'tp2a_pokemon_ingestion' retrieved from /opt/airflow/dags/dag_tp2a_pokemon_ingestion.py
[2026-06-09T12:59:38.421+0000] {logging_mixin.py:188} INFO - [2026-06-09T12:59:38.421+0000] {dag.py:3096} INFO - Sync 1 DAGs
[2026-06-09T12:59:38.435+0000] {logging_mixin.py:188} INFO - [2026-06-09T12:59:38.435+0000] {dag.py:3954} INFO - Setting next_dagrun for tp2a_pokemon_ingestion to None, run_after=None
[2026-06-09T12:59:38.456+0000] {processor.py:183} INFO - Processing /opt/airflow/dags/dag_tp2a_pokemon_ingestion.py took 0.096 seconds
[2026-06-09T13:00:08.665+0000] {processor.py:161} INFO - Started process (PID=4559) to work on /opt/airflow/dags/dag_tp2a_pokemon_ingestion.py
[2026-06-09T13:00:08.666+0000] {processor.py:830} INFO - Processing file /opt/airflow/dags/dag_tp2a_pokemon_ingestion.py for tasks to queue
[2026-06-09T13:00:08.668+0000] {logging_mixin.py:188} INFO - [2026-06-09T13:00:08.667+0000] {dagbag.py:545} INFO - Filling up the DagBag from /opt/airflow/dags/dag_tp2a_pokemon_ingestion.py
[2026-06-09T13:00:08.687+0000] {processor.py:840} INFO - DAG(s) 'tp2a_pokemon_ingestion' retrieved from /opt/airflow/dags/dag_tp2a_pokemon_ingestion.py
[2026-06-09T13:00:08.721+0000] {logging_mixin.py:188} INFO - [2026-06-09T13:00:08.720+0000] {dag.py:3096} INFO - Sync 1 DAGs
[2026-06-09T13:00:08.733+0000] {logging_mixin.py:188} INFO - [2026-06-09T13:00:08.733+0000] {dag.py:3954} INFO - Setting next_dagrun for tp2a_pokemon_ingestion to None, run_after=None
[2026-06-09T13:00:08.753+0000] {processor.py:183} INFO - Processing /opt/airflow/dags/dag_tp2a_pokemon_ingestion.py took 0.093 seconds
[2026-06-09T13:00:38.961+0000] {processor.py:161} INFO - Started process (PID=4569) to work on /opt/airflow/dags/dag_tp2a_pokemon_ingestion.py
[2026-06-09T13:00:38.962+0000] {processor.py:830} INFO - Processing file /opt/airflow/dags/dag_tp2a_pokemon_ingestion.py for tasks to queue
[2026-06-09T13:00:38.964+0000] {logging_mixin.py:188} INFO - [2026-06-09T13:00:38.963+0000] {dagbag.py:545} INFO - Filling up the DagBag from /opt/airflow/dags/dag_tp2a_pokemon_ingestion.py
[2026-06-09T13:00:38.982+0000] {processor.py:840} INFO - DAG(s) 'tp2a_pokemon_ingestion' retrieved from /opt/airflow/dags/dag_tp2a_pokemon_ingestion.py
[2026-06-09T13:00:39.014+0000] {logging_mixin.py:188} INFO - [2026-06-09T13:00:39.014+0000] {dag.py:3096} INFO - Sync 1 DAGs
[2026-06-09T13:00:39.027+0000] {logging_mixin.py:188} INFO - [2026-06-09T13:00:39.027+0000] {dag.py:3954} INFO - Setting next_dagrun for tp2a_pokemon_ingestion to None, run_after=None
[2026-06-09T13:00:39.048+0000] {processor.py:183} INFO - Processing /opt/airflow/dags/dag_tp2a_pokemon_ingestion.py took 0.092 seconds
[2026-06-09T13:01:09.195+0000] {processor.py:161} INFO - Started process (PID=4579) to work on /opt/airflow/dags/dag_tp2a_pokemon_ingestion.py
[2026-06-09T13:01:09.196+0000] {processor.py:830} INFO - Processing file /opt/airflow/dags/dag_tp2a_pokemon_ingestion.py for tasks to queue
[2026-06-09T13:01:09.198+0000] {logging_mixin.py:188} INFO - [2026-06-09T13:01:09.198+0000] {dagbag.py:545} INFO - Filling up the DagBag from /opt/airflow/dags/dag_tp2a_pokemon_ingestion.py
[2026-06-09T13:01:09.216+0000] {processor.py:840} INFO - DAG(s) 'tp2a_pokemon_ingestion' retrieved from /opt/airflow/dags/dag_tp2a_pokemon_ingestion.py
[2026-06-09T13:01:09.250+0000] {logging_mixin.py:188} INFO - [2026-06-09T13:01:09.250+0000] {dag.py:3096} INFO - Sync 1 DAGs
[2026-06-09T13:01:09.263+0000] {logging_mixin.py:188} INFO - [2026-06-09T13:01:09.263+0000] {dag.py:3954} INFO - Setting next_dagrun for tp2a_pokemon_ingestion to None, run_after=None
[2026-06-09T13:01:09.285+0000] {processor.py:183} INFO - Processing /opt/airflow/dags/dag_tp2a_pokemon_ingestion.py took 0.094 seconds
[2026-06-09T13:01:39.497+0000] {processor.py:161} INFO - Started process (PID=4589) to work on /opt/airflow/dags/dag_tp2a_pokemon_ingestion.py
[2026-06-09T13:01:39.498+0000] {processor.py:830} INFO - Processing file /opt/airflow/dags/dag_tp2a_pokemon_ingestion.py for tasks to queue
[2026-06-09T13:01:39.500+0000] {logging_mixin.py:188} INFO - [2026-06-09T13:01:39.499+0000] {dagbag.py:545} INFO - Filling up the DagBag from /opt/airflow/dags/dag_tp2a_pokemon_ingestion.py
[2026-06-09T13:01:39.518+0000] {processor.py:840} INFO - DAG(s) 'tp2a_pokemon_ingestion' retrieved from /opt/airflow/dags/dag_tp2a_pokemon_ingestion.py
[2026-06-09T13:01:39.552+0000] {logging_mixin.py:188} INFO - [2026-06-09T13:01:39.551+0000] {dag.py:3096} INFO - Sync 1 DAGs
[2026-06-09T13:01:39.565+0000] {logging_mixin.py:188} INFO - [2026-06-09T13:01:39.565+0000] {dag.py:3954} INFO - Setting next_dagrun for tp2a_pokemon_ingestion to None, run_after=None
[2026-06-09T13:01:39.585+0000] {processor.py:183} INFO - Processing /opt/airflow/dags/dag_tp2a_pokemon_ingestion.py took 0.093 seconds
[2026-06-09T13:02:09.804+0000] {processor.py:161} INFO - Started process (PID=4599) to work on /opt/airflow/dags/dag_tp2a_pokemon_ingestion.py
[2026-06-09T13:02:09.805+0000] {processor.py:830} INFO - Processing file /opt/airflow/dags/dag_tp2a_pokemon_ingestion.py for tasks to queue
[2026-06-09T13:02:09.808+0000] {logging_mixin.py:188} INFO - [2026-06-09T13:02:09.807+0000] {dagbag.py:545} INFO - Filling up the DagBag from /opt/airflow/dags/dag_tp2a_pokemon_ingestion.py
[2026-06-09T13:02:09.829+0000] {processor.py:840} INFO - DAG(s) 'tp2a_pokemon_ingestion' retrieved from /opt/airflow/dags/dag_tp2a_pokemon_ingestion.py
[2026-06-09T13:02:09.864+0000] {logging_mixin.py:188} INFO - [2026-06-09T13:02:09.864+0000] {dag.py:3096} INFO - Sync 1 DAGs
[2026-06-09T13:02:09.878+0000] {logging_mixin.py:188} INFO - [2026-06-09T13:02:09.878+0000] {dag.py:3954} INFO - Setting next_dagrun for tp2a_pokemon_ingestion to None, run_after=None
[2026-06-09T13:02:09.900+0000] {processor.py:183} INFO - Processing /opt/airflow/dags/dag_tp2a_pokemon_ingestion.py took 0.104 seconds
[2026-06-09T13:02:39.998+0000] {processor.py:161} INFO - Started process (PID=4609) to work on /opt/airflow/dags/dag_tp2a_pokemon_ingestion.py
[2026-06-09T13:02:39.999+0000] {processor.py:830} INFO - Processing file /opt/airflow/dags/dag_tp2a_pokemon_ingestion.py for tasks to queue
[2026-06-09T13:02:40.001+0000] {logging_mixin.py:188} INFO - [2026-06-09T13:02:40.000+0000] {dagbag.py:545} INFO - Filling up the DagBag from /opt/airflow/dags/dag_tp2a_pokemon_ingestion.py
[2026-06-09T13:02:40.021+0000] {processor.py:840} INFO - DAG(s) 'tp2a_pokemon_ingestion' retrieved from /opt/airflow/dags/dag_tp2a_pokemon_ingestion.py
[2026-06-09T13:02:40.052+0000] {logging_mixin.py:188} INFO - [2026-06-09T13:02:40.052+0000] {dag.py:3096} INFO - Sync 1 DAGs
[2026-06-09T13:02:40.069+0000] {logging_mixin.py:188} INFO - [2026-06-09T13:02:40.069+0000] {dag.py:3954} INFO - Setting next_dagrun for tp2a_pokemon_ingestion to None, run_after=None
[2026-06-09T13:02:40.089+0000] {processor.py:183} INFO - Processing /opt/airflow/dags/dag_tp2a_pokemon_ingestion.py took 0.098 seconds
[2026-06-09T13:03:10.243+0000] {processor.py:161} INFO - Started process (PID=4619) to work on /opt/airflow/dags/dag_tp2a_pokemon_ingestion.py
[2026-06-09T13:03:10.244+0000] {processor.py:830} INFO - Processing file /opt/airflow/dags/dag_tp2a_pokemon_ingestion.py for tasks to queue
[2026-06-09T13:03:10.246+0000] {logging_mixin.py:188} INFO - [2026-06-09T13:03:10.246+0000] {dagbag.py:545} INFO - Filling up the DagBag from /opt/airflow/dags/dag_tp2a_pokemon_ingestion.py
[2026-06-09T13:03:10.264+0000] {processor.py:840} INFO - DAG(s) 'tp2a_pokemon_ingestion' retrieved from /opt/airflow/dags/dag_tp2a_pokemon_ingestion.py
[2026-06-09T13:03:10.296+0000] {logging_mixin.py:188} INFO - [2026-06-09T13:03:10.296+0000] {dag.py:3096} INFO - Sync 1 DAGs
[2026-06-09T13:03:10.309+0000] {logging_mixin.py:188} INFO - [2026-06-09T13:03:10.309+0000] {dag.py:3954} INFO - Setting next_dagrun for tp2a_pokemon_ingestion to None, run_after=None
[2026-06-09T13:03:10.329+0000] {processor.py:183} INFO - Processing /opt/airflow/dags/dag_tp2a_pokemon_ingestion.py took 0.091 seconds
[2026-06-09T13:03:40.537+0000] {processor.py:161} INFO - Started process (PID=4629) to work on /opt/airflow/dags/dag_tp2a_pokemon_ingestion.py
[2026-06-09T13:03:40.538+0000] {processor.py:830} INFO - Processing file /opt/airflow/dags/dag_tp2a_pokemon_ingestion.py for tasks to queue
[2026-06-09T13:03:40.539+0000] {logging_mixin.py:188} INFO - [2026-06-09T13:03:40.539+0000] {dagbag.py:545} INFO - Filling up the DagBag from /opt/airflow/dags/dag_tp2a_pokemon_ingestion.py
[2026-06-09T13:03:40.557+0000] {processor.py:840} INFO - DAG(s) 'tp2a_pokemon_ingestion' retrieved from /opt/airflow/dags/dag_tp2a_pokemon_ingestion.py
[2026-06-09T13:03:40.588+0000] {logging_mixin.py:188} INFO - [2026-06-09T13:03:40.588+0000] {dag.py:3096} INFO - Sync 1 DAGs
[2026-06-09T13:03:40.601+0000] {logging_mixin.py:188} INFO - [2026-06-09T13:03:40.601+0000] {dag.py:3954} INFO - Setting next_dagrun for tp2a_pokemon_ingestion to None, run_after=None
[2026-06-09T13:03:40.621+0000] {processor.py:183} INFO - Processing /opt/airflow/dags/dag_tp2a_pokemon_ingestion.py took 0.089 seconds
[2026-06-09T13:04:10.832+0000] {processor.py:161} INFO - Started process (PID=4639) to work on /opt/airflow/dags/dag_tp2a_pokemon_ingestion.py
[2026-06-09T13:04:10.833+0000] {processor.py:830} INFO - Processing file /opt/airflow/dags/dag_tp2a_pokemon_ingestion.py for tasks to queue
[2026-06-09T13:04:10.835+0000] {logging_mixin.py:188} INFO - [2026-06-09T13:04:10.834+0000] {dagbag.py:545} INFO - Filling up the DagBag from /opt/airflow/dags/dag_tp2a_pokemon_ingestion.py
[2026-06-09T13:04:10.852+0000] {processor.py:840} INFO - DAG(s) 'tp2a_pokemon_ingestion' retrieved from /opt/airflow/dags/dag_tp2a_pokemon_ingestion.py
[2026-06-09T13:04:10.885+0000] {logging_mixin.py:188} INFO - [2026-06-09T13:04:10.885+0000] {dag.py:3096} INFO - Sync 1 DAGs
[2026-06-09T13:04:10.898+0000] {logging_mixin.py:188} INFO - [2026-06-09T13:04:10.897+0000] {dag.py:3954} INFO - Setting next_dagrun for tp2a_pokemon_ingestion to None, run_after=None
[2026-06-09T13:04:10.918+0000] {processor.py:183} INFO - Processing /opt/airflow/dags/dag_tp2a_pokemon_ingestion.py took 0.092 seconds
[2026-06-09T13:04:41.153+0000] {processor.py:161} INFO - Started process (PID=4649) to work on /opt/airflow/dags/dag_tp2a_pokemon_ingestion.py
[2026-06-09T13:04:41.154+0000] {processor.py:830} INFO - Processing file /opt/airflow/dags/dag_tp2a_pokemon_ingestion.py for tasks to queue
[2026-06-09T13:04:41.156+0000] {logging_mixin.py:188} INFO - [2026-06-09T13:04:41.156+0000] {dagbag.py:545} INFO - Filling up the DagBag from /opt/airflow/dags/dag_tp2a_pokemon_ingestion.py
[2026-06-09T13:04:41.175+0000] {processor.py:840} INFO - DAG(s) 'tp2a_pokemon_ingestion' retrieved from /opt/airflow/dags/dag_tp2a_pokemon_ingestion.py
[2026-06-09T13:04:41.209+0000] {logging_mixin.py:188} INFO - [2026-06-09T13:04:41.208+0000] {dag.py:3096} INFO - Sync 1 DAGs
[2026-06-09T13:04:41.222+0000] {logging_mixin.py:188} INFO - [2026-06-09T13:04:41.222+0000] {dag.py:3954} INFO - Setting next_dagrun for tp2a_pokemon_ingestion to None, run_after=None
[2026-06-09T13:04:41.247+0000] {processor.py:183} INFO - Processing /opt/airflow/dags/dag_tp2a_pokemon_ingestion.py took 0.099 seconds
[2026-06-09T13:05:11.476+0000] {processor.py:161} INFO - Started process (PID=4659) to work on /opt/airflow/dags/dag_tp2a_pokemon_ingestion.py
[2026-06-09T13:05:11.477+0000] {processor.py:830} INFO - Processing file /opt/airflow/dags/dag_tp2a_pokemon_ingestion.py for tasks to queue
[2026-06-09T13:05:11.479+0000] {logging_mixin.py:188} INFO - [2026-06-09T13:05:11.479+0000] {dagbag.py:545} INFO - Filling up the DagBag from /opt/airflow/dags/dag_tp2a_pokemon_ingestion.py
[2026-06-09T13:05:11.500+0000] {processor.py:840} INFO - DAG(s) 'tp2a_pokemon_ingestion' retrieved from /opt/airflow/dags/dag_tp2a_pokemon_ingestion.py
[2026-06-09T13:05:11.532+0000] {logging_mixin.py:188} INFO - [2026-06-09T13:05:11.532+0000] {dag.py:3096} INFO - Sync 1 DAGs
[2026-06-09T13:05:11.546+0000] {logging_mixin.py:188} INFO - [2026-06-09T13:05:11.546+0000] {dag.py:3954} INFO - Setting next_dagrun for tp2a_pokemon_ingestion to None, run_after=None
[2026-06-09T13:05:11.632+0000] {processor.py:183} INFO - Processing /opt/airflow/dags/dag_tp2a_pokemon_ingestion.py took 0.162 seconds
[2026-06-09T13:05:41.878+0000] {processor.py:161} INFO - Started process (PID=4669) to work on /opt/airflow/dags/dag_tp2a_pokemon_ingestion.py
[2026-06-09T13:05:41.879+0000] {processor.py:830} INFO - Processing file /opt/airflow/dags/dag_tp2a_pokemon_ingestion.py for tasks to queue
[2026-06-09T13:05:41.881+0000] {logging_mixin.py:188} INFO - [2026-06-09T13:05:41.880+0000] {dagbag.py:545} INFO - Filling up the DagBag from /opt/airflow/dags/dag_tp2a_pokemon_ingestion.py
[2026-06-09T13:05:41.905+0000] {processor.py:840} INFO - DAG(s) 'tp2a_pokemon_ingestion' retrieved from /opt/airflow/dags/dag_tp2a_pokemon_ingestion.py
[2026-06-09T13:05:41.949+0000] {logging_mixin.py:188} INFO - [2026-06-09T13:05:41.949+0000] {dag.py:3096} INFO - Sync 1 DAGs
[2026-06-09T13:05:41.965+0000] {logging_mixin.py:188} INFO - [2026-06-09T13:05:41.965+0000] {dag.py:3954} INFO - Setting next_dagrun for tp2a_pokemon_ingestion to None, run_after=None
[2026-06-09T13:05:41.994+0000] {processor.py:183} INFO - Processing /opt/airflow/dags/dag_tp2a_pokemon_ingestion.py took 0.122 seconds
[2026-06-09T13:06:12.285+0000] {processor.py:161} INFO - Started process (PID=4679) to work on /opt/airflow/dags/dag_tp2a_pokemon_ingestion.py
[2026-06-09T13:06:12.286+0000] {processor.py:830} INFO - Processing file /opt/airflow/dags/dag_tp2a_pokemon_ingestion.py for tasks to queue
[2026-06-09T13:06:12.287+0000] {logging_mixin.py:188} INFO - [2026-06-09T13:06:12.287+0000] {dagbag.py:545} INFO - Filling up the DagBag from /opt/airflow/dags/dag_tp2a_pokemon_ingestion.py
[2026-06-09T13:06:12.306+0000] {processor.py:840} INFO - DAG(s) 'tp2a_pokemon_ingestion' retrieved from /opt/airflow/dags/dag_tp2a_pokemon_ingestion.py
[2026-06-09T13:06:12.343+0000] {logging_mixin.py:188} INFO - [2026-06-09T13:06:12.343+0000] {dag.py:3096} INFO - Sync 1 DAGs
[2026-06-09T13:06:12.357+0000] {logging_mixin.py:188} INFO - [2026-06-09T13:06:12.357+0000] {dag.py:3954} INFO - Setting next_dagrun for tp2a_pokemon_ingestion to None, run_after=None
[2026-06-09T13:06:12.378+0000] {processor.py:183} INFO - Processing /opt/airflow/dags/dag_tp2a_pokemon_ingestion.py took 0.098 seconds
[2026-06-09T13:06:42.587+0000] {processor.py:161} INFO - Started process (PID=4689) to work on /opt/airflow/dags/dag_tp2a_pokemon_ingestion.py
[2026-06-09T13:06:42.588+0000] {processor.py:830} INFO - Processing file /opt/airflow/dags/dag_tp2a_pokemon_ingestion.py for tasks to queue
[2026-06-09T13:06:42.589+0000] {logging_mixin.py:188} INFO - [2026-06-09T13:06:42.589+0000] {dagbag.py:545} INFO - Filling up the DagBag from /opt/airflow/dags/dag_tp2a_pokemon_ingestion.py
[2026-06-09T13:06:42.607+0000] {processor.py:840} INFO - DAG(s) 'tp2a_pokemon_ingestion' retrieved from /opt/airflow/dags/dag_tp2a_pokemon_ingestion.py
[2026-06-09T13:06:42.637+0000] {logging_mixin.py:188} INFO - [2026-06-09T13:06:42.637+0000] {dag.py:3096} INFO - Sync 1 DAGs
[2026-06-09T13:06:42.649+0000] {logging_mixin.py:188} INFO - [2026-06-09T13:06:42.649+0000] {dag.py:3954} INFO - Setting next_dagrun for tp2a_pokemon_ingestion to None, run_after=None
[2026-06-09T13:06:42.666+0000] {processor.py:183} INFO - Processing /opt/airflow/dags/dag_tp2a_pokemon_ingestion.py took 0.084 seconds
[2026-06-09T13:07:12.884+0000] {processor.py:161} INFO - Started process (PID=4699) to work on /opt/airflow/dags/dag_tp2a_pokemon_ingestion.py
[2026-06-09T13:07:12.886+0000] {processor.py:830} INFO - Processing file /opt/airflow/dags/dag_tp2a_pokemon_ingestion.py for tasks to queue
[2026-06-09T13:07:12.888+0000] {logging_mixin.py:188} INFO - [2026-06-09T13:07:12.888+0000] {dagbag.py:545} INFO - Filling up the DagBag from /opt/airflow/dags/dag_tp2a_pokemon_ingestion.py
[2026-06-09T13:07:12.915+0000] {processor.py:840} INFO - DAG(s) 'tp2a_pokemon_ingestion' retrieved from /opt/airflow/dags/dag_tp2a_pokemon_ingestion.py
[2026-06-09T13:07:12.960+0000] {logging_mixin.py:188} INFO - [2026-06-09T13:07:12.959+0000] {dag.py:3096} INFO - Sync 1 DAGs
[2026-06-09T13:07:12.978+0000] {logging_mixin.py:188} INFO - [2026-06-09T13:07:12.977+0000] {dag.py:3954} INFO - Setting next_dagrun for tp2a_pokemon_ingestion to None, run_after=None
[2026-06-09T13:07:13.009+0000] {processor.py:183} INFO - Processing /opt/airflow/dags/dag_tp2a_pokemon_ingestion.py took 0.133 seconds
[2026-06-09T13:07:43.269+0000] {processor.py:161} INFO - Started process (PID=4709) to work on /opt/airflow/dags/dag_tp2a_pokemon_ingestion.py
[2026-06-09T13:07:43.270+0000] {processor.py:830} INFO - Processing file /opt/airflow/dags/dag_tp2a_pokemon_ingestion.py for tasks to queue
[2026-06-09T13:07:43.272+0000] {logging_mixin.py:188} INFO - [2026-06-09T13:07:43.271+0000] {dagbag.py:545} INFO - Filling up the DagBag from /opt/airflow/dags/dag_tp2a_pokemon_ingestion.py
[2026-06-09T13:07:43.291+0000] {processor.py:840} INFO - DAG(s) 'tp2a_pokemon_ingestion' retrieved from /opt/airflow/dags/dag_tp2a_pokemon_ingestion.py
[2026-06-09T13:07:43.329+0000] {logging_mixin.py:188} INFO - [2026-06-09T13:07:43.329+0000] {dag.py:3096} INFO - Sync 1 DAGs
[2026-06-09T13:07:43.346+0000] {logging_mixin.py:188} INFO - [2026-06-09T13:07:43.346+0000] {dag.py:3954} INFO - Setting next_dagrun for tp2a_pokemon_ingestion to None, run_after=None
[2026-06-09T13:07:43.369+0000] {processor.py:183} INFO - Processing /opt/airflow/dags/dag_tp2a_pokemon_ingestion.py took 0.106 seconds
[2026-06-09T13:08:13.606+0000] {processor.py:161} INFO - Started process (PID=4719) to work on /opt/airflow/dags/dag_tp2a_pokemon_ingestion.py
[2026-06-09T13:08:13.607+0000] {processor.py:830} INFO - Processing file /opt/airflow/dags/dag_tp2a_pokemon_ingestion.py for tasks to queue
[2026-06-09T13:08:13.609+0000] {logging_mixin.py:188} INFO - [2026-06-09T13:08:13.609+0000] {dagbag.py:545} INFO - Filling up the DagBag from /opt/airflow/dags/dag_tp2a_pokemon_ingestion.py
[2026-06-09T13:08:13.627+0000] {processor.py:840} INFO - DAG(s) 'tp2a_pokemon_ingestion' retrieved from /opt/airflow/dags/dag_tp2a_pokemon_ingestion.py
[2026-06-09T13:08:13.661+0000] {logging_mixin.py:188} INFO - [2026-06-09T13:08:13.660+0000] {dag.py:3096} INFO - Sync 1 DAGs
[2026-06-09T13:08:13.678+0000] {logging_mixin.py:188} INFO - [2026-06-09T13:08:13.678+0000] {dag.py:3954} INFO - Setting next_dagrun for tp2a_pokemon_ingestion to None, run_after=None
[2026-06-09T13:08:13.707+0000] {processor.py:183} INFO - Processing /opt/airflow/dags/dag_tp2a_pokemon_ingestion.py took 0.107 seconds
[2026-06-09T13:08:44.402+0000] {processor.py:161} INFO - Started process (PID=4729) to work on /opt/airflow/dags/dag_tp2a_pokemon_ingestion.py
[2026-06-09T13:08:44.419+0000] {processor.py:830} INFO - Processing file /opt/airflow/dags/dag_tp2a_pokemon_ingestion.py for tasks to queue
[2026-06-09T13:08:44.422+0000] {logging_mixin.py:188} INFO - [2026-06-09T13:08:44.421+0000] {dagbag.py:545} INFO - Filling up the DagBag from /opt/airflow/dags/dag_tp2a_pokemon_ingestion.py
[2026-06-09T13:08:44.448+0000] {processor.py:840} INFO - DAG(s) 'tp2a_pokemon_ingestion' retrieved from /opt/airflow/dags/dag_tp2a_pokemon_ingestion.py
[2026-06-09T13:08:44.489+0000] {logging_mixin.py:188} INFO - [2026-06-09T13:08:44.488+0000] {dag.py:3096} INFO - Sync 1 DAGs
[2026-06-09T13:08:44.531+0000] {logging_mixin.py:188} INFO - [2026-06-09T13:08:44.531+0000] {dag.py:3954} INFO - Setting next_dagrun for tp2a_pokemon_ingestion to None, run_after=None
[2026-06-09T13:08:44.565+0000] {processor.py:183} INFO - Processing /opt/airflow/dags/dag_tp2a_pokemon_ingestion.py took 0.171 seconds
[2026-06-09T13:09:14.769+0000] {processor.py:161} INFO - Started process (PID=4739) to work on /opt/airflow/dags/dag_tp2a_pokemon_ingestion.py
[2026-06-09T13:09:14.771+0000] {processor.py:830} INFO - Processing file /opt/airflow/dags/dag_tp2a_pokemon_ingestion.py for tasks to queue
[2026-06-09T13:09:14.773+0000] {logging_mixin.py:188} INFO - [2026-06-09T13:09:14.773+0000] {dagbag.py:545} INFO - Filling up the DagBag from /opt/airflow/dags/dag_tp2a_pokemon_ingestion.py
[2026-06-09T13:09:14.793+0000] {processor.py:840} INFO - DAG(s) 'tp2a_pokemon_ingestion' retrieved from /opt/airflow/dags/dag_tp2a_pokemon_ingestion.py
[2026-06-09T13:09:14.836+0000] {logging_mixin.py:188} INFO - [2026-06-09T13:09:14.836+0000] {dag.py:3096} INFO - Sync 1 DAGs
[2026-06-09T13:09:14.850+0000] {logging_mixin.py:188} INFO - [2026-06-09T13:09:14.850+0000] {dag.py:3954} INFO - Setting next_dagrun for tp2a_pokemon_ingestion to None, run_after=None
[2026-06-09T13:09:14.878+0000] {processor.py:183} INFO - Processing /opt/airflow/dags/dag_tp2a_pokemon_ingestion.py took 0.120 seconds
[2026-06-09T13:09:45.335+0000] {processor.py:161} INFO - Started process (PID=4749) to work on /opt/airflow/dags/dag_tp2a_pokemon_ingestion.py
[2026-06-09T13:09:45.344+0000] {processor.py:830} INFO - Processing file /opt/airflow/dags/dag_tp2a_pokemon_ingestion.py for tasks to queue
[2026-06-09T13:09:45.414+0000] {logging_mixin.py:188} INFO - [2026-06-09T13:09:45.393+0000] {dagbag.py:545} INFO - Filling up the DagBag from /opt/airflow/dags/dag_tp2a_pokemon_ingestion.py
[2026-06-09T13:09:45.806+0000] {processor.py:840} INFO - DAG(s) 'tp2a_pokemon_ingestion' retrieved from /opt/airflow/dags/dag_tp2a_pokemon_ingestion.py
[2026-06-09T13:09:45.943+0000] {logging_mixin.py:188} INFO - [2026-06-09T13:09:45.942+0000] {dag.py:3096} INFO - Sync 1 DAGs
[2026-06-09T13:09:45.956+0000] {logging_mixin.py:188} INFO - [2026-06-09T13:09:45.956+0000] {dag.py:3954} INFO - Setting next_dagrun for tp2a_pokemon_ingestion to None, run_after=None
[2026-06-09T13:09:45.980+0000] {processor.py:183} INFO - Processing /opt/airflow/dags/dag_tp2a_pokemon_ingestion.py took 0.653 seconds
[2026-06-09T13:10:16.126+0000] {processor.py:161} INFO - Started process (PID=4759) to work on /opt/airflow/dags/dag_tp2a_pokemon_ingestion.py
[2026-06-09T13:10:16.127+0000] {processor.py:830} INFO - Processing file /opt/airflow/dags/dag_tp2a_pokemon_ingestion.py for tasks to queue
[2026-06-09T13:10:16.129+0000] {logging_mixin.py:188} INFO - [2026-06-09T13:10:16.129+0000] {dagbag.py:545} INFO - Filling up the DagBag from /opt/airflow/dags/dag_tp2a_pokemon_ingestion.py
[2026-06-09T13:10:16.149+0000] {processor.py:840} INFO - DAG(s) 'tp2a_pokemon_ingestion' retrieved from /opt/airflow/dags/dag_tp2a_pokemon_ingestion.py
[2026-06-09T13:10:16.182+0000] {logging_mixin.py:188} INFO - [2026-06-09T13:10:16.182+0000] {dag.py:3096} INFO - Sync 1 DAGs
[2026-06-09T13:10:16.196+0000] {logging_mixin.py:188} INFO - [2026-06-09T13:10:16.196+0000] {dag.py:3954} INFO - Setting next_dagrun for tp2a_pokemon_ingestion to None, run_after=None
[2026-06-09T13:10:16.220+0000] {processor.py:183} INFO - Processing /opt/airflow/dags/dag_tp2a_pokemon_ingestion.py took 0.099 seconds
[2026-06-09T13:10:46.770+0000] {processor.py:161} INFO - Started process (PID=4769) to work on /opt/airflow/dags/dag_tp2a_pokemon_ingestion.py
[2026-06-09T13:10:46.772+0000] {processor.py:830} INFO - Processing file /opt/airflow/dags/dag_tp2a_pokemon_ingestion.py for tasks to queue
[2026-06-09T13:10:46.784+0000] {logging_mixin.py:188} INFO - [2026-06-09T13:10:46.783+0000] {dagbag.py:545} INFO - Filling up the DagBag from /opt/airflow/dags/dag_tp2a_pokemon_ingestion.py
[2026-06-09T13:10:46.842+0000] {processor.py:840} INFO - DAG(s) 'tp2a_pokemon_ingestion' retrieved from /opt/airflow/dags/dag_tp2a_pokemon_ingestion.py
[2026-06-09T13:10:46.914+0000] {logging_mixin.py:188} INFO - [2026-06-09T13:10:46.914+0000] {dag.py:3096} INFO - Sync 1 DAGs
[2026-06-09T13:10:46.931+0000] {logging_mixin.py:188} INFO - [2026-06-09T13:10:46.931+0000] {dag.py:3954} INFO - Setting next_dagrun for tp2a_pokemon_ingestion to None, run_after=None
[2026-06-09T13:10:46.953+0000] {processor.py:183} INFO - Processing /opt/airflow/dags/dag_tp2a_pokemon_ingestion.py took 0.191 seconds
[2026-06-09T13:11:17.434+0000] {processor.py:161} INFO - Started process (PID=4779) to work on /opt/airflow/dags/dag_tp2a_pokemon_ingestion.py
[2026-06-09T13:11:17.435+0000] {processor.py:830} INFO - Processing file /opt/airflow/dags/dag_tp2a_pokemon_ingestion.py for tasks to queue
[2026-06-09T13:11:17.436+0000] {logging_mixin.py:188} INFO - [2026-06-09T13:11:17.436+0000] {dagbag.py:545} INFO - Filling up the DagBag from /opt/airflow/dags/dag_tp2a_pokemon_ingestion.py
[2026-06-09T13:11:17.453+0000] {processor.py:840} INFO - DAG(s) 'tp2a_pokemon_ingestion' retrieved from /opt/airflow/dags/dag_tp2a_pokemon_ingestion.py
[2026-06-09T13:11:17.485+0000] {logging_mixin.py:188} INFO - [2026-06-09T13:11:17.485+0000] {dag.py:3096} INFO - Sync 1 DAGs
[2026-06-09T13:11:17.499+0000] {logging_mixin.py:188} INFO - [2026-06-09T13:11:17.499+0000] {dag.py:3954} INFO - Setting next_dagrun for tp2a_pokemon_ingestion to None, run_after=None
[2026-06-09T13:11:17.518+0000] {processor.py:183} INFO - Processing /opt/airflow/dags/dag_tp2a_pokemon_ingestion.py took 0.089 seconds
[2026-06-09T13:11:48.246+0000] {processor.py:161} INFO - Started process (PID=4789) to work on /opt/airflow/dags/dag_tp2a_pokemon_ingestion.py
[2026-06-09T13:11:48.247+0000] {processor.py:830} INFO - Processing file /opt/airflow/dags/dag_tp2a_pokemon_ingestion.py for tasks to queue
[2026-06-09T13:11:48.249+0000] {logging_mixin.py:188} INFO - [2026-06-09T13:11:48.248+0000] {dagbag.py:545} INFO - Filling up the DagBag from /opt/airflow/dags/dag_tp2a_pokemon_ingestion.py
[2026-06-09T13:11:48.266+0000] {processor.py:840} INFO - DAG(s) 'tp2a_pokemon_ingestion' retrieved from /opt/airflow/dags/dag_tp2a_pokemon_ingestion.py
[2026-06-09T13:11:48.298+0000] {logging_mixin.py:188} INFO - [2026-06-09T13:11:48.298+0000] {dag.py:3096} INFO - Sync 1 DAGs
[2026-06-09T13:11:48.312+0000] {logging_mixin.py:188} INFO - [2026-06-09T13:11:48.312+0000] {dag.py:3954} INFO - Setting next_dagrun for tp2a_pokemon_ingestion to None, run_after=None
[2026-06-09T13:11:48.331+0000] {processor.py:183} INFO - Processing /opt/airflow/dags/dag_tp2a_pokemon_ingestion.py took 0.090 seconds
[2026-06-09T13:12:18.600+0000] {processor.py:161} INFO - Started process (PID=4799) to work on /opt/airflow/dags/dag_tp2a_pokemon_ingestion.py
[2026-06-09T13:12:18.602+0000] {processor.py:830} INFO - Processing file /opt/airflow/dags/dag_tp2a_pokemon_ingestion.py for tasks to queue
[2026-06-09T13:12:18.604+0000] {logging_mixin.py:188} INFO - [2026-06-09T13:12:18.604+0000] {dagbag.py:545} INFO - Filling up the DagBag from /opt/airflow/dags/dag_tp2a_pokemon_ingestion.py
[2026-06-09T13:12:18.636+0000] {processor.py:840} INFO - DAG(s) 'tp2a_pokemon_ingestion' retrieved from /opt/airflow/dags/dag_tp2a_pokemon_ingestion.py
[2026-06-09T13:12:18.700+0000] {logging_mixin.py:188} INFO - [2026-06-09T13:12:18.700+0000] {dag.py:3096} INFO - Sync 1 DAGs
[2026-06-09T13:12:18.722+0000] {logging_mixin.py:188} INFO - [2026-06-09T13:12:18.721+0000] {dag.py:3954} INFO - Setting next_dagrun for tp2a_pokemon_ingestion to None, run_after=None
[2026-06-09T13:12:18.751+0000] {processor.py:183} INFO - Processing /opt/airflow/dags/dag_tp2a_pokemon_ingestion.py took 0.158 seconds
[2026-06-09T13:12:49.090+0000] {processor.py:161} INFO - Started process (PID=4809) to work on /opt/airflow/dags/dag_tp2a_pokemon_ingestion.py
[2026-06-09T13:12:49.091+0000] {processor.py:830} INFO - Processing file /opt/airflow/dags/dag_tp2a_pokemon_ingestion.py for tasks to queue
[2026-06-09T13:12:49.093+0000] {logging_mixin.py:188} INFO - [2026-06-09T13:12:49.093+0000] {dagbag.py:545} INFO - Filling up the DagBag from /opt/airflow/dags/dag_tp2a_pokemon_ingestion.py
[2026-06-09T13:12:49.119+0000] {processor.py:840} INFO - DAG(s) 'tp2a_pokemon_ingestion' retrieved from /opt/airflow/dags/dag_tp2a_pokemon_ingestion.py
[2026-06-09T13:12:49.165+0000] {logging_mixin.py:188} INFO - [2026-06-09T13:12:49.164+0000] {dag.py:3096} INFO - Sync 1 DAGs
[2026-06-09T13:12:49.192+0000] {logging_mixin.py:188} INFO - [2026-06-09T13:12:49.191+0000] {dag.py:3954} INFO - Setting next_dagrun for tp2a_pokemon_ingestion to None, run_after=None
[2026-06-09T13:12:49.232+0000] {processor.py:183} INFO - Processing /opt/airflow/dags/dag_tp2a_pokemon_ingestion.py took 0.149 seconds
[2026-06-09T13:13:19.639+0000] {processor.py:161} INFO - Started process (PID=4819) to work on /opt/airflow/dags/dag_tp2a_pokemon_ingestion.py
[2026-06-09T13:13:19.641+0000] {processor.py:830} INFO - Processing file /opt/airflow/dags/dag_tp2a_pokemon_ingestion.py for tasks to queue
[2026-06-09T13:13:19.645+0000] {logging_mixin.py:188} INFO - [2026-06-09T13:13:19.644+0000] {dagbag.py:545} INFO - Filling up the DagBag from /opt/airflow/dags/dag_tp2a_pokemon_ingestion.py
[2026-06-09T13:13:19.681+0000] {processor.py:840} INFO - DAG(s) 'tp2a_pokemon_ingestion' retrieved from /opt/airflow/dags/dag_tp2a_pokemon_ingestion.py
[2026-06-09T13:13:19.748+0000] {logging_mixin.py:188} INFO - [2026-06-09T13:13:19.747+0000] {dag.py:3096} INFO - Sync 1 DAGs
[2026-06-09T13:13:19.773+0000] {logging_mixin.py:188} INFO - [2026-06-09T13:13:19.772+0000] {dag.py:3954} INFO - Setting next_dagrun for tp2a_pokemon_ingestion to None, run_after=None
[2026-06-09T13:13:19.830+0000] {processor.py:183} INFO - Processing /opt/airflow/dags/dag_tp2a_pokemon_ingestion.py took 0.203 seconds
[2026-06-09T13:13:50.017+0000] {processor.py:161} INFO - Started process (PID=4829) to work on /opt/airflow/dags/dag_tp2a_pokemon_ingestion.py
[2026-06-09T13:13:50.018+0000] {processor.py:830} INFO - Processing file /opt/airflow/dags/dag_tp2a_pokemon_ingestion.py for tasks to queue
[2026-06-09T13:13:50.019+0000] {logging_mixin.py:188} INFO - [2026-06-09T13:13:50.019+0000] {dagbag.py:545} INFO - Filling up the DagBag from /opt/airflow/dags/dag_tp2a_pokemon_ingestion.py
[2026-06-09T13:13:50.037+0000] {processor.py:840} INFO - DAG(s) 'tp2a_pokemon_ingestion' retrieved from /opt/airflow/dags/dag_tp2a_pokemon_ingestion.py
[2026-06-09T13:13:50.068+0000] {logging_mixin.py:188} INFO - [2026-06-09T13:13:50.068+0000] {dag.py:3096} INFO - Sync 1 DAGs
[2026-06-09T13:13:50.088+0000] {logging_mixin.py:188} INFO - [2026-06-09T13:13:50.087+0000] {dag.py:3954} INFO - Setting next_dagrun for tp2a_pokemon_ingestion to None, run_after=None
[2026-06-09T13:13:50.111+0000] {processor.py:183} INFO - Processing /opt/airflow/dags/dag_tp2a_pokemon_ingestion.py took 0.099 seconds
[2026-06-09T13:14:20.429+0000] {processor.py:161} INFO - Started process (PID=4839) to work on /opt/airflow/dags/dag_tp2a_pokemon_ingestion.py
[2026-06-09T13:14:20.431+0000] {processor.py:830} INFO - Processing file /opt/airflow/dags/dag_tp2a_pokemon_ingestion.py for tasks to queue
[2026-06-09T13:14:20.433+0000] {logging_mixin.py:188} INFO - [2026-06-09T13:14:20.432+0000] {dagbag.py:545} INFO - Filling up the DagBag from /opt/airflow/dags/dag_tp2a_pokemon_ingestion.py
[2026-06-09T13:14:20.455+0000] {processor.py:840} INFO - DAG(s) 'tp2a_pokemon_ingestion' retrieved from /opt/airflow/dags/dag_tp2a_pokemon_ingestion.py
[2026-06-09T13:14:20.500+0000] {logging_mixin.py:188} INFO - [2026-06-09T13:14:20.499+0000] {dag.py:3096} INFO - Sync 1 DAGs
[2026-06-09T13:14:20.519+0000] {logging_mixin.py:188} INFO - [2026-06-09T13:14:20.519+0000] {dag.py:3954} INFO - Setting next_dagrun for tp2a_pokemon_ingestion to None, run_after=None
[2026-06-09T13:14:20.550+0000] {processor.py:183} INFO - Processing /opt/airflow/dags/dag_tp2a_pokemon_ingestion.py took 0.129 seconds
[2026-06-09T13:14:51.071+0000] {processor.py:161} INFO - Started process (PID=4849) to work on /opt/airflow/dags/dag_tp2a_pokemon_ingestion.py
[2026-06-09T13:14:51.076+0000] {processor.py:830} INFO - Processing file /opt/airflow/dags/dag_tp2a_pokemon_ingestion.py for tasks to queue
[2026-06-09T13:14:51.079+0000] {logging_mixin.py:188} INFO - [2026-06-09T13:14:51.079+0000] {dagbag.py:545} INFO - Filling up the DagBag from /opt/airflow/dags/dag_tp2a_pokemon_ingestion.py
[2026-06-09T13:14:51.121+0000] {processor.py:840} INFO - DAG(s) 'tp2a_pokemon_ingestion' retrieved from /opt/airflow/dags/dag_tp2a_pokemon_ingestion.py
[2026-06-09T13:14:51.182+0000] {logging_mixin.py:188} INFO - [2026-06-09T13:14:51.181+0000] {dag.py:3096} INFO - Sync 1 DAGs
[2026-06-09T13:14:51.207+0000] {logging_mixin.py:188} INFO - [2026-06-09T13:14:51.207+0000] {dag.py:3954} INFO - Setting next_dagrun for tp2a_pokemon_ingestion to None, run_after=None
[2026-06-09T13:14:51.247+0000] {processor.py:183} INFO - Processing /opt/airflow/dags/dag_tp2a_pokemon_ingestion.py took 0.184 seconds
[2026-06-09T13:15:21.675+0000] {processor.py:161} INFO - Started process (PID=4859) to work on /opt/airflow/dags/dag_tp2a_pokemon_ingestion.py
[2026-06-09T13:15:21.676+0000] {processor.py:830} INFO - Processing file /opt/airflow/dags/dag_tp2a_pokemon_ingestion.py for tasks to queue
[2026-06-09T13:15:21.679+0000] {logging_mixin.py:188} INFO - [2026-06-09T13:15:21.678+0000] {dagbag.py:545} INFO - Filling up the DagBag from /opt/airflow/dags/dag_tp2a_pokemon_ingestion.py
[2026-06-09T13:15:21.762+0000] {processor.py:840} INFO - DAG(s) 'tp2a_pokemon_ingestion' retrieved from /opt/airflow/dags/dag_tp2a_pokemon_ingestion.py
[2026-06-09T13:15:21.841+0000] {logging_mixin.py:188} INFO - [2026-06-09T13:15:21.839+0000] {dag.py:3096} INFO - Sync 1 DAGs
[2026-06-09T13:15:21.854+0000] {logging_mixin.py:188} INFO - [2026-06-09T13:15:21.854+0000] {dag.py:3954} INFO - Setting next_dagrun for tp2a_pokemon_ingestion to None, run_after=None
[2026-06-09T13:15:21.878+0000] {processor.py:183} INFO - Processing /opt/airflow/dags/dag_tp2a_pokemon_ingestion.py took 0.213 seconds
[2026-06-09T13:15:52.154+0000] {processor.py:161} INFO - Started process (PID=4869) to work on /opt/airflow/dags/dag_tp2a_pokemon_ingestion.py
[2026-06-09T13:15:52.156+0000] {processor.py:830} INFO - Processing file /opt/airflow/dags/dag_tp2a_pokemon_ingestion.py for tasks to queue
[2026-06-09T13:15:52.161+0000] {logging_mixin.py:188} INFO - [2026-06-09T13:15:52.161+0000] {dagbag.py:545} INFO - Filling up the DagBag from /opt/airflow/dags/dag_tp2a_pokemon_ingestion.py
[2026-06-09T13:15:52.188+0000] {processor.py:840} INFO - DAG(s) 'tp2a_pokemon_ingestion' retrieved from /opt/airflow/dags/dag_tp2a_pokemon_ingestion.py
[2026-06-09T13:15:52.227+0000] {logging_mixin.py:188} INFO - [2026-06-09T13:15:52.227+0000] {dag.py:3096} INFO - Sync 1 DAGs
[2026-06-09T13:15:52.240+0000] {logging_mixin.py:188} INFO - [2026-06-09T13:15:52.240+0000] {dag.py:3954} INFO - Setting next_dagrun for tp2a_pokemon_ingestion to None, run_after=None
[2026-06-09T13:15:52.262+0000] {processor.py:183} INFO - Processing /opt/airflow/dags/dag_tp2a_pokemon_ingestion.py took 0.122 seconds
[2026-06-09T13:16:22.363+0000] {processor.py:161} INFO - Started process (PID=4879) to work on /opt/airflow/dags/dag_tp2a_pokemon_ingestion.py
[2026-06-09T13:16:22.364+0000] {processor.py:830} INFO - Processing file /opt/airflow/dags/dag_tp2a_pokemon_ingestion.py for tasks to queue
[2026-06-09T13:16:22.366+0000] {logging_mixin.py:188} INFO - [2026-06-09T13:16:22.366+0000] {dagbag.py:545} INFO - Filling up the DagBag from /opt/airflow/dags/dag_tp2a_pokemon_ingestion.py
[2026-06-09T13:16:22.385+0000] {processor.py:840} INFO - DAG(s) 'tp2a_pokemon_ingestion' retrieved from /opt/airflow/dags/dag_tp2a_pokemon_ingestion.py
[2026-06-09T13:16:22.421+0000] {logging_mixin.py:188} INFO - [2026-06-09T13:16:22.420+0000] {dag.py:3096} INFO - Sync 1 DAGs
[2026-06-09T13:16:22.435+0000] {logging_mixin.py:188} INFO - [2026-06-09T13:16:22.435+0000] {dag.py:3954} INFO - Setting next_dagrun for tp2a_pokemon_ingestion to None, run_after=None
[2026-06-09T13:16:22.458+0000] {processor.py:183} INFO - Processing /opt/airflow/dags/dag_tp2a_pokemon_ingestion.py took 0.101 seconds
[2026-06-09T13:16:52.681+0000] {processor.py:161} INFO - Started process (PID=4889) to work on /opt/airflow/dags/dag_tp2a_pokemon_ingestion.py
[2026-06-09T13:16:52.682+0000] {processor.py:830} INFO - Processing file /opt/airflow/dags/dag_tp2a_pokemon_ingestion.py for tasks to queue
[2026-06-09T13:16:52.684+0000] {logging_mixin.py:188} INFO - [2026-06-09T13:16:52.684+0000] {dagbag.py:545} INFO - Filling up the DagBag from /opt/airflow/dags/dag_tp2a_pokemon_ingestion.py
[2026-06-09T13:16:52.706+0000] {processor.py:840} INFO - DAG(s) 'tp2a_pokemon_ingestion' retrieved from /opt/airflow/dags/dag_tp2a_pokemon_ingestion.py
[2026-06-09T13:16:52.745+0000] {logging_mixin.py:188} INFO - [2026-06-09T13:16:52.744+0000] {dag.py:3096} INFO - Sync 1 DAGs
[2026-06-09T13:16:52.757+0000] {logging_mixin.py:188} INFO - [2026-06-09T13:16:52.757+0000] {dag.py:3954} INFO - Setting next_dagrun for tp2a_pokemon_ingestion to None, run_after=None
[2026-06-09T13:16:52.779+0000] {processor.py:183} INFO - Processing /opt/airflow/dags/dag_tp2a_pokemon_ingestion.py took 0.106 seconds
[2026-06-09T13:17:23.103+0000] {processor.py:161} INFO - Started process (PID=4899) to work on /opt/airflow/dags/dag_tp2a_pokemon_ingestion.py
[2026-06-09T13:17:23.106+0000] {processor.py:830} INFO - Processing file /opt/airflow/dags/dag_tp2a_pokemon_ingestion.py for tasks to queue
[2026-06-09T13:17:23.111+0000] {logging_mixin.py:188} INFO - [2026-06-09T13:17:23.110+0000] {dagbag.py:545} INFO - Filling up the DagBag from /opt/airflow/dags/dag_tp2a_pokemon_ingestion.py
[2026-06-09T13:17:23.149+0000] {processor.py:840} INFO - DAG(s) 'tp2a_pokemon_ingestion' retrieved from /opt/airflow/dags/dag_tp2a_pokemon_ingestion.py
[2026-06-09T13:17:23.208+0000] {logging_mixin.py:188} INFO - [2026-06-09T13:17:23.208+0000] {dag.py:3096} INFO - Sync 1 DAGs
[2026-06-09T13:17:23.229+0000] {logging_mixin.py:188} INFO - [2026-06-09T13:17:23.229+0000] {dag.py:3954} INFO - Setting next_dagrun for tp2a_pokemon_ingestion to None, run_after=None
[2026-06-09T13:17:23.257+0000] {processor.py:183} INFO - Processing /opt/airflow/dags/dag_tp2a_pokemon_ingestion.py took 0.171 seconds
[2026-06-09T13:17:53.599+0000] {processor.py:161} INFO - Started process (PID=4909) to work on /opt/airflow/dags/dag_tp2a_pokemon_ingestion.py
[2026-06-09T13:17:53.600+0000] {processor.py:830} INFO - Processing file /opt/airflow/dags/dag_tp2a_pokemon_ingestion.py for tasks to queue
[2026-06-09T13:17:53.603+0000] {logging_mixin.py:188} INFO - [2026-06-09T13:17:53.602+0000] {dagbag.py:545} INFO - Filling up the DagBag from /opt/airflow/dags/dag_tp2a_pokemon_ingestion.py
[2026-06-09T13:17:53.628+0000] {processor.py:840} INFO - DAG(s) 'tp2a_pokemon_ingestion' retrieved from /opt/airflow/dags/dag_tp2a_pokemon_ingestion.py
[2026-06-09T13:17:53.667+0000] {logging_mixin.py:188} INFO - [2026-06-09T13:17:53.667+0000] {dag.py:3096} INFO - Sync 1 DAGs
[2026-06-09T13:17:53.682+0000] {logging_mixin.py:188} INFO - [2026-06-09T13:17:53.682+0000] {dag.py:3954} INFO - Setting next_dagrun for tp2a_pokemon_ingestion to None, run_after=None
[2026-06-09T13:17:53.707+0000] {processor.py:183} INFO - Processing /opt/airflow/dags/dag_tp2a_pokemon_ingestion.py took 0.117 seconds
[2026-06-09T13:18:23.821+0000] {processor.py:161} INFO - Started process (PID=4919) to work on /opt/airflow/dags/dag_tp2a_pokemon_ingestion.py
[2026-06-09T13:18:23.822+0000] {processor.py:830} INFO - Processing file /opt/airflow/dags/dag_tp2a_pokemon_ingestion.py for tasks to queue
[2026-06-09T13:18:23.825+0000] {logging_mixin.py:188} INFO - [2026-06-09T13:18:23.824+0000] {dagbag.py:545} INFO - Filling up the DagBag from /opt/airflow/dags/dag_tp2a_pokemon_ingestion.py
[2026-06-09T13:18:23.852+0000] {processor.py:840} INFO - DAG(s) 'tp2a_pokemon_ingestion' retrieved from /opt/airflow/dags/dag_tp2a_pokemon_ingestion.py
[2026-06-09T13:18:23.892+0000] {logging_mixin.py:188} INFO - [2026-06-09T13:18:23.892+0000] {dag.py:3096} INFO - Sync 1 DAGs
[2026-06-09T13:18:23.907+0000] {logging_mixin.py:188} INFO - [2026-06-09T13:18:23.907+0000] {dag.py:3954} INFO - Setting next_dagrun for tp2a_pokemon_ingestion to None, run_after=None
[2026-06-09T13:18:23.941+0000] {processor.py:183} INFO - Processing /opt/airflow/dags/dag_tp2a_pokemon_ingestion.py took 0.129 seconds
[2026-06-09T13:18:55.415+0000] {processor.py:161} INFO - Started process (PID=4929) to work on /opt/airflow/dags/dag_tp2a_pokemon_ingestion.py
[2026-06-09T13:18:55.420+0000] {processor.py:830} INFO - Processing file /opt/airflow/dags/dag_tp2a_pokemon_ingestion.py for tasks to queue
[2026-06-09T13:18:55.427+0000] {logging_mixin.py:188} INFO - [2026-06-09T13:18:55.427+0000] {dagbag.py:545} INFO - Filling up the DagBag from /opt/airflow/dags/dag_tp2a_pokemon_ingestion.py
[2026-06-09T13:18:55.470+0000] {processor.py:840} INFO - DAG(s) 'tp2a_pokemon_ingestion' retrieved from /opt/airflow/dags/dag_tp2a_pokemon_ingestion.py
[2026-06-09T13:18:55.528+0000] {logging_mixin.py:188} INFO - [2026-06-09T13:18:55.527+0000] {dag.py:3096} INFO - Sync 1 DAGs
[2026-06-09T13:18:55.550+0000] {logging_mixin.py:188} INFO - [2026-06-09T13:18:55.550+0000] {dag.py:3954} INFO - Setting next_dagrun for tp2a_pokemon_ingestion to None, run_after=None
[2026-06-09T13:18:55.589+0000] {processor.py:183} INFO - Processing /opt/airflow/dags/dag_tp2a_pokemon_ingestion.py took 0.183 seconds
[2026-06-09T13:19:25.999+0000] {processor.py:161} INFO - Started process (PID=4939) to work on /opt/airflow/dags/dag_tp2a_pokemon_ingestion.py
[2026-06-09T13:19:26.001+0000] {processor.py:830} INFO - Processing file /opt/airflow/dags/dag_tp2a_pokemon_ingestion.py for tasks to queue
[2026-06-09T13:19:26.004+0000] {logging_mixin.py:188} INFO - [2026-06-09T13:19:26.003+0000] {dagbag.py:545} INFO - Filling up the DagBag from /opt/airflow/dags/dag_tp2a_pokemon_ingestion.py
[2026-06-09T13:19:26.029+0000] {processor.py:840} INFO - DAG(s) 'tp2a_pokemon_ingestion' retrieved from /opt/airflow/dags/dag_tp2a_pokemon_ingestion.py
[2026-06-09T13:19:26.070+0000] {logging_mixin.py:188} INFO - [2026-06-09T13:19:26.069+0000] {dag.py:3096} INFO - Sync 1 DAGs
[2026-06-09T13:19:26.090+0000] {logging_mixin.py:188} INFO - [2026-06-09T13:19:26.090+0000] {dag.py:3954} INFO - Setting next_dagrun for tp2a_pokemon_ingestion to None, run_after=None
[2026-06-09T13:19:26.116+0000] {processor.py:183} INFO - Processing /opt/airflow/dags/dag_tp2a_pokemon_ingestion.py took 0.127 seconds
[2026-06-09T13:19:56.376+0000] {processor.py:161} INFO - Started process (PID=4949) to work on /opt/airflow/dags/dag_tp2a_pokemon_ingestion.py
[2026-06-09T13:19:56.377+0000] {processor.py:830} INFO - Processing file /opt/airflow/dags/dag_tp2a_pokemon_ingestion.py for tasks to queue
[2026-06-09T13:19:56.380+0000] {logging_mixin.py:188} INFO - [2026-06-09T13:19:56.380+0000] {dagbag.py:545} INFO - Filling up the DagBag from /opt/airflow/dags/dag_tp2a_pokemon_ingestion.py
[2026-06-09T13:19:56.403+0000] {processor.py:840} INFO - DAG(s) 'tp2a_pokemon_ingestion' retrieved from /opt/airflow/dags/dag_tp2a_pokemon_ingestion.py
[2026-06-09T13:19:56.441+0000] {logging_mixin.py:188} INFO - [2026-06-09T13:19:56.440+0000] {dag.py:3096} INFO - Sync 1 DAGs
[2026-06-09T13:19:56.456+0000] {logging_mixin.py:188} INFO - [2026-06-09T13:19:56.456+0000] {dag.py:3954} INFO - Setting next_dagrun for tp2a_pokemon_ingestion to None, run_after=None
[2026-06-09T13:19:56.486+0000] {processor.py:183} INFO - Processing /opt/airflow/dags/dag_tp2a_pokemon_ingestion.py took 0.117 seconds
[2026-06-09T13:20:26.597+0000] {processor.py:161} INFO - Started process (PID=4959) to work on /opt/airflow/dags/dag_tp2a_pokemon_ingestion.py
[2026-06-09T13:20:26.598+0000] {processor.py:830} INFO - Processing file /opt/airflow/dags/dag_tp2a_pokemon_ingestion.py for tasks to queue
[2026-06-09T13:20:26.600+0000] {logging_mixin.py:188} INFO - [2026-06-09T13:20:26.600+0000] {dagbag.py:545} INFO - Filling up the DagBag from /opt/airflow/dags/dag_tp2a_pokemon_ingestion.py
[2026-06-09T13:20:26.622+0000] {processor.py:840} INFO - DAG(s) 'tp2a_pokemon_ingestion' retrieved from /opt/airflow/dags/dag_tp2a_pokemon_ingestion.py
[2026-06-09T13:20:26.657+0000] {logging_mixin.py:188} INFO - [2026-06-09T13:20:26.657+0000] {dag.py:3096} INFO - Sync 1 DAGs
[2026-06-09T13:20:26.671+0000] {logging_mixin.py:188} INFO - [2026-06-09T13:20:26.671+0000] {dag.py:3954} INFO - Setting next_dagrun for tp2a_pokemon_ingestion to None, run_after=None
[2026-06-09T13:20:26.694+0000] {processor.py:183} INFO - Processing /opt/airflow/dags/dag_tp2a_pokemon_ingestion.py took 0.104 seconds
[2026-06-09T13:20:56.959+0000] {processor.py:161} INFO - Started process (PID=4969) to work on /opt/airflow/dags/dag_tp2a_pokemon_ingestion.py
[2026-06-09T13:20:56.960+0000] {processor.py:830} INFO - Processing file /opt/airflow/dags/dag_tp2a_pokemon_ingestion.py for tasks to queue
[2026-06-09T13:20:56.962+0000] {logging_mixin.py:188} INFO - [2026-06-09T13:20:56.962+0000] {dagbag.py:545} INFO - Filling up the DagBag from /opt/airflow/dags/dag_tp2a_pokemon_ingestion.py
[2026-06-09T13:20:56.993+0000] {processor.py:840} INFO - DAG(s) 'tp2a_pokemon_ingestion' retrieved from /opt/airflow/dags/dag_tp2a_pokemon_ingestion.py
[2026-06-09T13:20:57.042+0000] {logging_mixin.py:188} INFO - [2026-06-09T13:20:57.041+0000] {dag.py:3096} INFO - Sync 1 DAGs
[2026-06-09T13:20:57.063+0000] {logging_mixin.py:188} INFO - [2026-06-09T13:20:57.062+0000] {dag.py:3954} INFO - Setting next_dagrun for tp2a_pokemon_ingestion to None, run_after=None
[2026-06-09T13:20:57.091+0000] {processor.py:183} INFO - Processing /opt/airflow/dags/dag_tp2a_pokemon_ingestion.py took 0.141 seconds
[2026-06-09T13:21:27.323+0000] {processor.py:161} INFO - Started process (PID=4979) to work on /opt/airflow/dags/dag_tp2a_pokemon_ingestion.py
[2026-06-09T13:21:27.324+0000] {processor.py:830} INFO - Processing file /opt/airflow/dags/dag_tp2a_pokemon_ingestion.py for tasks to queue
[2026-06-09T13:21:27.326+0000] {logging_mixin.py:188} INFO - [2026-06-09T13:21:27.326+0000] {dagbag.py:545} INFO - Filling up the DagBag from /opt/airflow/dags/dag_tp2a_pokemon_ingestion.py
[2026-06-09T13:21:27.347+0000] {processor.py:840} INFO - DAG(s) 'tp2a_pokemon_ingestion' retrieved from /opt/airflow/dags/dag_tp2a_pokemon_ingestion.py
[2026-06-09T13:21:27.383+0000] {logging_mixin.py:188} INFO - [2026-06-09T13:21:27.382+0000] {dag.py:3096} INFO - Sync 1 DAGs
[2026-06-09T13:21:27.399+0000] {logging_mixin.py:188} INFO - [2026-06-09T13:21:27.398+0000] {dag.py:3954} INFO - Setting next_dagrun for tp2a_pokemon_ingestion to None, run_after=None
[2026-06-09T13:21:27.431+0000] {processor.py:183} INFO - Processing /opt/airflow/dags/dag_tp2a_pokemon_ingestion.py took 0.115 seconds
[2026-06-09T13:21:57.685+0000] {processor.py:161} INFO - Started process (PID=4989) to work on /opt/airflow/dags/dag_tp2a_pokemon_ingestion.py
[2026-06-09T13:21:57.686+0000] {processor.py:830} INFO - Processing file /opt/airflow/dags/dag_tp2a_pokemon_ingestion.py for tasks to queue
[2026-06-09T13:21:57.688+0000] {logging_mixin.py:188} INFO - [2026-06-09T13:21:57.688+0000] {dagbag.py:545} INFO - Filling up the DagBag from /opt/airflow/dags/dag_tp2a_pokemon_ingestion.py
[2026-06-09T13:21:57.711+0000] {processor.py:840} INFO - DAG(s) 'tp2a_pokemon_ingestion' retrieved from /opt/airflow/dags/dag_tp2a_pokemon_ingestion.py
[2026-06-09T13:21:57.750+0000] {logging_mixin.py:188} INFO - [2026-06-09T13:21:57.749+0000] {dag.py:3096} INFO - Sync 1 DAGs
[2026-06-09T13:21:57.767+0000] {logging_mixin.py:188} INFO - [2026-06-09T13:21:57.766+0000] {dag.py:3954} INFO - Setting next_dagrun for tp2a_pokemon_ingestion to None, run_after=None
[2026-06-09T13:21:57.794+0000] {processor.py:183} INFO - Processing /opt/airflow/dags/dag_tp2a_pokemon_ingestion.py took 0.115 seconds
[2026-06-09T13:22:27.916+0000] {processor.py:161} INFO - Started process (PID=4999) to work on /opt/airflow/dags/dag_tp2a_pokemon_ingestion.py
[2026-06-09T13:22:27.917+0000] {processor.py:830} INFO - Processing file /opt/airflow/dags/dag_tp2a_pokemon_ingestion.py for tasks to queue
[2026-06-09T13:22:27.919+0000] {logging_mixin.py:188} INFO - [2026-06-09T13:22:27.919+0000] {dagbag.py:545} INFO - Filling up the DagBag from /opt/airflow/dags/dag_tp2a_pokemon_ingestion.py
[2026-06-09T13:22:27.941+0000] {processor.py:840} INFO - DAG(s) 'tp2a_pokemon_ingestion' retrieved from /opt/airflow/dags/dag_tp2a_pokemon_ingestion.py
[2026-06-09T13:22:27.976+0000] {logging_mixin.py:188} INFO - [2026-06-09T13:22:27.976+0000] {dag.py:3096} INFO - Sync 1 DAGs
[2026-06-09T13:22:27.992+0000] {logging_mixin.py:188} INFO - [2026-06-09T13:22:27.991+0000] {dag.py:3954} INFO - Setting next_dagrun for tp2a_pokemon_ingestion to None, run_after=None
[2026-06-09T13:22:28.020+0000] {processor.py:183} INFO - Processing /opt/airflow/dags/dag_tp2a_pokemon_ingestion.py took 0.110 seconds
[2026-06-09T13:22:58.278+0000] {processor.py:161} INFO - Started process (PID=5009) to work on /opt/airflow/dags/dag_tp2a_pokemon_ingestion.py
[2026-06-09T13:22:58.279+0000] {processor.py:830} INFO - Processing file /opt/airflow/dags/dag_tp2a_pokemon_ingestion.py for tasks to queue
[2026-06-09T13:22:58.281+0000] {logging_mixin.py:188} INFO - [2026-06-09T13:22:58.281+0000] {dagbag.py:545} INFO - Filling up the DagBag from /opt/airflow/dags/dag_tp2a_pokemon_ingestion.py
[2026-06-09T13:22:58.304+0000] {processor.py:840} INFO - DAG(s) 'tp2a_pokemon_ingestion' retrieved from /opt/airflow/dags/dag_tp2a_pokemon_ingestion.py
[2026-06-09T13:22:58.342+0000] {logging_mixin.py:188} INFO - [2026-06-09T13:22:58.341+0000] {dag.py:3096} INFO - Sync 1 DAGs
[2026-06-09T13:22:58.357+0000] {logging_mixin.py:188} INFO - [2026-06-09T13:22:58.356+0000] {dag.py:3954} INFO - Setting next_dagrun for tp2a_pokemon_ingestion to None, run_after=None
[2026-06-09T13:22:58.383+0000] {processor.py:183} INFO - Processing /opt/airflow/dags/dag_tp2a_pokemon_ingestion.py took 0.112 seconds
[2026-06-09T13:23:28.624+0000] {processor.py:161} INFO - Started process (PID=5019) to work on /opt/airflow/dags/dag_tp2a_pokemon_ingestion.py
[2026-06-09T13:23:28.625+0000] {processor.py:830} INFO - Processing file /opt/airflow/dags/dag_tp2a_pokemon_ingestion.py for tasks to queue
[2026-06-09T13:23:28.628+0000] {logging_mixin.py:188} INFO - [2026-06-09T13:23:28.627+0000] {dagbag.py:545} INFO - Filling up the DagBag from /opt/airflow/dags/dag_tp2a_pokemon_ingestion.py
[2026-06-09T13:23:28.651+0000] {processor.py:840} INFO - DAG(s) 'tp2a_pokemon_ingestion' retrieved from /opt/airflow/dags/dag_tp2a_pokemon_ingestion.py
[2026-06-09T13:23:28.687+0000] {logging_mixin.py:188} INFO - [2026-06-09T13:23:28.686+0000] {dag.py:3096} INFO - Sync 1 DAGs
[2026-06-09T13:23:28.701+0000] {logging_mixin.py:188} INFO - [2026-06-09T13:23:28.701+0000] {dag.py:3954} INFO - Setting next_dagrun for tp2a_pokemon_ingestion to None, run_after=None
[2026-06-09T13:23:28.724+0000] {processor.py:183} INFO - Processing /opt/airflow/dags/dag_tp2a_pokemon_ingestion.py took 0.107 seconds
[2026-06-09T13:23:58.967+0000] {processor.py:161} INFO - Started process (PID=5029) to work on /opt/airflow/dags/dag_tp2a_pokemon_ingestion.py
[2026-06-09T13:23:58.968+0000] {processor.py:830} INFO - Processing file /opt/airflow/dags/dag_tp2a_pokemon_ingestion.py for tasks to queue
[2026-06-09T13:23:58.970+0000] {logging_mixin.py:188} INFO - [2026-06-09T13:23:58.970+0000] {dagbag.py:545} INFO - Filling up the DagBag from /opt/airflow/dags/dag_tp2a_pokemon_ingestion.py
[2026-06-09T13:23:58.994+0000] {processor.py:840} INFO - DAG(s) 'tp2a_pokemon_ingestion' retrieved from /opt/airflow/dags/dag_tp2a_pokemon_ingestion.py
[2026-06-09T13:23:59.034+0000] {logging_mixin.py:188} INFO - [2026-06-09T13:23:59.034+0000] {dag.py:3096} INFO - Sync 1 DAGs
[2026-06-09T13:23:59.051+0000] {logging_mixin.py:188} INFO - [2026-06-09T13:23:59.051+0000] {dag.py:3954} INFO - Setting next_dagrun for tp2a_pokemon_ingestion to None, run_after=None
[2026-06-09T13:23:59.079+0000] {processor.py:183} INFO - Processing /opt/airflow/dags/dag_tp2a_pokemon_ingestion.py took 0.119 seconds
[2026-06-09T13:24:29.181+0000] {processor.py:161} INFO - Started process (PID=5039) to work on /opt/airflow/dags/dag_tp2a_pokemon_ingestion.py
[2026-06-09T13:24:29.182+0000] {processor.py:830} INFO - Processing file /opt/airflow/dags/dag_tp2a_pokemon_ingestion.py for tasks to queue
[2026-06-09T13:24:29.184+0000] {logging_mixin.py:188} INFO - [2026-06-09T13:24:29.184+0000] {dagbag.py:545} INFO - Filling up the DagBag from /opt/airflow/dags/dag_tp2a_pokemon_ingestion.py
[2026-06-09T13:24:29.205+0000] {processor.py:840} INFO - DAG(s) 'tp2a_pokemon_ingestion' retrieved from /opt/airflow/dags/dag_tp2a_pokemon_ingestion.py
[2026-06-09T13:24:29.238+0000] {logging_mixin.py:188} INFO - [2026-06-09T13:24:29.238+0000] {dag.py:3096} INFO - Sync 1 DAGs
[2026-06-09T13:24:29.253+0000] {logging_mixin.py:188} INFO - [2026-06-09T13:24:29.253+0000] {dag.py:3954} INFO - Setting next_dagrun for tp2a_pokemon_ingestion to None, run_after=None
[2026-06-09T13:24:29.283+0000] {processor.py:183} INFO - Processing /opt/airflow/dags/dag_tp2a_pokemon_ingestion.py took 0.109 seconds
[2026-06-09T13:24:59.536+0000] {processor.py:161} INFO - Started process (PID=5049) to work on /opt/airflow/dags/dag_tp2a_pokemon_ingestion.py
[2026-06-09T13:24:59.537+0000] {processor.py:830} INFO - Processing file /opt/airflow/dags/dag_tp2a_pokemon_ingestion.py for tasks to queue
[2026-06-09T13:24:59.540+0000] {logging_mixin.py:188} INFO - [2026-06-09T13:24:59.539+0000] {dagbag.py:545} INFO - Filling up the DagBag from /opt/airflow/dags/dag_tp2a_pokemon_ingestion.py
[2026-06-09T13:24:59.563+0000] {processor.py:840} INFO - DAG(s) 'tp2a_pokemon_ingestion' retrieved from /opt/airflow/dags/dag_tp2a_pokemon_ingestion.py
[2026-06-09T13:24:59.606+0000] {logging_mixin.py:188} INFO - [2026-06-09T13:24:59.605+0000] {dag.py:3096} INFO - Sync 1 DAGs
[2026-06-09T13:24:59.620+0000] {logging_mixin.py:188} INFO - [2026-06-09T13:24:59.620+0000] {dag.py:3954} INFO - Setting next_dagrun for tp2a_pokemon_ingestion to None, run_after=None
[2026-06-09T13:24:59.887+0000] {processor.py:183} INFO - Processing /opt/airflow/dags/dag_tp2a_pokemon_ingestion.py took 0.357 seconds
[2026-06-09T13:25:30.110+0000] {processor.py:161} INFO - Started process (PID=5059) to work on /opt/airflow/dags/dag_tp2a_pokemon_ingestion.py
[2026-06-09T13:25:30.111+0000] {processor.py:830} INFO - Processing file /opt/airflow/dags/dag_tp2a_pokemon_ingestion.py for tasks to queue
[2026-06-09T13:25:30.113+0000] {logging_mixin.py:188} INFO - [2026-06-09T13:25:30.112+0000] {dagbag.py:545} INFO - Filling up the DagBag from /opt/airflow/dags/dag_tp2a_pokemon_ingestion.py
[2026-06-09T13:25:30.132+0000] {processor.py:840} INFO - DAG(s) 'tp2a_pokemon_ingestion' retrieved from /opt/airflow/dags/dag_tp2a_pokemon_ingestion.py
[2026-06-09T13:25:30.162+0000] {logging_mixin.py:188} INFO - [2026-06-09T13:25:30.161+0000] {dag.py:3096} INFO - Sync 1 DAGs
[2026-06-09T13:25:30.176+0000] {logging_mixin.py:188} INFO - [2026-06-09T13:25:30.176+0000] {dag.py:3954} INFO - Setting next_dagrun for tp2a_pokemon_ingestion to None, run_after=None
[2026-06-09T13:25:30.199+0000] {processor.py:183} INFO - Processing /opt/airflow/dags/dag_tp2a_pokemon_ingestion.py took 0.094 seconds
[2026-06-09T13:26:00.447+0000] {processor.py:161} INFO - Started process (PID=5069) to work on /opt/airflow/dags/dag_tp2a_pokemon_ingestion.py
[2026-06-09T13:26:00.449+0000] {processor.py:830} INFO - Processing file /opt/airflow/dags/dag_tp2a_pokemon_ingestion.py for tasks to queue
[2026-06-09T13:26:00.451+0000] {logging_mixin.py:188} INFO - [2026-06-09T13:26:00.451+0000] {dagbag.py:545} INFO - Filling up the DagBag from /opt/airflow/dags/dag_tp2a_pokemon_ingestion.py
[2026-06-09T13:26:00.473+0000] {processor.py:840} INFO - DAG(s) 'tp2a_pokemon_ingestion' retrieved from /opt/airflow/dags/dag_tp2a_pokemon_ingestion.py
[2026-06-09T13:26:00.508+0000] {logging_mixin.py:188} INFO - [2026-06-09T13:26:00.508+0000] {dag.py:3096} INFO - Sync 1 DAGs
[2026-06-09T13:26:00.523+0000] {logging_mixin.py:188} INFO - [2026-06-09T13:26:00.523+0000] {dag.py:3954} INFO - Setting next_dagrun for tp2a_pokemon_ingestion to None, run_after=None
[2026-06-09T13:26:00.547+0000] {processor.py:183} INFO - Processing /opt/airflow/dags/dag_tp2a_pokemon_ingestion.py took 0.108 seconds
[2026-06-09T13:26:30.852+0000] {processor.py:161} INFO - Started process (PID=5079) to work on /opt/airflow/dags/dag_tp2a_pokemon_ingestion.py
[2026-06-09T13:26:30.854+0000] {processor.py:830} INFO - Processing file /opt/airflow/dags/dag_tp2a_pokemon_ingestion.py for tasks to queue
[2026-06-09T13:26:30.856+0000] {logging_mixin.py:188} INFO - [2026-06-09T13:26:30.856+0000] {dagbag.py:545} INFO - Filling up the DagBag from /opt/airflow/dags/dag_tp2a_pokemon_ingestion.py
[2026-06-09T13:26:30.878+0000] {processor.py:840} INFO - DAG(s) 'tp2a_pokemon_ingestion' retrieved from /opt/airflow/dags/dag_tp2a_pokemon_ingestion.py
[2026-06-09T13:26:30.915+0000] {logging_mixin.py:188} INFO - [2026-06-09T13:26:30.915+0000] {dag.py:3096} INFO - Sync 1 DAGs
[2026-06-09T13:26:30.930+0000] {logging_mixin.py:188} INFO - [2026-06-09T13:26:30.930+0000] {dag.py:3954} INFO - Setting next_dagrun for tp2a_pokemon_ingestion to None, run_after=None
[2026-06-09T13:26:30.954+0000] {processor.py:183} INFO - Processing /opt/airflow/dags/dag_tp2a_pokemon_ingestion.py took 0.108 seconds
[2026-06-09T13:27:01.188+0000] {processor.py:161} INFO - Started process (PID=5089) to work on /opt/airflow/dags/dag_tp2a_pokemon_ingestion.py
[2026-06-09T13:27:01.189+0000] {processor.py:830} INFO - Processing file /opt/airflow/dags/dag_tp2a_pokemon_ingestion.py for tasks to queue
[2026-06-09T13:27:01.191+0000] {logging_mixin.py:188} INFO - [2026-06-09T13:27:01.190+0000] {dagbag.py:545} INFO - Filling up the DagBag from /opt/airflow/dags/dag_tp2a_pokemon_ingestion.py
[2026-06-09T13:27:01.211+0000] {processor.py:840} INFO - DAG(s) 'tp2a_pokemon_ingestion' retrieved from /opt/airflow/dags/dag_tp2a_pokemon_ingestion.py
[2026-06-09T13:27:01.245+0000] {logging_mixin.py:188} INFO - [2026-06-09T13:27:01.245+0000] {dag.py:3096} INFO - Sync 1 DAGs
[2026-06-09T13:27:01.261+0000] {logging_mixin.py:188} INFO - [2026-06-09T13:27:01.261+0000] {dag.py:3954} INFO - Setting next_dagrun for tp2a_pokemon_ingestion to None, run_after=None
[2026-06-09T13:27:01.296+0000] {processor.py:183} INFO - Processing /opt/airflow/dags/dag_tp2a_pokemon_ingestion.py took 0.114 seconds
[2026-06-09T13:27:31.526+0000] {processor.py:161} INFO - Started process (PID=5099) to work on /opt/airflow/dags/dag_tp2a_pokemon_ingestion.py
[2026-06-09T13:27:31.527+0000] {processor.py:830} INFO - Processing file /opt/airflow/dags/dag_tp2a_pokemon_ingestion.py for tasks to queue
[2026-06-09T13:27:31.530+0000] {logging_mixin.py:188} INFO - [2026-06-09T13:27:31.529+0000] {dagbag.py:545} INFO - Filling up the DagBag from /opt/airflow/dags/dag_tp2a_pokemon_ingestion.py
[2026-06-09T13:27:31.552+0000] {processor.py:840} INFO - DAG(s) 'tp2a_pokemon_ingestion' retrieved from /opt/airflow/dags/dag_tp2a_pokemon_ingestion.py
[2026-06-09T13:27:31.590+0000] {logging_mixin.py:188} INFO - [2026-06-09T13:27:31.589+0000] {dag.py:3096} INFO - Sync 1 DAGs
[2026-06-09T13:27:31.604+0000] {logging_mixin.py:188} INFO - [2026-06-09T13:27:31.604+0000] {dag.py:3954} INFO - Setting next_dagrun for tp2a_pokemon_ingestion to None, run_after=None
[2026-06-09T13:27:31.630+0000] {processor.py:183} INFO - Processing /opt/airflow/dags/dag_tp2a_pokemon_ingestion.py took 0.110 seconds
[2026-06-09T13:28:01.738+0000] {processor.py:161} INFO - Started process (PID=5109) to work on /opt/airflow/dags/dag_tp2a_pokemon_ingestion.py
[2026-06-09T13:28:01.739+0000] {processor.py:830} INFO - Processing file /opt/airflow/dags/dag_tp2a_pokemon_ingestion.py for tasks to queue
[2026-06-09T13:28:01.741+0000] {logging_mixin.py:188} INFO - [2026-06-09T13:28:01.741+0000] {dagbag.py:545} INFO - Filling up the DagBag from /opt/airflow/dags/dag_tp2a_pokemon_ingestion.py
[2026-06-09T13:28:01.762+0000] {processor.py:840} INFO - DAG(s) 'tp2a_pokemon_ingestion' retrieved from /opt/airflow/dags/dag_tp2a_pokemon_ingestion.py
[2026-06-09T13:28:01.800+0000] {logging_mixin.py:188} INFO - [2026-06-09T13:28:01.800+0000] {dag.py:3096} INFO - Sync 1 DAGs
[2026-06-09T13:28:01.815+0000] {logging_mixin.py:188} INFO - [2026-06-09T13:28:01.814+0000] {dag.py:3954} INFO - Setting next_dagrun for tp2a_pokemon_ingestion to None, run_after=None
[2026-06-09T13:28:01.838+0000] {processor.py:183} INFO - Processing /opt/airflow/dags/dag_tp2a_pokemon_ingestion.py took 0.107 seconds
[2026-06-09T13:28:32.071+0000] {processor.py:161} INFO - Started process (PID=5119) to work on /opt/airflow/dags/dag_tp2a_pokemon_ingestion.py
[2026-06-09T13:28:32.072+0000] {processor.py:830} INFO - Processing file /opt/airflow/dags/dag_tp2a_pokemon_ingestion.py for tasks to queue
[2026-06-09T13:28:32.074+0000] {logging_mixin.py:188} INFO - [2026-06-09T13:28:32.074+0000] {dagbag.py:545} INFO - Filling up the DagBag from /opt/airflow/dags/dag_tp2a_pokemon_ingestion.py
[2026-06-09T13:28:32.094+0000] {processor.py:840} INFO - DAG(s) 'tp2a_pokemon_ingestion' retrieved from /opt/airflow/dags/dag_tp2a_pokemon_ingestion.py
[2026-06-09T13:28:32.129+0000] {logging_mixin.py:188} INFO - [2026-06-09T13:28:32.129+0000] {dag.py:3096} INFO - Sync 1 DAGs
[2026-06-09T13:28:32.143+0000] {logging_mixin.py:188} INFO - [2026-06-09T13:28:32.143+0000] {dag.py:3954} INFO - Setting next_dagrun for tp2a_pokemon_ingestion to None, run_after=None
[2026-06-09T13:28:32.167+0000] {processor.py:183} INFO - Processing /opt/airflow/dags/dag_tp2a_pokemon_ingestion.py took 0.101 seconds
[2026-06-09T13:29:02.292+0000] {processor.py:161} INFO - Started process (PID=5129) to work on /opt/airflow/dags/dag_tp2a_pokemon_ingestion.py
[2026-06-09T13:29:02.293+0000] {processor.py:830} INFO - Processing file /opt/airflow/dags/dag_tp2a_pokemon_ingestion.py for tasks to queue
[2026-06-09T13:29:02.295+0000] {logging_mixin.py:188} INFO - [2026-06-09T13:29:02.295+0000] {dagbag.py:545} INFO - Filling up the DagBag from /opt/airflow/dags/dag_tp2a_pokemon_ingestion.py
[2026-06-09T13:29:02.317+0000] {processor.py:840} INFO - DAG(s) 'tp2a_pokemon_ingestion' retrieved from /opt/airflow/dags/dag_tp2a_pokemon_ingestion.py
[2026-06-09T13:29:02.351+0000] {logging_mixin.py:188} INFO - [2026-06-09T13:29:02.350+0000] {dag.py:3096} INFO - Sync 1 DAGs
[2026-06-09T13:29:02.367+0000] {logging_mixin.py:188} INFO - [2026-06-09T13:29:02.366+0000] {dag.py:3954} INFO - Setting next_dagrun for tp2a_pokemon_ingestion to None, run_after=None
[2026-06-09T13:29:02.396+0000] {processor.py:183} INFO - Processing /opt/airflow/dags/dag_tp2a_pokemon_ingestion.py took 0.110 seconds
[2026-06-09T13:29:32.621+0000] {processor.py:161} INFO - Started process (PID=5139) to work on /opt/airflow/dags/dag_tp2a_pokemon_ingestion.py
[2026-06-09T13:29:32.623+0000] {processor.py:830} INFO - Processing file /opt/airflow/dags/dag_tp2a_pokemon_ingestion.py for tasks to queue
[2026-06-09T13:29:32.625+0000] {logging_mixin.py:188} INFO - [2026-06-09T13:29:32.624+0000] {dagbag.py:545} INFO - Filling up the DagBag from /opt/airflow/dags/dag_tp2a_pokemon_ingestion.py
[2026-06-09T13:29:32.647+0000] {processor.py:840} INFO - DAG(s) 'tp2a_pokemon_ingestion' retrieved from /opt/airflow/dags/dag_tp2a_pokemon_ingestion.py
[2026-06-09T13:29:32.681+0000] {logging_mixin.py:188} INFO - [2026-06-09T13:29:32.681+0000] {dag.py:3096} INFO - Sync 1 DAGs
[2026-06-09T13:29:32.695+0000] {logging_mixin.py:188} INFO - [2026-06-09T13:29:32.694+0000] {dag.py:3954} INFO - Setting next_dagrun for tp2a_pokemon_ingestion to None, run_after=None
[2026-06-09T13:29:32.724+0000] {processor.py:183} INFO - Processing /opt/airflow/dags/dag_tp2a_pokemon_ingestion.py took 0.110 seconds
[2026-06-09T13:30:02.819+0000] {processor.py:161} INFO - Started process (PID=5149) to work on /opt/airflow/dags/dag_tp2a_pokemon_ingestion.py
[2026-06-09T13:30:02.820+0000] {processor.py:830} INFO - Processing file /opt/airflow/dags/dag_tp2a_pokemon_ingestion.py for tasks to queue
[2026-06-09T13:30:02.821+0000] {logging_mixin.py:188} INFO - [2026-06-09T13:30:02.821+0000] {dagbag.py:545} INFO - Filling up the DagBag from /opt/airflow/dags/dag_tp2a_pokemon_ingestion.py
[2026-06-09T13:30:02.842+0000] {processor.py:840} INFO - DAG(s) 'tp2a_pokemon_ingestion' retrieved from /opt/airflow/dags/dag_tp2a_pokemon_ingestion.py
[2026-06-09T13:30:02.884+0000] {logging_mixin.py:188} INFO - [2026-06-09T13:30:02.884+0000] {dag.py:3096} INFO - Sync 1 DAGs
[2026-06-09T13:30:02.904+0000] {logging_mixin.py:188} INFO - [2026-06-09T13:30:02.903+0000] {dag.py:3954} INFO - Setting next_dagrun for tp2a_pokemon_ingestion to None, run_after=None
[2026-06-09T13:30:02.927+0000] {processor.py:183} INFO - Processing /opt/airflow/dags/dag_tp2a_pokemon_ingestion.py took 0.113 seconds
[2026-06-09T13:30:33.147+0000] {processor.py:161} INFO - Started process (PID=5159) to work on /opt/airflow/dags/dag_tp2a_pokemon_ingestion.py
[2026-06-09T13:30:33.148+0000] {processor.py:830} INFO - Processing file /opt/airflow/dags/dag_tp2a_pokemon_ingestion.py for tasks to queue
[2026-06-09T13:30:33.149+0000] {logging_mixin.py:188} INFO - [2026-06-09T13:30:33.149+0000] {dagbag.py:545} INFO - Filling up the DagBag from /opt/airflow/dags/dag_tp2a_pokemon_ingestion.py
[2026-06-09T13:30:33.170+0000] {processor.py:840} INFO - DAG(s) 'tp2a_pokemon_ingestion' retrieved from /opt/airflow/dags/dag_tp2a_pokemon_ingestion.py
[2026-06-09T13:30:33.208+0000] {logging_mixin.py:188} INFO - [2026-06-09T13:30:33.208+0000] {dag.py:3096} INFO - Sync 1 DAGs
[2026-06-09T13:30:33.223+0000] {logging_mixin.py:188} INFO - [2026-06-09T13:30:33.223+0000] {dag.py:3954} INFO - Setting next_dagrun for tp2a_pokemon_ingestion to None, run_after=None
[2026-06-09T13:30:33.245+0000] {processor.py:183} INFO - Processing /opt/airflow/dags/dag_tp2a_pokemon_ingestion.py took 0.104 seconds
[2026-06-09T13:31:03.465+0000] {processor.py:161} INFO - Started process (PID=5169) to work on /opt/airflow/dags/dag_tp2a_pokemon_ingestion.py
[2026-06-09T13:31:03.466+0000] {processor.py:830} INFO - Processing file /opt/airflow/dags/dag_tp2a_pokemon_ingestion.py for tasks to queue
[2026-06-09T13:31:03.467+0000] {logging_mixin.py:188} INFO - [2026-06-09T13:31:03.467+0000] {dagbag.py:545} INFO - Filling up the DagBag from /opt/airflow/dags/dag_tp2a_pokemon_ingestion.py
[2026-06-09T13:31:03.487+0000] {processor.py:840} INFO - DAG(s) 'tp2a_pokemon_ingestion' retrieved from /opt/airflow/dags/dag_tp2a_pokemon_ingestion.py
[2026-06-09T13:31:03.520+0000] {logging_mixin.py:188} INFO - [2026-06-09T13:31:03.520+0000] {dag.py:3096} INFO - Sync 1 DAGs
[2026-06-09T13:31:03.534+0000] {logging_mixin.py:188} INFO - [2026-06-09T13:31:03.533+0000] {dag.py:3954} INFO - Setting next_dagrun for tp2a_pokemon_ingestion to None, run_after=None
[2026-06-09T13:31:03.560+0000] {processor.py:183} INFO - Processing /opt/airflow/dags/dag_tp2a_pokemon_ingestion.py took 0.101 seconds
[2026-06-09T13:31:33.809+0000] {processor.py:161} INFO - Started process (PID=5179) to work on /opt/airflow/dags/dag_tp2a_pokemon_ingestion.py
[2026-06-09T13:31:33.810+0000] {processor.py:830} INFO - Processing file /opt/airflow/dags/dag_tp2a_pokemon_ingestion.py for tasks to queue
[2026-06-09T13:31:33.812+0000] {logging_mixin.py:188} INFO - [2026-06-09T13:31:33.812+0000] {dagbag.py:545} INFO - Filling up the DagBag from /opt/airflow/dags/dag_tp2a_pokemon_ingestion.py
[2026-06-09T13:31:33.828+0000] {processor.py:840} INFO - DAG(s) 'tp2a_pokemon_ingestion' retrieved from /opt/airflow/dags/dag_tp2a_pokemon_ingestion.py
[2026-06-09T13:31:33.855+0000] {logging_mixin.py:188} INFO - [2026-06-09T13:31:33.855+0000] {dag.py:3096} INFO - Sync 1 DAGs
[2026-06-09T13:31:33.867+0000] {logging_mixin.py:188} INFO - [2026-06-09T13:31:33.867+0000] {dag.py:3954} INFO - Setting next_dagrun for tp2a_pokemon_ingestion to None, run_after=None
[2026-06-09T13:31:33.884+0000] {processor.py:183} INFO - Processing /opt/airflow/dags/dag_tp2a_pokemon_ingestion.py took 0.080 seconds
[2026-06-09T13:32:04.079+0000] {processor.py:161} INFO - Started process (PID=5189) to work on /opt/airflow/dags/dag_tp2a_pokemon_ingestion.py
[2026-06-09T13:32:04.080+0000] {processor.py:830} INFO - Processing file /opt/airflow/dags/dag_tp2a_pokemon_ingestion.py for tasks to queue
[2026-06-09T13:32:04.081+0000] {logging_mixin.py:188} INFO - [2026-06-09T13:32:04.081+0000] {dagbag.py:545} INFO - Filling up the DagBag from /opt/airflow/dags/dag_tp2a_pokemon_ingestion.py
[2026-06-09T13:32:04.098+0000] {processor.py:840} INFO - DAG(s) 'tp2a_pokemon_ingestion' retrieved from /opt/airflow/dags/dag_tp2a_pokemon_ingestion.py
[2026-06-09T13:32:04.131+0000] {logging_mixin.py:188} INFO - [2026-06-09T13:32:04.131+0000] {dag.py:3096} INFO - Sync 1 DAGs
[2026-06-09T13:32:04.143+0000] {logging_mixin.py:188} INFO - [2026-06-09T13:32:04.143+0000] {dag.py:3954} INFO - Setting next_dagrun for tp2a_pokemon_ingestion to None, run_after=None
[2026-06-09T13:32:04.161+0000] {processor.py:183} INFO - Processing /opt/airflow/dags/dag_tp2a_pokemon_ingestion.py took 0.087 seconds
[2026-06-09T13:32:34.355+0000] {processor.py:161} INFO - Started process (PID=5199) to work on /opt/airflow/dags/dag_tp2a_pokemon_ingestion.py
[2026-06-09T13:32:34.356+0000] {processor.py:830} INFO - Processing file /opt/airflow/dags/dag_tp2a_pokemon_ingestion.py for tasks to queue
[2026-06-09T13:32:34.357+0000] {logging_mixin.py:188} INFO - [2026-06-09T13:32:34.357+0000] {dagbag.py:545} INFO - Filling up the DagBag from /opt/airflow/dags/dag_tp2a_pokemon_ingestion.py
[2026-06-09T13:32:34.375+0000] {processor.py:840} INFO - DAG(s) 'tp2a_pokemon_ingestion' retrieved from /opt/airflow/dags/dag_tp2a_pokemon_ingestion.py
[2026-06-09T13:32:34.409+0000] {logging_mixin.py:188} INFO - [2026-06-09T13:32:34.409+0000] {dag.py:3096} INFO - Sync 1 DAGs
[2026-06-09T13:32:34.422+0000] {logging_mixin.py:188} INFO - [2026-06-09T13:32:34.422+0000] {dag.py:3954} INFO - Setting next_dagrun for tp2a_pokemon_ingestion to None, run_after=None
[2026-06-09T13:32:34.442+0000] {processor.py:183} INFO - Processing /opt/airflow/dags/dag_tp2a_pokemon_ingestion.py took 0.092 seconds
[2026-06-09T13:33:04.540+0000] {processor.py:161} INFO - Started process (PID=5209) to work on /opt/airflow/dags/dag_tp2a_pokemon_ingestion.py
[2026-06-09T13:33:04.541+0000] {processor.py:830} INFO - Processing file /opt/airflow/dags/dag_tp2a_pokemon_ingestion.py for tasks to queue
[2026-06-09T13:33:04.543+0000] {logging_mixin.py:188} INFO - [2026-06-09T13:33:04.542+0000] {dagbag.py:545} INFO - Filling up the DagBag from /opt/airflow/dags/dag_tp2a_pokemon_ingestion.py
[2026-06-09T13:33:04.560+0000] {processor.py:840} INFO - DAG(s) 'tp2a_pokemon_ingestion' retrieved from /opt/airflow/dags/dag_tp2a_pokemon_ingestion.py
[2026-06-09T13:33:04.591+0000] {logging_mixin.py:188} INFO - [2026-06-09T13:33:04.591+0000] {dag.py:3096} INFO - Sync 1 DAGs
[2026-06-09T13:33:04.605+0000] {logging_mixin.py:188} INFO - [2026-06-09T13:33:04.604+0000] {dag.py:3954} INFO - Setting next_dagrun for tp2a_pokemon_ingestion to None, run_after=None
[2026-06-09T13:33:04.632+0000] {processor.py:183} INFO - Processing /opt/airflow/dags/dag_tp2a_pokemon_ingestion.py took 0.097 seconds
[2026-06-09T13:33:34.840+0000] {processor.py:161} INFO - Started process (PID=5219) to work on /opt/airflow/dags/dag_tp2a_pokemon_ingestion.py
[2026-06-09T13:33:34.841+0000] {processor.py:830} INFO - Processing file /opt/airflow/dags/dag_tp2a_pokemon_ingestion.py for tasks to queue
[2026-06-09T13:33:34.843+0000] {logging_mixin.py:188} INFO - [2026-06-09T13:33:34.843+0000] {dagbag.py:545} INFO - Filling up the DagBag from /opt/airflow/dags/dag_tp2a_pokemon_ingestion.py
[2026-06-09T13:33:34.860+0000] {processor.py:840} INFO - DAG(s) 'tp2a_pokemon_ingestion' retrieved from /opt/airflow/dags/dag_tp2a_pokemon_ingestion.py
[2026-06-09T13:33:34.892+0000] {logging_mixin.py:188} INFO - [2026-06-09T13:33:34.892+0000] {dag.py:3096} INFO - Sync 1 DAGs
[2026-06-09T13:33:34.906+0000] {logging_mixin.py:188} INFO - [2026-06-09T13:33:34.905+0000] {dag.py:3954} INFO - Setting next_dagrun for tp2a_pokemon_ingestion to None, run_after=None
[2026-06-09T13:33:34.925+0000] {processor.py:183} INFO - Processing /opt/airflow/dags/dag_tp2a_pokemon_ingestion.py took 0.090 seconds
[2026-06-09T13:34:05.129+0000] {processor.py:161} INFO - Started process (PID=5229) to work on /opt/airflow/dags/dag_tp2a_pokemon_ingestion.py
[2026-06-09T13:34:05.130+0000] {processor.py:830} INFO - Processing file /opt/airflow/dags/dag_tp2a_pokemon_ingestion.py for tasks to queue
[2026-06-09T13:34:05.131+0000] {logging_mixin.py:188} INFO - [2026-06-09T13:34:05.131+0000] {dagbag.py:545} INFO - Filling up the DagBag from /opt/airflow/dags/dag_tp2a_pokemon_ingestion.py
[2026-06-09T13:34:05.149+0000] {processor.py:840} INFO - DAG(s) 'tp2a_pokemon_ingestion' retrieved from /opt/airflow/dags/dag_tp2a_pokemon_ingestion.py
[2026-06-09T13:34:05.181+0000] {logging_mixin.py:188} INFO - [2026-06-09T13:34:05.181+0000] {dag.py:3096} INFO - Sync 1 DAGs
[2026-06-09T13:34:05.194+0000] {logging_mixin.py:188} INFO - [2026-06-09T13:34:05.194+0000] {dag.py:3954} INFO - Setting next_dagrun for tp2a_pokemon_ingestion to None, run_after=None
[2026-06-09T13:34:05.214+0000] {processor.py:183} INFO - Processing /opt/airflow/dags/dag_tp2a_pokemon_ingestion.py took 0.090 seconds
[2026-06-09T13:34:35.412+0000] {processor.py:161} INFO - Started process (PID=5239) to work on /opt/airflow/dags/dag_tp2a_pokemon_ingestion.py
[2026-06-09T13:34:35.413+0000] {processor.py:830} INFO - Processing file /opt/airflow/dags/dag_tp2a_pokemon_ingestion.py for tasks to queue
[2026-06-09T13:34:35.414+0000] {logging_mixin.py:188} INFO - [2026-06-09T13:34:35.414+0000] {dagbag.py:545} INFO - Filling up the DagBag from /opt/airflow/dags/dag_tp2a_pokemon_ingestion.py
[2026-06-09T13:34:35.431+0000] {processor.py:840} INFO - DAG(s) 'tp2a_pokemon_ingestion' retrieved from /opt/airflow/dags/dag_tp2a_pokemon_ingestion.py
[2026-06-09T13:34:35.463+0000] {logging_mixin.py:188} INFO - [2026-06-09T13:34:35.463+0000] {dag.py:3096} INFO - Sync 1 DAGs
[2026-06-09T13:34:35.476+0000] {logging_mixin.py:188} INFO - [2026-06-09T13:34:35.476+0000] {dag.py:3954} INFO - Setting next_dagrun for tp2a_pokemon_ingestion to None, run_after=None
[2026-06-09T13:34:35.498+0000] {processor.py:183} INFO - Processing /opt/airflow/dags/dag_tp2a_pokemon_ingestion.py took 0.091 seconds
[2026-06-09T13:35:05.705+0000] {processor.py:161} INFO - Started process (PID=5249) to work on /opt/airflow/dags/dag_tp2a_pokemon_ingestion.py
[2026-06-09T13:35:05.706+0000] {processor.py:830} INFO - Processing file /opt/airflow/dags/dag_tp2a_pokemon_ingestion.py for tasks to queue
[2026-06-09T13:35:05.707+0000] {logging_mixin.py:188} INFO - [2026-06-09T13:35:05.707+0000] {dagbag.py:545} INFO - Filling up the DagBag from /opt/airflow/dags/dag_tp2a_pokemon_ingestion.py
[2026-06-09T13:35:05.726+0000] {processor.py:840} INFO - DAG(s) 'tp2a_pokemon_ingestion' retrieved from /opt/airflow/dags/dag_tp2a_pokemon_ingestion.py
[2026-06-09T13:35:05.757+0000] {logging_mixin.py:188} INFO - [2026-06-09T13:35:05.757+0000] {dag.py:3096} INFO - Sync 1 DAGs
[2026-06-09T13:35:05.770+0000] {logging_mixin.py:188} INFO - [2026-06-09T13:35:05.770+0000] {dag.py:3954} INFO - Setting next_dagrun for tp2a_pokemon_ingestion to None, run_after=None
[2026-06-09T13:35:05.790+0000] {processor.py:183} INFO - Processing /opt/airflow/dags/dag_tp2a_pokemon_ingestion.py took 0.091 seconds
[2026-06-09T13:35:35.888+0000] {processor.py:161} INFO - Started process (PID=5259) to work on /opt/airflow/dags/dag_tp2a_pokemon_ingestion.py
[2026-06-09T13:35:35.889+0000] {processor.py:830} INFO - Processing file /opt/airflow/dags/dag_tp2a_pokemon_ingestion.py for tasks to queue
[2026-06-09T13:35:35.892+0000] {logging_mixin.py:188} INFO - [2026-06-09T13:35:35.891+0000] {dagbag.py:545} INFO - Filling up the DagBag from /opt/airflow/dags/dag_tp2a_pokemon_ingestion.py
[2026-06-09T13:35:35.911+0000] {processor.py:840} INFO - DAG(s) 'tp2a_pokemon_ingestion' retrieved from /opt/airflow/dags/dag_tp2a_pokemon_ingestion.py
[2026-06-09T13:35:35.941+0000] {logging_mixin.py:188} INFO - [2026-06-09T13:35:35.941+0000] {dag.py:3096} INFO - Sync 1 DAGs
[2026-06-09T13:35:35.955+0000] {logging_mixin.py:188} INFO - [2026-06-09T13:35:35.955+0000] {dag.py:3954} INFO - Setting next_dagrun for tp2a_pokemon_ingestion to None, run_after=None
[2026-06-09T13:35:35.974+0000] {processor.py:183} INFO - Processing /opt/airflow/dags/dag_tp2a_pokemon_ingestion.py took 0.091 seconds
[2026-06-09T13:36:06.175+0000] {processor.py:161} INFO - Started process (PID=5269) to work on /opt/airflow/dags/dag_tp2a_pokemon_ingestion.py
[2026-06-09T13:36:06.176+0000] {processor.py:830} INFO - Processing file /opt/airflow/dags/dag_tp2a_pokemon_ingestion.py for tasks to queue
[2026-06-09T13:36:06.177+0000] {logging_mixin.py:188} INFO - [2026-06-09T13:36:06.177+0000] {dagbag.py:545} INFO - Filling up the DagBag from /opt/airflow/dags/dag_tp2a_pokemon_ingestion.py
[2026-06-09T13:36:06.195+0000] {processor.py:840} INFO - DAG(s) 'tp2a_pokemon_ingestion' retrieved from /opt/airflow/dags/dag_tp2a_pokemon_ingestion.py
[2026-06-09T13:36:06.227+0000] {logging_mixin.py:188} INFO - [2026-06-09T13:36:06.227+0000] {dag.py:3096} INFO - Sync 1 DAGs
[2026-06-09T13:36:06.239+0000] {logging_mixin.py:188} INFO - [2026-06-09T13:36:06.239+0000] {dag.py:3954} INFO - Setting next_dagrun for tp2a_pokemon_ingestion to None, run_after=None
[2026-06-09T13:36:06.258+0000] {processor.py:183} INFO - Processing /opt/airflow/dags/dag_tp2a_pokemon_ingestion.py took 0.088 seconds
[2026-06-09T13:36:36.489+0000] {processor.py:161} INFO - Started process (PID=5279) to work on /opt/airflow/dags/dag_tp2a_pokemon_ingestion.py
[2026-06-09T13:36:36.490+0000] {processor.py:830} INFO - Processing file /opt/airflow/dags/dag_tp2a_pokemon_ingestion.py for tasks to queue
[2026-06-09T13:36:36.491+0000] {logging_mixin.py:188} INFO - [2026-06-09T13:36:36.491+0000] {dagbag.py:545} INFO - Filling up the DagBag from /opt/airflow/dags/dag_tp2a_pokemon_ingestion.py
[2026-06-09T13:36:36.508+0000] {processor.py:840} INFO - DAG(s) 'tp2a_pokemon_ingestion' retrieved from /opt/airflow/dags/dag_tp2a_pokemon_ingestion.py
[2026-06-09T13:36:36.537+0000] {logging_mixin.py:188} INFO - [2026-06-09T13:36:36.537+0000] {dag.py:3096} INFO - Sync 1 DAGs
[2026-06-09T13:36:36.550+0000] {logging_mixin.py:188} INFO - [2026-06-09T13:36:36.550+0000] {dag.py:3954} INFO - Setting next_dagrun for tp2a_pokemon_ingestion to None, run_after=None
[2026-06-09T13:36:36.568+0000] {processor.py:183} INFO - Processing /opt/airflow/dags/dag_tp2a_pokemon_ingestion.py took 0.083 seconds
[2026-06-09T13:37:06.778+0000] {processor.py:161} INFO - Started process (PID=5289) to work on /opt/airflow/dags/dag_tp2a_pokemon_ingestion.py
[2026-06-09T13:37:06.780+0000] {processor.py:830} INFO - Processing file /opt/airflow/dags/dag_tp2a_pokemon_ingestion.py for tasks to queue
[2026-06-09T13:37:06.782+0000] {logging_mixin.py:188} INFO - [2026-06-09T13:37:06.781+0000] {dagbag.py:545} INFO - Filling up the DagBag from /opt/airflow/dags/dag_tp2a_pokemon_ingestion.py
[2026-06-09T13:37:06.801+0000] {processor.py:840} INFO - DAG(s) 'tp2a_pokemon_ingestion' retrieved from /opt/airflow/dags/dag_tp2a_pokemon_ingestion.py
[2026-06-09T13:37:06.838+0000] {logging_mixin.py:188} INFO - [2026-06-09T13:37:06.837+0000] {dag.py:3096} INFO - Sync 1 DAGs
[2026-06-09T13:37:06.852+0000] {logging_mixin.py:188} INFO - [2026-06-09T13:37:06.852+0000] {dag.py:3954} INFO - Setting next_dagrun for tp2a_pokemon_ingestion to None, run_after=None
[2026-06-09T13:37:06.875+0000] {processor.py:183} INFO - Processing /opt/airflow/dags/dag_tp2a_pokemon_ingestion.py took 0.105 seconds
[2026-06-09T13:37:36.955+0000] {processor.py:161} INFO - Started process (PID=5299) to work on /opt/airflow/dags/dag_tp2a_pokemon_ingestion.py
[2026-06-09T13:37:36.956+0000] {processor.py:830} INFO - Processing file /opt/airflow/dags/dag_tp2a_pokemon_ingestion.py for tasks to queue
[2026-06-09T13:37:36.957+0000] {logging_mixin.py:188} INFO - [2026-06-09T13:37:36.957+0000] {dagbag.py:545} INFO - Filling up the DagBag from /opt/airflow/dags/dag_tp2a_pokemon_ingestion.py
[2026-06-09T13:37:36.973+0000] {processor.py:840} INFO - DAG(s) 'tp2a_pokemon_ingestion' retrieved from /opt/airflow/dags/dag_tp2a_pokemon_ingestion.py
[2026-06-09T13:37:36.999+0000] {logging_mixin.py:188} INFO - [2026-06-09T13:37:36.999+0000] {dag.py:3096} INFO - Sync 1 DAGs
[2026-06-09T13:37:37.011+0000] {logging_mixin.py:188} INFO - [2026-06-09T13:37:37.011+0000] {dag.py:3954} INFO - Setting next_dagrun for tp2a_pokemon_ingestion to None, run_after=None
[2026-06-09T13:37:37.028+0000] {processor.py:183} INFO - Processing /opt/airflow/dags/dag_tp2a_pokemon_ingestion.py took 0.077 seconds
[2026-06-09T13:38:07.222+0000] {processor.py:161} INFO - Started process (PID=5309) to work on /opt/airflow/dags/dag_tp2a_pokemon_ingestion.py
[2026-06-09T13:38:07.223+0000] {processor.py:830} INFO - Processing file /opt/airflow/dags/dag_tp2a_pokemon_ingestion.py for tasks to queue
[2026-06-09T13:38:07.224+0000] {logging_mixin.py:188} INFO - [2026-06-09T13:38:07.224+0000] {dagbag.py:545} INFO - Filling up the DagBag from /opt/airflow/dags/dag_tp2a_pokemon_ingestion.py
[2026-06-09T13:38:07.241+0000] {processor.py:840} INFO - DAG(s) 'tp2a_pokemon_ingestion' retrieved from /opt/airflow/dags/dag_tp2a_pokemon_ingestion.py
[2026-06-09T13:38:07.273+0000] {logging_mixin.py:188} INFO - [2026-06-09T13:38:07.273+0000] {dag.py:3096} INFO - Sync 1 DAGs
[2026-06-09T13:38:07.286+0000] {logging_mixin.py:188} INFO - [2026-06-09T13:38:07.286+0000] {dag.py:3954} INFO - Setting next_dagrun for tp2a_pokemon_ingestion to None, run_after=None
[2026-06-09T13:38:07.307+0000] {processor.py:183} INFO - Processing /opt/airflow/dags/dag_tp2a_pokemon_ingestion.py took 0.090 seconds
[2026-06-09T13:38:37.499+0000] {processor.py:161} INFO - Started process (PID=5319) to work on /opt/airflow/dags/dag_tp2a_pokemon_ingestion.py
[2026-06-09T13:38:37.500+0000] {processor.py:830} INFO - Processing file /opt/airflow/dags/dag_tp2a_pokemon_ingestion.py for tasks to queue
[2026-06-09T13:38:37.501+0000] {logging_mixin.py:188} INFO - [2026-06-09T13:38:37.501+0000] {dagbag.py:545} INFO - Filling up the DagBag from /opt/airflow/dags/dag_tp2a_pokemon_ingestion.py
[2026-06-09T13:38:37.517+0000] {processor.py:840} INFO - DAG(s) 'tp2a_pokemon_ingestion' retrieved from /opt/airflow/dags/dag_tp2a_pokemon_ingestion.py
[2026-06-09T13:38:37.546+0000] {logging_mixin.py:188} INFO - [2026-06-09T13:38:37.546+0000] {dag.py:3096} INFO - Sync 1 DAGs
[2026-06-09T13:38:37.558+0000] {logging_mixin.py:188} INFO - [2026-06-09T13:38:37.558+0000] {dag.py:3954} INFO - Setting next_dagrun for tp2a_pokemon_ingestion to None, run_after=None
[2026-06-09T13:38:37.575+0000] {processor.py:183} INFO - Processing /opt/airflow/dags/dag_tp2a_pokemon_ingestion.py took 0.081 seconds
[2026-06-09T13:39:07.672+0000] {processor.py:161} INFO - Started process (PID=5329) to work on /opt/airflow/dags/dag_tp2a_pokemon_ingestion.py
[2026-06-09T13:39:07.673+0000] {processor.py:830} INFO - Processing file /opt/airflow/dags/dag_tp2a_pokemon_ingestion.py for tasks to queue
[2026-06-09T13:39:07.675+0000] {logging_mixin.py:188} INFO - [2026-06-09T13:39:07.675+0000] {dagbag.py:545} INFO - Filling up the DagBag from /opt/airflow/dags/dag_tp2a_pokemon_ingestion.py
[2026-06-09T13:39:07.690+0000] {processor.py:840} INFO - DAG(s) 'tp2a_pokemon_ingestion' retrieved from /opt/airflow/dags/dag_tp2a_pokemon_ingestion.py
[2026-06-09T13:39:07.719+0000] {logging_mixin.py:188} INFO - [2026-06-09T13:39:07.719+0000] {dag.py:3096} INFO - Sync 1 DAGs
[2026-06-09T13:39:07.731+0000] {logging_mixin.py:188} INFO - [2026-06-09T13:39:07.731+0000] {dag.py:3954} INFO - Setting next_dagrun for tp2a_pokemon_ingestion to None, run_after=None
[2026-06-09T13:39:07.749+0000] {processor.py:183} INFO - Processing /opt/airflow/dags/dag_tp2a_pokemon_ingestion.py took 0.081 seconds
[2026-06-09T13:39:37.941+0000] {processor.py:161} INFO - Started process (PID=5339) to work on /opt/airflow/dags/dag_tp2a_pokemon_ingestion.py
[2026-06-09T13:39:37.942+0000] {processor.py:830} INFO - Processing file /opt/airflow/dags/dag_tp2a_pokemon_ingestion.py for tasks to queue
[2026-06-09T13:39:37.943+0000] {logging_mixin.py:188} INFO - [2026-06-09T13:39:37.943+0000] {dagbag.py:545} INFO - Filling up the DagBag from /opt/airflow/dags/dag_tp2a_pokemon_ingestion.py
[2026-06-09T13:39:37.961+0000] {processor.py:840} INFO - DAG(s) 'tp2a_pokemon_ingestion' retrieved from /opt/airflow/dags/dag_tp2a_pokemon_ingestion.py
[2026-06-09T13:39:37.990+0000] {logging_mixin.py:188} INFO - [2026-06-09T13:39:37.989+0000] {dag.py:3096} INFO - Sync 1 DAGs
[2026-06-09T13:39:38.001+0000] {logging_mixin.py:188} INFO - [2026-06-09T13:39:38.001+0000] {dag.py:3954} INFO - Setting next_dagrun for tp2a_pokemon_ingestion to None, run_after=None
[2026-06-09T13:39:38.019+0000] {processor.py:183} INFO - Processing /opt/airflow/dags/dag_tp2a_pokemon_ingestion.py took 0.083 seconds
[2026-06-09T13:40:08.113+0000] {processor.py:161} INFO - Started process (PID=5349) to work on /opt/airflow/dags/dag_tp2a_pokemon_ingestion.py
[2026-06-09T13:40:08.113+0000] {processor.py:830} INFO - Processing file /opt/airflow/dags/dag_tp2a_pokemon_ingestion.py for tasks to queue
[2026-06-09T13:40:08.115+0000] {logging_mixin.py:188} INFO - [2026-06-09T13:40:08.114+0000] {dagbag.py:545} INFO - Filling up the DagBag from /opt/airflow/dags/dag_tp2a_pokemon_ingestion.py
[2026-06-09T13:40:08.132+0000] {processor.py:840} INFO - DAG(s) 'tp2a_pokemon_ingestion' retrieved from /opt/airflow/dags/dag_tp2a_pokemon_ingestion.py
[2026-06-09T13:40:08.164+0000] {logging_mixin.py:188} INFO - [2026-06-09T13:40:08.163+0000] {dag.py:3096} INFO - Sync 1 DAGs
[2026-06-09T13:40:08.176+0000] {logging_mixin.py:188} INFO - [2026-06-09T13:40:08.175+0000] {dag.py:3954} INFO - Setting next_dagrun for tp2a_pokemon_ingestion to None, run_after=None
[2026-06-09T13:40:08.197+0000] {processor.py:183} INFO - Processing /opt/airflow/dags/dag_tp2a_pokemon_ingestion.py took 0.089 seconds
[2026-06-09T13:40:38.381+0000] {processor.py:161} INFO - Started process (PID=5359) to work on /opt/airflow/dags/dag_tp2a_pokemon_ingestion.py
[2026-06-09T13:40:38.382+0000] {processor.py:830} INFO - Processing file /opt/airflow/dags/dag_tp2a_pokemon_ingestion.py for tasks to queue
[2026-06-09T13:40:38.384+0000] {logging_mixin.py:188} INFO - [2026-06-09T13:40:38.383+0000] {dagbag.py:545} INFO - Filling up the DagBag from /opt/airflow/dags/dag_tp2a_pokemon_ingestion.py
[2026-06-09T13:40:38.400+0000] {processor.py:840} INFO - DAG(s) 'tp2a_pokemon_ingestion' retrieved from /opt/airflow/dags/dag_tp2a_pokemon_ingestion.py
[2026-06-09T13:40:38.428+0000] {logging_mixin.py:188} INFO - [2026-06-09T13:40:38.428+0000] {dag.py:3096} INFO - Sync 1 DAGs
[2026-06-09T13:40:38.438+0000] {logging_mixin.py:188} INFO - [2026-06-09T13:40:38.438+0000] {dag.py:3954} INFO - Setting next_dagrun for tp2a_pokemon_ingestion to None, run_after=None
[2026-06-09T13:40:38.458+0000] {processor.py:183} INFO - Processing /opt/airflow/dags/dag_tp2a_pokemon_ingestion.py took 0.082 seconds
[2026-06-09T13:41:08.652+0000] {processor.py:161} INFO - Started process (PID=5369) to work on /opt/airflow/dags/dag_tp2a_pokemon_ingestion.py
[2026-06-09T13:41:08.653+0000] {processor.py:830} INFO - Processing file /opt/airflow/dags/dag_tp2a_pokemon_ingestion.py for tasks to queue
[2026-06-09T13:41:08.654+0000] {logging_mixin.py:188} INFO - [2026-06-09T13:41:08.654+0000] {dagbag.py:545} INFO - Filling up the DagBag from /opt/airflow/dags/dag_tp2a_pokemon_ingestion.py
[2026-06-09T13:41:08.671+0000] {processor.py:840} INFO - DAG(s) 'tp2a_pokemon_ingestion' retrieved from /opt/airflow/dags/dag_tp2a_pokemon_ingestion.py
[2026-06-09T13:41:08.701+0000] {logging_mixin.py:188} INFO - [2026-06-09T13:41:08.701+0000] {dag.py:3096} INFO - Sync 1 DAGs
[2026-06-09T13:41:08.713+0000] {logging_mixin.py:188} INFO - [2026-06-09T13:41:08.713+0000] {dag.py:3954} INFO - Setting next_dagrun for tp2a_pokemon_ingestion to None, run_after=None
[2026-06-09T13:41:08.729+0000] {processor.py:183} INFO - Processing /opt/airflow/dags/dag_tp2a_pokemon_ingestion.py took 0.082 seconds
[2026-06-09T13:41:38.863+0000] {processor.py:161} INFO - Started process (PID=5379) to work on /opt/airflow/dags/dag_tp2a_pokemon_ingestion.py
[2026-06-09T13:41:38.864+0000] {processor.py:830} INFO - Processing file /opt/airflow/dags/dag_tp2a_pokemon_ingestion.py for tasks to queue
[2026-06-09T13:41:38.866+0000] {logging_mixin.py:188} INFO - [2026-06-09T13:41:38.865+0000] {dagbag.py:545} INFO - Filling up the DagBag from /opt/airflow/dags/dag_tp2a_pokemon_ingestion.py
[2026-06-09T13:41:38.882+0000] {processor.py:840} INFO - DAG(s) 'tp2a_pokemon_ingestion' retrieved from /opt/airflow/dags/dag_tp2a_pokemon_ingestion.py
[2026-06-09T13:41:38.911+0000] {logging_mixin.py:188} INFO - [2026-06-09T13:41:38.910+0000] {dag.py:3096} INFO - Sync 1 DAGs
[2026-06-09T13:41:38.922+0000] {logging_mixin.py:188} INFO - [2026-06-09T13:41:38.922+0000] {dag.py:3954} INFO - Setting next_dagrun for tp2a_pokemon_ingestion to None, run_after=None
[2026-06-09T13:41:38.938+0000] {processor.py:183} INFO - Processing /opt/airflow/dags/dag_tp2a_pokemon_ingestion.py took 0.079 seconds
[2026-06-09T13:42:09.037+0000] {processor.py:161} INFO - Started process (PID=5389) to work on /opt/airflow/dags/dag_tp2a_pokemon_ingestion.py
[2026-06-09T13:42:09.038+0000] {processor.py:830} INFO - Processing file /opt/airflow/dags/dag_tp2a_pokemon_ingestion.py for tasks to queue
[2026-06-09T13:42:09.040+0000] {logging_mixin.py:188} INFO - [2026-06-09T13:42:09.040+0000] {dagbag.py:545} INFO - Filling up the DagBag from /opt/airflow/dags/dag_tp2a_pokemon_ingestion.py
[2026-06-09T13:42:09.058+0000] {processor.py:840} INFO - DAG(s) 'tp2a_pokemon_ingestion' retrieved from /opt/airflow/dags/dag_tp2a_pokemon_ingestion.py
[2026-06-09T13:42:09.087+0000] {logging_mixin.py:188} INFO - [2026-06-09T13:42:09.087+0000] {dag.py:3096} INFO - Sync 1 DAGs
[2026-06-09T13:42:09.099+0000] {logging_mixin.py:188} INFO - [2026-06-09T13:42:09.099+0000] {dag.py:3954} INFO - Setting next_dagrun for tp2a_pokemon_ingestion to None, run_after=None
[2026-06-09T13:42:09.116+0000] {processor.py:183} INFO - Processing /opt/airflow/dags/dag_tp2a_pokemon_ingestion.py took 0.084 seconds
[2026-06-09T13:42:39.248+0000] {processor.py:161} INFO - Started process (PID=5399) to work on /opt/airflow/dags/dag_tp2a_pokemon_ingestion.py
[2026-06-09T13:42:39.249+0000] {processor.py:830} INFO - Processing file /opt/airflow/dags/dag_tp2a_pokemon_ingestion.py for tasks to queue
[2026-06-09T13:42:39.250+0000] {logging_mixin.py:188} INFO - [2026-06-09T13:42:39.250+0000] {dagbag.py:545} INFO - Filling up the DagBag from /opt/airflow/dags/dag_tp2a_pokemon_ingestion.py
[2026-06-09T13:42:39.268+0000] {processor.py:840} INFO - DAG(s) 'tp2a_pokemon_ingestion' retrieved from /opt/airflow/dags/dag_tp2a_pokemon_ingestion.py
[2026-06-09T13:42:39.299+0000] {logging_mixin.py:188} INFO - [2026-06-09T13:42:39.298+0000] {dag.py:3096} INFO - Sync 1 DAGs
[2026-06-09T13:42:39.310+0000] {logging_mixin.py:188} INFO - [2026-06-09T13:42:39.310+0000] {dag.py:3954} INFO - Setting next_dagrun for tp2a_pokemon_ingestion to None, run_after=None
[2026-06-09T13:42:39.330+0000] {processor.py:183} INFO - Processing /opt/airflow/dags/dag_tp2a_pokemon_ingestion.py took 0.087 seconds
[2026-06-09T13:43:09.525+0000] {processor.py:161} INFO - Started process (PID=5409) to work on /opt/airflow/dags/dag_tp2a_pokemon_ingestion.py
[2026-06-09T13:43:09.526+0000] {processor.py:830} INFO - Processing file /opt/airflow/dags/dag_tp2a_pokemon_ingestion.py for tasks to queue
[2026-06-09T13:43:09.528+0000] {logging_mixin.py:188} INFO - [2026-06-09T13:43:09.528+0000] {dagbag.py:545} INFO - Filling up the DagBag from /opt/airflow/dags/dag_tp2a_pokemon_ingestion.py
[2026-06-09T13:43:09.546+0000] {processor.py:840} INFO - DAG(s) 'tp2a_pokemon_ingestion' retrieved from /opt/airflow/dags/dag_tp2a_pokemon_ingestion.py
[2026-06-09T13:43:09.578+0000] {logging_mixin.py:188} INFO - [2026-06-09T13:43:09.578+0000] {dag.py:3096} INFO - Sync 1 DAGs
[2026-06-09T13:43:09.591+0000] {logging_mixin.py:188} INFO - [2026-06-09T13:43:09.591+0000] {dag.py:3954} INFO - Setting next_dagrun for tp2a_pokemon_ingestion to None, run_after=None
[2026-06-09T13:43:09.612+0000] {processor.py:183} INFO - Processing /opt/airflow/dags/dag_tp2a_pokemon_ingestion.py took 0.092 seconds
[2026-06-09T13:43:39.700+0000] {processor.py:161} INFO - Started process (PID=5419) to work on /opt/airflow/dags/dag_tp2a_pokemon_ingestion.py
[2026-06-09T13:43:39.701+0000] {processor.py:830} INFO - Processing file /opt/airflow/dags/dag_tp2a_pokemon_ingestion.py for tasks to queue
[2026-06-09T13:43:39.703+0000] {logging_mixin.py:188} INFO - [2026-06-09T13:43:39.702+0000] {dagbag.py:545} INFO - Filling up the DagBag from /opt/airflow/dags/dag_tp2a_pokemon_ingestion.py
[2026-06-09T13:43:39.719+0000] {processor.py:840} INFO - DAG(s) 'tp2a_pokemon_ingestion' retrieved from /opt/airflow/dags/dag_tp2a_pokemon_ingestion.py
[2026-06-09T13:43:39.747+0000] {logging_mixin.py:188} INFO - [2026-06-09T13:43:39.747+0000] {dag.py:3096} INFO - Sync 1 DAGs
[2026-06-09T13:43:39.760+0000] {logging_mixin.py:188} INFO - [2026-06-09T13:43:39.759+0000] {dag.py:3954} INFO - Setting next_dagrun for tp2a_pokemon_ingestion to None, run_after=None
[2026-06-09T13:43:39.778+0000] {processor.py:183} INFO - Processing /opt/airflow/dags/dag_tp2a_pokemon_ingestion.py took 0.083 seconds
[2026-06-09T13:44:09.915+0000] {processor.py:161} INFO - Started process (PID=5429) to work on /opt/airflow/dags/dag_tp2a_pokemon_ingestion.py
[2026-06-09T13:44:09.916+0000] {processor.py:830} INFO - Processing file /opt/airflow/dags/dag_tp2a_pokemon_ingestion.py for tasks to queue
[2026-06-09T13:44:09.917+0000] {logging_mixin.py:188} INFO - [2026-06-09T13:44:09.917+0000] {dagbag.py:545} INFO - Filling up the DagBag from /opt/airflow/dags/dag_tp2a_pokemon_ingestion.py
[2026-06-09T13:44:09.933+0000] {processor.py:840} INFO - DAG(s) 'tp2a_pokemon_ingestion' retrieved from /opt/airflow/dags/dag_tp2a_pokemon_ingestion.py
[2026-06-09T13:44:09.962+0000] {logging_mixin.py:188} INFO - [2026-06-09T13:44:09.961+0000] {dag.py:3096} INFO - Sync 1 DAGs
[2026-06-09T13:44:09.974+0000] {logging_mixin.py:188} INFO - [2026-06-09T13:44:09.974+0000] {dag.py:3954} INFO - Setting next_dagrun for tp2a_pokemon_ingestion to None, run_after=None
[2026-06-09T13:44:09.992+0000] {processor.py:183} INFO - Processing /opt/airflow/dags/dag_tp2a_pokemon_ingestion.py took 0.082 seconds
[2026-06-09T13:44:40.094+0000] {processor.py:161} INFO - Started process (PID=5439) to work on /opt/airflow/dags/dag_tp2a_pokemon_ingestion.py
[2026-06-09T13:44:40.095+0000] {processor.py:830} INFO - Processing file /opt/airflow/dags/dag_tp2a_pokemon_ingestion.py for tasks to queue
[2026-06-09T13:44:40.097+0000] {logging_mixin.py:188} INFO - [2026-06-09T13:44:40.096+0000] {dagbag.py:545} INFO - Filling up the DagBag from /opt/airflow/dags/dag_tp2a_pokemon_ingestion.py
[2026-06-09T13:44:40.114+0000] {processor.py:840} INFO - DAG(s) 'tp2a_pokemon_ingestion' retrieved from /opt/airflow/dags/dag_tp2a_pokemon_ingestion.py
[2026-06-09T13:44:40.145+0000] {logging_mixin.py:188} INFO - [2026-06-09T13:44:40.145+0000] {dag.py:3096} INFO - Sync 1 DAGs
[2026-06-09T13:44:40.158+0000] {logging_mixin.py:188} INFO - [2026-06-09T13:44:40.158+0000] {dag.py:3954} INFO - Setting next_dagrun for tp2a_pokemon_ingestion to None, run_after=None
[2026-06-09T13:44:40.180+0000] {processor.py:183} INFO - Processing /opt/airflow/dags/dag_tp2a_pokemon_ingestion.py took 0.091 seconds
