[2026-06-09T09:25:42.147+0000] {processor.py:161} INFO - Started process (PID=267) to work on /opt/airflow/dags/dag_tp2_pokemon.py
[2026-06-09T09:25:42.148+0000] {processor.py:830} INFO - Processing file /opt/airflow/dags/dag_tp2_pokemon.py for tasks to queue
[2026-06-09T09:25:42.150+0000] {logging_mixin.py:188} INFO - [2026-06-09T09:25:42.149+0000] {dagbag.py:545} INFO - Filling up the DagBag from /opt/airflow/dags/dag_tp2_pokemon.py
[2026-06-09T09:25:42.169+0000] {processor.py:840} INFO - DAG(s) 'tp2_pokemon_pipeline' retrieved from /opt/airflow/dags/dag_tp2_pokemon.py
[2026-06-09T09:25:42.202+0000] {logging_mixin.py:188} INFO - [2026-06-09T09:25:42.202+0000] {dag.py:3096} INFO - Sync 1 DAGs
[2026-06-09T09:25:42.218+0000] {logging_mixin.py:188} INFO - [2026-06-09T09:25:42.217+0000] {dag.py:3954} INFO - Setting next_dagrun for tp2_pokemon_pipeline to None, run_after=None
[2026-06-09T09:25:42.241+0000] {processor.py:183} INFO - Processing /opt/airflow/dags/dag_tp2_pokemon.py took 0.099 seconds
[2026-06-09T09:26:12.353+0000] {processor.py:161} INFO - Started process (PID=320) to work on /opt/airflow/dags/dag_tp2_pokemon.py
[2026-06-09T09:26:12.354+0000] {processor.py:830} INFO - Processing file /opt/airflow/dags/dag_tp2_pokemon.py for tasks to queue
[2026-06-09T09:26:12.355+0000] {logging_mixin.py:188} INFO - [2026-06-09T09:26:12.355+0000] {dagbag.py:545} INFO - Filling up the DagBag from /opt/airflow/dags/dag_tp2_pokemon.py
[2026-06-09T09:26:12.374+0000] {processor.py:840} INFO - DAG(s) 'tp2_pokemon_pipeline' retrieved from /opt/airflow/dags/dag_tp2_pokemon.py
[2026-06-09T09:26:12.469+0000] {logging_mixin.py:188} INFO - [2026-06-09T09:26:12.469+0000] {dag.py:3096} INFO - Sync 1 DAGs
[2026-06-09T09:26:12.478+0000] {logging_mixin.py:188} INFO - [2026-06-09T09:26:12.478+0000] {dag.py:3954} INFO - Setting next_dagrun for tp2_pokemon_pipeline to None, run_after=None
[2026-06-09T09:26:12.497+0000] {processor.py:183} INFO - Processing /opt/airflow/dags/dag_tp2_pokemon.py took 0.148 seconds
[2026-06-09T09:26:42.661+0000] {processor.py:161} INFO - Started process (PID=330) to work on /opt/airflow/dags/dag_tp2_pokemon.py
[2026-06-09T09:26:42.662+0000] {processor.py:830} INFO - Processing file /opt/airflow/dags/dag_tp2_pokemon.py for tasks to queue
[2026-06-09T09:26:42.664+0000] {logging_mixin.py:188} INFO - [2026-06-09T09:26:42.664+0000] {dagbag.py:545} INFO - Filling up the DagBag from /opt/airflow/dags/dag_tp2_pokemon.py
[2026-06-09T09:26:42.681+0000] {processor.py:840} INFO - DAG(s) 'tp2_pokemon_pipeline' retrieved from /opt/airflow/dags/dag_tp2_pokemon.py
[2026-06-09T09:26:42.709+0000] {logging_mixin.py:188} INFO - [2026-06-09T09:26:42.708+0000] {dag.py:3096} INFO - Sync 1 DAGs
[2026-06-09T09:26:42.719+0000] {logging_mixin.py:188} INFO - [2026-06-09T09:26:42.719+0000] {dag.py:3954} INFO - Setting next_dagrun for tp2_pokemon_pipeline to None, run_after=None
[2026-06-09T09:26:42.736+0000] {processor.py:183} INFO - Processing /opt/airflow/dags/dag_tp2_pokemon.py took 0.081 seconds
[2026-06-09T09:27:12.826+0000] {processor.py:161} INFO - Started process (PID=340) to work on /opt/airflow/dags/dag_tp2_pokemon.py
[2026-06-09T09:27:12.827+0000] {processor.py:830} INFO - Processing file /opt/airflow/dags/dag_tp2_pokemon.py for tasks to queue
[2026-06-09T09:27:12.829+0000] {logging_mixin.py:188} INFO - [2026-06-09T09:27:12.829+0000] {dagbag.py:545} INFO - Filling up the DagBag from /opt/airflow/dags/dag_tp2_pokemon.py
[2026-06-09T09:27:12.849+0000] {processor.py:840} INFO - DAG(s) 'tp2_pokemon_pipeline' retrieved from /opt/airflow/dags/dag_tp2_pokemon.py
[2026-06-09T09:27:12.880+0000] {logging_mixin.py:188} INFO - [2026-06-09T09:27:12.880+0000] {dag.py:3096} INFO - Sync 1 DAGs
[2026-06-09T09:27:12.896+0000] {logging_mixin.py:188} INFO - [2026-06-09T09:27:12.896+0000] {dag.py:3954} INFO - Setting next_dagrun for tp2_pokemon_pipeline to None, run_after=None
[2026-06-09T09:27:12.918+0000] {processor.py:183} INFO - Processing /opt/airflow/dags/dag_tp2_pokemon.py took 0.098 seconds
[2026-06-09T09:27:43.093+0000] {processor.py:161} INFO - Started process (PID=350) to work on /opt/airflow/dags/dag_tp2_pokemon.py
[2026-06-09T09:27:43.094+0000] {processor.py:830} INFO - Processing file /opt/airflow/dags/dag_tp2_pokemon.py for tasks to queue
[2026-06-09T09:27:43.096+0000] {logging_mixin.py:188} INFO - [2026-06-09T09:27:43.095+0000] {dagbag.py:545} INFO - Filling up the DagBag from /opt/airflow/dags/dag_tp2_pokemon.py
[2026-06-09T09:27:43.113+0000] {processor.py:840} INFO - DAG(s) 'tp2_pokemon_pipeline' retrieved from /opt/airflow/dags/dag_tp2_pokemon.py
[2026-06-09T09:27:43.139+0000] {logging_mixin.py:188} INFO - [2026-06-09T09:27:43.139+0000] {dag.py:3096} INFO - Sync 1 DAGs
[2026-06-09T09:27:43.150+0000] {logging_mixin.py:188} INFO - [2026-06-09T09:27:43.150+0000] {dag.py:3954} INFO - Setting next_dagrun for tp2_pokemon_pipeline to None, run_after=None
[2026-06-09T09:27:43.166+0000] {processor.py:183} INFO - Processing /opt/airflow/dags/dag_tp2_pokemon.py took 0.077 seconds
[2026-06-09T09:28:13.339+0000] {processor.py:161} INFO - Started process (PID=360) to work on /opt/airflow/dags/dag_tp2_pokemon.py
[2026-06-09T09:28:13.339+0000] {processor.py:830} INFO - Processing file /opt/airflow/dags/dag_tp2_pokemon.py for tasks to queue
[2026-06-09T09:28:13.341+0000] {logging_mixin.py:188} INFO - [2026-06-09T09:28:13.340+0000] {dagbag.py:545} INFO - Filling up the DagBag from /opt/airflow/dags/dag_tp2_pokemon.py
[2026-06-09T09:28:13.357+0000] {processor.py:840} INFO - DAG(s) 'tp2_pokemon_pipeline' retrieved from /opt/airflow/dags/dag_tp2_pokemon.py
[2026-06-09T09:28:13.385+0000] {logging_mixin.py:188} INFO - [2026-06-09T09:28:13.384+0000] {dag.py:3096} INFO - Sync 1 DAGs
[2026-06-09T09:28:13.395+0000] {logging_mixin.py:188} INFO - [2026-06-09T09:28:13.395+0000] {dag.py:3954} INFO - Setting next_dagrun for tp2_pokemon_pipeline to None, run_after=None
[2026-06-09T09:28:13.411+0000] {processor.py:183} INFO - Processing /opt/airflow/dags/dag_tp2_pokemon.py took 0.076 seconds
[2026-06-09T09:28:43.496+0000] {processor.py:161} INFO - Started process (PID=370) to work on /opt/airflow/dags/dag_tp2_pokemon.py
[2026-06-09T09:28:43.497+0000] {processor.py:830} INFO - Processing file /opt/airflow/dags/dag_tp2_pokemon.py for tasks to queue
[2026-06-09T09:28:43.498+0000] {logging_mixin.py:188} INFO - [2026-06-09T09:28:43.498+0000] {dagbag.py:545} INFO - Filling up the DagBag from /opt/airflow/dags/dag_tp2_pokemon.py
[2026-06-09T09:28:43.515+0000] {processor.py:840} INFO - DAG(s) 'tp2_pokemon_pipeline' retrieved from /opt/airflow/dags/dag_tp2_pokemon.py
[2026-06-09T09:28:43.542+0000] {logging_mixin.py:188} INFO - [2026-06-09T09:28:43.542+0000] {dag.py:3096} INFO - Sync 1 DAGs
[2026-06-09T09:28:43.553+0000] {logging_mixin.py:188} INFO - [2026-06-09T09:28:43.553+0000] {dag.py:3954} INFO - Setting next_dagrun for tp2_pokemon_pipeline to None, run_after=None
[2026-06-09T09:28:43.569+0000] {processor.py:183} INFO - Processing /opt/airflow/dags/dag_tp2_pokemon.py took 0.077 seconds
[2026-06-09T09:29:13.742+0000] {processor.py:161} INFO - Started process (PID=380) to work on /opt/airflow/dags/dag_tp2_pokemon.py
[2026-06-09T09:29:13.743+0000] {processor.py:830} INFO - Processing file /opt/airflow/dags/dag_tp2_pokemon.py for tasks to queue
[2026-06-09T09:29:13.744+0000] {logging_mixin.py:188} INFO - [2026-06-09T09:29:13.744+0000] {dagbag.py:545} INFO - Filling up the DagBag from /opt/airflow/dags/dag_tp2_pokemon.py
[2026-06-09T09:29:13.760+0000] {processor.py:840} INFO - DAG(s) 'tp2_pokemon_pipeline' retrieved from /opt/airflow/dags/dag_tp2_pokemon.py
[2026-06-09T09:29:13.786+0000] {logging_mixin.py:188} INFO - [2026-06-09T09:29:13.786+0000] {dag.py:3096} INFO - Sync 1 DAGs
[2026-06-09T09:29:13.797+0000] {logging_mixin.py:188} INFO - [2026-06-09T09:29:13.797+0000] {dag.py:3954} INFO - Setting next_dagrun for tp2_pokemon_pipeline to None, run_after=None
[2026-06-09T09:29:13.817+0000] {processor.py:183} INFO - Processing /opt/airflow/dags/dag_tp2_pokemon.py took 0.079 seconds
[2026-06-09T09:29:43.900+0000] {processor.py:161} INFO - Started process (PID=390) to work on /opt/airflow/dags/dag_tp2_pokemon.py
[2026-06-09T09:29:43.901+0000] {processor.py:830} INFO - Processing file /opt/airflow/dags/dag_tp2_pokemon.py for tasks to queue
[2026-06-09T09:29:43.902+0000] {logging_mixin.py:188} INFO - [2026-06-09T09:29:43.902+0000] {dagbag.py:545} INFO - Filling up the DagBag from /opt/airflow/dags/dag_tp2_pokemon.py
[2026-06-09T09:29:43.919+0000] {processor.py:840} INFO - DAG(s) 'tp2_pokemon_pipeline' retrieved from /opt/airflow/dags/dag_tp2_pokemon.py
[2026-06-09T09:29:43.947+0000] {logging_mixin.py:188} INFO - [2026-06-09T09:29:43.947+0000] {dag.py:3096} INFO - Sync 1 DAGs
[2026-06-09T09:29:43.958+0000] {logging_mixin.py:188} INFO - [2026-06-09T09:29:43.958+0000] {dag.py:3954} INFO - Setting next_dagrun for tp2_pokemon_pipeline to None, run_after=None
[2026-06-09T09:29:43.974+0000] {processor.py:183} INFO - Processing /opt/airflow/dags/dag_tp2_pokemon.py took 0.080 seconds
[2026-06-09T09:30:14.143+0000] {processor.py:161} INFO - Started process (PID=400) to work on /opt/airflow/dags/dag_tp2_pokemon.py
[2026-06-09T09:30:14.144+0000] {processor.py:830} INFO - Processing file /opt/airflow/dags/dag_tp2_pokemon.py for tasks to queue
[2026-06-09T09:30:14.145+0000] {logging_mixin.py:188} INFO - [2026-06-09T09:30:14.145+0000] {dagbag.py:545} INFO - Filling up the DagBag from /opt/airflow/dags/dag_tp2_pokemon.py
[2026-06-09T09:30:14.163+0000] {processor.py:840} INFO - DAG(s) 'tp2_pokemon_pipeline' retrieved from /opt/airflow/dags/dag_tp2_pokemon.py
[2026-06-09T09:30:14.189+0000] {logging_mixin.py:188} INFO - [2026-06-09T09:30:14.189+0000] {dag.py:3096} INFO - Sync 1 DAGs
[2026-06-09T09:30:14.200+0000] {logging_mixin.py:188} INFO - [2026-06-09T09:30:14.200+0000] {dag.py:3954} INFO - Setting next_dagrun for tp2_pokemon_pipeline to None, run_after=None
[2026-06-09T09:30:14.219+0000] {processor.py:183} INFO - Processing /opt/airflow/dags/dag_tp2_pokemon.py took 0.080 seconds
[2026-06-09T09:30:44.341+0000] {processor.py:161} INFO - Started process (PID=410) to work on /opt/airflow/dags/dag_tp2_pokemon.py
[2026-06-09T09:30:44.342+0000] {processor.py:830} INFO - Processing file /opt/airflow/dags/dag_tp2_pokemon.py for tasks to queue
[2026-06-09T09:30:44.343+0000] {logging_mixin.py:188} INFO - [2026-06-09T09:30:44.343+0000] {dagbag.py:545} INFO - Filling up the DagBag from /opt/airflow/dags/dag_tp2_pokemon.py
[2026-06-09T09:30:44.360+0000] {processor.py:840} INFO - DAG(s) 'tp2_pokemon_pipeline' retrieved from /opt/airflow/dags/dag_tp2_pokemon.py
[2026-06-09T09:30:44.385+0000] {logging_mixin.py:188} INFO - [2026-06-09T09:30:44.385+0000] {dag.py:3096} INFO - Sync 1 DAGs
[2026-06-09T09:30:44.396+0000] {logging_mixin.py:188} INFO - [2026-06-09T09:30:44.396+0000] {dag.py:3954} INFO - Setting next_dagrun for tp2_pokemon_pipeline to None, run_after=None
[2026-06-09T09:30:44.413+0000] {processor.py:183} INFO - Processing /opt/airflow/dags/dag_tp2_pokemon.py took 0.076 seconds
[2026-06-09T09:31:14.504+0000] {processor.py:161} INFO - Started process (PID=420) to work on /opt/airflow/dags/dag_tp2_pokemon.py
[2026-06-09T09:31:14.504+0000] {processor.py:830} INFO - Processing file /opt/airflow/dags/dag_tp2_pokemon.py for tasks to queue
[2026-06-09T09:31:14.506+0000] {logging_mixin.py:188} INFO - [2026-06-09T09:31:14.505+0000] {dagbag.py:545} INFO - Filling up the DagBag from /opt/airflow/dags/dag_tp2_pokemon.py
[2026-06-09T09:31:14.522+0000] {processor.py:840} INFO - DAG(s) 'tp2_pokemon_pipeline' retrieved from /opt/airflow/dags/dag_tp2_pokemon.py
[2026-06-09T09:31:14.551+0000] {logging_mixin.py:188} INFO - [2026-06-09T09:31:14.551+0000] {dag.py:3096} INFO - Sync 1 DAGs
[2026-06-09T09:31:14.563+0000] {logging_mixin.py:188} INFO - [2026-06-09T09:31:14.563+0000] {dag.py:3954} INFO - Setting next_dagrun for tp2_pokemon_pipeline to None, run_after=None
[2026-06-09T09:31:14.581+0000] {processor.py:183} INFO - Processing /opt/airflow/dags/dag_tp2_pokemon.py took 0.081 seconds
[2026-06-09T09:31:44.758+0000] {processor.py:161} INFO - Started process (PID=430) to work on /opt/airflow/dags/dag_tp2_pokemon.py
[2026-06-09T09:31:44.759+0000] {processor.py:830} INFO - Processing file /opt/airflow/dags/dag_tp2_pokemon.py for tasks to queue
[2026-06-09T09:31:44.760+0000] {logging_mixin.py:188} INFO - [2026-06-09T09:31:44.760+0000] {dagbag.py:545} INFO - Filling up the DagBag from /opt/airflow/dags/dag_tp2_pokemon.py
[2026-06-09T09:31:44.777+0000] {processor.py:840} INFO - DAG(s) 'tp2_pokemon_pipeline' retrieved from /opt/airflow/dags/dag_tp2_pokemon.py
[2026-06-09T09:31:44.802+0000] {logging_mixin.py:188} INFO - [2026-06-09T09:31:44.802+0000] {dag.py:3096} INFO - Sync 1 DAGs
[2026-06-09T09:31:44.813+0000] {logging_mixin.py:188} INFO - [2026-06-09T09:31:44.813+0000] {dag.py:3954} INFO - Setting next_dagrun for tp2_pokemon_pipeline to None, run_after=None
[2026-06-09T09:31:44.831+0000] {processor.py:183} INFO - Processing /opt/airflow/dags/dag_tp2_pokemon.py took 0.076 seconds
[2026-06-09T09:32:14.921+0000] {processor.py:161} INFO - Started process (PID=440) to work on /opt/airflow/dags/dag_tp2_pokemon.py
[2026-06-09T09:32:14.921+0000] {processor.py:830} INFO - Processing file /opt/airflow/dags/dag_tp2_pokemon.py for tasks to queue
[2026-06-09T09:32:14.922+0000] {logging_mixin.py:188} INFO - [2026-06-09T09:32:14.922+0000] {dagbag.py:545} INFO - Filling up the DagBag from /opt/airflow/dags/dag_tp2_pokemon.py
[2026-06-09T09:32:14.938+0000] {processor.py:840} INFO - DAG(s) 'tp2_pokemon_pipeline' retrieved from /opt/airflow/dags/dag_tp2_pokemon.py
[2026-06-09T09:32:14.965+0000] {logging_mixin.py:188} INFO - [2026-06-09T09:32:14.965+0000] {dag.py:3096} INFO - Sync 1 DAGs
[2026-06-09T09:32:14.976+0000] {logging_mixin.py:188} INFO - [2026-06-09T09:32:14.976+0000] {dag.py:3954} INFO - Setting next_dagrun for tp2_pokemon_pipeline to None, run_after=None
[2026-06-09T09:32:14.993+0000] {processor.py:183} INFO - Processing /opt/airflow/dags/dag_tp2_pokemon.py took 0.077 seconds
[2026-06-09T09:32:45.172+0000] {processor.py:161} INFO - Started process (PID=450) to work on /opt/airflow/dags/dag_tp2_pokemon.py
[2026-06-09T09:32:45.172+0000] {processor.py:830} INFO - Processing file /opt/airflow/dags/dag_tp2_pokemon.py for tasks to queue
[2026-06-09T09:32:45.174+0000] {logging_mixin.py:188} INFO - [2026-06-09T09:32:45.174+0000] {dagbag.py:545} INFO - Filling up the DagBag from /opt/airflow/dags/dag_tp2_pokemon.py
[2026-06-09T09:32:45.191+0000] {processor.py:840} INFO - DAG(s) 'tp2_pokemon_pipeline' retrieved from /opt/airflow/dags/dag_tp2_pokemon.py
[2026-06-09T09:32:45.216+0000] {logging_mixin.py:188} INFO - [2026-06-09T09:32:45.216+0000] {dag.py:3096} INFO - Sync 1 DAGs
[2026-06-09T09:32:45.227+0000] {logging_mixin.py:188} INFO - [2026-06-09T09:32:45.227+0000] {dag.py:3954} INFO - Setting next_dagrun for tp2_pokemon_pipeline to None, run_after=None
[2026-06-09T09:32:45.244+0000] {processor.py:183} INFO - Processing /opt/airflow/dags/dag_tp2_pokemon.py took 0.077 seconds
[2026-06-09T09:33:15.338+0000] {processor.py:161} INFO - Started process (PID=460) to work on /opt/airflow/dags/dag_tp2_pokemon.py
[2026-06-09T09:33:15.339+0000] {processor.py:830} INFO - Processing file /opt/airflow/dags/dag_tp2_pokemon.py for tasks to queue
[2026-06-09T09:33:15.340+0000] {logging_mixin.py:188} INFO - [2026-06-09T09:33:15.340+0000] {dagbag.py:545} INFO - Filling up the DagBag from /opt/airflow/dags/dag_tp2_pokemon.py
[2026-06-09T09:33:15.360+0000] {processor.py:840} INFO - DAG(s) 'tp2_pokemon_pipeline' retrieved from /opt/airflow/dags/dag_tp2_pokemon.py
[2026-06-09T09:33:15.390+0000] {logging_mixin.py:188} INFO - [2026-06-09T09:33:15.390+0000] {dag.py:3096} INFO - Sync 1 DAGs
[2026-06-09T09:33:15.401+0000] {logging_mixin.py:188} INFO - [2026-06-09T09:33:15.401+0000] {dag.py:3954} INFO - Setting next_dagrun for tp2_pokemon_pipeline to None, run_after=None
[2026-06-09T09:33:15.418+0000] {processor.py:183} INFO - Processing /opt/airflow/dags/dag_tp2_pokemon.py took 0.086 seconds
[2026-06-09T09:33:45.533+0000] {processor.py:161} INFO - Started process (PID=470) to work on /opt/airflow/dags/dag_tp2_pokemon.py
[2026-06-09T09:33:45.534+0000] {processor.py:830} INFO - Processing file /opt/airflow/dags/dag_tp2_pokemon.py for tasks to queue
[2026-06-09T09:33:45.535+0000] {logging_mixin.py:188} INFO - [2026-06-09T09:33:45.535+0000] {dagbag.py:545} INFO - Filling up the DagBag from /opt/airflow/dags/dag_tp2_pokemon.py
[2026-06-09T09:33:45.551+0000] {processor.py:840} INFO - DAG(s) 'tp2_pokemon_pipeline' retrieved from /opt/airflow/dags/dag_tp2_pokemon.py
[2026-06-09T09:33:45.576+0000] {logging_mixin.py:188} INFO - [2026-06-09T09:33:45.576+0000] {dag.py:3096} INFO - Sync 1 DAGs
[2026-06-09T09:33:45.587+0000] {logging_mixin.py:188} INFO - [2026-06-09T09:33:45.587+0000] {dag.py:3954} INFO - Setting next_dagrun for tp2_pokemon_pipeline to None, run_after=None
[2026-06-09T09:33:45.604+0000] {processor.py:183} INFO - Processing /opt/airflow/dags/dag_tp2_pokemon.py took 0.075 seconds
[2026-06-09T09:34:15.703+0000] {processor.py:161} INFO - Started process (PID=480) to work on /opt/airflow/dags/dag_tp2_pokemon.py
[2026-06-09T09:34:15.704+0000] {processor.py:830} INFO - Processing file /opt/airflow/dags/dag_tp2_pokemon.py for tasks to queue
[2026-06-09T09:34:15.705+0000] {logging_mixin.py:188} INFO - [2026-06-09T09:34:15.705+0000] {dagbag.py:545} INFO - Filling up the DagBag from /opt/airflow/dags/dag_tp2_pokemon.py
[2026-06-09T09:34:15.720+0000] {processor.py:840} INFO - DAG(s) 'tp2_pokemon_pipeline' retrieved from /opt/airflow/dags/dag_tp2_pokemon.py
[2026-06-09T09:34:15.746+0000] {logging_mixin.py:188} INFO - [2026-06-09T09:34:15.746+0000] {dag.py:3096} INFO - Sync 1 DAGs
[2026-06-09T09:34:15.757+0000] {logging_mixin.py:188} INFO - [2026-06-09T09:34:15.757+0000] {dag.py:3954} INFO - Setting next_dagrun for tp2_pokemon_pipeline to None, run_after=None
[2026-06-09T09:34:15.773+0000] {processor.py:183} INFO - Processing /opt/airflow/dags/dag_tp2_pokemon.py took 0.074 seconds
[2026-06-09T09:34:45.964+0000] {processor.py:161} INFO - Started process (PID=490) to work on /opt/airflow/dags/dag_tp2_pokemon.py
[2026-06-09T09:34:45.965+0000] {processor.py:830} INFO - Processing file /opt/airflow/dags/dag_tp2_pokemon.py for tasks to queue
[2026-06-09T09:34:45.967+0000] {logging_mixin.py:188} INFO - [2026-06-09T09:34:45.966+0000] {dagbag.py:545} INFO - Filling up the DagBag from /opt/airflow/dags/dag_tp2_pokemon.py
[2026-06-09T09:34:45.985+0000] {processor.py:840} INFO - DAG(s) 'tp2_pokemon_pipeline' retrieved from /opt/airflow/dags/dag_tp2_pokemon.py
[2026-06-09T09:34:46.014+0000] {logging_mixin.py:188} INFO - [2026-06-09T09:34:46.013+0000] {dag.py:3096} INFO - Sync 1 DAGs
[2026-06-09T09:34:46.023+0000] {logging_mixin.py:188} INFO - [2026-06-09T09:34:46.023+0000] {dag.py:3954} INFO - Setting next_dagrun for tp2_pokemon_pipeline to None, run_after=None
[2026-06-09T09:34:46.040+0000] {processor.py:183} INFO - Processing /opt/airflow/dags/dag_tp2_pokemon.py took 0.081 seconds
[2026-06-09T09:35:16.129+0000] {processor.py:161} INFO - Started process (PID=500) to work on /opt/airflow/dags/dag_tp2_pokemon.py
[2026-06-09T09:35:16.129+0000] {processor.py:830} INFO - Processing file /opt/airflow/dags/dag_tp2_pokemon.py for tasks to queue
[2026-06-09T09:35:16.130+0000] {logging_mixin.py:188} INFO - [2026-06-09T09:35:16.130+0000] {dagbag.py:545} INFO - Filling up the DagBag from /opt/airflow/dags/dag_tp2_pokemon.py
[2026-06-09T09:35:16.146+0000] {processor.py:840} INFO - DAG(s) 'tp2_pokemon_pipeline' retrieved from /opt/airflow/dags/dag_tp2_pokemon.py
[2026-06-09T09:35:16.169+0000] {logging_mixin.py:188} INFO - [2026-06-09T09:35:16.169+0000] {dag.py:3096} INFO - Sync 1 DAGs
[2026-06-09T09:35:16.178+0000] {logging_mixin.py:188} INFO - [2026-06-09T09:35:16.178+0000] {dag.py:3954} INFO - Setting next_dagrun for tp2_pokemon_pipeline to None, run_after=None
[2026-06-09T09:35:16.195+0000] {processor.py:183} INFO - Processing /opt/airflow/dags/dag_tp2_pokemon.py took 0.070 seconds
[2026-06-09T09:35:46.407+0000] {processor.py:161} INFO - Started process (PID=510) to work on /opt/airflow/dags/dag_tp2_pokemon.py
[2026-06-09T09:35:46.408+0000] {processor.py:830} INFO - Processing file /opt/airflow/dags/dag_tp2_pokemon.py for tasks to queue
[2026-06-09T09:35:46.409+0000] {logging_mixin.py:188} INFO - [2026-06-09T09:35:46.409+0000] {dagbag.py:545} INFO - Filling up the DagBag from /opt/airflow/dags/dag_tp2_pokemon.py
[2026-06-09T09:35:46.424+0000] {processor.py:840} INFO - DAG(s) 'tp2_pokemon_pipeline' retrieved from /opt/airflow/dags/dag_tp2_pokemon.py
[2026-06-09T09:35:46.446+0000] {logging_mixin.py:188} INFO - [2026-06-09T09:35:46.446+0000] {dag.py:3096} INFO - Sync 1 DAGs
[2026-06-09T09:35:46.455+0000] {logging_mixin.py:188} INFO - [2026-06-09T09:35:46.455+0000] {dag.py:3954} INFO - Setting next_dagrun for tp2_pokemon_pipeline to None, run_after=None
[2026-06-09T09:35:46.473+0000] {processor.py:183} INFO - Processing /opt/airflow/dags/dag_tp2_pokemon.py took 0.069 seconds
[2026-06-09T09:36:16.573+0000] {processor.py:161} INFO - Started process (PID=520) to work on /opt/airflow/dags/dag_tp2_pokemon.py
[2026-06-09T09:36:16.574+0000] {processor.py:830} INFO - Processing file /opt/airflow/dags/dag_tp2_pokemon.py for tasks to queue
[2026-06-09T09:36:16.575+0000] {logging_mixin.py:188} INFO - [2026-06-09T09:36:16.575+0000] {dagbag.py:545} INFO - Filling up the DagBag from /opt/airflow/dags/dag_tp2_pokemon.py
[2026-06-09T09:36:16.590+0000] {processor.py:840} INFO - DAG(s) 'tp2_pokemon_pipeline' retrieved from /opt/airflow/dags/dag_tp2_pokemon.py
[2026-06-09T09:36:16.614+0000] {logging_mixin.py:188} INFO - [2026-06-09T09:36:16.614+0000] {dag.py:3096} INFO - Sync 1 DAGs
[2026-06-09T09:36:16.626+0000] {logging_mixin.py:188} INFO - [2026-06-09T09:36:16.626+0000] {dag.py:3954} INFO - Setting next_dagrun for tp2_pokemon_pipeline to None, run_after=None
[2026-06-09T09:36:16.642+0000] {processor.py:183} INFO - Processing /opt/airflow/dags/dag_tp2_pokemon.py took 0.074 seconds
[2026-06-09T09:36:46.816+0000] {processor.py:161} INFO - Started process (PID=530) to work on /opt/airflow/dags/dag_tp2_pokemon.py
[2026-06-09T09:36:46.817+0000] {processor.py:830} INFO - Processing file /opt/airflow/dags/dag_tp2_pokemon.py for tasks to queue
[2026-06-09T09:36:46.818+0000] {logging_mixin.py:188} INFO - [2026-06-09T09:36:46.818+0000] {dagbag.py:545} INFO - Filling up the DagBag from /opt/airflow/dags/dag_tp2_pokemon.py
[2026-06-09T09:36:46.833+0000] {processor.py:840} INFO - DAG(s) 'tp2_pokemon_pipeline' retrieved from /opt/airflow/dags/dag_tp2_pokemon.py
[2026-06-09T09:36:46.858+0000] {logging_mixin.py:188} INFO - [2026-06-09T09:36:46.858+0000] {dag.py:3096} INFO - Sync 1 DAGs
[2026-06-09T09:36:46.869+0000] {logging_mixin.py:188} INFO - [2026-06-09T09:36:46.869+0000] {dag.py:3954} INFO - Setting next_dagrun for tp2_pokemon_pipeline to None, run_after=None
[2026-06-09T09:36:46.887+0000] {processor.py:183} INFO - Processing /opt/airflow/dags/dag_tp2_pokemon.py took 0.074 seconds
[2026-06-09T09:37:17.059+0000] {processor.py:161} INFO - Started process (PID=540) to work on /opt/airflow/dags/dag_tp2_pokemon.py
[2026-06-09T09:37:17.059+0000] {processor.py:830} INFO - Processing file /opt/airflow/dags/dag_tp2_pokemon.py for tasks to queue
[2026-06-09T09:37:17.061+0000] {logging_mixin.py:188} INFO - [2026-06-09T09:37:17.061+0000] {dagbag.py:545} INFO - Filling up the DagBag from /opt/airflow/dags/dag_tp2_pokemon.py
[2026-06-09T09:37:17.076+0000] {processor.py:840} INFO - DAG(s) 'tp2_pokemon_pipeline' retrieved from /opt/airflow/dags/dag_tp2_pokemon.py
[2026-06-09T09:37:17.097+0000] {logging_mixin.py:188} INFO - [2026-06-09T09:37:17.097+0000] {dag.py:3096} INFO - Sync 1 DAGs
[2026-06-09T09:37:17.107+0000] {logging_mixin.py:188} INFO - [2026-06-09T09:37:17.107+0000] {dag.py:3954} INFO - Setting next_dagrun for tp2_pokemon_pipeline to None, run_after=None
[2026-06-09T09:37:17.124+0000] {processor.py:183} INFO - Processing /opt/airflow/dags/dag_tp2_pokemon.py took 0.069 seconds
[2026-06-09T09:37:47.221+0000] {processor.py:161} INFO - Started process (PID=550) to work on /opt/airflow/dags/dag_tp2_pokemon.py
[2026-06-09T09:37:47.221+0000] {processor.py:830} INFO - Processing file /opt/airflow/dags/dag_tp2_pokemon.py for tasks to queue
[2026-06-09T09:37:47.223+0000] {logging_mixin.py:188} INFO - [2026-06-09T09:37:47.222+0000] {dagbag.py:545} INFO - Filling up the DagBag from /opt/airflow/dags/dag_tp2_pokemon.py
[2026-06-09T09:37:47.237+0000] {processor.py:840} INFO - DAG(s) 'tp2_pokemon_pipeline' retrieved from /opt/airflow/dags/dag_tp2_pokemon.py
[2026-06-09T09:37:47.263+0000] {logging_mixin.py:188} INFO - [2026-06-09T09:37:47.263+0000] {dag.py:3096} INFO - Sync 1 DAGs
[2026-06-09T09:37:47.275+0000] {logging_mixin.py:188} INFO - [2026-06-09T09:37:47.275+0000] {dag.py:3954} INFO - Setting next_dagrun for tp2_pokemon_pipeline to None, run_after=None
[2026-06-09T09:37:47.291+0000] {processor.py:183} INFO - Processing /opt/airflow/dags/dag_tp2_pokemon.py took 0.074 seconds
[2026-06-09T09:38:17.417+0000] {processor.py:161} INFO - Started process (PID=560) to work on /opt/airflow/dags/dag_tp2_pokemon.py
[2026-06-09T09:38:17.417+0000] {processor.py:830} INFO - Processing file /opt/airflow/dags/dag_tp2_pokemon.py for tasks to queue
[2026-06-09T09:38:17.419+0000] {logging_mixin.py:188} INFO - [2026-06-09T09:38:17.418+0000] {dagbag.py:545} INFO - Filling up the DagBag from /opt/airflow/dags/dag_tp2_pokemon.py
[2026-06-09T09:38:17.433+0000] {processor.py:840} INFO - DAG(s) 'tp2_pokemon_pipeline' retrieved from /opt/airflow/dags/dag_tp2_pokemon.py
[2026-06-09T09:38:17.457+0000] {logging_mixin.py:188} INFO - [2026-06-09T09:38:17.457+0000] {dag.py:3096} INFO - Sync 1 DAGs
[2026-06-09T09:38:17.467+0000] {logging_mixin.py:188} INFO - [2026-06-09T09:38:17.467+0000] {dag.py:3954} INFO - Setting next_dagrun for tp2_pokemon_pipeline to None, run_after=None
[2026-06-09T09:38:17.484+0000] {processor.py:183} INFO - Processing /opt/airflow/dags/dag_tp2_pokemon.py took 0.071 seconds
[2026-06-09T09:38:47.662+0000] {processor.py:161} INFO - Started process (PID=570) to work on /opt/airflow/dags/dag_tp2_pokemon.py
[2026-06-09T09:38:47.663+0000] {processor.py:830} INFO - Processing file /opt/airflow/dags/dag_tp2_pokemon.py for tasks to queue
[2026-06-09T09:38:47.665+0000] {logging_mixin.py:188} INFO - [2026-06-09T09:38:47.665+0000] {dagbag.py:545} INFO - Filling up the DagBag from /opt/airflow/dags/dag_tp2_pokemon.py
[2026-06-09T09:38:47.682+0000] {processor.py:840} INFO - DAG(s) 'tp2_pokemon_pipeline' retrieved from /opt/airflow/dags/dag_tp2_pokemon.py
[2026-06-09T09:38:47.710+0000] {logging_mixin.py:188} INFO - [2026-06-09T09:38:47.710+0000] {dag.py:3096} INFO - Sync 1 DAGs
[2026-06-09T09:38:47.722+0000] {logging_mixin.py:188} INFO - [2026-06-09T09:38:47.722+0000] {dag.py:3954} INFO - Setting next_dagrun for tp2_pokemon_pipeline to None, run_after=None
[2026-06-09T09:38:47.740+0000] {processor.py:183} INFO - Processing /opt/airflow/dags/dag_tp2_pokemon.py took 0.082 seconds
[2026-06-09T09:39:17.913+0000] {processor.py:161} INFO - Started process (PID=580) to work on /opt/airflow/dags/dag_tp2_pokemon.py
[2026-06-09T09:39:17.913+0000] {processor.py:830} INFO - Processing file /opt/airflow/dags/dag_tp2_pokemon.py for tasks to queue
[2026-06-09T09:39:17.915+0000] {logging_mixin.py:188} INFO - [2026-06-09T09:39:17.914+0000] {dagbag.py:545} INFO - Filling up the DagBag from /opt/airflow/dags/dag_tp2_pokemon.py
[2026-06-09T09:39:17.929+0000] {processor.py:840} INFO - DAG(s) 'tp2_pokemon_pipeline' retrieved from /opt/airflow/dags/dag_tp2_pokemon.py
[2026-06-09T09:39:17.952+0000] {logging_mixin.py:188} INFO - [2026-06-09T09:39:17.952+0000] {dag.py:3096} INFO - Sync 1 DAGs
[2026-06-09T09:39:17.963+0000] {logging_mixin.py:188} INFO - [2026-06-09T09:39:17.963+0000] {dag.py:3954} INFO - Setting next_dagrun for tp2_pokemon_pipeline to None, run_after=None
[2026-06-09T09:39:17.979+0000] {processor.py:183} INFO - Processing /opt/airflow/dags/dag_tp2_pokemon.py took 0.070 seconds
[2026-06-09T09:39:48.095+0000] {processor.py:161} INFO - Started process (PID=590) to work on /opt/airflow/dags/dag_tp2_pokemon.py
[2026-06-09T09:39:48.096+0000] {processor.py:830} INFO - Processing file /opt/airflow/dags/dag_tp2_pokemon.py for tasks to queue
[2026-06-09T09:39:48.098+0000] {logging_mixin.py:188} INFO - [2026-06-09T09:39:48.097+0000] {dagbag.py:545} INFO - Filling up the DagBag from /opt/airflow/dags/dag_tp2_pokemon.py
[2026-06-09T09:39:48.118+0000] {processor.py:840} INFO - DAG(s) 'tp2_pokemon_pipeline' retrieved from /opt/airflow/dags/dag_tp2_pokemon.py
[2026-06-09T09:39:48.154+0000] {logging_mixin.py:188} INFO - [2026-06-09T09:39:48.153+0000] {dag.py:3096} INFO - Sync 1 DAGs
[2026-06-09T09:39:48.166+0000] {logging_mixin.py:188} INFO - [2026-06-09T09:39:48.166+0000] {dag.py:3954} INFO - Setting next_dagrun for tp2_pokemon_pipeline to None, run_after=None
[2026-06-09T09:39:48.576+0000] {processor.py:183} INFO - Processing /opt/airflow/dags/dag_tp2_pokemon.py took 0.485 seconds
[2026-06-09T09:40:18.751+0000] {processor.py:161} INFO - Started process (PID=600) to work on /opt/airflow/dags/dag_tp2_pokemon.py
[2026-06-09T09:40:18.752+0000] {processor.py:830} INFO - Processing file /opt/airflow/dags/dag_tp2_pokemon.py for tasks to queue
[2026-06-09T09:40:18.753+0000] {logging_mixin.py:188} INFO - [2026-06-09T09:40:18.753+0000] {dagbag.py:545} INFO - Filling up the DagBag from /opt/airflow/dags/dag_tp2_pokemon.py
[2026-06-09T09:40:18.769+0000] {processor.py:840} INFO - DAG(s) 'tp2_pokemon_pipeline' retrieved from /opt/airflow/dags/dag_tp2_pokemon.py
[2026-06-09T09:40:18.794+0000] {logging_mixin.py:188} INFO - [2026-06-09T09:40:18.794+0000] {dag.py:3096} INFO - Sync 1 DAGs
[2026-06-09T09:40:18.806+0000] {logging_mixin.py:188} INFO - [2026-06-09T09:40:18.806+0000] {dag.py:3954} INFO - Setting next_dagrun for tp2_pokemon_pipeline to None, run_after=None
[2026-06-09T09:40:18.823+0000] {processor.py:183} INFO - Processing /opt/airflow/dags/dag_tp2_pokemon.py took 0.077 seconds
[2026-06-09T09:40:48.944+0000] {processor.py:161} INFO - Started process (PID=610) to work on /opt/airflow/dags/dag_tp2_pokemon.py
[2026-06-09T09:40:48.944+0000] {processor.py:830} INFO - Processing file /opt/airflow/dags/dag_tp2_pokemon.py for tasks to queue
[2026-06-09T09:40:48.946+0000] {logging_mixin.py:188} INFO - [2026-06-09T09:40:48.945+0000] {dagbag.py:545} INFO - Filling up the DagBag from /opt/airflow/dags/dag_tp2_pokemon.py
[2026-06-09T09:40:48.961+0000] {processor.py:840} INFO - DAG(s) 'tp2_pokemon_pipeline' retrieved from /opt/airflow/dags/dag_tp2_pokemon.py
[2026-06-09T09:40:48.982+0000] {logging_mixin.py:188} INFO - [2026-06-09T09:40:48.982+0000] {dag.py:3096} INFO - Sync 1 DAGs
[2026-06-09T09:40:48.992+0000] {logging_mixin.py:188} INFO - [2026-06-09T09:40:48.992+0000] {dag.py:3954} INFO - Setting next_dagrun for tp2_pokemon_pipeline to None, run_after=None
[2026-06-09T09:40:49.009+0000] {processor.py:183} INFO - Processing /opt/airflow/dags/dag_tp2_pokemon.py took 0.070 seconds
[2026-06-09T09:41:19.107+0000] {processor.py:161} INFO - Started process (PID=620) to work on /opt/airflow/dags/dag_tp2_pokemon.py
[2026-06-09T09:41:19.108+0000] {processor.py:830} INFO - Processing file /opt/airflow/dags/dag_tp2_pokemon.py for tasks to queue
[2026-06-09T09:41:19.109+0000] {logging_mixin.py:188} INFO - [2026-06-09T09:41:19.109+0000] {dagbag.py:545} INFO - Filling up the DagBag from /opt/airflow/dags/dag_tp2_pokemon.py
[2026-06-09T09:41:19.124+0000] {processor.py:840} INFO - DAG(s) 'tp2_pokemon_pipeline' retrieved from /opt/airflow/dags/dag_tp2_pokemon.py
[2026-06-09T09:41:19.148+0000] {logging_mixin.py:188} INFO - [2026-06-09T09:41:19.148+0000] {dag.py:3096} INFO - Sync 1 DAGs
[2026-06-09T09:41:19.158+0000] {logging_mixin.py:188} INFO - [2026-06-09T09:41:19.158+0000] {dag.py:3954} INFO - Setting next_dagrun for tp2_pokemon_pipeline to None, run_after=None
[2026-06-09T09:41:19.174+0000] {processor.py:183} INFO - Processing /opt/airflow/dags/dag_tp2_pokemon.py took 0.072 seconds
[2026-06-09T09:41:49.291+0000] {processor.py:161} INFO - Started process (PID=630) to work on /opt/airflow/dags/dag_tp2_pokemon.py
[2026-06-09T09:41:49.292+0000] {processor.py:830} INFO - Processing file /opt/airflow/dags/dag_tp2_pokemon.py for tasks to queue
[2026-06-09T09:41:49.293+0000] {logging_mixin.py:188} INFO - [2026-06-09T09:41:49.293+0000] {dagbag.py:545} INFO - Filling up the DagBag from /opt/airflow/dags/dag_tp2_pokemon.py
[2026-06-09T09:41:49.308+0000] {processor.py:840} INFO - DAG(s) 'tp2_pokemon_pipeline' retrieved from /opt/airflow/dags/dag_tp2_pokemon.py
[2026-06-09T09:41:49.333+0000] {logging_mixin.py:188} INFO - [2026-06-09T09:41:49.333+0000] {dag.py:3096} INFO - Sync 1 DAGs
[2026-06-09T09:41:49.343+0000] {logging_mixin.py:188} INFO - [2026-06-09T09:41:49.343+0000] {dag.py:3954} INFO - Setting next_dagrun for tp2_pokemon_pipeline to None, run_after=None
[2026-06-09T09:41:49.361+0000] {processor.py:183} INFO - Processing /opt/airflow/dags/dag_tp2_pokemon.py took 0.073 seconds
[2026-06-09T09:42:19.462+0000] {processor.py:161} INFO - Started process (PID=640) to work on /opt/airflow/dags/dag_tp2_pokemon.py
[2026-06-09T09:42:19.463+0000] {processor.py:830} INFO - Processing file /opt/airflow/dags/dag_tp2_pokemon.py for tasks to queue
[2026-06-09T09:42:19.464+0000] {logging_mixin.py:188} INFO - [2026-06-09T09:42:19.464+0000] {dagbag.py:545} INFO - Filling up the DagBag from /opt/airflow/dags/dag_tp2_pokemon.py
[2026-06-09T09:42:19.480+0000] {processor.py:840} INFO - DAG(s) 'tp2_pokemon_pipeline' retrieved from /opt/airflow/dags/dag_tp2_pokemon.py
[2026-06-09T09:42:19.507+0000] {logging_mixin.py:188} INFO - [2026-06-09T09:42:19.507+0000] {dag.py:3096} INFO - Sync 1 DAGs
[2026-06-09T09:42:19.518+0000] {logging_mixin.py:188} INFO - [2026-06-09T09:42:19.518+0000] {dag.py:3954} INFO - Setting next_dagrun for tp2_pokemon_pipeline to None, run_after=None
[2026-06-09T09:42:19.537+0000] {processor.py:183} INFO - Processing /opt/airflow/dags/dag_tp2_pokemon.py took 0.078 seconds
[2026-06-09T09:42:49.643+0000] {processor.py:161} INFO - Started process (PID=650) to work on /opt/airflow/dags/dag_tp2_pokemon.py
[2026-06-09T09:42:49.644+0000] {processor.py:830} INFO - Processing file /opt/airflow/dags/dag_tp2_pokemon.py for tasks to queue
[2026-06-09T09:42:49.645+0000] {logging_mixin.py:188} INFO - [2026-06-09T09:42:49.645+0000] {dagbag.py:545} INFO - Filling up the DagBag from /opt/airflow/dags/dag_tp2_pokemon.py
[2026-06-09T09:42:49.660+0000] {processor.py:840} INFO - DAG(s) 'tp2_pokemon_pipeline' retrieved from /opt/airflow/dags/dag_tp2_pokemon.py
[2026-06-09T09:42:49.685+0000] {logging_mixin.py:188} INFO - [2026-06-09T09:42:49.685+0000] {dag.py:3096} INFO - Sync 1 DAGs
[2026-06-09T09:42:49.696+0000] {logging_mixin.py:188} INFO - [2026-06-09T09:42:49.696+0000] {dag.py:3954} INFO - Setting next_dagrun for tp2_pokemon_pipeline to None, run_after=None
[2026-06-09T09:42:49.712+0000] {processor.py:183} INFO - Processing /opt/airflow/dags/dag_tp2_pokemon.py took 0.073 seconds
[2026-06-09T09:43:19.825+0000] {processor.py:161} INFO - Started process (PID=660) to work on /opt/airflow/dags/dag_tp2_pokemon.py
[2026-06-09T09:43:19.825+0000] {processor.py:830} INFO - Processing file /opt/airflow/dags/dag_tp2_pokemon.py for tasks to queue
[2026-06-09T09:43:19.827+0000] {logging_mixin.py:188} INFO - [2026-06-09T09:43:19.826+0000] {dagbag.py:545} INFO - Filling up the DagBag from /opt/airflow/dags/dag_tp2_pokemon.py
[2026-06-09T09:43:19.843+0000] {processor.py:840} INFO - DAG(s) 'tp2_pokemon_pipeline' retrieved from /opt/airflow/dags/dag_tp2_pokemon.py
[2026-06-09T09:43:19.870+0000] {logging_mixin.py:188} INFO - [2026-06-09T09:43:19.870+0000] {dag.py:3096} INFO - Sync 1 DAGs
[2026-06-09T09:43:19.882+0000] {logging_mixin.py:188} INFO - [2026-06-09T09:43:19.882+0000] {dag.py:3954} INFO - Setting next_dagrun for tp2_pokemon_pipeline to None, run_after=None
[2026-06-09T09:43:19.901+0000] {processor.py:183} INFO - Processing /opt/airflow/dags/dag_tp2_pokemon.py took 0.081 seconds
[2026-06-09T09:43:50.091+0000] {processor.py:161} INFO - Started process (PID=670) to work on /opt/airflow/dags/dag_tp2_pokemon.py
[2026-06-09T09:43:50.091+0000] {processor.py:830} INFO - Processing file /opt/airflow/dags/dag_tp2_pokemon.py for tasks to queue
[2026-06-09T09:43:50.093+0000] {logging_mixin.py:188} INFO - [2026-06-09T09:43:50.093+0000] {dagbag.py:545} INFO - Filling up the DagBag from /opt/airflow/dags/dag_tp2_pokemon.py
[2026-06-09T09:43:50.111+0000] {processor.py:840} INFO - DAG(s) 'tp2_pokemon_pipeline' retrieved from /opt/airflow/dags/dag_tp2_pokemon.py
[2026-06-09T09:43:50.138+0000] {logging_mixin.py:188} INFO - [2026-06-09T09:43:50.137+0000] {dag.py:3096} INFO - Sync 1 DAGs
[2026-06-09T09:43:50.150+0000] {logging_mixin.py:188} INFO - [2026-06-09T09:43:50.150+0000] {dag.py:3954} INFO - Setting next_dagrun for tp2_pokemon_pipeline to None, run_after=None
[2026-06-09T09:43:50.170+0000] {processor.py:183} INFO - Processing /opt/airflow/dags/dag_tp2_pokemon.py took 0.083 seconds
[2026-06-09T09:44:20.251+0000] {processor.py:161} INFO - Started process (PID=680) to work on /opt/airflow/dags/dag_tp2_pokemon.py
[2026-06-09T09:44:20.252+0000] {processor.py:830} INFO - Processing file /opt/airflow/dags/dag_tp2_pokemon.py for tasks to queue
[2026-06-09T09:44:20.253+0000] {logging_mixin.py:188} INFO - [2026-06-09T09:44:20.253+0000] {dagbag.py:545} INFO - Filling up the DagBag from /opt/airflow/dags/dag_tp2_pokemon.py
[2026-06-09T09:44:20.268+0000] {processor.py:840} INFO - DAG(s) 'tp2_pokemon_pipeline' retrieved from /opt/airflow/dags/dag_tp2_pokemon.py
[2026-06-09T09:44:20.293+0000] {logging_mixin.py:188} INFO - [2026-06-09T09:44:20.293+0000] {dag.py:3096} INFO - Sync 1 DAGs
[2026-06-09T09:44:20.304+0000] {logging_mixin.py:188} INFO - [2026-06-09T09:44:20.303+0000] {dag.py:3954} INFO - Setting next_dagrun for tp2_pokemon_pipeline to None, run_after=None
[2026-06-09T09:44:20.320+0000] {processor.py:183} INFO - Processing /opt/airflow/dags/dag_tp2_pokemon.py took 0.073 seconds
[2026-06-09T09:44:50.495+0000] {processor.py:161} INFO - Started process (PID=690) to work on /opt/airflow/dags/dag_tp2_pokemon.py
[2026-06-09T09:44:50.496+0000] {processor.py:830} INFO - Processing file /opt/airflow/dags/dag_tp2_pokemon.py for tasks to queue
[2026-06-09T09:44:50.498+0000] {logging_mixin.py:188} INFO - [2026-06-09T09:44:50.498+0000] {dagbag.py:545} INFO - Filling up the DagBag from /opt/airflow/dags/dag_tp2_pokemon.py
[2026-06-09T09:44:50.516+0000] {processor.py:840} INFO - DAG(s) 'tp2_pokemon_pipeline' retrieved from /opt/airflow/dags/dag_tp2_pokemon.py
[2026-06-09T09:44:50.542+0000] {logging_mixin.py:188} INFO - [2026-06-09T09:44:50.542+0000] {dag.py:3096} INFO - Sync 1 DAGs
[2026-06-09T09:44:50.552+0000] {logging_mixin.py:188} INFO - [2026-06-09T09:44:50.552+0000] {dag.py:3954} INFO - Setting next_dagrun for tp2_pokemon_pipeline to None, run_after=None
[2026-06-09T09:44:50.568+0000] {processor.py:183} INFO - Processing /opt/airflow/dags/dag_tp2_pokemon.py took 0.079 seconds
[2026-06-09T09:45:20.655+0000] {processor.py:161} INFO - Started process (PID=700) to work on /opt/airflow/dags/dag_tp2_pokemon.py
[2026-06-09T09:45:20.656+0000] {processor.py:830} INFO - Processing file /opt/airflow/dags/dag_tp2_pokemon.py for tasks to queue
[2026-06-09T09:45:20.657+0000] {logging_mixin.py:188} INFO - [2026-06-09T09:45:20.657+0000] {dagbag.py:545} INFO - Filling up the DagBag from /opt/airflow/dags/dag_tp2_pokemon.py
[2026-06-09T09:45:20.673+0000] {processor.py:840} INFO - DAG(s) 'tp2_pokemon_pipeline' retrieved from /opt/airflow/dags/dag_tp2_pokemon.py
[2026-06-09T09:45:20.700+0000] {logging_mixin.py:188} INFO - [2026-06-09T09:45:20.700+0000] {dag.py:3096} INFO - Sync 1 DAGs
[2026-06-09T09:45:20.711+0000] {logging_mixin.py:188} INFO - [2026-06-09T09:45:20.711+0000] {dag.py:3954} INFO - Setting next_dagrun for tp2_pokemon_pipeline to None, run_after=None
[2026-06-09T09:45:20.727+0000] {processor.py:183} INFO - Processing /opt/airflow/dags/dag_tp2_pokemon.py took 0.076 seconds
[2026-06-09T09:45:50.938+0000] {processor.py:161} INFO - Started process (PID=710) to work on /opt/airflow/dags/dag_tp2_pokemon.py
[2026-06-09T09:45:50.939+0000] {processor.py:830} INFO - Processing file /opt/airflow/dags/dag_tp2_pokemon.py for tasks to queue
[2026-06-09T09:45:50.940+0000] {logging_mixin.py:188} INFO - [2026-06-09T09:45:50.940+0000] {dagbag.py:545} INFO - Filling up the DagBag from /opt/airflow/dags/dag_tp2_pokemon.py
[2026-06-09T09:45:50.956+0000] {processor.py:840} INFO - DAG(s) 'tp2_pokemon_pipeline' retrieved from /opt/airflow/dags/dag_tp2_pokemon.py
[2026-06-09T09:45:50.983+0000] {logging_mixin.py:188} INFO - [2026-06-09T09:45:50.983+0000] {dag.py:3096} INFO - Sync 1 DAGs
[2026-06-09T09:45:50.994+0000] {logging_mixin.py:188} INFO - [2026-06-09T09:45:50.993+0000] {dag.py:3954} INFO - Setting next_dagrun for tp2_pokemon_pipeline to None, run_after=None
[2026-06-09T09:45:51.010+0000] {processor.py:183} INFO - Processing /opt/airflow/dags/dag_tp2_pokemon.py took 0.076 seconds
[2026-06-09T09:46:21.194+0000] {processor.py:161} INFO - Started process (PID=720) to work on /opt/airflow/dags/dag_tp2_pokemon.py
[2026-06-09T09:46:21.195+0000] {processor.py:830} INFO - Processing file /opt/airflow/dags/dag_tp2_pokemon.py for tasks to queue
[2026-06-09T09:46:21.196+0000] {logging_mixin.py:188} INFO - [2026-06-09T09:46:21.196+0000] {dagbag.py:545} INFO - Filling up the DagBag from /opt/airflow/dags/dag_tp2_pokemon.py
[2026-06-09T09:46:21.211+0000] {processor.py:840} INFO - DAG(s) 'tp2_pokemon_pipeline' retrieved from /opt/airflow/dags/dag_tp2_pokemon.py
[2026-06-09T09:46:21.236+0000] {logging_mixin.py:188} INFO - [2026-06-09T09:46:21.236+0000] {dag.py:3096} INFO - Sync 1 DAGs
[2026-06-09T09:46:21.247+0000] {logging_mixin.py:188} INFO - [2026-06-09T09:46:21.247+0000] {dag.py:3954} INFO - Setting next_dagrun for tp2_pokemon_pipeline to None, run_after=None
[2026-06-09T09:46:21.264+0000] {processor.py:183} INFO - Processing /opt/airflow/dags/dag_tp2_pokemon.py took 0.073 seconds
[2026-06-09T09:46:51.360+0000] {processor.py:161} INFO - Started process (PID=730) to work on /opt/airflow/dags/dag_tp2_pokemon.py
[2026-06-09T09:46:51.361+0000] {processor.py:830} INFO - Processing file /opt/airflow/dags/dag_tp2_pokemon.py for tasks to queue
[2026-06-09T09:46:51.362+0000] {logging_mixin.py:188} INFO - [2026-06-09T09:46:51.362+0000] {dagbag.py:545} INFO - Filling up the DagBag from /opt/airflow/dags/dag_tp2_pokemon.py
[2026-06-09T09:46:51.377+0000] {processor.py:840} INFO - DAG(s) 'tp2_pokemon_pipeline' retrieved from /opt/airflow/dags/dag_tp2_pokemon.py
[2026-06-09T09:46:51.404+0000] {logging_mixin.py:188} INFO - [2026-06-09T09:46:51.403+0000] {dag.py:3096} INFO - Sync 1 DAGs
[2026-06-09T09:46:51.415+0000] {logging_mixin.py:188} INFO - [2026-06-09T09:46:51.415+0000] {dag.py:3954} INFO - Setting next_dagrun for tp2_pokemon_pipeline to None, run_after=None
[2026-06-09T09:46:51.431+0000] {processor.py:183} INFO - Processing /opt/airflow/dags/dag_tp2_pokemon.py took 0.076 seconds
[2026-06-09T09:47:21.605+0000] {processor.py:161} INFO - Started process (PID=740) to work on /opt/airflow/dags/dag_tp2_pokemon.py
[2026-06-09T09:47:21.606+0000] {processor.py:830} INFO - Processing file /opt/airflow/dags/dag_tp2_pokemon.py for tasks to queue
[2026-06-09T09:47:21.607+0000] {logging_mixin.py:188} INFO - [2026-06-09T09:47:21.607+0000] {dagbag.py:545} INFO - Filling up the DagBag from /opt/airflow/dags/dag_tp2_pokemon.py
[2026-06-09T09:47:21.625+0000] {processor.py:840} INFO - DAG(s) 'tp2_pokemon_pipeline' retrieved from /opt/airflow/dags/dag_tp2_pokemon.py
[2026-06-09T09:47:21.652+0000] {logging_mixin.py:188} INFO - [2026-06-09T09:47:21.652+0000] {dag.py:3096} INFO - Sync 1 DAGs
[2026-06-09T09:47:21.665+0000] {logging_mixin.py:188} INFO - [2026-06-09T09:47:21.664+0000] {dag.py:3954} INFO - Setting next_dagrun for tp2_pokemon_pipeline to None, run_after=None
[2026-06-09T09:47:21.685+0000] {processor.py:183} INFO - Processing /opt/airflow/dags/dag_tp2_pokemon.py took 0.084 seconds
[2026-06-09T09:47:51.776+0000] {processor.py:161} INFO - Started process (PID=750) to work on /opt/airflow/dags/dag_tp2_pokemon.py
[2026-06-09T09:47:51.776+0000] {processor.py:830} INFO - Processing file /opt/airflow/dags/dag_tp2_pokemon.py for tasks to queue
[2026-06-09T09:47:51.778+0000] {logging_mixin.py:188} INFO - [2026-06-09T09:47:51.777+0000] {dagbag.py:545} INFO - Filling up the DagBag from /opt/airflow/dags/dag_tp2_pokemon.py
[2026-06-09T09:47:51.792+0000] {processor.py:840} INFO - DAG(s) 'tp2_pokemon_pipeline' retrieved from /opt/airflow/dags/dag_tp2_pokemon.py
[2026-06-09T09:47:51.817+0000] {logging_mixin.py:188} INFO - [2026-06-09T09:47:51.817+0000] {dag.py:3096} INFO - Sync 1 DAGs
[2026-06-09T09:47:51.828+0000] {logging_mixin.py:188} INFO - [2026-06-09T09:47:51.827+0000] {dag.py:3954} INFO - Setting next_dagrun for tp2_pokemon_pipeline to None, run_after=None
[2026-06-09T09:47:51.846+0000] {processor.py:183} INFO - Processing /opt/airflow/dags/dag_tp2_pokemon.py took 0.074 seconds
[2026-06-09T09:48:21.996+0000] {processor.py:161} INFO - Started process (PID=760) to work on /opt/airflow/dags/dag_tp2_pokemon.py
[2026-06-09T09:48:21.997+0000] {processor.py:830} INFO - Processing file /opt/airflow/dags/dag_tp2_pokemon.py for tasks to queue
[2026-06-09T09:48:21.998+0000] {logging_mixin.py:188} INFO - [2026-06-09T09:48:21.998+0000] {dagbag.py:545} INFO - Filling up the DagBag from /opt/airflow/dags/dag_tp2_pokemon.py
[2026-06-09T09:48:22.013+0000] {processor.py:840} INFO - DAG(s) 'tp2_pokemon_pipeline' retrieved from /opt/airflow/dags/dag_tp2_pokemon.py
[2026-06-09T09:48:22.038+0000] {logging_mixin.py:188} INFO - [2026-06-09T09:48:22.038+0000] {dag.py:3096} INFO - Sync 1 DAGs
[2026-06-09T09:48:22.050+0000] {logging_mixin.py:188} INFO - [2026-06-09T09:48:22.050+0000] {dag.py:3954} INFO - Setting next_dagrun for tp2_pokemon_pipeline to None, run_after=None
[2026-06-09T09:48:22.067+0000] {processor.py:183} INFO - Processing /opt/airflow/dags/dag_tp2_pokemon.py took 0.075 seconds
[2026-06-09T09:48:52.170+0000] {processor.py:161} INFO - Started process (PID=770) to work on /opt/airflow/dags/dag_tp2_pokemon.py
[2026-06-09T09:48:52.171+0000] {processor.py:830} INFO - Processing file /opt/airflow/dags/dag_tp2_pokemon.py for tasks to queue
[2026-06-09T09:48:52.172+0000] {logging_mixin.py:188} INFO - [2026-06-09T09:48:52.172+0000] {dagbag.py:545} INFO - Filling up the DagBag from /opt/airflow/dags/dag_tp2_pokemon.py
[2026-06-09T09:48:52.188+0000] {processor.py:840} INFO - DAG(s) 'tp2_pokemon_pipeline' retrieved from /opt/airflow/dags/dag_tp2_pokemon.py
[2026-06-09T09:48:52.216+0000] {logging_mixin.py:188} INFO - [2026-06-09T09:48:52.216+0000] {dag.py:3096} INFO - Sync 1 DAGs
[2026-06-09T09:48:52.227+0000] {logging_mixin.py:188} INFO - [2026-06-09T09:48:52.227+0000] {dag.py:3954} INFO - Setting next_dagrun for tp2_pokemon_pipeline to None, run_after=None
[2026-06-09T09:48:52.242+0000] {processor.py:183} INFO - Processing /opt/airflow/dags/dag_tp2_pokemon.py took 0.077 seconds
[2026-06-09T09:49:22.387+0000] {processor.py:161} INFO - Started process (PID=780) to work on /opt/airflow/dags/dag_tp2_pokemon.py
[2026-06-09T09:49:22.388+0000] {processor.py:830} INFO - Processing file /opt/airflow/dags/dag_tp2_pokemon.py for tasks to queue
[2026-06-09T09:49:22.389+0000] {logging_mixin.py:188} INFO - [2026-06-09T09:49:22.389+0000] {dagbag.py:545} INFO - Filling up the DagBag from /opt/airflow/dags/dag_tp2_pokemon.py
[2026-06-09T09:49:22.407+0000] {processor.py:840} INFO - DAG(s) 'tp2_pokemon_pipeline' retrieved from /opt/airflow/dags/dag_tp2_pokemon.py
[2026-06-09T09:49:22.436+0000] {logging_mixin.py:188} INFO - [2026-06-09T09:49:22.436+0000] {dag.py:3096} INFO - Sync 1 DAGs
[2026-06-09T09:49:22.447+0000] {logging_mixin.py:188} INFO - [2026-06-09T09:49:22.447+0000] {dag.py:3954} INFO - Setting next_dagrun for tp2_pokemon_pipeline to None, run_after=None
[2026-06-09T09:49:22.464+0000] {processor.py:183} INFO - Processing /opt/airflow/dags/dag_tp2_pokemon.py took 0.082 seconds
[2026-06-09T09:49:52.655+0000] {processor.py:161} INFO - Started process (PID=790) to work on /opt/airflow/dags/dag_tp2_pokemon.py
[2026-06-09T09:49:52.656+0000] {processor.py:830} INFO - Processing file /opt/airflow/dags/dag_tp2_pokemon.py for tasks to queue
[2026-06-09T09:49:52.657+0000] {logging_mixin.py:188} INFO - [2026-06-09T09:49:52.657+0000] {dagbag.py:545} INFO - Filling up the DagBag from /opt/airflow/dags/dag_tp2_pokemon.py
[2026-06-09T09:49:52.672+0000] {processor.py:840} INFO - DAG(s) 'tp2_pokemon_pipeline' retrieved from /opt/airflow/dags/dag_tp2_pokemon.py
[2026-06-09T09:49:52.697+0000] {logging_mixin.py:188} INFO - [2026-06-09T09:49:52.696+0000] {dag.py:3096} INFO - Sync 1 DAGs
[2026-06-09T09:49:52.708+0000] {logging_mixin.py:188} INFO - [2026-06-09T09:49:52.708+0000] {dag.py:3954} INFO - Setting next_dagrun for tp2_pokemon_pipeline to None, run_after=None
[2026-06-09T09:49:52.725+0000] {processor.py:183} INFO - Processing /opt/airflow/dags/dag_tp2_pokemon.py took 0.073 seconds
[2026-06-09T09:50:22.832+0000] {processor.py:161} INFO - Started process (PID=800) to work on /opt/airflow/dags/dag_tp2_pokemon.py
[2026-06-09T09:50:22.832+0000] {processor.py:830} INFO - Processing file /opt/airflow/dags/dag_tp2_pokemon.py for tasks to queue
[2026-06-09T09:50:22.834+0000] {logging_mixin.py:188} INFO - [2026-06-09T09:50:22.834+0000] {dagbag.py:545} INFO - Filling up the DagBag from /opt/airflow/dags/dag_tp2_pokemon.py
[2026-06-09T09:50:22.853+0000] {processor.py:840} INFO - DAG(s) 'tp2_pokemon_pipeline' retrieved from /opt/airflow/dags/dag_tp2_pokemon.py
[2026-06-09T09:50:22.882+0000] {logging_mixin.py:188} INFO - [2026-06-09T09:50:22.881+0000] {dag.py:3096} INFO - Sync 1 DAGs
[2026-06-09T09:50:22.893+0000] {logging_mixin.py:188} INFO - [2026-06-09T09:50:22.893+0000] {dag.py:3954} INFO - Setting next_dagrun for tp2_pokemon_pipeline to None, run_after=None
[2026-06-09T09:50:22.911+0000] {processor.py:183} INFO - Processing /opt/airflow/dags/dag_tp2_pokemon.py took 0.084 seconds
[2026-06-09T09:50:53.147+0000] {processor.py:161} INFO - Started process (PID=810) to work on /opt/airflow/dags/dag_tp2_pokemon.py
[2026-06-09T09:50:53.148+0000] {processor.py:830} INFO - Processing file /opt/airflow/dags/dag_tp2_pokemon.py for tasks to queue
[2026-06-09T09:50:53.149+0000] {logging_mixin.py:188} INFO - [2026-06-09T09:50:53.149+0000] {dagbag.py:545} INFO - Filling up the DagBag from /opt/airflow/dags/dag_tp2_pokemon.py
[2026-06-09T09:50:53.168+0000] {processor.py:840} INFO - DAG(s) 'tp2_pokemon_pipeline' retrieved from /opt/airflow/dags/dag_tp2_pokemon.py
[2026-06-09T09:50:53.196+0000] {logging_mixin.py:188} INFO - [2026-06-09T09:50:53.195+0000] {dag.py:3096} INFO - Sync 1 DAGs
[2026-06-09T09:50:53.207+0000] {logging_mixin.py:188} INFO - [2026-06-09T09:50:53.207+0000] {dag.py:3954} INFO - Setting next_dagrun for tp2_pokemon_pipeline to None, run_after=None
[2026-06-09T09:50:53.225+0000] {processor.py:183} INFO - Processing /opt/airflow/dags/dag_tp2_pokemon.py took 0.082 seconds
[2026-06-09T09:51:23.318+0000] {processor.py:161} INFO - Started process (PID=820) to work on /opt/airflow/dags/dag_tp2_pokemon.py
[2026-06-09T09:51:23.319+0000] {processor.py:830} INFO - Processing file /opt/airflow/dags/dag_tp2_pokemon.py for tasks to queue
[2026-06-09T09:51:23.320+0000] {logging_mixin.py:188} INFO - [2026-06-09T09:51:23.320+0000] {dagbag.py:545} INFO - Filling up the DagBag from /opt/airflow/dags/dag_tp2_pokemon.py
[2026-06-09T09:51:23.335+0000] {processor.py:840} INFO - DAG(s) 'tp2_pokemon_pipeline' retrieved from /opt/airflow/dags/dag_tp2_pokemon.py
[2026-06-09T09:51:23.361+0000] {logging_mixin.py:188} INFO - [2026-06-09T09:51:23.361+0000] {dag.py:3096} INFO - Sync 1 DAGs
[2026-06-09T09:51:23.372+0000] {logging_mixin.py:188} INFO - [2026-06-09T09:51:23.372+0000] {dag.py:3954} INFO - Setting next_dagrun for tp2_pokemon_pipeline to None, run_after=None
[2026-06-09T09:51:23.390+0000] {processor.py:183} INFO - Processing /opt/airflow/dags/dag_tp2_pokemon.py took 0.076 seconds
[2026-06-09T09:51:53.534+0000] {processor.py:161} INFO - Started process (PID=830) to work on /opt/airflow/dags/dag_tp2_pokemon.py
[2026-06-09T09:51:53.535+0000] {processor.py:830} INFO - Processing file /opt/airflow/dags/dag_tp2_pokemon.py for tasks to queue
[2026-06-09T09:51:53.536+0000] {logging_mixin.py:188} INFO - [2026-06-09T09:51:53.536+0000] {dagbag.py:545} INFO - Filling up the DagBag from /opt/airflow/dags/dag_tp2_pokemon.py
[2026-06-09T09:51:53.555+0000] {processor.py:840} INFO - DAG(s) 'tp2_pokemon_pipeline' retrieved from /opt/airflow/dags/dag_tp2_pokemon.py
[2026-06-09T09:51:53.587+0000] {logging_mixin.py:188} INFO - [2026-06-09T09:51:53.587+0000] {dag.py:3096} INFO - Sync 1 DAGs
[2026-06-09T09:51:53.600+0000] {logging_mixin.py:188} INFO - [2026-06-09T09:51:53.599+0000] {dag.py:3954} INFO - Setting next_dagrun for tp2_pokemon_pipeline to None, run_after=None
[2026-06-09T09:51:53.620+0000] {processor.py:183} INFO - Processing /opt/airflow/dags/dag_tp2_pokemon.py took 0.090 seconds
[2026-06-09T09:52:23.803+0000] {processor.py:161} INFO - Started process (PID=840) to work on /opt/airflow/dags/dag_tp2_pokemon.py
[2026-06-09T09:52:23.804+0000] {processor.py:830} INFO - Processing file /opt/airflow/dags/dag_tp2_pokemon.py for tasks to queue
[2026-06-09T09:52:23.805+0000] {logging_mixin.py:188} INFO - [2026-06-09T09:52:23.805+0000] {dagbag.py:545} INFO - Filling up the DagBag from /opt/airflow/dags/dag_tp2_pokemon.py
[2026-06-09T09:52:23.822+0000] {processor.py:840} INFO - DAG(s) 'tp2_pokemon_pipeline' retrieved from /opt/airflow/dags/dag_tp2_pokemon.py
[2026-06-09T09:52:23.847+0000] {logging_mixin.py:188} INFO - [2026-06-09T09:52:23.847+0000] {dag.py:3096} INFO - Sync 1 DAGs
[2026-06-09T09:52:23.858+0000] {logging_mixin.py:188} INFO - [2026-06-09T09:52:23.858+0000] {dag.py:3954} INFO - Setting next_dagrun for tp2_pokemon_pipeline to None, run_after=None
[2026-06-09T09:52:23.875+0000] {processor.py:183} INFO - Processing /opt/airflow/dags/dag_tp2_pokemon.py took 0.076 seconds
[2026-06-09T09:52:54.068+0000] {processor.py:161} INFO - Started process (PID=850) to work on /opt/airflow/dags/dag_tp2_pokemon.py
[2026-06-09T09:52:54.069+0000] {processor.py:830} INFO - Processing file /opt/airflow/dags/dag_tp2_pokemon.py for tasks to queue
[2026-06-09T09:52:54.071+0000] {logging_mixin.py:188} INFO - [2026-06-09T09:52:54.070+0000] {dagbag.py:545} INFO - Filling up the DagBag from /opt/airflow/dags/dag_tp2_pokemon.py
[2026-06-09T09:52:54.094+0000] {processor.py:840} INFO - DAG(s) 'tp2_pokemon_pipeline' retrieved from /opt/airflow/dags/dag_tp2_pokemon.py
[2026-06-09T09:52:54.131+0000] {logging_mixin.py:188} INFO - [2026-06-09T09:52:54.131+0000] {dag.py:3096} INFO - Sync 1 DAGs
[2026-06-09T09:52:54.145+0000] {logging_mixin.py:188} INFO - [2026-06-09T09:52:54.144+0000] {dag.py:3954} INFO - Setting next_dagrun for tp2_pokemon_pipeline to None, run_after=None
[2026-06-09T09:52:54.171+0000] {processor.py:183} INFO - Processing /opt/airflow/dags/dag_tp2_pokemon.py took 0.110 seconds
[2026-06-09T09:53:24.236+0000] {processor.py:161} INFO - Started process (PID=860) to work on /opt/airflow/dags/dag_tp2_pokemon.py
[2026-06-09T09:53:24.237+0000] {processor.py:830} INFO - Processing file /opt/airflow/dags/dag_tp2_pokemon.py for tasks to queue
[2026-06-09T09:53:24.238+0000] {logging_mixin.py:188} INFO - [2026-06-09T09:53:24.238+0000] {dagbag.py:545} INFO - Filling up the DagBag from /opt/airflow/dags/dag_tp2_pokemon.py
[2026-06-09T09:53:24.254+0000] {processor.py:840} INFO - DAG(s) 'tp2_pokemon_pipeline' retrieved from /opt/airflow/dags/dag_tp2_pokemon.py
[2026-06-09T09:53:24.283+0000] {logging_mixin.py:188} INFO - [2026-06-09T09:53:24.283+0000] {dag.py:3096} INFO - Sync 1 DAGs
[2026-06-09T09:53:24.295+0000] {logging_mixin.py:188} INFO - [2026-06-09T09:53:24.295+0000] {dag.py:3954} INFO - Setting next_dagrun for tp2_pokemon_pipeline to None, run_after=None
[2026-06-09T09:53:24.317+0000] {processor.py:183} INFO - Processing /opt/airflow/dags/dag_tp2_pokemon.py took 0.086 seconds
[2026-06-09T09:53:54.508+0000] {processor.py:161} INFO - Started process (PID=870) to work on /opt/airflow/dags/dag_tp2_pokemon.py
[2026-06-09T09:53:54.508+0000] {processor.py:830} INFO - Processing file /opt/airflow/dags/dag_tp2_pokemon.py for tasks to queue
[2026-06-09T09:53:54.510+0000] {logging_mixin.py:188} INFO - [2026-06-09T09:53:54.510+0000] {dagbag.py:545} INFO - Filling up the DagBag from /opt/airflow/dags/dag_tp2_pokemon.py
[2026-06-09T09:53:54.528+0000] {processor.py:840} INFO - DAG(s) 'tp2_pokemon_pipeline' retrieved from /opt/airflow/dags/dag_tp2_pokemon.py
[2026-06-09T09:53:54.556+0000] {logging_mixin.py:188} INFO - [2026-06-09T09:53:54.556+0000] {dag.py:3096} INFO - Sync 1 DAGs
[2026-06-09T09:53:54.567+0000] {logging_mixin.py:188} INFO - [2026-06-09T09:53:54.567+0000] {dag.py:3954} INFO - Setting next_dagrun for tp2_pokemon_pipeline to None, run_after=None
[2026-06-09T09:53:54.585+0000] {processor.py:183} INFO - Processing /opt/airflow/dags/dag_tp2_pokemon.py took 0.083 seconds
[2026-06-09T09:54:24.676+0000] {processor.py:161} INFO - Started process (PID=880) to work on /opt/airflow/dags/dag_tp2_pokemon.py
[2026-06-09T09:54:24.677+0000] {processor.py:830} INFO - Processing file /opt/airflow/dags/dag_tp2_pokemon.py for tasks to queue
[2026-06-09T09:54:24.678+0000] {logging_mixin.py:188} INFO - [2026-06-09T09:54:24.678+0000] {dagbag.py:545} INFO - Filling up the DagBag from /opt/airflow/dags/dag_tp2_pokemon.py
[2026-06-09T09:54:24.695+0000] {processor.py:840} INFO - DAG(s) 'tp2_pokemon_pipeline' retrieved from /opt/airflow/dags/dag_tp2_pokemon.py
[2026-06-09T09:54:24.721+0000] {logging_mixin.py:188} INFO - [2026-06-09T09:54:24.721+0000] {dag.py:3096} INFO - Sync 1 DAGs
[2026-06-09T09:54:24.731+0000] {logging_mixin.py:188} INFO - [2026-06-09T09:54:24.731+0000] {dag.py:3954} INFO - Setting next_dagrun for tp2_pokemon_pipeline to None, run_after=None
[2026-06-09T09:54:24.752+0000] {processor.py:183} INFO - Processing /opt/airflow/dags/dag_tp2_pokemon.py took 0.080 seconds
[2026-06-09T09:54:54.890+0000] {processor.py:161} INFO - Started process (PID=890) to work on /opt/airflow/dags/dag_tp2_pokemon.py
[2026-06-09T09:54:54.890+0000] {processor.py:830} INFO - Processing file /opt/airflow/dags/dag_tp2_pokemon.py for tasks to queue
[2026-06-09T09:54:54.892+0000] {logging_mixin.py:188} INFO - [2026-06-09T09:54:54.892+0000] {dagbag.py:545} INFO - Filling up the DagBag from /opt/airflow/dags/dag_tp2_pokemon.py
[2026-06-09T09:54:54.909+0000] {processor.py:840} INFO - DAG(s) 'tp2_pokemon_pipeline' retrieved from /opt/airflow/dags/dag_tp2_pokemon.py
[2026-06-09T09:54:54.939+0000] {logging_mixin.py:188} INFO - [2026-06-09T09:54:54.939+0000] {dag.py:3096} INFO - Sync 1 DAGs
[2026-06-09T09:54:54.953+0000] {logging_mixin.py:188} INFO - [2026-06-09T09:54:54.953+0000] {dag.py:3954} INFO - Setting next_dagrun for tp2_pokemon_pipeline to None, run_after=None
[2026-06-09T09:54:54.972+0000] {processor.py:183} INFO - Processing /opt/airflow/dags/dag_tp2_pokemon.py took 0.088 seconds
[2026-06-09T09:55:25.166+0000] {processor.py:161} INFO - Started process (PID=900) to work on /opt/airflow/dags/dag_tp2_pokemon.py
[2026-06-09T09:55:25.167+0000] {processor.py:830} INFO - Processing file /opt/airflow/dags/dag_tp2_pokemon.py for tasks to queue
[2026-06-09T09:55:25.169+0000] {logging_mixin.py:188} INFO - [2026-06-09T09:55:25.169+0000] {dagbag.py:545} INFO - Filling up the DagBag from /opt/airflow/dags/dag_tp2_pokemon.py
[2026-06-09T09:55:25.191+0000] {processor.py:840} INFO - DAG(s) 'tp2_pokemon_pipeline' retrieved from /opt/airflow/dags/dag_tp2_pokemon.py
[2026-06-09T09:55:25.224+0000] {logging_mixin.py:188} INFO - [2026-06-09T09:55:25.223+0000] {dag.py:3096} INFO - Sync 1 DAGs
[2026-06-09T09:55:25.236+0000] {logging_mixin.py:188} INFO - [2026-06-09T09:55:25.236+0000] {dag.py:3954} INFO - Setting next_dagrun for tp2_pokemon_pipeline to None, run_after=None
[2026-06-09T09:55:25.257+0000] {processor.py:183} INFO - Processing /opt/airflow/dags/dag_tp2_pokemon.py took 0.098 seconds
[2026-06-09T09:55:55.384+0000] {processor.py:161} INFO - Started process (PID=910) to work on /opt/airflow/dags/dag_tp2_pokemon.py
[2026-06-09T09:55:55.385+0000] {processor.py:830} INFO - Processing file /opt/airflow/dags/dag_tp2_pokemon.py for tasks to queue
[2026-06-09T09:55:55.387+0000] {logging_mixin.py:188} INFO - [2026-06-09T09:55:55.387+0000] {dagbag.py:545} INFO - Filling up the DagBag from /opt/airflow/dags/dag_tp2_pokemon.py
[2026-06-09T09:55:55.407+0000] {processor.py:840} INFO - DAG(s) 'tp2_pokemon_pipeline' retrieved from /opt/airflow/dags/dag_tp2_pokemon.py
[2026-06-09T09:55:55.437+0000] {logging_mixin.py:188} INFO - [2026-06-09T09:55:55.437+0000] {dag.py:3096} INFO - Sync 1 DAGs
[2026-06-09T09:55:55.451+0000] {logging_mixin.py:188} INFO - [2026-06-09T09:55:55.451+0000] {dag.py:3954} INFO - Setting next_dagrun for tp2_pokemon_pipeline to None, run_after=None
[2026-06-09T09:55:55.469+0000] {processor.py:183} INFO - Processing /opt/airflow/dags/dag_tp2_pokemon.py took 0.091 seconds
[2026-06-09T09:56:25.674+0000] {processor.py:161} INFO - Started process (PID=920) to work on /opt/airflow/dags/dag_tp2_pokemon.py
[2026-06-09T09:56:25.675+0000] {processor.py:830} INFO - Processing file /opt/airflow/dags/dag_tp2_pokemon.py for tasks to queue
[2026-06-09T09:56:25.677+0000] {logging_mixin.py:188} INFO - [2026-06-09T09:56:25.676+0000] {dagbag.py:545} INFO - Filling up the DagBag from /opt/airflow/dags/dag_tp2_pokemon.py
[2026-06-09T09:56:25.695+0000] {processor.py:840} INFO - DAG(s) 'tp2_pokemon_pipeline' retrieved from /opt/airflow/dags/dag_tp2_pokemon.py
[2026-06-09T09:56:25.729+0000] {logging_mixin.py:188} INFO - [2026-06-09T09:56:25.729+0000] {dag.py:3096} INFO - Sync 1 DAGs
[2026-06-09T09:56:25.744+0000] {logging_mixin.py:188} INFO - [2026-06-09T09:56:25.743+0000] {dag.py:3954} INFO - Setting next_dagrun for tp2_pokemon_pipeline to None, run_after=None
[2026-06-09T09:56:25.766+0000] {processor.py:183} INFO - Processing /opt/airflow/dags/dag_tp2_pokemon.py took 0.097 seconds
[2026-06-09T09:56:55.856+0000] {processor.py:161} INFO - Started process (PID=930) to work on /opt/airflow/dags/dag_tp2_pokemon.py
[2026-06-09T09:56:55.857+0000] {processor.py:830} INFO - Processing file /opt/airflow/dags/dag_tp2_pokemon.py for tasks to queue
[2026-06-09T09:56:55.858+0000] {logging_mixin.py:188} INFO - [2026-06-09T09:56:55.858+0000] {dagbag.py:545} INFO - Filling up the DagBag from /opt/airflow/dags/dag_tp2_pokemon.py
[2026-06-09T09:56:55.877+0000] {processor.py:840} INFO - DAG(s) 'tp2_pokemon_pipeline' retrieved from /opt/airflow/dags/dag_tp2_pokemon.py
[2026-06-09T09:56:55.907+0000] {logging_mixin.py:188} INFO - [2026-06-09T09:56:55.907+0000] {dag.py:3096} INFO - Sync 1 DAGs
[2026-06-09T09:56:55.919+0000] {logging_mixin.py:188} INFO - [2026-06-09T09:56:55.918+0000] {dag.py:3954} INFO - Setting next_dagrun for tp2_pokemon_pipeline to None, run_after=None
[2026-06-09T09:56:55.942+0000] {processor.py:183} INFO - Processing /opt/airflow/dags/dag_tp2_pokemon.py took 0.092 seconds
[2026-06-09T09:57:26.077+0000] {processor.py:161} INFO - Started process (PID=940) to work on /opt/airflow/dags/dag_tp2_pokemon.py
[2026-06-09T09:57:26.077+0000] {processor.py:830} INFO - Processing file /opt/airflow/dags/dag_tp2_pokemon.py for tasks to queue
[2026-06-09T09:57:26.079+0000] {logging_mixin.py:188} INFO - [2026-06-09T09:57:26.078+0000] {dagbag.py:545} INFO - Filling up the DagBag from /opt/airflow/dags/dag_tp2_pokemon.py
[2026-06-09T09:57:26.097+0000] {processor.py:840} INFO - DAG(s) 'tp2_pokemon_pipeline' retrieved from /opt/airflow/dags/dag_tp2_pokemon.py
[2026-06-09T09:57:26.125+0000] {logging_mixin.py:188} INFO - [2026-06-09T09:57:26.124+0000] {dag.py:3096} INFO - Sync 1 DAGs
[2026-06-09T09:57:26.136+0000] {logging_mixin.py:188} INFO - [2026-06-09T09:57:26.136+0000] {dag.py:3954} INFO - Setting next_dagrun for tp2_pokemon_pipeline to None, run_after=None
[2026-06-09T09:57:26.153+0000] {processor.py:183} INFO - Processing /opt/airflow/dags/dag_tp2_pokemon.py took 0.081 seconds
[2026-06-09T09:57:56.250+0000] {processor.py:161} INFO - Started process (PID=950) to work on /opt/airflow/dags/dag_tp2_pokemon.py
[2026-06-09T09:57:56.251+0000] {processor.py:830} INFO - Processing file /opt/airflow/dags/dag_tp2_pokemon.py for tasks to queue
[2026-06-09T09:57:56.253+0000] {logging_mixin.py:188} INFO - [2026-06-09T09:57:56.252+0000] {dagbag.py:545} INFO - Filling up the DagBag from /opt/airflow/dags/dag_tp2_pokemon.py
[2026-06-09T09:57:56.269+0000] {processor.py:840} INFO - DAG(s) 'tp2_pokemon_pipeline' retrieved from /opt/airflow/dags/dag_tp2_pokemon.py
[2026-06-09T09:57:56.298+0000] {logging_mixin.py:188} INFO - [2026-06-09T09:57:56.298+0000] {dag.py:3096} INFO - Sync 1 DAGs
[2026-06-09T09:57:56.311+0000] {logging_mixin.py:188} INFO - [2026-06-09T09:57:56.311+0000] {dag.py:3954} INFO - Setting next_dagrun for tp2_pokemon_pipeline to None, run_after=None
[2026-06-09T09:57:56.333+0000] {processor.py:183} INFO - Processing /opt/airflow/dags/dag_tp2_pokemon.py took 0.087 seconds
[2026-06-09T09:58:26.461+0000] {processor.py:161} INFO - Started process (PID=960) to work on /opt/airflow/dags/dag_tp2_pokemon.py
[2026-06-09T09:58:26.462+0000] {processor.py:830} INFO - Processing file /opt/airflow/dags/dag_tp2_pokemon.py for tasks to queue
[2026-06-09T09:58:26.464+0000] {logging_mixin.py:188} INFO - [2026-06-09T09:58:26.463+0000] {dagbag.py:545} INFO - Filling up the DagBag from /opt/airflow/dags/dag_tp2_pokemon.py
[2026-06-09T09:58:26.486+0000] {processor.py:840} INFO - DAG(s) 'tp2_pokemon_pipeline' retrieved from /opt/airflow/dags/dag_tp2_pokemon.py
[2026-06-09T09:58:26.519+0000] {logging_mixin.py:188} INFO - [2026-06-09T09:58:26.519+0000] {dag.py:3096} INFO - Sync 1 DAGs
[2026-06-09T09:58:26.532+0000] {logging_mixin.py:188} INFO - [2026-06-09T09:58:26.532+0000] {dag.py:3954} INFO - Setting next_dagrun for tp2_pokemon_pipeline to None, run_after=None
[2026-06-09T09:58:26.551+0000] {processor.py:183} INFO - Processing /opt/airflow/dags/dag_tp2_pokemon.py took 0.095 seconds
[2026-06-09T09:58:56.637+0000] {processor.py:161} INFO - Started process (PID=970) to work on /opt/airflow/dags/dag_tp2_pokemon.py
[2026-06-09T09:58:56.637+0000] {processor.py:830} INFO - Processing file /opt/airflow/dags/dag_tp2_pokemon.py for tasks to queue
[2026-06-09T09:58:56.639+0000] {logging_mixin.py:188} INFO - [2026-06-09T09:58:56.639+0000] {dagbag.py:545} INFO - Filling up the DagBag from /opt/airflow/dags/dag_tp2_pokemon.py
[2026-06-09T09:58:56.656+0000] {processor.py:840} INFO - DAG(s) 'tp2_pokemon_pipeline' retrieved from /opt/airflow/dags/dag_tp2_pokemon.py
[2026-06-09T09:58:56.685+0000] {logging_mixin.py:188} INFO - [2026-06-09T09:58:56.685+0000] {dag.py:3096} INFO - Sync 1 DAGs
[2026-06-09T09:58:56.696+0000] {logging_mixin.py:188} INFO - [2026-06-09T09:58:56.696+0000] {dag.py:3954} INFO - Setting next_dagrun for tp2_pokemon_pipeline to None, run_after=None
[2026-06-09T09:58:56.713+0000] {processor.py:183} INFO - Processing /opt/airflow/dags/dag_tp2_pokemon.py took 0.081 seconds
[2026-06-09T09:59:26.901+0000] {processor.py:161} INFO - Started process (PID=980) to work on /opt/airflow/dags/dag_tp2_pokemon.py
[2026-06-09T09:59:26.902+0000] {processor.py:830} INFO - Processing file /opt/airflow/dags/dag_tp2_pokemon.py for tasks to queue
[2026-06-09T09:59:26.903+0000] {logging_mixin.py:188} INFO - [2026-06-09T09:59:26.903+0000] {dagbag.py:545} INFO - Filling up the DagBag from /opt/airflow/dags/dag_tp2_pokemon.py
[2026-06-09T09:59:26.921+0000] {processor.py:840} INFO - DAG(s) 'tp2_pokemon_pipeline' retrieved from /opt/airflow/dags/dag_tp2_pokemon.py
[2026-06-09T09:59:26.949+0000] {logging_mixin.py:188} INFO - [2026-06-09T09:59:26.949+0000] {dag.py:3096} INFO - Sync 1 DAGs
[2026-06-09T09:59:26.960+0000] {logging_mixin.py:188} INFO - [2026-06-09T09:59:26.960+0000] {dag.py:3954} INFO - Setting next_dagrun for tp2_pokemon_pipeline to None, run_after=None
[2026-06-09T09:59:26.979+0000] {processor.py:183} INFO - Processing /opt/airflow/dags/dag_tp2_pokemon.py took 0.082 seconds
[2026-06-09T09:59:57.074+0000] {processor.py:161} INFO - Started process (PID=990) to work on /opt/airflow/dags/dag_tp2_pokemon.py
[2026-06-09T09:59:57.075+0000] {processor.py:830} INFO - Processing file /opt/airflow/dags/dag_tp2_pokemon.py for tasks to queue
[2026-06-09T09:59:57.076+0000] {logging_mixin.py:188} INFO - [2026-06-09T09:59:57.076+0000] {dagbag.py:545} INFO - Filling up the DagBag from /opt/airflow/dags/dag_tp2_pokemon.py
[2026-06-09T09:59:57.092+0000] {processor.py:840} INFO - DAG(s) 'tp2_pokemon_pipeline' retrieved from /opt/airflow/dags/dag_tp2_pokemon.py
[2026-06-09T09:59:57.121+0000] {logging_mixin.py:188} INFO - [2026-06-09T09:59:57.121+0000] {dag.py:3096} INFO - Sync 1 DAGs
[2026-06-09T09:59:57.132+0000] {logging_mixin.py:188} INFO - [2026-06-09T09:59:57.132+0000] {dag.py:3954} INFO - Setting next_dagrun for tp2_pokemon_pipeline to None, run_after=None
[2026-06-09T09:59:57.149+0000] {processor.py:183} INFO - Processing /opt/airflow/dags/dag_tp2_pokemon.py took 0.080 seconds
[2026-06-09T10:00:27.341+0000] {processor.py:161} INFO - Started process (PID=1000) to work on /opt/airflow/dags/dag_tp2_pokemon.py
[2026-06-09T10:00:27.342+0000] {processor.py:830} INFO - Processing file /opt/airflow/dags/dag_tp2_pokemon.py for tasks to queue
[2026-06-09T10:00:27.343+0000] {logging_mixin.py:188} INFO - [2026-06-09T10:00:27.343+0000] {dagbag.py:545} INFO - Filling up the DagBag from /opt/airflow/dags/dag_tp2_pokemon.py
[2026-06-09T10:00:27.360+0000] {processor.py:840} INFO - DAG(s) 'tp2_pokemon_pipeline' retrieved from /opt/airflow/dags/dag_tp2_pokemon.py
[2026-06-09T10:00:27.389+0000] {logging_mixin.py:188} INFO - [2026-06-09T10:00:27.389+0000] {dag.py:3096} INFO - Sync 1 DAGs
[2026-06-09T10:00:27.400+0000] {logging_mixin.py:188} INFO - [2026-06-09T10:00:27.400+0000] {dag.py:3954} INFO - Setting next_dagrun for tp2_pokemon_pipeline to None, run_after=None
[2026-06-09T10:00:27.419+0000] {processor.py:183} INFO - Processing /opt/airflow/dags/dag_tp2_pokemon.py took 0.082 seconds
[2026-06-09T10:00:57.547+0000] {processor.py:161} INFO - Started process (PID=1010) to work on /opt/airflow/dags/dag_tp2_pokemon.py
[2026-06-09T10:00:57.548+0000] {processor.py:830} INFO - Processing file /opt/airflow/dags/dag_tp2_pokemon.py for tasks to queue
[2026-06-09T10:00:57.549+0000] {logging_mixin.py:188} INFO - [2026-06-09T10:00:57.549+0000] {dagbag.py:545} INFO - Filling up the DagBag from /opt/airflow/dags/dag_tp2_pokemon.py
[2026-06-09T10:00:57.566+0000] {processor.py:840} INFO - DAG(s) 'tp2_pokemon_pipeline' retrieved from /opt/airflow/dags/dag_tp2_pokemon.py
[2026-06-09T10:00:57.592+0000] {logging_mixin.py:188} INFO - [2026-06-09T10:00:57.591+0000] {dag.py:3096} INFO - Sync 1 DAGs
[2026-06-09T10:00:57.603+0000] {logging_mixin.py:188} INFO - [2026-06-09T10:00:57.603+0000] {dag.py:3954} INFO - Setting next_dagrun for tp2_pokemon_pipeline to None, run_after=None
[2026-06-09T10:00:57.621+0000] {processor.py:183} INFO - Processing /opt/airflow/dags/dag_tp2_pokemon.py took 0.078 seconds
[2026-06-09T10:01:27.814+0000] {processor.py:161} INFO - Started process (PID=1020) to work on /opt/airflow/dags/dag_tp2_pokemon.py
[2026-06-09T10:01:27.814+0000] {processor.py:830} INFO - Processing file /opt/airflow/dags/dag_tp2_pokemon.py for tasks to queue
[2026-06-09T10:01:27.816+0000] {logging_mixin.py:188} INFO - [2026-06-09T10:01:27.815+0000] {dagbag.py:545} INFO - Filling up the DagBag from /opt/airflow/dags/dag_tp2_pokemon.py
[2026-06-09T10:01:27.831+0000] {processor.py:840} INFO - DAG(s) 'tp2_pokemon_pipeline' retrieved from /opt/airflow/dags/dag_tp2_pokemon.py
[2026-06-09T10:01:27.858+0000] {logging_mixin.py:188} INFO - [2026-06-09T10:01:27.858+0000] {dag.py:3096} INFO - Sync 1 DAGs
[2026-06-09T10:01:27.870+0000] {logging_mixin.py:188} INFO - [2026-06-09T10:01:27.870+0000] {dag.py:3954} INFO - Setting next_dagrun for tp2_pokemon_pipeline to None, run_after=None
[2026-06-09T10:01:27.890+0000] {processor.py:183} INFO - Processing /opt/airflow/dags/dag_tp2_pokemon.py took 0.080 seconds
[2026-06-09T10:01:57.989+0000] {processor.py:161} INFO - Started process (PID=1030) to work on /opt/airflow/dags/dag_tp2_pokemon.py
[2026-06-09T10:01:57.990+0000] {processor.py:830} INFO - Processing file /opt/airflow/dags/dag_tp2_pokemon.py for tasks to queue
[2026-06-09T10:01:57.991+0000] {logging_mixin.py:188} INFO - [2026-06-09T10:01:57.991+0000] {dagbag.py:545} INFO - Filling up the DagBag from /opt/airflow/dags/dag_tp2_pokemon.py
[2026-06-09T10:01:58.008+0000] {processor.py:840} INFO - DAG(s) 'tp2_pokemon_pipeline' retrieved from /opt/airflow/dags/dag_tp2_pokemon.py
[2026-06-09T10:01:58.037+0000] {logging_mixin.py:188} INFO - [2026-06-09T10:01:58.037+0000] {dag.py:3096} INFO - Sync 1 DAGs
[2026-06-09T10:01:58.050+0000] {logging_mixin.py:188} INFO - [2026-06-09T10:01:58.050+0000] {dag.py:3954} INFO - Setting next_dagrun for tp2_pokemon_pipeline to None, run_after=None
[2026-06-09T10:01:58.069+0000] {processor.py:183} INFO - Processing /opt/airflow/dags/dag_tp2_pokemon.py took 0.084 seconds
[2026-06-09T10:02:28.203+0000] {processor.py:161} INFO - Started process (PID=1040) to work on /opt/airflow/dags/dag_tp2_pokemon.py
[2026-06-09T10:02:28.204+0000] {processor.py:830} INFO - Processing file /opt/airflow/dags/dag_tp2_pokemon.py for tasks to queue
[2026-06-09T10:02:28.205+0000] {logging_mixin.py:188} INFO - [2026-06-09T10:02:28.205+0000] {dagbag.py:545} INFO - Filling up the DagBag from /opt/airflow/dags/dag_tp2_pokemon.py
[2026-06-09T10:02:28.222+0000] {processor.py:840} INFO - DAG(s) 'tp2_pokemon_pipeline' retrieved from /opt/airflow/dags/dag_tp2_pokemon.py
[2026-06-09T10:02:28.258+0000] {logging_mixin.py:188} INFO - [2026-06-09T10:02:28.258+0000] {dag.py:3096} INFO - Sync 1 DAGs
[2026-06-09T10:02:28.270+0000] {logging_mixin.py:188} INFO - [2026-06-09T10:02:28.270+0000] {dag.py:3954} INFO - Setting next_dagrun for tp2_pokemon_pipeline to None, run_after=None
[2026-06-09T10:02:28.288+0000] {processor.py:183} INFO - Processing /opt/airflow/dags/dag_tp2_pokemon.py took 0.090 seconds
[2026-06-09T10:02:58.473+0000] {processor.py:161} INFO - Started process (PID=1050) to work on /opt/airflow/dags/dag_tp2_pokemon.py
[2026-06-09T10:02:58.474+0000] {processor.py:830} INFO - Processing file /opt/airflow/dags/dag_tp2_pokemon.py for tasks to queue
[2026-06-09T10:02:58.475+0000] {logging_mixin.py:188} INFO - [2026-06-09T10:02:58.475+0000] {dagbag.py:545} INFO - Filling up the DagBag from /opt/airflow/dags/dag_tp2_pokemon.py
[2026-06-09T10:02:58.492+0000] {processor.py:840} INFO - DAG(s) 'tp2_pokemon_pipeline' retrieved from /opt/airflow/dags/dag_tp2_pokemon.py
[2026-06-09T10:02:58.521+0000] {logging_mixin.py:188} INFO - [2026-06-09T10:02:58.521+0000] {dag.py:3096} INFO - Sync 1 DAGs
[2026-06-09T10:02:58.534+0000] {logging_mixin.py:188} INFO - [2026-06-09T10:02:58.534+0000] {dag.py:3954} INFO - Setting next_dagrun for tp2_pokemon_pipeline to None, run_after=None
[2026-06-09T10:02:58.553+0000] {processor.py:183} INFO - Processing /opt/airflow/dags/dag_tp2_pokemon.py took 0.085 seconds
[2026-06-09T10:03:28.745+0000] {processor.py:161} INFO - Started process (PID=1060) to work on /opt/airflow/dags/dag_tp2_pokemon.py
[2026-06-09T10:03:28.745+0000] {processor.py:830} INFO - Processing file /opt/airflow/dags/dag_tp2_pokemon.py for tasks to queue
[2026-06-09T10:03:28.747+0000] {logging_mixin.py:188} INFO - [2026-06-09T10:03:28.746+0000] {dagbag.py:545} INFO - Filling up the DagBag from /opt/airflow/dags/dag_tp2_pokemon.py
[2026-06-09T10:03:28.761+0000] {processor.py:840} INFO - DAG(s) 'tp2_pokemon_pipeline' retrieved from /opt/airflow/dags/dag_tp2_pokemon.py
[2026-06-09T10:03:28.789+0000] {logging_mixin.py:188} INFO - [2026-06-09T10:03:28.788+0000] {dag.py:3096} INFO - Sync 1 DAGs
[2026-06-09T10:03:28.799+0000] {logging_mixin.py:188} INFO - [2026-06-09T10:03:28.799+0000] {dag.py:3954} INFO - Setting next_dagrun for tp2_pokemon_pipeline to None, run_after=None
[2026-06-09T10:03:28.816+0000] {processor.py:183} INFO - Processing /opt/airflow/dags/dag_tp2_pokemon.py took 0.076 seconds
[2026-06-09T10:03:58.916+0000] {processor.py:161} INFO - Started process (PID=1070) to work on /opt/airflow/dags/dag_tp2_pokemon.py
[2026-06-09T10:03:58.917+0000] {processor.py:830} INFO - Processing file /opt/airflow/dags/dag_tp2_pokemon.py for tasks to queue
[2026-06-09T10:03:58.919+0000] {logging_mixin.py:188} INFO - [2026-06-09T10:03:58.918+0000] {dagbag.py:545} INFO - Filling up the DagBag from /opt/airflow/dags/dag_tp2_pokemon.py
[2026-06-09T10:03:58.937+0000] {processor.py:840} INFO - DAG(s) 'tp2_pokemon_pipeline' retrieved from /opt/airflow/dags/dag_tp2_pokemon.py
[2026-06-09T10:03:58.967+0000] {logging_mixin.py:188} INFO - [2026-06-09T10:03:58.967+0000] {dag.py:3096} INFO - Sync 1 DAGs
[2026-06-09T10:03:58.980+0000] {logging_mixin.py:188} INFO - [2026-06-09T10:03:58.980+0000] {dag.py:3954} INFO - Setting next_dagrun for tp2_pokemon_pipeline to None, run_after=None
[2026-06-09T10:03:58.999+0000] {processor.py:183} INFO - Processing /opt/airflow/dags/dag_tp2_pokemon.py took 0.089 seconds
[2026-06-09T10:04:29.124+0000] {processor.py:161} INFO - Started process (PID=1080) to work on /opt/airflow/dags/dag_tp2_pokemon.py
[2026-06-09T10:04:29.125+0000] {processor.py:830} INFO - Processing file /opt/airflow/dags/dag_tp2_pokemon.py for tasks to queue
[2026-06-09T10:04:29.126+0000] {logging_mixin.py:188} INFO - [2026-06-09T10:04:29.126+0000] {dagbag.py:545} INFO - Filling up the DagBag from /opt/airflow/dags/dag_tp2_pokemon.py
[2026-06-09T10:04:29.144+0000] {processor.py:840} INFO - DAG(s) 'tp2_pokemon_pipeline' retrieved from /opt/airflow/dags/dag_tp2_pokemon.py
[2026-06-09T10:04:29.173+0000] {logging_mixin.py:188} INFO - [2026-06-09T10:04:29.173+0000] {dag.py:3096} INFO - Sync 1 DAGs
[2026-06-09T10:04:29.186+0000] {logging_mixin.py:188} INFO - [2026-06-09T10:04:29.185+0000] {dag.py:3954} INFO - Setting next_dagrun for tp2_pokemon_pipeline to None, run_after=None
[2026-06-09T10:04:29.204+0000] {processor.py:183} INFO - Processing /opt/airflow/dags/dag_tp2_pokemon.py took 0.086 seconds
[2026-06-09T10:04:59.395+0000] {processor.py:161} INFO - Started process (PID=1090) to work on /opt/airflow/dags/dag_tp2_pokemon.py
[2026-06-09T10:04:59.395+0000] {processor.py:830} INFO - Processing file /opt/airflow/dags/dag_tp2_pokemon.py for tasks to queue
[2026-06-09T10:04:59.397+0000] {logging_mixin.py:188} INFO - [2026-06-09T10:04:59.397+0000] {dagbag.py:545} INFO - Filling up the DagBag from /opt/airflow/dags/dag_tp2_pokemon.py
[2026-06-09T10:04:59.416+0000] {processor.py:840} INFO - DAG(s) 'tp2_pokemon_pipeline' retrieved from /opt/airflow/dags/dag_tp2_pokemon.py
[2026-06-09T10:04:59.444+0000] {logging_mixin.py:188} INFO - [2026-06-09T10:04:59.444+0000] {dag.py:3096} INFO - Sync 1 DAGs
[2026-06-09T10:04:59.457+0000] {logging_mixin.py:188} INFO - [2026-06-09T10:04:59.457+0000] {dag.py:3954} INFO - Setting next_dagrun for tp2_pokemon_pipeline to None, run_after=None
[2026-06-09T10:04:59.476+0000] {processor.py:183} INFO - Processing /opt/airflow/dags/dag_tp2_pokemon.py took 0.086 seconds
[2026-06-09T10:05:29.568+0000] {processor.py:161} INFO - Started process (PID=1100) to work on /opt/airflow/dags/dag_tp2_pokemon.py
[2026-06-09T10:05:29.569+0000] {processor.py:830} INFO - Processing file /opt/airflow/dags/dag_tp2_pokemon.py for tasks to queue
[2026-06-09T10:05:29.570+0000] {logging_mixin.py:188} INFO - [2026-06-09T10:05:29.570+0000] {dagbag.py:545} INFO - Filling up the DagBag from /opt/airflow/dags/dag_tp2_pokemon.py
[2026-06-09T10:05:29.586+0000] {processor.py:840} INFO - DAG(s) 'tp2_pokemon_pipeline' retrieved from /opt/airflow/dags/dag_tp2_pokemon.py
[2026-06-09T10:05:29.615+0000] {logging_mixin.py:188} INFO - [2026-06-09T10:05:29.615+0000] {dag.py:3096} INFO - Sync 1 DAGs
[2026-06-09T10:05:29.628+0000] {logging_mixin.py:188} INFO - [2026-06-09T10:05:29.628+0000] {dag.py:3954} INFO - Setting next_dagrun for tp2_pokemon_pipeline to None, run_after=None
[2026-06-09T10:05:29.646+0000] {processor.py:183} INFO - Processing /opt/airflow/dags/dag_tp2_pokemon.py took 0.082 seconds
[2026-06-09T10:05:59.857+0000] {processor.py:161} INFO - Started process (PID=1110) to work on /opt/airflow/dags/dag_tp2_pokemon.py
[2026-06-09T10:05:59.857+0000] {processor.py:830} INFO - Processing file /opt/airflow/dags/dag_tp2_pokemon.py for tasks to queue
[2026-06-09T10:05:59.858+0000] {logging_mixin.py:188} INFO - [2026-06-09T10:05:59.858+0000] {dagbag.py:545} INFO - Filling up the DagBag from /opt/airflow/dags/dag_tp2_pokemon.py
[2026-06-09T10:05:59.873+0000] {processor.py:840} INFO - DAG(s) 'tp2_pokemon_pipeline' retrieved from /opt/airflow/dags/dag_tp2_pokemon.py
[2026-06-09T10:05:59.898+0000] {logging_mixin.py:188} INFO - [2026-06-09T10:05:59.897+0000] {dag.py:3096} INFO - Sync 1 DAGs
[2026-06-09T10:05:59.911+0000] {logging_mixin.py:188} INFO - [2026-06-09T10:05:59.911+0000] {dag.py:3954} INFO - Setting next_dagrun for tp2_pokemon_pipeline to None, run_after=None
[2026-06-09T10:05:59.931+0000] {processor.py:183} INFO - Processing /opt/airflow/dags/dag_tp2_pokemon.py took 0.079 seconds
[2026-06-09T10:06:30.034+0000] {processor.py:161} INFO - Started process (PID=1120) to work on /opt/airflow/dags/dag_tp2_pokemon.py
[2026-06-09T10:06:30.034+0000] {processor.py:830} INFO - Processing file /opt/airflow/dags/dag_tp2_pokemon.py for tasks to queue
[2026-06-09T10:06:30.037+0000] {logging_mixin.py:188} INFO - [2026-06-09T10:06:30.036+0000] {dagbag.py:545} INFO - Filling up the DagBag from /opt/airflow/dags/dag_tp2_pokemon.py
[2026-06-09T10:06:30.056+0000] {processor.py:840} INFO - DAG(s) 'tp2_pokemon_pipeline' retrieved from /opt/airflow/dags/dag_tp2_pokemon.py
[2026-06-09T10:06:30.090+0000] {logging_mixin.py:188} INFO - [2026-06-09T10:06:30.089+0000] {dag.py:3096} INFO - Sync 1 DAGs
[2026-06-09T10:06:30.103+0000] {logging_mixin.py:188} INFO - [2026-06-09T10:06:30.103+0000] {dag.py:3954} INFO - Setting next_dagrun for tp2_pokemon_pipeline to None, run_after=None
[2026-06-09T10:06:30.126+0000] {processor.py:183} INFO - Processing /opt/airflow/dags/dag_tp2_pokemon.py took 0.096 seconds
[2026-06-09T10:07:00.241+0000] {processor.py:161} INFO - Started process (PID=1130) to work on /opt/airflow/dags/dag_tp2_pokemon.py
[2026-06-09T10:07:00.242+0000] {processor.py:830} INFO - Processing file /opt/airflow/dags/dag_tp2_pokemon.py for tasks to queue
[2026-06-09T10:07:00.243+0000] {logging_mixin.py:188} INFO - [2026-06-09T10:07:00.243+0000] {dagbag.py:545} INFO - Filling up the DagBag from /opt/airflow/dags/dag_tp2_pokemon.py
[2026-06-09T10:07:00.262+0000] {processor.py:840} INFO - DAG(s) 'tp2_pokemon_pipeline' retrieved from /opt/airflow/dags/dag_tp2_pokemon.py
[2026-06-09T10:07:00.293+0000] {logging_mixin.py:188} INFO - [2026-06-09T10:07:00.293+0000] {dag.py:3096} INFO - Sync 1 DAGs
[2026-06-09T10:07:00.305+0000] {logging_mixin.py:188} INFO - [2026-06-09T10:07:00.305+0000] {dag.py:3954} INFO - Setting next_dagrun for tp2_pokemon_pipeline to None, run_after=None
[2026-06-09T10:07:00.323+0000] {processor.py:183} INFO - Processing /opt/airflow/dags/dag_tp2_pokemon.py took 0.088 seconds
[2026-06-09T10:07:30.503+0000] {processor.py:161} INFO - Started process (PID=1140) to work on /opt/airflow/dags/dag_tp2_pokemon.py
[2026-06-09T10:07:30.504+0000] {processor.py:830} INFO - Processing file /opt/airflow/dags/dag_tp2_pokemon.py for tasks to queue
[2026-06-09T10:07:30.505+0000] {logging_mixin.py:188} INFO - [2026-06-09T10:07:30.505+0000] {dagbag.py:545} INFO - Filling up the DagBag from /opt/airflow/dags/dag_tp2_pokemon.py
[2026-06-09T10:07:30.522+0000] {processor.py:840} INFO - DAG(s) 'tp2_pokemon_pipeline' retrieved from /opt/airflow/dags/dag_tp2_pokemon.py
[2026-06-09T10:07:30.549+0000] {logging_mixin.py:188} INFO - [2026-06-09T10:07:30.549+0000] {dag.py:3096} INFO - Sync 1 DAGs
[2026-06-09T10:07:30.560+0000] {logging_mixin.py:188} INFO - [2026-06-09T10:07:30.560+0000] {dag.py:3954} INFO - Setting next_dagrun for tp2_pokemon_pipeline to None, run_after=None
[2026-06-09T10:07:30.579+0000] {processor.py:183} INFO - Processing /opt/airflow/dags/dag_tp2_pokemon.py took 0.080 seconds
[2026-06-09T10:08:00.760+0000] {processor.py:161} INFO - Started process (PID=1150) to work on /opt/airflow/dags/dag_tp2_pokemon.py
[2026-06-09T10:08:00.761+0000] {processor.py:830} INFO - Processing file /opt/airflow/dags/dag_tp2_pokemon.py for tasks to queue
[2026-06-09T10:08:00.762+0000] {logging_mixin.py:188} INFO - [2026-06-09T10:08:00.762+0000] {dagbag.py:545} INFO - Filling up the DagBag from /opt/airflow/dags/dag_tp2_pokemon.py
[2026-06-09T10:08:00.778+0000] {processor.py:840} INFO - DAG(s) 'tp2_pokemon_pipeline' retrieved from /opt/airflow/dags/dag_tp2_pokemon.py
[2026-06-09T10:08:00.803+0000] {logging_mixin.py:188} INFO - [2026-06-09T10:08:00.802+0000] {dag.py:3096} INFO - Sync 1 DAGs
[2026-06-09T10:08:00.814+0000] {logging_mixin.py:188} INFO - [2026-06-09T10:08:00.814+0000] {dag.py:3954} INFO - Setting next_dagrun for tp2_pokemon_pipeline to None, run_after=None
[2026-06-09T10:08:00.830+0000] {processor.py:183} INFO - Processing /opt/airflow/dags/dag_tp2_pokemon.py took 0.074 seconds
[2026-06-09T10:08:31.017+0000] {processor.py:161} INFO - Started process (PID=1160) to work on /opt/airflow/dags/dag_tp2_pokemon.py
[2026-06-09T10:08:31.018+0000] {processor.py:830} INFO - Processing file /opt/airflow/dags/dag_tp2_pokemon.py for tasks to queue
[2026-06-09T10:08:31.020+0000] {logging_mixin.py:188} INFO - [2026-06-09T10:08:31.019+0000] {dagbag.py:545} INFO - Filling up the DagBag from /opt/airflow/dags/dag_tp2_pokemon.py
[2026-06-09T10:08:31.036+0000] {processor.py:840} INFO - DAG(s) 'tp2_pokemon_pipeline' retrieved from /opt/airflow/dags/dag_tp2_pokemon.py
[2026-06-09T10:08:31.064+0000] {logging_mixin.py:188} INFO - [2026-06-09T10:08:31.064+0000] {dag.py:3096} INFO - Sync 1 DAGs
[2026-06-09T10:08:31.075+0000] {logging_mixin.py:188} INFO - [2026-06-09T10:08:31.075+0000] {dag.py:3954} INFO - Setting next_dagrun for tp2_pokemon_pipeline to None, run_after=None
[2026-06-09T10:08:31.094+0000] {processor.py:183} INFO - Processing /opt/airflow/dags/dag_tp2_pokemon.py took 0.081 seconds
[2026-06-09T10:09:01.192+0000] {processor.py:161} INFO - Started process (PID=1170) to work on /opt/airflow/dags/dag_tp2_pokemon.py
[2026-06-09T10:09:01.192+0000] {processor.py:830} INFO - Processing file /opt/airflow/dags/dag_tp2_pokemon.py for tasks to queue
[2026-06-09T10:09:01.193+0000] {logging_mixin.py:188} INFO - [2026-06-09T10:09:01.193+0000] {dagbag.py:545} INFO - Filling up the DagBag from /opt/airflow/dags/dag_tp2_pokemon.py
[2026-06-09T10:09:01.210+0000] {processor.py:840} INFO - DAG(s) 'tp2_pokemon_pipeline' retrieved from /opt/airflow/dags/dag_tp2_pokemon.py
[2026-06-09T10:09:01.238+0000] {logging_mixin.py:188} INFO - [2026-06-09T10:09:01.238+0000] {dag.py:3096} INFO - Sync 1 DAGs
[2026-06-09T10:09:01.255+0000] {logging_mixin.py:188} INFO - [2026-06-09T10:09:01.254+0000] {dag.py:3954} INFO - Setting next_dagrun for tp2_pokemon_pipeline to None, run_after=None
[2026-06-09T10:09:01.272+0000] {processor.py:183} INFO - Processing /opt/airflow/dags/dag_tp2_pokemon.py took 0.085 seconds
[2026-06-09T10:09:31.464+0000] {processor.py:161} INFO - Started process (PID=1180) to work on /opt/airflow/dags/dag_tp2_pokemon.py
[2026-06-09T10:09:31.464+0000] {processor.py:830} INFO - Processing file /opt/airflow/dags/dag_tp2_pokemon.py for tasks to queue
[2026-06-09T10:09:31.466+0000] {logging_mixin.py:188} INFO - [2026-06-09T10:09:31.466+0000] {dagbag.py:545} INFO - Filling up the DagBag from /opt/airflow/dags/dag_tp2_pokemon.py
[2026-06-09T10:09:31.484+0000] {processor.py:840} INFO - DAG(s) 'tp2_pokemon_pipeline' retrieved from /opt/airflow/dags/dag_tp2_pokemon.py
[2026-06-09T10:09:31.513+0000] {logging_mixin.py:188} INFO - [2026-06-09T10:09:31.513+0000] {dag.py:3096} INFO - Sync 1 DAGs
[2026-06-09T10:09:31.526+0000] {logging_mixin.py:188} INFO - [2026-06-09T10:09:31.526+0000] {dag.py:3954} INFO - Setting next_dagrun for tp2_pokemon_pipeline to None, run_after=None
[2026-06-09T10:09:31.546+0000] {processor.py:183} INFO - Processing /opt/airflow/dags/dag_tp2_pokemon.py took 0.088 seconds
[2026-06-09T10:10:01.710+0000] {processor.py:161} INFO - Started process (PID=1190) to work on /opt/airflow/dags/dag_tp2_pokemon.py
[2026-06-09T10:10:01.711+0000] {processor.py:830} INFO - Processing file /opt/airflow/dags/dag_tp2_pokemon.py for tasks to queue
[2026-06-09T10:10:01.712+0000] {logging_mixin.py:188} INFO - [2026-06-09T10:10:01.712+0000] {dagbag.py:545} INFO - Filling up the DagBag from /opt/airflow/dags/dag_tp2_pokemon.py
[2026-06-09T10:10:01.728+0000] {processor.py:840} INFO - DAG(s) 'tp2_pokemon_pipeline' retrieved from /opt/airflow/dags/dag_tp2_pokemon.py
[2026-06-09T10:10:01.753+0000] {logging_mixin.py:188} INFO - [2026-06-09T10:10:01.753+0000] {dag.py:3096} INFO - Sync 1 DAGs
[2026-06-09T10:10:01.763+0000] {logging_mixin.py:188} INFO - [2026-06-09T10:10:01.763+0000] {dag.py:3954} INFO - Setting next_dagrun for tp2_pokemon_pipeline to None, run_after=None
[2026-06-09T10:10:01.780+0000] {processor.py:183} INFO - Processing /opt/airflow/dags/dag_tp2_pokemon.py took 0.074 seconds
[2026-06-09T10:10:31.886+0000] {processor.py:161} INFO - Started process (PID=1200) to work on /opt/airflow/dags/dag_tp2_pokemon.py
[2026-06-09T10:10:31.886+0000] {processor.py:830} INFO - Processing file /opt/airflow/dags/dag_tp2_pokemon.py for tasks to queue
[2026-06-09T10:10:31.888+0000] {logging_mixin.py:188} INFO - [2026-06-09T10:10:31.888+0000] {dagbag.py:545} INFO - Filling up the DagBag from /opt/airflow/dags/dag_tp2_pokemon.py
[2026-06-09T10:10:31.906+0000] {processor.py:840} INFO - DAG(s) 'tp2_pokemon_pipeline' retrieved from /opt/airflow/dags/dag_tp2_pokemon.py
[2026-06-09T10:10:31.936+0000] {logging_mixin.py:188} INFO - [2026-06-09T10:10:31.936+0000] {dag.py:3096} INFO - Sync 1 DAGs
[2026-06-09T10:10:31.949+0000] {logging_mixin.py:188} INFO - [2026-06-09T10:10:31.949+0000] {dag.py:3954} INFO - Setting next_dagrun for tp2_pokemon_pipeline to None, run_after=None
[2026-06-09T10:10:31.968+0000] {processor.py:183} INFO - Processing /opt/airflow/dags/dag_tp2_pokemon.py took 0.087 seconds
[2026-06-09T10:11:02.129+0000] {processor.py:161} INFO - Started process (PID=1210) to work on /opt/airflow/dags/dag_tp2_pokemon.py
[2026-06-09T10:11:02.130+0000] {processor.py:830} INFO - Processing file /opt/airflow/dags/dag_tp2_pokemon.py for tasks to queue
[2026-06-09T10:11:02.131+0000] {logging_mixin.py:188} INFO - [2026-06-09T10:11:02.131+0000] {dagbag.py:545} INFO - Filling up the DagBag from /opt/airflow/dags/dag_tp2_pokemon.py
[2026-06-09T10:11:02.148+0000] {processor.py:840} INFO - DAG(s) 'tp2_pokemon_pipeline' retrieved from /opt/airflow/dags/dag_tp2_pokemon.py
[2026-06-09T10:11:02.176+0000] {logging_mixin.py:188} INFO - [2026-06-09T10:11:02.176+0000] {dag.py:3096} INFO - Sync 1 DAGs
[2026-06-09T10:11:02.189+0000] {logging_mixin.py:188} INFO - [2026-06-09T10:11:02.189+0000] {dag.py:3954} INFO - Setting next_dagrun for tp2_pokemon_pipeline to None, run_after=None
[2026-06-09T10:11:02.209+0000] {processor.py:183} INFO - Processing /opt/airflow/dags/dag_tp2_pokemon.py took 0.084 seconds
[2026-06-09T10:11:32.305+0000] {processor.py:161} INFO - Started process (PID=1220) to work on /opt/airflow/dags/dag_tp2_pokemon.py
[2026-06-09T10:11:32.306+0000] {processor.py:830} INFO - Processing file /opt/airflow/dags/dag_tp2_pokemon.py for tasks to queue
[2026-06-09T10:11:32.307+0000] {logging_mixin.py:188} INFO - [2026-06-09T10:11:32.307+0000] {dagbag.py:545} INFO - Filling up the DagBag from /opt/airflow/dags/dag_tp2_pokemon.py
[2026-06-09T10:11:32.326+0000] {processor.py:840} INFO - DAG(s) 'tp2_pokemon_pipeline' retrieved from /opt/airflow/dags/dag_tp2_pokemon.py
[2026-06-09T10:11:32.358+0000] {logging_mixin.py:188} INFO - [2026-06-09T10:11:32.357+0000] {dag.py:3096} INFO - Sync 1 DAGs
[2026-06-09T10:11:32.372+0000] {logging_mixin.py:188} INFO - [2026-06-09T10:11:32.372+0000] {dag.py:3954} INFO - Setting next_dagrun for tp2_pokemon_pipeline to None, run_after=None
[2026-06-09T10:11:32.391+0000] {processor.py:183} INFO - Processing /opt/airflow/dags/dag_tp2_pokemon.py took 0.091 seconds
[2026-06-09T10:12:02.581+0000] {processor.py:161} INFO - Started process (PID=1230) to work on /opt/airflow/dags/dag_tp2_pokemon.py
[2026-06-09T10:12:02.582+0000] {processor.py:830} INFO - Processing file /opt/airflow/dags/dag_tp2_pokemon.py for tasks to queue
[2026-06-09T10:12:02.583+0000] {logging_mixin.py:188} INFO - [2026-06-09T10:12:02.583+0000] {dagbag.py:545} INFO - Filling up the DagBag from /opt/airflow/dags/dag_tp2_pokemon.py
[2026-06-09T10:12:02.600+0000] {processor.py:840} INFO - DAG(s) 'tp2_pokemon_pipeline' retrieved from /opt/airflow/dags/dag_tp2_pokemon.py
[2026-06-09T10:12:02.629+0000] {logging_mixin.py:188} INFO - [2026-06-09T10:12:02.629+0000] {dag.py:3096} INFO - Sync 1 DAGs
[2026-06-09T10:12:02.641+0000] {logging_mixin.py:188} INFO - [2026-06-09T10:12:02.641+0000] {dag.py:3954} INFO - Setting next_dagrun for tp2_pokemon_pipeline to None, run_after=None
[2026-06-09T10:12:02.660+0000] {processor.py:183} INFO - Processing /opt/airflow/dags/dag_tp2_pokemon.py took 0.083 seconds
[2026-06-09T10:12:32.753+0000] {processor.py:161} INFO - Started process (PID=1240) to work on /opt/airflow/dags/dag_tp2_pokemon.py
[2026-06-09T10:12:32.754+0000] {processor.py:830} INFO - Processing file /opt/airflow/dags/dag_tp2_pokemon.py for tasks to queue
[2026-06-09T10:12:32.755+0000] {logging_mixin.py:188} INFO - [2026-06-09T10:12:32.755+0000] {dagbag.py:545} INFO - Filling up the DagBag from /opt/airflow/dags/dag_tp2_pokemon.py
[2026-06-09T10:12:32.773+0000] {processor.py:840} INFO - DAG(s) 'tp2_pokemon_pipeline' retrieved from /opt/airflow/dags/dag_tp2_pokemon.py
[2026-06-09T10:12:32.802+0000] {logging_mixin.py:188} INFO - [2026-06-09T10:12:32.802+0000] {dag.py:3096} INFO - Sync 1 DAGs
[2026-06-09T10:12:32.814+0000] {logging_mixin.py:188} INFO - [2026-06-09T10:12:32.813+0000] {dag.py:3954} INFO - Setting next_dagrun for tp2_pokemon_pipeline to None, run_after=None
[2026-06-09T10:12:32.834+0000] {processor.py:183} INFO - Processing /opt/airflow/dags/dag_tp2_pokemon.py took 0.085 seconds
[2026-06-09T10:13:02.964+0000] {processor.py:161} INFO - Started process (PID=1250) to work on /opt/airflow/dags/dag_tp2_pokemon.py
[2026-06-09T10:13:02.965+0000] {processor.py:830} INFO - Processing file /opt/airflow/dags/dag_tp2_pokemon.py for tasks to queue
[2026-06-09T10:13:02.966+0000] {logging_mixin.py:188} INFO - [2026-06-09T10:13:02.966+0000] {dagbag.py:545} INFO - Filling up the DagBag from /opt/airflow/dags/dag_tp2_pokemon.py
[2026-06-09T10:13:02.985+0000] {processor.py:840} INFO - DAG(s) 'tp2_pokemon_pipeline' retrieved from /opt/airflow/dags/dag_tp2_pokemon.py
[2026-06-09T10:13:03.014+0000] {logging_mixin.py:188} INFO - [2026-06-09T10:13:03.013+0000] {dag.py:3096} INFO - Sync 1 DAGs
[2026-06-09T10:13:03.025+0000] {logging_mixin.py:188} INFO - [2026-06-09T10:13:03.025+0000] {dag.py:3954} INFO - Setting next_dagrun for tp2_pokemon_pipeline to None, run_after=None
[2026-06-09T10:13:03.043+0000] {processor.py:183} INFO - Processing /opt/airflow/dags/dag_tp2_pokemon.py took 0.083 seconds
[2026-06-09T10:13:33.137+0000] {processor.py:161} INFO - Started process (PID=1260) to work on /opt/airflow/dags/dag_tp2_pokemon.py
[2026-06-09T10:13:33.137+0000] {processor.py:830} INFO - Processing file /opt/airflow/dags/dag_tp2_pokemon.py for tasks to queue
[2026-06-09T10:13:33.139+0000] {logging_mixin.py:188} INFO - [2026-06-09T10:13:33.139+0000] {dagbag.py:545} INFO - Filling up the DagBag from /opt/airflow/dags/dag_tp2_pokemon.py
[2026-06-09T10:13:33.156+0000] {processor.py:840} INFO - DAG(s) 'tp2_pokemon_pipeline' retrieved from /opt/airflow/dags/dag_tp2_pokemon.py
[2026-06-09T10:13:33.185+0000] {logging_mixin.py:188} INFO - [2026-06-09T10:13:33.185+0000] {dag.py:3096} INFO - Sync 1 DAGs
[2026-06-09T10:13:33.198+0000] {logging_mixin.py:188} INFO - [2026-06-09T10:13:33.198+0000] {dag.py:3954} INFO - Setting next_dagrun for tp2_pokemon_pipeline to None, run_after=None
[2026-06-09T10:13:33.217+0000] {processor.py:183} INFO - Processing /opt/airflow/dags/dag_tp2_pokemon.py took 0.085 seconds
[2026-06-09T10:14:03.403+0000] {processor.py:161} INFO - Started process (PID=1270) to work on /opt/airflow/dags/dag_tp2_pokemon.py
[2026-06-09T10:14:03.404+0000] {processor.py:830} INFO - Processing file /opt/airflow/dags/dag_tp2_pokemon.py for tasks to queue
[2026-06-09T10:14:03.406+0000] {logging_mixin.py:188} INFO - [2026-06-09T10:14:03.405+0000] {dagbag.py:545} INFO - Filling up the DagBag from /opt/airflow/dags/dag_tp2_pokemon.py
[2026-06-09T10:14:03.424+0000] {processor.py:840} INFO - DAG(s) 'tp2_pokemon_pipeline' retrieved from /opt/airflow/dags/dag_tp2_pokemon.py
[2026-06-09T10:14:03.452+0000] {logging_mixin.py:188} INFO - [2026-06-09T10:14:03.452+0000] {dag.py:3096} INFO - Sync 1 DAGs
[2026-06-09T10:14:03.464+0000] {logging_mixin.py:188} INFO - [2026-06-09T10:14:03.464+0000] {dag.py:3954} INFO - Setting next_dagrun for tp2_pokemon_pipeline to None, run_after=None
[2026-06-09T10:14:03.482+0000] {processor.py:183} INFO - Processing /opt/airflow/dags/dag_tp2_pokemon.py took 0.085 seconds
[2026-06-09T10:14:33.672+0000] {processor.py:161} INFO - Started process (PID=1280) to work on /opt/airflow/dags/dag_tp2_pokemon.py
[2026-06-09T10:14:33.673+0000] {processor.py:830} INFO - Processing file /opt/airflow/dags/dag_tp2_pokemon.py for tasks to queue
[2026-06-09T10:14:33.675+0000] {logging_mixin.py:188} INFO - [2026-06-09T10:14:33.674+0000] {dagbag.py:545} INFO - Filling up the DagBag from /opt/airflow/dags/dag_tp2_pokemon.py
[2026-06-09T10:14:33.694+0000] {processor.py:840} INFO - DAG(s) 'tp2_pokemon_pipeline' retrieved from /opt/airflow/dags/dag_tp2_pokemon.py
[2026-06-09T10:14:33.722+0000] {logging_mixin.py:188} INFO - [2026-06-09T10:14:33.722+0000] {dag.py:3096} INFO - Sync 1 DAGs
[2026-06-09T10:14:33.734+0000] {logging_mixin.py:188} INFO - [2026-06-09T10:14:33.734+0000] {dag.py:3954} INFO - Setting next_dagrun for tp2_pokemon_pipeline to None, run_after=None
[2026-06-09T10:14:33.753+0000] {processor.py:183} INFO - Processing /opt/airflow/dags/dag_tp2_pokemon.py took 0.086 seconds
[2026-06-09T10:15:03.943+0000] {processor.py:161} INFO - Started process (PID=1290) to work on /opt/airflow/dags/dag_tp2_pokemon.py
[2026-06-09T10:15:03.943+0000] {processor.py:830} INFO - Processing file /opt/airflow/dags/dag_tp2_pokemon.py for tasks to queue
[2026-06-09T10:15:03.945+0000] {logging_mixin.py:188} INFO - [2026-06-09T10:15:03.945+0000] {dagbag.py:545} INFO - Filling up the DagBag from /opt/airflow/dags/dag_tp2_pokemon.py
[2026-06-09T10:15:03.963+0000] {processor.py:840} INFO - DAG(s) 'tp2_pokemon_pipeline' retrieved from /opt/airflow/dags/dag_tp2_pokemon.py
[2026-06-09T10:15:03.991+0000] {logging_mixin.py:188} INFO - [2026-06-09T10:15:03.991+0000] {dag.py:3096} INFO - Sync 1 DAGs
[2026-06-09T10:15:04.002+0000] {logging_mixin.py:188} INFO - [2026-06-09T10:15:04.002+0000] {dag.py:3954} INFO - Setting next_dagrun for tp2_pokemon_pipeline to None, run_after=None
[2026-06-09T10:15:04.028+0000] {processor.py:183} INFO - Processing /opt/airflow/dags/dag_tp2_pokemon.py took 0.090 seconds
[2026-06-09T10:15:34.214+0000] {processor.py:161} INFO - Started process (PID=1300) to work on /opt/airflow/dags/dag_tp2_pokemon.py
[2026-06-09T10:15:34.214+0000] {processor.py:830} INFO - Processing file /opt/airflow/dags/dag_tp2_pokemon.py for tasks to queue
[2026-06-09T10:15:34.216+0000] {logging_mixin.py:188} INFO - [2026-06-09T10:15:34.216+0000] {dagbag.py:545} INFO - Filling up the DagBag from /opt/airflow/dags/dag_tp2_pokemon.py
[2026-06-09T10:15:34.233+0000] {processor.py:840} INFO - DAG(s) 'tp2_pokemon_pipeline' retrieved from /opt/airflow/dags/dag_tp2_pokemon.py
[2026-06-09T10:15:34.261+0000] {logging_mixin.py:188} INFO - [2026-06-09T10:15:34.261+0000] {dag.py:3096} INFO - Sync 1 DAGs
[2026-06-09T10:15:34.272+0000] {logging_mixin.py:188} INFO - [2026-06-09T10:15:34.272+0000] {dag.py:3954} INFO - Setting next_dagrun for tp2_pokemon_pipeline to None, run_after=None
[2026-06-09T10:15:34.296+0000] {processor.py:183} INFO - Processing /opt/airflow/dags/dag_tp2_pokemon.py took 0.087 seconds
[2026-06-09T10:16:04.432+0000] {processor.py:161} INFO - Started process (PID=1310) to work on /opt/airflow/dags/dag_tp2_pokemon.py
[2026-06-09T10:16:04.433+0000] {processor.py:830} INFO - Processing file /opt/airflow/dags/dag_tp2_pokemon.py for tasks to queue
[2026-06-09T10:16:04.435+0000] {logging_mixin.py:188} INFO - [2026-06-09T10:16:04.434+0000] {dagbag.py:545} INFO - Filling up the DagBag from /opt/airflow/dags/dag_tp2_pokemon.py
[2026-06-09T10:16:04.455+0000] {processor.py:840} INFO - DAG(s) 'tp2_pokemon_pipeline' retrieved from /opt/airflow/dags/dag_tp2_pokemon.py
[2026-06-09T10:16:04.485+0000] {logging_mixin.py:188} INFO - [2026-06-09T10:16:04.485+0000] {dag.py:3096} INFO - Sync 1 DAGs
[2026-06-09T10:16:04.496+0000] {logging_mixin.py:188} INFO - [2026-06-09T10:16:04.496+0000] {dag.py:3954} INFO - Setting next_dagrun for tp2_pokemon_pipeline to None, run_after=None
[2026-06-09T10:16:04.515+0000] {processor.py:183} INFO - Processing /opt/airflow/dags/dag_tp2_pokemon.py took 0.089 seconds
[2026-06-09T10:16:34.611+0000] {processor.py:161} INFO - Started process (PID=1320) to work on /opt/airflow/dags/dag_tp2_pokemon.py
[2026-06-09T10:16:34.612+0000] {processor.py:830} INFO - Processing file /opt/airflow/dags/dag_tp2_pokemon.py for tasks to queue
[2026-06-09T10:16:34.613+0000] {logging_mixin.py:188} INFO - [2026-06-09T10:16:34.613+0000] {dagbag.py:545} INFO - Filling up the DagBag from /opt/airflow/dags/dag_tp2_pokemon.py
[2026-06-09T10:16:34.629+0000] {processor.py:840} INFO - DAG(s) 'tp2_pokemon_pipeline' retrieved from /opt/airflow/dags/dag_tp2_pokemon.py
[2026-06-09T10:16:34.660+0000] {logging_mixin.py:188} INFO - [2026-06-09T10:16:34.660+0000] {dag.py:3096} INFO - Sync 1 DAGs
[2026-06-09T10:16:34.673+0000] {logging_mixin.py:188} INFO - [2026-06-09T10:16:34.673+0000] {dag.py:3954} INFO - Setting next_dagrun for tp2_pokemon_pipeline to None, run_after=None
[2026-06-09T10:16:34.693+0000] {processor.py:183} INFO - Processing /opt/airflow/dags/dag_tp2_pokemon.py took 0.087 seconds
[2026-06-09T10:17:04.824+0000] {processor.py:161} INFO - Started process (PID=1330) to work on /opt/airflow/dags/dag_tp2_pokemon.py
[2026-06-09T10:17:04.825+0000] {processor.py:830} INFO - Processing file /opt/airflow/dags/dag_tp2_pokemon.py for tasks to queue
[2026-06-09T10:17:04.826+0000] {logging_mixin.py:188} INFO - [2026-06-09T10:17:04.826+0000] {dagbag.py:545} INFO - Filling up the DagBag from /opt/airflow/dags/dag_tp2_pokemon.py
[2026-06-09T10:17:04.842+0000] {processor.py:840} INFO - DAG(s) 'tp2_pokemon_pipeline' retrieved from /opt/airflow/dags/dag_tp2_pokemon.py
[2026-06-09T10:17:04.868+0000] {logging_mixin.py:188} INFO - [2026-06-09T10:17:04.868+0000] {dag.py:3096} INFO - Sync 1 DAGs
[2026-06-09T10:17:04.880+0000] {logging_mixin.py:188} INFO - [2026-06-09T10:17:04.879+0000] {dag.py:3954} INFO - Setting next_dagrun for tp2_pokemon_pipeline to None, run_after=None
[2026-06-09T10:17:04.901+0000] {processor.py:183} INFO - Processing /opt/airflow/dags/dag_tp2_pokemon.py took 0.081 seconds
[2026-06-09T10:17:34.999+0000] {processor.py:161} INFO - Started process (PID=1340) to work on /opt/airflow/dags/dag_tp2_pokemon.py
[2026-06-09T10:17:35.000+0000] {processor.py:830} INFO - Processing file /opt/airflow/dags/dag_tp2_pokemon.py for tasks to queue
[2026-06-09T10:17:35.001+0000] {logging_mixin.py:188} INFO - [2026-06-09T10:17:35.001+0000] {dagbag.py:545} INFO - Filling up the DagBag from /opt/airflow/dags/dag_tp2_pokemon.py
[2026-06-09T10:17:35.017+0000] {processor.py:840} INFO - DAG(s) 'tp2_pokemon_pipeline' retrieved from /opt/airflow/dags/dag_tp2_pokemon.py
[2026-06-09T10:17:35.047+0000] {logging_mixin.py:188} INFO - [2026-06-09T10:17:35.047+0000] {dag.py:3096} INFO - Sync 1 DAGs
[2026-06-09T10:17:35.058+0000] {logging_mixin.py:188} INFO - [2026-06-09T10:17:35.058+0000] {dag.py:3954} INFO - Setting next_dagrun for tp2_pokemon_pipeline to None, run_after=None
[2026-06-09T10:17:35.076+0000] {processor.py:183} INFO - Processing /opt/airflow/dags/dag_tp2_pokemon.py took 0.081 seconds
[2026-06-09T10:18:05.264+0000] {processor.py:161} INFO - Started process (PID=1350) to work on /opt/airflow/dags/dag_tp2_pokemon.py
[2026-06-09T10:18:05.265+0000] {processor.py:830} INFO - Processing file /opt/airflow/dags/dag_tp2_pokemon.py for tasks to queue
[2026-06-09T10:18:05.266+0000] {logging_mixin.py:188} INFO - [2026-06-09T10:18:05.266+0000] {dagbag.py:545} INFO - Filling up the DagBag from /opt/airflow/dags/dag_tp2_pokemon.py
[2026-06-09T10:18:05.287+0000] {processor.py:840} INFO - DAG(s) 'tp2_pokemon_pipeline' retrieved from /opt/airflow/dags/dag_tp2_pokemon.py
[2026-06-09T10:18:05.316+0000] {logging_mixin.py:188} INFO - [2026-06-09T10:18:05.316+0000] {dag.py:3096} INFO - Sync 1 DAGs
[2026-06-09T10:18:05.328+0000] {logging_mixin.py:188} INFO - [2026-06-09T10:18:05.328+0000] {dag.py:3954} INFO - Setting next_dagrun for tp2_pokemon_pipeline to None, run_after=None
[2026-06-09T10:18:05.347+0000] {processor.py:183} INFO - Processing /opt/airflow/dags/dag_tp2_pokemon.py took 0.087 seconds
[2026-06-09T10:18:35.541+0000] {processor.py:161} INFO - Started process (PID=1360) to work on /opt/airflow/dags/dag_tp2_pokemon.py
[2026-06-09T10:18:35.542+0000] {processor.py:830} INFO - Processing file /opt/airflow/dags/dag_tp2_pokemon.py for tasks to queue
[2026-06-09T10:18:35.543+0000] {logging_mixin.py:188} INFO - [2026-06-09T10:18:35.543+0000] {dagbag.py:545} INFO - Filling up the DagBag from /opt/airflow/dags/dag_tp2_pokemon.py
[2026-06-09T10:18:35.559+0000] {processor.py:840} INFO - DAG(s) 'tp2_pokemon_pipeline' retrieved from /opt/airflow/dags/dag_tp2_pokemon.py
[2026-06-09T10:18:35.589+0000] {logging_mixin.py:188} INFO - [2026-06-09T10:18:35.588+0000] {dag.py:3096} INFO - Sync 1 DAGs
[2026-06-09T10:18:35.600+0000] {logging_mixin.py:188} INFO - [2026-06-09T10:18:35.600+0000] {dag.py:3954} INFO - Setting next_dagrun for tp2_pokemon_pipeline to None, run_after=None
[2026-06-09T10:18:35.618+0000] {processor.py:183} INFO - Processing /opt/airflow/dags/dag_tp2_pokemon.py took 0.081 seconds
[2026-06-09T10:19:05.801+0000] {processor.py:161} INFO - Started process (PID=1370) to work on /opt/airflow/dags/dag_tp2_pokemon.py
[2026-06-09T10:19:05.802+0000] {processor.py:830} INFO - Processing file /opt/airflow/dags/dag_tp2_pokemon.py for tasks to queue
[2026-06-09T10:19:05.803+0000] {logging_mixin.py:188} INFO - [2026-06-09T10:19:05.803+0000] {dagbag.py:545} INFO - Filling up the DagBag from /opt/airflow/dags/dag_tp2_pokemon.py
[2026-06-09T10:19:05.818+0000] {processor.py:840} INFO - DAG(s) 'tp2_pokemon_pipeline' retrieved from /opt/airflow/dags/dag_tp2_pokemon.py
[2026-06-09T10:19:05.843+0000] {logging_mixin.py:188} INFO - [2026-06-09T10:19:05.843+0000] {dag.py:3096} INFO - Sync 1 DAGs
[2026-06-09T10:19:05.854+0000] {logging_mixin.py:188} INFO - [2026-06-09T10:19:05.854+0000] {dag.py:3954} INFO - Setting next_dagrun for tp2_pokemon_pipeline to None, run_after=None
[2026-06-09T10:19:05.872+0000] {processor.py:183} INFO - Processing /opt/airflow/dags/dag_tp2_pokemon.py took 0.075 seconds
[2026-06-09T10:19:35.971+0000] {processor.py:161} INFO - Started process (PID=1380) to work on /opt/airflow/dags/dag_tp2_pokemon.py
[2026-06-09T10:19:35.971+0000] {processor.py:830} INFO - Processing file /opt/airflow/dags/dag_tp2_pokemon.py for tasks to queue
[2026-06-09T10:19:35.973+0000] {logging_mixin.py:188} INFO - [2026-06-09T10:19:35.972+0000] {dagbag.py:545} INFO - Filling up the DagBag from /opt/airflow/dags/dag_tp2_pokemon.py
[2026-06-09T10:19:35.989+0000] {processor.py:840} INFO - DAG(s) 'tp2_pokemon_pipeline' retrieved from /opt/airflow/dags/dag_tp2_pokemon.py
[2026-06-09T10:19:36.017+0000] {logging_mixin.py:188} INFO - [2026-06-09T10:19:36.017+0000] {dag.py:3096} INFO - Sync 1 DAGs
[2026-06-09T10:19:36.028+0000] {logging_mixin.py:188} INFO - [2026-06-09T10:19:36.028+0000] {dag.py:3954} INFO - Setting next_dagrun for tp2_pokemon_pipeline to None, run_after=None
[2026-06-09T10:19:36.047+0000] {processor.py:183} INFO - Processing /opt/airflow/dags/dag_tp2_pokemon.py took 0.081 seconds
[2026-06-09T10:20:06.185+0000] {processor.py:161} INFO - Started process (PID=1390) to work on /opt/airflow/dags/dag_tp2_pokemon.py
[2026-06-09T10:20:06.186+0000] {processor.py:830} INFO - Processing file /opt/airflow/dags/dag_tp2_pokemon.py for tasks to queue
[2026-06-09T10:20:06.187+0000] {logging_mixin.py:188} INFO - [2026-06-09T10:20:06.187+0000] {dagbag.py:545} INFO - Filling up the DagBag from /opt/airflow/dags/dag_tp2_pokemon.py
[2026-06-09T10:20:06.205+0000] {processor.py:840} INFO - DAG(s) 'tp2_pokemon_pipeline' retrieved from /opt/airflow/dags/dag_tp2_pokemon.py
[2026-06-09T10:20:06.234+0000] {logging_mixin.py:188} INFO - [2026-06-09T10:20:06.234+0000] {dag.py:3096} INFO - Sync 1 DAGs
[2026-06-09T10:20:06.246+0000] {logging_mixin.py:188} INFO - [2026-06-09T10:20:06.246+0000] {dag.py:3954} INFO - Setting next_dagrun for tp2_pokemon_pipeline to None, run_after=None
[2026-06-09T10:20:06.265+0000] {processor.py:183} INFO - Processing /opt/airflow/dags/dag_tp2_pokemon.py took 0.085 seconds
[2026-06-09T10:20:36.359+0000] {processor.py:161} INFO - Started process (PID=1400) to work on /opt/airflow/dags/dag_tp2_pokemon.py
[2026-06-09T10:20:36.360+0000] {processor.py:830} INFO - Processing file /opt/airflow/dags/dag_tp2_pokemon.py for tasks to queue
[2026-06-09T10:20:36.361+0000] {logging_mixin.py:188} INFO - [2026-06-09T10:20:36.361+0000] {dagbag.py:545} INFO - Filling up the DagBag from /opt/airflow/dags/dag_tp2_pokemon.py
[2026-06-09T10:20:36.380+0000] {processor.py:840} INFO - DAG(s) 'tp2_pokemon_pipeline' retrieved from /opt/airflow/dags/dag_tp2_pokemon.py
[2026-06-09T10:20:36.412+0000] {logging_mixin.py:188} INFO - [2026-06-09T10:20:36.411+0000] {dag.py:3096} INFO - Sync 1 DAGs
[2026-06-09T10:20:36.424+0000] {logging_mixin.py:188} INFO - [2026-06-09T10:20:36.424+0000] {dag.py:3954} INFO - Setting next_dagrun for tp2_pokemon_pipeline to None, run_after=None
[2026-06-09T10:20:36.445+0000] {processor.py:183} INFO - Processing /opt/airflow/dags/dag_tp2_pokemon.py took 0.090 seconds
[2026-06-09T10:21:06.625+0000] {processor.py:161} INFO - Started process (PID=1410) to work on /opt/airflow/dags/dag_tp2_pokemon.py
[2026-06-09T10:21:06.625+0000] {processor.py:830} INFO - Processing file /opt/airflow/dags/dag_tp2_pokemon.py for tasks to queue
[2026-06-09T10:21:06.627+0000] {logging_mixin.py:188} INFO - [2026-06-09T10:21:06.627+0000] {dagbag.py:545} INFO - Filling up the DagBag from /opt/airflow/dags/dag_tp2_pokemon.py
[2026-06-09T10:21:06.646+0000] {processor.py:840} INFO - DAG(s) 'tp2_pokemon_pipeline' retrieved from /opt/airflow/dags/dag_tp2_pokemon.py
[2026-06-09T10:21:06.679+0000] {logging_mixin.py:188} INFO - [2026-06-09T10:21:06.679+0000] {dag.py:3096} INFO - Sync 1 DAGs
[2026-06-09T10:21:06.694+0000] {logging_mixin.py:188} INFO - [2026-06-09T10:21:06.694+0000] {dag.py:3954} INFO - Setting next_dagrun for tp2_pokemon_pipeline to None, run_after=None
[2026-06-09T10:21:06.717+0000] {processor.py:183} INFO - Processing /opt/airflow/dags/dag_tp2_pokemon.py took 0.097 seconds
[2026-06-09T10:21:36.893+0000] {processor.py:161} INFO - Started process (PID=1420) to work on /opt/airflow/dags/dag_tp2_pokemon.py
[2026-06-09T10:21:36.894+0000] {processor.py:830} INFO - Processing file /opt/airflow/dags/dag_tp2_pokemon.py for tasks to queue
[2026-06-09T10:21:36.895+0000] {logging_mixin.py:188} INFO - [2026-06-09T10:21:36.895+0000] {dagbag.py:545} INFO - Filling up the DagBag from /opt/airflow/dags/dag_tp2_pokemon.py
[2026-06-09T10:21:36.913+0000] {processor.py:840} INFO - DAG(s) 'tp2_pokemon_pipeline' retrieved from /opt/airflow/dags/dag_tp2_pokemon.py
[2026-06-09T10:21:36.944+0000] {logging_mixin.py:188} INFO - [2026-06-09T10:21:36.944+0000] {dag.py:3096} INFO - Sync 1 DAGs
[2026-06-09T10:21:36.957+0000] {logging_mixin.py:188} INFO - [2026-06-09T10:21:36.957+0000] {dag.py:3954} INFO - Setting next_dagrun for tp2_pokemon_pipeline to None, run_after=None
[2026-06-09T10:21:36.975+0000] {processor.py:183} INFO - Processing /opt/airflow/dags/dag_tp2_pokemon.py took 0.086 seconds
[2026-06-09T10:22:07.167+0000] {processor.py:161} INFO - Started process (PID=1430) to work on /opt/airflow/dags/dag_tp2_pokemon.py
[2026-06-09T10:22:07.168+0000] {processor.py:830} INFO - Processing file /opt/airflow/dags/dag_tp2_pokemon.py for tasks to queue
[2026-06-09T10:22:07.169+0000] {logging_mixin.py:188} INFO - [2026-06-09T10:22:07.169+0000] {dagbag.py:545} INFO - Filling up the DagBag from /opt/airflow/dags/dag_tp2_pokemon.py
[2026-06-09T10:22:07.187+0000] {processor.py:840} INFO - DAG(s) 'tp2_pokemon_pipeline' retrieved from /opt/airflow/dags/dag_tp2_pokemon.py
[2026-06-09T10:22:07.217+0000] {logging_mixin.py:188} INFO - [2026-06-09T10:22:07.217+0000] {dag.py:3096} INFO - Sync 1 DAGs
[2026-06-09T10:22:07.228+0000] {logging_mixin.py:188} INFO - [2026-06-09T10:22:07.228+0000] {dag.py:3954} INFO - Setting next_dagrun for tp2_pokemon_pipeline to None, run_after=None
[2026-06-09T10:22:07.245+0000] {processor.py:183} INFO - Processing /opt/airflow/dags/dag_tp2_pokemon.py took 0.082 seconds
[2026-06-09T10:22:37.431+0000] {processor.py:161} INFO - Started process (PID=1440) to work on /opt/airflow/dags/dag_tp2_pokemon.py
[2026-06-09T10:22:37.432+0000] {processor.py:830} INFO - Processing file /opt/airflow/dags/dag_tp2_pokemon.py for tasks to queue
[2026-06-09T10:22:37.433+0000] {logging_mixin.py:188} INFO - [2026-06-09T10:22:37.433+0000] {dagbag.py:545} INFO - Filling up the DagBag from /opt/airflow/dags/dag_tp2_pokemon.py
[2026-06-09T10:22:37.449+0000] {processor.py:840} INFO - DAG(s) 'tp2_pokemon_pipeline' retrieved from /opt/airflow/dags/dag_tp2_pokemon.py
[2026-06-09T10:22:37.477+0000] {logging_mixin.py:188} INFO - [2026-06-09T10:22:37.476+0000] {dag.py:3096} INFO - Sync 1 DAGs
[2026-06-09T10:22:37.487+0000] {logging_mixin.py:188} INFO - [2026-06-09T10:22:37.487+0000] {dag.py:3954} INFO - Setting next_dagrun for tp2_pokemon_pipeline to None, run_after=None
[2026-06-09T10:22:37.505+0000] {processor.py:183} INFO - Processing /opt/airflow/dags/dag_tp2_pokemon.py took 0.078 seconds
[2026-06-09T10:23:07.619+0000] {processor.py:161} INFO - Started process (PID=1450) to work on /opt/airflow/dags/dag_tp2_pokemon.py
[2026-06-09T10:23:07.619+0000] {processor.py:830} INFO - Processing file /opt/airflow/dags/dag_tp2_pokemon.py for tasks to queue
[2026-06-09T10:23:07.621+0000] {logging_mixin.py:188} INFO - [2026-06-09T10:23:07.621+0000] {dagbag.py:545} INFO - Filling up the DagBag from /opt/airflow/dags/dag_tp2_pokemon.py
[2026-06-09T10:23:07.638+0000] {processor.py:840} INFO - DAG(s) 'tp2_pokemon_pipeline' retrieved from /opt/airflow/dags/dag_tp2_pokemon.py
[2026-06-09T10:23:07.666+0000] {logging_mixin.py:188} INFO - [2026-06-09T10:23:07.666+0000] {dag.py:3096} INFO - Sync 1 DAGs
[2026-06-09T10:23:07.678+0000] {logging_mixin.py:188} INFO - [2026-06-09T10:23:07.678+0000] {dag.py:3954} INFO - Setting next_dagrun for tp2_pokemon_pipeline to None, run_after=None
[2026-06-09T10:23:07.700+0000] {processor.py:183} INFO - Processing /opt/airflow/dags/dag_tp2_pokemon.py took 0.087 seconds
[2026-06-09T10:23:37.852+0000] {processor.py:161} INFO - Started process (PID=1460) to work on /opt/airflow/dags/dag_tp2_pokemon.py
[2026-06-09T10:23:37.853+0000] {processor.py:830} INFO - Processing file /opt/airflow/dags/dag_tp2_pokemon.py for tasks to queue
[2026-06-09T10:23:37.855+0000] {logging_mixin.py:188} INFO - [2026-06-09T10:23:37.855+0000] {dagbag.py:545} INFO - Filling up the DagBag from /opt/airflow/dags/dag_tp2_pokemon.py
[2026-06-09T10:23:37.874+0000] {processor.py:840} INFO - DAG(s) 'tp2_pokemon_pipeline' retrieved from /opt/airflow/dags/dag_tp2_pokemon.py
[2026-06-09T10:23:37.905+0000] {logging_mixin.py:188} INFO - [2026-06-09T10:23:37.905+0000] {dag.py:3096} INFO - Sync 1 DAGs
[2026-06-09T10:23:37.918+0000] {logging_mixin.py:188} INFO - [2026-06-09T10:23:37.918+0000] {dag.py:3954} INFO - Setting next_dagrun for tp2_pokemon_pipeline to None, run_after=None
[2026-06-09T10:23:37.942+0000] {processor.py:183} INFO - Processing /opt/airflow/dags/dag_tp2_pokemon.py took 0.095 seconds
[2026-06-09T10:24:08.061+0000] {processor.py:161} INFO - Started process (PID=1470) to work on /opt/airflow/dags/dag_tp2_pokemon.py
[2026-06-09T10:24:08.062+0000] {processor.py:830} INFO - Processing file /opt/airflow/dags/dag_tp2_pokemon.py for tasks to queue
[2026-06-09T10:24:08.065+0000] {logging_mixin.py:188} INFO - [2026-06-09T10:24:08.064+0000] {dagbag.py:545} INFO - Filling up the DagBag from /opt/airflow/dags/dag_tp2_pokemon.py
[2026-06-09T10:24:08.086+0000] {processor.py:840} INFO - DAG(s) 'tp2_pokemon_pipeline' retrieved from /opt/airflow/dags/dag_tp2_pokemon.py
[2026-06-09T10:24:08.125+0000] {logging_mixin.py:188} INFO - [2026-06-09T10:24:08.125+0000] {dag.py:3096} INFO - Sync 1 DAGs
[2026-06-09T10:24:08.140+0000] {logging_mixin.py:188} INFO - [2026-06-09T10:24:08.140+0000] {dag.py:3954} INFO - Setting next_dagrun for tp2_pokemon_pipeline to None, run_after=None
[2026-06-09T10:24:08.163+0000] {processor.py:183} INFO - Processing /opt/airflow/dags/dag_tp2_pokemon.py took 0.107 seconds
[2026-06-09T10:24:38.366+0000] {processor.py:161} INFO - Started process (PID=1480) to work on /opt/airflow/dags/dag_tp2_pokemon.py
[2026-06-09T10:24:38.367+0000] {processor.py:830} INFO - Processing file /opt/airflow/dags/dag_tp2_pokemon.py for tasks to queue
[2026-06-09T10:24:38.369+0000] {logging_mixin.py:188} INFO - [2026-06-09T10:24:38.368+0000] {dagbag.py:545} INFO - Filling up the DagBag from /opt/airflow/dags/dag_tp2_pokemon.py
[2026-06-09T10:24:38.387+0000] {processor.py:840} INFO - DAG(s) 'tp2_pokemon_pipeline' retrieved from /opt/airflow/dags/dag_tp2_pokemon.py
[2026-06-09T10:24:38.416+0000] {logging_mixin.py:188} INFO - [2026-06-09T10:24:38.415+0000] {dag.py:3096} INFO - Sync 1 DAGs
[2026-06-09T10:24:38.428+0000] {logging_mixin.py:188} INFO - [2026-06-09T10:24:38.427+0000] {dag.py:3954} INFO - Setting next_dagrun for tp2_pokemon_pipeline to None, run_after=None
[2026-06-09T10:24:38.448+0000] {processor.py:183} INFO - Processing /opt/airflow/dags/dag_tp2_pokemon.py took 0.086 seconds
[2026-06-09T10:25:08.573+0000] {processor.py:161} INFO - Started process (PID=1490) to work on /opt/airflow/dags/dag_tp2_pokemon.py
[2026-06-09T10:25:08.574+0000] {processor.py:830} INFO - Processing file /opt/airflow/dags/dag_tp2_pokemon.py for tasks to queue
[2026-06-09T10:25:08.576+0000] {logging_mixin.py:188} INFO - [2026-06-09T10:25:08.575+0000] {dagbag.py:545} INFO - Filling up the DagBag from /opt/airflow/dags/dag_tp2_pokemon.py
[2026-06-09T10:25:08.595+0000] {processor.py:840} INFO - DAG(s) 'tp2_pokemon_pipeline' retrieved from /opt/airflow/dags/dag_tp2_pokemon.py
[2026-06-09T10:25:08.627+0000] {logging_mixin.py:188} INFO - [2026-06-09T10:25:08.626+0000] {dag.py:3096} INFO - Sync 1 DAGs
[2026-06-09T10:25:08.640+0000] {logging_mixin.py:188} INFO - [2026-06-09T10:25:08.640+0000] {dag.py:3954} INFO - Setting next_dagrun for tp2_pokemon_pipeline to None, run_after=None
[2026-06-09T10:25:08.665+0000] {processor.py:183} INFO - Processing /opt/airflow/dags/dag_tp2_pokemon.py took 0.098 seconds
[2026-06-09T10:25:38.810+0000] {processor.py:161} INFO - Started process (PID=1500) to work on /opt/airflow/dags/dag_tp2_pokemon.py
[2026-06-09T10:25:38.811+0000] {processor.py:830} INFO - Processing file /opt/airflow/dags/dag_tp2_pokemon.py for tasks to queue
[2026-06-09T10:25:38.813+0000] {logging_mixin.py:188} INFO - [2026-06-09T10:25:38.813+0000] {dagbag.py:545} INFO - Filling up the DagBag from /opt/airflow/dags/dag_tp2_pokemon.py
[2026-06-09T10:25:38.832+0000] {processor.py:840} INFO - DAG(s) 'tp2_pokemon_pipeline' retrieved from /opt/airflow/dags/dag_tp2_pokemon.py
[2026-06-09T10:25:38.870+0000] {logging_mixin.py:188} INFO - [2026-06-09T10:25:38.869+0000] {dag.py:3096} INFO - Sync 1 DAGs
[2026-06-09T10:25:38.884+0000] {logging_mixin.py:188} INFO - [2026-06-09T10:25:38.884+0000] {dag.py:3954} INFO - Setting next_dagrun for tp2_pokemon_pipeline to None, run_after=None
[2026-06-09T10:25:38.911+0000] {processor.py:183} INFO - Processing /opt/airflow/dags/dag_tp2_pokemon.py took 0.107 seconds
[2026-06-09T10:26:09.066+0000] {processor.py:161} INFO - Started process (PID=1510) to work on /opt/airflow/dags/dag_tp2_pokemon.py
[2026-06-09T10:26:09.067+0000] {processor.py:830} INFO - Processing file /opt/airflow/dags/dag_tp2_pokemon.py for tasks to queue
[2026-06-09T10:26:09.069+0000] {logging_mixin.py:188} INFO - [2026-06-09T10:26:09.068+0000] {dagbag.py:545} INFO - Filling up the DagBag from /opt/airflow/dags/dag_tp2_pokemon.py
[2026-06-09T10:26:09.089+0000] {processor.py:840} INFO - DAG(s) 'tp2_pokemon_pipeline' retrieved from /opt/airflow/dags/dag_tp2_pokemon.py
[2026-06-09T10:26:09.123+0000] {logging_mixin.py:188} INFO - [2026-06-09T10:26:09.122+0000] {dag.py:3096} INFO - Sync 1 DAGs
[2026-06-09T10:26:09.136+0000] {logging_mixin.py:188} INFO - [2026-06-09T10:26:09.135+0000] {dag.py:3954} INFO - Setting next_dagrun for tp2_pokemon_pipeline to None, run_after=None
[2026-06-09T10:26:09.157+0000] {processor.py:183} INFO - Processing /opt/airflow/dags/dag_tp2_pokemon.py took 0.096 seconds
[2026-06-09T10:26:39.396+0000] {processor.py:161} INFO - Started process (PID=1520) to work on /opt/airflow/dags/dag_tp2_pokemon.py
[2026-06-09T10:26:39.397+0000] {processor.py:830} INFO - Processing file /opt/airflow/dags/dag_tp2_pokemon.py for tasks to queue
[2026-06-09T10:26:39.398+0000] {logging_mixin.py:188} INFO - [2026-06-09T10:26:39.398+0000] {dagbag.py:545} INFO - Filling up the DagBag from /opt/airflow/dags/dag_tp2_pokemon.py
[2026-06-09T10:26:39.421+0000] {processor.py:840} INFO - DAG(s) 'tp2_pokemon_pipeline' retrieved from /opt/airflow/dags/dag_tp2_pokemon.py
[2026-06-09T10:26:39.459+0000] {logging_mixin.py:188} INFO - [2026-06-09T10:26:39.459+0000] {dag.py:3096} INFO - Sync 1 DAGs
[2026-06-09T10:26:39.474+0000] {logging_mixin.py:188} INFO - [2026-06-09T10:26:39.473+0000] {dag.py:3954} INFO - Setting next_dagrun for tp2_pokemon_pipeline to None, run_after=None
[2026-06-09T10:26:39.494+0000] {processor.py:183} INFO - Processing /opt/airflow/dags/dag_tp2_pokemon.py took 0.103 seconds
[2026-06-09T10:27:09.578+0000] {processor.py:161} INFO - Started process (PID=1530) to work on /opt/airflow/dags/dag_tp2_pokemon.py
[2026-06-09T10:27:09.579+0000] {processor.py:830} INFO - Processing file /opt/airflow/dags/dag_tp2_pokemon.py for tasks to queue
[2026-06-09T10:27:09.580+0000] {logging_mixin.py:188} INFO - [2026-06-09T10:27:09.580+0000] {dagbag.py:545} INFO - Filling up the DagBag from /opt/airflow/dags/dag_tp2_pokemon.py
[2026-06-09T10:27:09.598+0000] {processor.py:840} INFO - DAG(s) 'tp2_pokemon_pipeline' retrieved from /opt/airflow/dags/dag_tp2_pokemon.py
[2026-06-09T10:27:09.630+0000] {logging_mixin.py:188} INFO - [2026-06-09T10:27:09.630+0000] {dag.py:3096} INFO - Sync 1 DAGs
[2026-06-09T10:27:09.644+0000] {logging_mixin.py:188} INFO - [2026-06-09T10:27:09.643+0000] {dag.py:3954} INFO - Setting next_dagrun for tp2_pokemon_pipeline to None, run_after=None
[2026-06-09T10:27:09.661+0000] {processor.py:183} INFO - Processing /opt/airflow/dags/dag_tp2_pokemon.py took 0.087 seconds
[2026-06-09T10:27:39.853+0000] {processor.py:161} INFO - Started process (PID=1540) to work on /opt/airflow/dags/dag_tp2_pokemon.py
[2026-06-09T10:27:39.854+0000] {processor.py:830} INFO - Processing file /opt/airflow/dags/dag_tp2_pokemon.py for tasks to queue
[2026-06-09T10:27:39.855+0000] {logging_mixin.py:188} INFO - [2026-06-09T10:27:39.855+0000] {dagbag.py:545} INFO - Filling up the DagBag from /opt/airflow/dags/dag_tp2_pokemon.py
[2026-06-09T10:27:39.873+0000] {processor.py:840} INFO - DAG(s) 'tp2_pokemon_pipeline' retrieved from /opt/airflow/dags/dag_tp2_pokemon.py
[2026-06-09T10:27:39.900+0000] {logging_mixin.py:188} INFO - [2026-06-09T10:27:39.900+0000] {dag.py:3096} INFO - Sync 1 DAGs
[2026-06-09T10:27:39.912+0000] {logging_mixin.py:188} INFO - [2026-06-09T10:27:39.912+0000] {dag.py:3954} INFO - Setting next_dagrun for tp2_pokemon_pipeline to None, run_after=None
[2026-06-09T10:27:39.932+0000] {processor.py:183} INFO - Processing /opt/airflow/dags/dag_tp2_pokemon.py took 0.083 seconds
[2026-06-09T10:28:10.077+0000] {processor.py:161} INFO - Started process (PID=1550) to work on /opt/airflow/dags/dag_tp2_pokemon.py
[2026-06-09T10:28:10.078+0000] {processor.py:830} INFO - Processing file /opt/airflow/dags/dag_tp2_pokemon.py for tasks to queue
[2026-06-09T10:28:10.079+0000] {logging_mixin.py:188} INFO - [2026-06-09T10:28:10.079+0000] {dagbag.py:545} INFO - Filling up the DagBag from /opt/airflow/dags/dag_tp2_pokemon.py
[2026-06-09T10:28:10.100+0000] {processor.py:840} INFO - DAG(s) 'tp2_pokemon_pipeline' retrieved from /opt/airflow/dags/dag_tp2_pokemon.py
[2026-06-09T10:28:10.138+0000] {logging_mixin.py:188} INFO - [2026-06-09T10:28:10.137+0000] {dag.py:3096} INFO - Sync 1 DAGs
[2026-06-09T10:28:10.152+0000] {logging_mixin.py:188} INFO - [2026-06-09T10:28:10.152+0000] {dag.py:3954} INFO - Setting next_dagrun for tp2_pokemon_pipeline to None, run_after=None
[2026-06-09T10:28:10.174+0000] {processor.py:183} INFO - Processing /opt/airflow/dags/dag_tp2_pokemon.py took 0.102 seconds
[2026-06-09T10:28:40.292+0000] {processor.py:161} INFO - Started process (PID=1560) to work on /opt/airflow/dags/dag_tp2_pokemon.py
[2026-06-09T10:28:40.293+0000] {processor.py:830} INFO - Processing file /opt/airflow/dags/dag_tp2_pokemon.py for tasks to queue
[2026-06-09T10:28:40.295+0000] {logging_mixin.py:188} INFO - [2026-06-09T10:28:40.295+0000] {dagbag.py:545} INFO - Filling up the DagBag from /opt/airflow/dags/dag_tp2_pokemon.py
[2026-06-09T10:28:40.315+0000] {processor.py:840} INFO - DAG(s) 'tp2_pokemon_pipeline' retrieved from /opt/airflow/dags/dag_tp2_pokemon.py
[2026-06-09T10:28:40.350+0000] {logging_mixin.py:188} INFO - [2026-06-09T10:28:40.350+0000] {dag.py:3096} INFO - Sync 1 DAGs
[2026-06-09T10:28:40.365+0000] {logging_mixin.py:188} INFO - [2026-06-09T10:28:40.364+0000] {dag.py:3954} INFO - Setting next_dagrun for tp2_pokemon_pipeline to None, run_after=None
[2026-06-09T10:28:40.385+0000] {processor.py:183} INFO - Processing /opt/airflow/dags/dag_tp2_pokemon.py took 0.098 seconds
[2026-06-09T10:29:10.590+0000] {processor.py:161} INFO - Started process (PID=1570) to work on /opt/airflow/dags/dag_tp2_pokemon.py
[2026-06-09T10:29:10.590+0000] {processor.py:830} INFO - Processing file /opt/airflow/dags/dag_tp2_pokemon.py for tasks to queue
[2026-06-09T10:29:10.592+0000] {logging_mixin.py:188} INFO - [2026-06-09T10:29:10.592+0000] {dagbag.py:545} INFO - Filling up the DagBag from /opt/airflow/dags/dag_tp2_pokemon.py
[2026-06-09T10:29:10.611+0000] {processor.py:840} INFO - DAG(s) 'tp2_pokemon_pipeline' retrieved from /opt/airflow/dags/dag_tp2_pokemon.py
[2026-06-09T10:29:10.644+0000] {logging_mixin.py:188} INFO - [2026-06-09T10:29:10.643+0000] {dag.py:3096} INFO - Sync 1 DAGs
[2026-06-09T10:29:10.656+0000] {logging_mixin.py:188} INFO - [2026-06-09T10:29:10.656+0000] {dag.py:3954} INFO - Setting next_dagrun for tp2_pokemon_pipeline to None, run_after=None
[2026-06-09T10:29:10.677+0000] {processor.py:183} INFO - Processing /opt/airflow/dags/dag_tp2_pokemon.py took 0.093 seconds
[2026-06-09T10:29:40.902+0000] {processor.py:161} INFO - Started process (PID=1580) to work on /opt/airflow/dags/dag_tp2_pokemon.py
[2026-06-09T10:29:40.903+0000] {processor.py:830} INFO - Processing file /opt/airflow/dags/dag_tp2_pokemon.py for tasks to queue
[2026-06-09T10:29:40.905+0000] {logging_mixin.py:188} INFO - [2026-06-09T10:29:40.905+0000] {dagbag.py:545} INFO - Filling up the DagBag from /opt/airflow/dags/dag_tp2_pokemon.py
[2026-06-09T10:29:40.924+0000] {processor.py:840} INFO - DAG(s) 'tp2_pokemon_pipeline' retrieved from /opt/airflow/dags/dag_tp2_pokemon.py
[2026-06-09T10:29:40.956+0000] {logging_mixin.py:188} INFO - [2026-06-09T10:29:40.956+0000] {dag.py:3096} INFO - Sync 1 DAGs
[2026-06-09T10:29:40.970+0000] {logging_mixin.py:188} INFO - [2026-06-09T10:29:40.970+0000] {dag.py:3954} INFO - Setting next_dagrun for tp2_pokemon_pipeline to None, run_after=None
[2026-06-09T10:29:40.993+0000] {processor.py:183} INFO - Processing /opt/airflow/dags/dag_tp2_pokemon.py took 0.096 seconds
[2026-06-09T10:30:11.200+0000] {processor.py:161} INFO - Started process (PID=1590) to work on /opt/airflow/dags/dag_tp2_pokemon.py
[2026-06-09T10:30:11.201+0000] {processor.py:830} INFO - Processing file /opt/airflow/dags/dag_tp2_pokemon.py for tasks to queue
[2026-06-09T10:30:11.202+0000] {logging_mixin.py:188} INFO - [2026-06-09T10:30:11.202+0000] {dagbag.py:545} INFO - Filling up the DagBag from /opt/airflow/dags/dag_tp2_pokemon.py
[2026-06-09T10:30:11.221+0000] {processor.py:840} INFO - DAG(s) 'tp2_pokemon_pipeline' retrieved from /opt/airflow/dags/dag_tp2_pokemon.py
[2026-06-09T10:30:11.251+0000] {logging_mixin.py:188} INFO - [2026-06-09T10:30:11.251+0000] {dag.py:3096} INFO - Sync 1 DAGs
[2026-06-09T10:30:11.264+0000] {logging_mixin.py:188} INFO - [2026-06-09T10:30:11.264+0000] {dag.py:3954} INFO - Setting next_dagrun for tp2_pokemon_pipeline to None, run_after=None
[2026-06-09T10:30:11.285+0000] {processor.py:183} INFO - Processing /opt/airflow/dags/dag_tp2_pokemon.py took 0.089 seconds
[2026-06-09T10:30:41.496+0000] {processor.py:161} INFO - Started process (PID=1600) to work on /opt/airflow/dags/dag_tp2_pokemon.py
[2026-06-09T10:30:41.497+0000] {processor.py:830} INFO - Processing file /opt/airflow/dags/dag_tp2_pokemon.py for tasks to queue
[2026-06-09T10:30:41.498+0000] {logging_mixin.py:188} INFO - [2026-06-09T10:30:41.498+0000] {dagbag.py:545} INFO - Filling up the DagBag from /opt/airflow/dags/dag_tp2_pokemon.py
[2026-06-09T10:30:41.517+0000] {processor.py:840} INFO - DAG(s) 'tp2_pokemon_pipeline' retrieved from /opt/airflow/dags/dag_tp2_pokemon.py
[2026-06-09T10:30:41.548+0000] {logging_mixin.py:188} INFO - [2026-06-09T10:30:41.548+0000] {dag.py:3096} INFO - Sync 1 DAGs
[2026-06-09T10:30:41.561+0000] {logging_mixin.py:188} INFO - [2026-06-09T10:30:41.561+0000] {dag.py:3954} INFO - Setting next_dagrun for tp2_pokemon_pipeline to None, run_after=None
[2026-06-09T10:30:41.582+0000] {processor.py:183} INFO - Processing /opt/airflow/dags/dag_tp2_pokemon.py took 0.090 seconds
[2026-06-09T10:31:11.746+0000] {processor.py:161} INFO - Started process (PID=1610) to work on /opt/airflow/dags/dag_tp2_pokemon.py
[2026-06-09T10:31:11.747+0000] {processor.py:830} INFO - Processing file /opt/airflow/dags/dag_tp2_pokemon.py for tasks to queue
[2026-06-09T10:31:11.749+0000] {logging_mixin.py:188} INFO - [2026-06-09T10:31:11.749+0000] {dagbag.py:545} INFO - Filling up the DagBag from /opt/airflow/dags/dag_tp2_pokemon.py
[2026-06-09T10:31:11.769+0000] {processor.py:840} INFO - DAG(s) 'tp2_pokemon_pipeline' retrieved from /opt/airflow/dags/dag_tp2_pokemon.py
[2026-06-09T10:31:11.799+0000] {logging_mixin.py:188} INFO - [2026-06-09T10:31:11.799+0000] {dag.py:3096} INFO - Sync 1 DAGs
[2026-06-09T10:31:11.813+0000] {logging_mixin.py:188} INFO - [2026-06-09T10:31:11.813+0000] {dag.py:3954} INFO - Setting next_dagrun for tp2_pokemon_pipeline to None, run_after=None
[2026-06-09T10:31:11.865+0000] {processor.py:183} INFO - Processing /opt/airflow/dags/dag_tp2_pokemon.py took 0.124 seconds
[2026-06-09T10:31:42.083+0000] {processor.py:161} INFO - Started process (PID=1620) to work on /opt/airflow/dags/dag_tp2_pokemon.py
[2026-06-09T10:31:42.084+0000] {processor.py:830} INFO - Processing file /opt/airflow/dags/dag_tp2_pokemon.py for tasks to queue
[2026-06-09T10:31:42.085+0000] {logging_mixin.py:188} INFO - [2026-06-09T10:31:42.085+0000] {dagbag.py:545} INFO - Filling up the DagBag from /opt/airflow/dags/dag_tp2_pokemon.py
[2026-06-09T10:31:42.107+0000] {processor.py:840} INFO - DAG(s) 'tp2_pokemon_pipeline' retrieved from /opt/airflow/dags/dag_tp2_pokemon.py
[2026-06-09T10:31:42.136+0000] {logging_mixin.py:188} INFO - [2026-06-09T10:31:42.136+0000] {dag.py:3096} INFO - Sync 1 DAGs
[2026-06-09T10:31:42.150+0000] {logging_mixin.py:188} INFO - [2026-06-09T10:31:42.150+0000] {dag.py:3954} INFO - Setting next_dagrun for tp2_pokemon_pipeline to None, run_after=None
[2026-06-09T10:31:42.171+0000] {processor.py:183} INFO - Processing /opt/airflow/dags/dag_tp2_pokemon.py took 0.093 seconds
[2026-06-09T10:32:12.380+0000] {processor.py:161} INFO - Started process (PID=1630) to work on /opt/airflow/dags/dag_tp2_pokemon.py
[2026-06-09T10:32:12.380+0000] {processor.py:830} INFO - Processing file /opt/airflow/dags/dag_tp2_pokemon.py for tasks to queue
[2026-06-09T10:32:12.383+0000] {logging_mixin.py:188} INFO - [2026-06-09T10:32:12.382+0000] {dagbag.py:545} INFO - Filling up the DagBag from /opt/airflow/dags/dag_tp2_pokemon.py
[2026-06-09T10:32:12.401+0000] {processor.py:840} INFO - DAG(s) 'tp2_pokemon_pipeline' retrieved from /opt/airflow/dags/dag_tp2_pokemon.py
[2026-06-09T10:32:12.432+0000] {logging_mixin.py:188} INFO - [2026-06-09T10:32:12.432+0000] {dag.py:3096} INFO - Sync 1 DAGs
[2026-06-09T10:32:12.446+0000] {logging_mixin.py:188} INFO - [2026-06-09T10:32:12.445+0000] {dag.py:3954} INFO - Setting next_dagrun for tp2_pokemon_pipeline to None, run_after=None
[2026-06-09T10:32:12.466+0000] {processor.py:183} INFO - Processing /opt/airflow/dags/dag_tp2_pokemon.py took 0.091 seconds
[2026-06-09T10:32:42.575+0000] {processor.py:161} INFO - Started process (PID=1640) to work on /opt/airflow/dags/dag_tp2_pokemon.py
[2026-06-09T10:32:42.575+0000] {processor.py:830} INFO - Processing file /opt/airflow/dags/dag_tp2_pokemon.py for tasks to queue
[2026-06-09T10:32:42.577+0000] {logging_mixin.py:188} INFO - [2026-06-09T10:32:42.577+0000] {dagbag.py:545} INFO - Filling up the DagBag from /opt/airflow/dags/dag_tp2_pokemon.py
[2026-06-09T10:32:42.597+0000] {processor.py:840} INFO - DAG(s) 'tp2_pokemon_pipeline' retrieved from /opt/airflow/dags/dag_tp2_pokemon.py
[2026-06-09T10:32:42.633+0000] {logging_mixin.py:188} INFO - [2026-06-09T10:32:42.633+0000] {dag.py:3096} INFO - Sync 1 DAGs
[2026-06-09T10:32:42.645+0000] {logging_mixin.py:188} INFO - [2026-06-09T10:32:42.645+0000] {dag.py:3954} INFO - Setting next_dagrun for tp2_pokemon_pipeline to None, run_after=None
[2026-06-09T10:32:42.665+0000] {processor.py:183} INFO - Processing /opt/airflow/dags/dag_tp2_pokemon.py took 0.095 seconds
[2026-06-09T10:33:12.871+0000] {processor.py:161} INFO - Started process (PID=1650) to work on /opt/airflow/dags/dag_tp2_pokemon.py
[2026-06-09T10:33:12.871+0000] {processor.py:830} INFO - Processing file /opt/airflow/dags/dag_tp2_pokemon.py for tasks to queue
[2026-06-09T10:33:12.873+0000] {logging_mixin.py:188} INFO - [2026-06-09T10:33:12.873+0000] {dagbag.py:545} INFO - Filling up the DagBag from /opt/airflow/dags/dag_tp2_pokemon.py
[2026-06-09T10:33:12.891+0000] {processor.py:840} INFO - DAG(s) 'tp2_pokemon_pipeline' retrieved from /opt/airflow/dags/dag_tp2_pokemon.py
[2026-06-09T10:33:12.922+0000] {logging_mixin.py:188} INFO - [2026-06-09T10:33:12.922+0000] {dag.py:3096} INFO - Sync 1 DAGs
[2026-06-09T10:33:12.936+0000] {logging_mixin.py:188} INFO - [2026-06-09T10:33:12.936+0000] {dag.py:3954} INFO - Setting next_dagrun for tp2_pokemon_pipeline to None, run_after=None
[2026-06-09T10:33:12.957+0000] {processor.py:183} INFO - Processing /opt/airflow/dags/dag_tp2_pokemon.py took 0.092 seconds
[2026-06-09T10:33:43.168+0000] {processor.py:161} INFO - Started process (PID=1660) to work on /opt/airflow/dags/dag_tp2_pokemon.py
[2026-06-09T10:33:43.169+0000] {processor.py:830} INFO - Processing file /opt/airflow/dags/dag_tp2_pokemon.py for tasks to queue
[2026-06-09T10:33:43.171+0000] {logging_mixin.py:188} INFO - [2026-06-09T10:33:43.170+0000] {dagbag.py:545} INFO - Filling up the DagBag from /opt/airflow/dags/dag_tp2_pokemon.py
[2026-06-09T10:33:43.192+0000] {processor.py:840} INFO - DAG(s) 'tp2_pokemon_pipeline' retrieved from /opt/airflow/dags/dag_tp2_pokemon.py
[2026-06-09T10:33:43.224+0000] {logging_mixin.py:188} INFO - [2026-06-09T10:33:43.224+0000] {dag.py:3096} INFO - Sync 1 DAGs
[2026-06-09T10:33:43.239+0000] {logging_mixin.py:188} INFO - [2026-06-09T10:33:43.239+0000] {dag.py:3954} INFO - Setting next_dagrun for tp2_pokemon_pipeline to None, run_after=None
[2026-06-09T10:33:43.260+0000] {processor.py:183} INFO - Processing /opt/airflow/dags/dag_tp2_pokemon.py took 0.098 seconds
[2026-06-09T10:34:13.468+0000] {processor.py:161} INFO - Started process (PID=1670) to work on /opt/airflow/dags/dag_tp2_pokemon.py
[2026-06-09T10:34:13.469+0000] {processor.py:830} INFO - Processing file /opt/airflow/dags/dag_tp2_pokemon.py for tasks to queue
[2026-06-09T10:34:13.470+0000] {logging_mixin.py:188} INFO - [2026-06-09T10:34:13.470+0000] {dagbag.py:545} INFO - Filling up the DagBag from /opt/airflow/dags/dag_tp2_pokemon.py
[2026-06-09T10:34:13.489+0000] {processor.py:840} INFO - DAG(s) 'tp2_pokemon_pipeline' retrieved from /opt/airflow/dags/dag_tp2_pokemon.py
[2026-06-09T10:34:13.518+0000] {logging_mixin.py:188} INFO - [2026-06-09T10:34:13.518+0000] {dag.py:3096} INFO - Sync 1 DAGs
[2026-06-09T10:34:13.531+0000] {logging_mixin.py:188} INFO - [2026-06-09T10:34:13.531+0000] {dag.py:3954} INFO - Setting next_dagrun for tp2_pokemon_pipeline to None, run_after=None
[2026-06-09T10:34:13.552+0000] {processor.py:183} INFO - Processing /opt/airflow/dags/dag_tp2_pokemon.py took 0.088 seconds
[2026-06-09T10:34:43.767+0000] {processor.py:161} INFO - Started process (PID=1680) to work on /opt/airflow/dags/dag_tp2_pokemon.py
[2026-06-09T10:34:43.768+0000] {processor.py:830} INFO - Processing file /opt/airflow/dags/dag_tp2_pokemon.py for tasks to queue
[2026-06-09T10:34:43.770+0000] {logging_mixin.py:188} INFO - [2026-06-09T10:34:43.770+0000] {dagbag.py:545} INFO - Filling up the DagBag from /opt/airflow/dags/dag_tp2_pokemon.py
[2026-06-09T10:34:43.794+0000] {processor.py:840} INFO - DAG(s) 'tp2_pokemon_pipeline' retrieved from /opt/airflow/dags/dag_tp2_pokemon.py
[2026-06-09T10:34:43.827+0000] {logging_mixin.py:188} INFO - [2026-06-09T10:34:43.827+0000] {dag.py:3096} INFO - Sync 1 DAGs
[2026-06-09T10:34:43.842+0000] {logging_mixin.py:188} INFO - [2026-06-09T10:34:43.841+0000] {dag.py:3954} INFO - Setting next_dagrun for tp2_pokemon_pipeline to None, run_after=None
[2026-06-09T10:34:43.863+0000] {processor.py:183} INFO - Processing /opt/airflow/dags/dag_tp2_pokemon.py took 0.102 seconds
[2026-06-09T10:35:14.067+0000] {processor.py:161} INFO - Started process (PID=1690) to work on /opt/airflow/dags/dag_tp2_pokemon.py
[2026-06-09T10:35:14.068+0000] {processor.py:830} INFO - Processing file /opt/airflow/dags/dag_tp2_pokemon.py for tasks to queue
[2026-06-09T10:35:14.069+0000] {logging_mixin.py:188} INFO - [2026-06-09T10:35:14.069+0000] {dagbag.py:545} INFO - Filling up the DagBag from /opt/airflow/dags/dag_tp2_pokemon.py
[2026-06-09T10:35:14.088+0000] {processor.py:840} INFO - DAG(s) 'tp2_pokemon_pipeline' retrieved from /opt/airflow/dags/dag_tp2_pokemon.py
[2026-06-09T10:35:14.117+0000] {logging_mixin.py:188} INFO - [2026-06-09T10:35:14.117+0000] {dag.py:3096} INFO - Sync 1 DAGs
[2026-06-09T10:35:14.131+0000] {logging_mixin.py:188} INFO - [2026-06-09T10:35:14.131+0000] {dag.py:3954} INFO - Setting next_dagrun for tp2_pokemon_pipeline to None, run_after=None
[2026-06-09T10:35:14.153+0000] {processor.py:183} INFO - Processing /opt/airflow/dags/dag_tp2_pokemon.py took 0.091 seconds
[2026-06-09T10:35:44.267+0000] {processor.py:161} INFO - Started process (PID=1700) to work on /opt/airflow/dags/dag_tp2_pokemon.py
[2026-06-09T10:35:44.268+0000] {processor.py:830} INFO - Processing file /opt/airflow/dags/dag_tp2_pokemon.py for tasks to queue
[2026-06-09T10:35:44.269+0000] {logging_mixin.py:188} INFO - [2026-06-09T10:35:44.269+0000] {dagbag.py:545} INFO - Filling up the DagBag from /opt/airflow/dags/dag_tp2_pokemon.py
[2026-06-09T10:35:44.289+0000] {processor.py:840} INFO - DAG(s) 'tp2_pokemon_pipeline' retrieved from /opt/airflow/dags/dag_tp2_pokemon.py
[2026-06-09T10:35:44.324+0000] {logging_mixin.py:188} INFO - [2026-06-09T10:35:44.324+0000] {dag.py:3096} INFO - Sync 1 DAGs
[2026-06-09T10:35:44.337+0000] {logging_mixin.py:188} INFO - [2026-06-09T10:35:44.337+0000] {dag.py:3954} INFO - Setting next_dagrun for tp2_pokemon_pipeline to None, run_after=None
[2026-06-09T10:35:44.357+0000] {processor.py:183} INFO - Processing /opt/airflow/dags/dag_tp2_pokemon.py took 0.095 seconds
[2026-06-09T10:36:14.606+0000] {processor.py:161} INFO - Started process (PID=1710) to work on /opt/airflow/dags/dag_tp2_pokemon.py
[2026-06-09T10:36:14.607+0000] {processor.py:830} INFO - Processing file /opt/airflow/dags/dag_tp2_pokemon.py for tasks to queue
[2026-06-09T10:36:14.608+0000] {logging_mixin.py:188} INFO - [2026-06-09T10:36:14.608+0000] {dagbag.py:545} INFO - Filling up the DagBag from /opt/airflow/dags/dag_tp2_pokemon.py
[2026-06-09T10:36:14.627+0000] {processor.py:840} INFO - DAG(s) 'tp2_pokemon_pipeline' retrieved from /opt/airflow/dags/dag_tp2_pokemon.py
[2026-06-09T10:36:14.657+0000] {logging_mixin.py:188} INFO - [2026-06-09T10:36:14.657+0000] {dag.py:3096} INFO - Sync 1 DAGs
[2026-06-09T10:36:14.671+0000] {logging_mixin.py:188} INFO - [2026-06-09T10:36:14.671+0000] {dag.py:3954} INFO - Setting next_dagrun for tp2_pokemon_pipeline to None, run_after=None
[2026-06-09T10:36:14.692+0000] {processor.py:183} INFO - Processing /opt/airflow/dags/dag_tp2_pokemon.py took 0.090 seconds
[2026-06-09T10:36:44.801+0000] {processor.py:161} INFO - Started process (PID=1720) to work on /opt/airflow/dags/dag_tp2_pokemon.py
[2026-06-09T10:36:44.802+0000] {processor.py:830} INFO - Processing file /opt/airflow/dags/dag_tp2_pokemon.py for tasks to queue
[2026-06-09T10:36:44.803+0000] {logging_mixin.py:188} INFO - [2026-06-09T10:36:44.803+0000] {dagbag.py:545} INFO - Filling up the DagBag from /opt/airflow/dags/dag_tp2_pokemon.py
[2026-06-09T10:36:44.823+0000] {processor.py:840} INFO - DAG(s) 'tp2_pokemon_pipeline' retrieved from /opt/airflow/dags/dag_tp2_pokemon.py
[2026-06-09T10:36:44.858+0000] {logging_mixin.py:188} INFO - [2026-06-09T10:36:44.857+0000] {dag.py:3096} INFO - Sync 1 DAGs
[2026-06-09T10:36:44.872+0000] {logging_mixin.py:188} INFO - [2026-06-09T10:36:44.872+0000] {dag.py:3954} INFO - Setting next_dagrun for tp2_pokemon_pipeline to None, run_after=None
[2026-06-09T10:36:44.893+0000] {processor.py:183} INFO - Processing /opt/airflow/dags/dag_tp2_pokemon.py took 0.098 seconds
[2026-06-09T10:37:15.101+0000] {processor.py:161} INFO - Started process (PID=1730) to work on /opt/airflow/dags/dag_tp2_pokemon.py
[2026-06-09T10:37:15.102+0000] {processor.py:830} INFO - Processing file /opt/airflow/dags/dag_tp2_pokemon.py for tasks to queue
[2026-06-09T10:37:15.104+0000] {logging_mixin.py:188} INFO - [2026-06-09T10:37:15.103+0000] {dagbag.py:545} INFO - Filling up the DagBag from /opt/airflow/dags/dag_tp2_pokemon.py
[2026-06-09T10:37:15.121+0000] {processor.py:840} INFO - DAG(s) 'tp2_pokemon_pipeline' retrieved from /opt/airflow/dags/dag_tp2_pokemon.py
[2026-06-09T10:37:15.150+0000] {logging_mixin.py:188} INFO - [2026-06-09T10:37:15.150+0000] {dag.py:3096} INFO - Sync 1 DAGs
[2026-06-09T10:37:15.162+0000] {logging_mixin.py:188} INFO - [2026-06-09T10:37:15.161+0000] {dag.py:3954} INFO - Setting next_dagrun for tp2_pokemon_pipeline to None, run_after=None
[2026-06-09T10:37:15.183+0000] {processor.py:183} INFO - Processing /opt/airflow/dags/dag_tp2_pokemon.py took 0.086 seconds
[2026-06-09T10:37:45.291+0000] {processor.py:161} INFO - Started process (PID=1740) to work on /opt/airflow/dags/dag_tp2_pokemon.py
[2026-06-09T10:37:45.292+0000] {processor.py:830} INFO - Processing file /opt/airflow/dags/dag_tp2_pokemon.py for tasks to queue
[2026-06-09T10:37:45.294+0000] {logging_mixin.py:188} INFO - [2026-06-09T10:37:45.293+0000] {dagbag.py:545} INFO - Filling up the DagBag from /opt/airflow/dags/dag_tp2_pokemon.py
[2026-06-09T10:37:45.314+0000] {processor.py:840} INFO - DAG(s) 'tp2_pokemon_pipeline' retrieved from /opt/airflow/dags/dag_tp2_pokemon.py
[2026-06-09T10:37:45.346+0000] {logging_mixin.py:188} INFO - [2026-06-09T10:37:45.346+0000] {dag.py:3096} INFO - Sync 1 DAGs
[2026-06-09T10:37:45.359+0000] {logging_mixin.py:188} INFO - [2026-06-09T10:37:45.359+0000] {dag.py:3954} INFO - Setting next_dagrun for tp2_pokemon_pipeline to None, run_after=None
[2026-06-09T10:37:45.379+0000] {processor.py:183} INFO - Processing /opt/airflow/dags/dag_tp2_pokemon.py took 0.093 seconds
[2026-06-09T10:38:15.534+0000] {processor.py:161} INFO - Started process (PID=1750) to work on /opt/airflow/dags/dag_tp2_pokemon.py
[2026-06-09T10:38:15.535+0000] {processor.py:830} INFO - Processing file /opt/airflow/dags/dag_tp2_pokemon.py for tasks to queue
[2026-06-09T10:38:15.536+0000] {logging_mixin.py:188} INFO - [2026-06-09T10:38:15.536+0000] {dagbag.py:545} INFO - Filling up the DagBag from /opt/airflow/dags/dag_tp2_pokemon.py
[2026-06-09T10:38:15.554+0000] {processor.py:840} INFO - DAG(s) 'tp2_pokemon_pipeline' retrieved from /opt/airflow/dags/dag_tp2_pokemon.py
[2026-06-09T10:38:15.584+0000] {logging_mixin.py:188} INFO - [2026-06-09T10:38:15.584+0000] {dag.py:3096} INFO - Sync 1 DAGs
[2026-06-09T10:38:15.599+0000] {logging_mixin.py:188} INFO - [2026-06-09T10:38:15.598+0000] {dag.py:3954} INFO - Setting next_dagrun for tp2_pokemon_pipeline to None, run_after=None
[2026-06-09T10:38:15.617+0000] {processor.py:183} INFO - Processing /opt/airflow/dags/dag_tp2_pokemon.py took 0.087 seconds
[2026-06-09T10:38:45.733+0000] {processor.py:161} INFO - Started process (PID=1760) to work on /opt/airflow/dags/dag_tp2_pokemon.py
[2026-06-09T10:38:45.734+0000] {processor.py:830} INFO - Processing file /opt/airflow/dags/dag_tp2_pokemon.py for tasks to queue
[2026-06-09T10:38:45.736+0000] {logging_mixin.py:188} INFO - [2026-06-09T10:38:45.735+0000] {dagbag.py:545} INFO - Filling up the DagBag from /opt/airflow/dags/dag_tp2_pokemon.py
[2026-06-09T10:38:45.755+0000] {processor.py:840} INFO - DAG(s) 'tp2_pokemon_pipeline' retrieved from /opt/airflow/dags/dag_tp2_pokemon.py
[2026-06-09T10:38:45.787+0000] {logging_mixin.py:188} INFO - [2026-06-09T10:38:45.786+0000] {dag.py:3096} INFO - Sync 1 DAGs
[2026-06-09T10:38:45.800+0000] {logging_mixin.py:188} INFO - [2026-06-09T10:38:45.800+0000] {dag.py:3954} INFO - Setting next_dagrun for tp2_pokemon_pipeline to None, run_after=None
[2026-06-09T10:38:45.820+0000] {processor.py:183} INFO - Processing /opt/airflow/dags/dag_tp2_pokemon.py took 0.092 seconds
[2026-06-09T10:39:16.032+0000] {processor.py:161} INFO - Started process (PID=1770) to work on /opt/airflow/dags/dag_tp2_pokemon.py
[2026-06-09T10:39:16.033+0000] {processor.py:830} INFO - Processing file /opt/airflow/dags/dag_tp2_pokemon.py for tasks to queue
[2026-06-09T10:39:16.034+0000] {logging_mixin.py:188} INFO - [2026-06-09T10:39:16.034+0000] {dagbag.py:545} INFO - Filling up the DagBag from /opt/airflow/dags/dag_tp2_pokemon.py
[2026-06-09T10:39:16.052+0000] {processor.py:840} INFO - DAG(s) 'tp2_pokemon_pipeline' retrieved from /opt/airflow/dags/dag_tp2_pokemon.py
[2026-06-09T10:39:16.082+0000] {logging_mixin.py:188} INFO - [2026-06-09T10:39:16.082+0000] {dag.py:3096} INFO - Sync 1 DAGs
[2026-06-09T10:39:16.095+0000] {logging_mixin.py:188} INFO - [2026-06-09T10:39:16.095+0000] {dag.py:3954} INFO - Setting next_dagrun for tp2_pokemon_pipeline to None, run_after=None
[2026-06-09T10:39:16.115+0000] {processor.py:183} INFO - Processing /opt/airflow/dags/dag_tp2_pokemon.py took 0.089 seconds
[2026-06-09T10:39:46.326+0000] {processor.py:161} INFO - Started process (PID=1780) to work on /opt/airflow/dags/dag_tp2_pokemon.py
[2026-06-09T10:39:46.326+0000] {processor.py:830} INFO - Processing file /opt/airflow/dags/dag_tp2_pokemon.py for tasks to queue
[2026-06-09T10:39:46.328+0000] {logging_mixin.py:188} INFO - [2026-06-09T10:39:46.328+0000] {dagbag.py:545} INFO - Filling up the DagBag from /opt/airflow/dags/dag_tp2_pokemon.py
[2026-06-09T10:39:46.348+0000] {processor.py:840} INFO - DAG(s) 'tp2_pokemon_pipeline' retrieved from /opt/airflow/dags/dag_tp2_pokemon.py
[2026-06-09T10:39:46.381+0000] {logging_mixin.py:188} INFO - [2026-06-09T10:39:46.380+0000] {dag.py:3096} INFO - Sync 1 DAGs
[2026-06-09T10:39:46.395+0000] {logging_mixin.py:188} INFO - [2026-06-09T10:39:46.395+0000] {dag.py:3954} INFO - Setting next_dagrun for tp2_pokemon_pipeline to None, run_after=None
[2026-06-09T10:39:46.416+0000] {processor.py:183} INFO - Processing /opt/airflow/dags/dag_tp2_pokemon.py took 0.095 seconds
[2026-06-09T10:40:16.520+0000] {processor.py:161} INFO - Started process (PID=1790) to work on /opt/airflow/dags/dag_tp2_pokemon.py
[2026-06-09T10:40:16.521+0000] {processor.py:830} INFO - Processing file /opt/airflow/dags/dag_tp2_pokemon.py for tasks to queue
[2026-06-09T10:40:16.522+0000] {logging_mixin.py:188} INFO - [2026-06-09T10:40:16.522+0000] {dagbag.py:545} INFO - Filling up the DagBag from /opt/airflow/dags/dag_tp2_pokemon.py
[2026-06-09T10:40:16.540+0000] {processor.py:840} INFO - DAG(s) 'tp2_pokemon_pipeline' retrieved from /opt/airflow/dags/dag_tp2_pokemon.py
[2026-06-09T10:40:16.574+0000] {logging_mixin.py:188} INFO - [2026-06-09T10:40:16.573+0000] {dag.py:3096} INFO - Sync 1 DAGs
[2026-06-09T10:40:16.588+0000] {logging_mixin.py:188} INFO - [2026-06-09T10:40:16.587+0000] {dag.py:3954} INFO - Setting next_dagrun for tp2_pokemon_pipeline to None, run_after=None
[2026-06-09T10:40:16.608+0000] {processor.py:183} INFO - Processing /opt/airflow/dags/dag_tp2_pokemon.py took 0.093 seconds
[2026-06-09T10:40:46.809+0000] {processor.py:161} INFO - Started process (PID=1800) to work on /opt/airflow/dags/dag_tp2_pokemon.py
[2026-06-09T10:40:46.810+0000] {processor.py:830} INFO - Processing file /opt/airflow/dags/dag_tp2_pokemon.py for tasks to queue
[2026-06-09T10:40:46.811+0000] {logging_mixin.py:188} INFO - [2026-06-09T10:40:46.811+0000] {dagbag.py:545} INFO - Filling up the DagBag from /opt/airflow/dags/dag_tp2_pokemon.py
[2026-06-09T10:40:46.831+0000] {processor.py:840} INFO - DAG(s) 'tp2_pokemon_pipeline' retrieved from /opt/airflow/dags/dag_tp2_pokemon.py
[2026-06-09T10:40:46.864+0000] {logging_mixin.py:188} INFO - [2026-06-09T10:40:46.864+0000] {dag.py:3096} INFO - Sync 1 DAGs
[2026-06-09T10:40:46.878+0000] {logging_mixin.py:188} INFO - [2026-06-09T10:40:46.878+0000] {dag.py:3954} INFO - Setting next_dagrun for tp2_pokemon_pipeline to None, run_after=None
[2026-06-09T10:40:46.898+0000] {processor.py:183} INFO - Processing /opt/airflow/dags/dag_tp2_pokemon.py took 0.095 seconds
[2026-06-09T10:41:17.166+0000] {processor.py:161} INFO - Started process (PID=1810) to work on /opt/airflow/dags/dag_tp2_pokemon.py
[2026-06-09T10:41:17.166+0000] {processor.py:830} INFO - Processing file /opt/airflow/dags/dag_tp2_pokemon.py for tasks to queue
[2026-06-09T10:41:17.168+0000] {logging_mixin.py:188} INFO - [2026-06-09T10:41:17.167+0000] {dagbag.py:545} INFO - Filling up the DagBag from /opt/airflow/dags/dag_tp2_pokemon.py
[2026-06-09T10:41:17.190+0000] {processor.py:840} INFO - DAG(s) 'tp2_pokemon_pipeline' retrieved from /opt/airflow/dags/dag_tp2_pokemon.py
[2026-06-09T10:41:17.229+0000] {logging_mixin.py:188} INFO - [2026-06-09T10:41:17.228+0000] {dag.py:3096} INFO - Sync 1 DAGs
[2026-06-09T10:41:17.244+0000] {logging_mixin.py:188} INFO - [2026-06-09T10:41:17.243+0000] {dag.py:3954} INFO - Setting next_dagrun for tp2_pokemon_pipeline to None, run_after=None
[2026-06-09T10:41:17.269+0000] {processor.py:183} INFO - Processing /opt/airflow/dags/dag_tp2_pokemon.py took 0.108 seconds
[2026-06-09T10:41:47.359+0000] {processor.py:161} INFO - Started process (PID=1820) to work on /opt/airflow/dags/dag_tp2_pokemon.py
[2026-06-09T10:41:47.360+0000] {processor.py:830} INFO - Processing file /opt/airflow/dags/dag_tp2_pokemon.py for tasks to queue
[2026-06-09T10:41:47.361+0000] {logging_mixin.py:188} INFO - [2026-06-09T10:41:47.361+0000] {dagbag.py:545} INFO - Filling up the DagBag from /opt/airflow/dags/dag_tp2_pokemon.py
[2026-06-09T10:41:47.380+0000] {processor.py:840} INFO - DAG(s) 'tp2_pokemon_pipeline' retrieved from /opt/airflow/dags/dag_tp2_pokemon.py
[2026-06-09T10:41:47.411+0000] {logging_mixin.py:188} INFO - [2026-06-09T10:41:47.410+0000] {dag.py:3096} INFO - Sync 1 DAGs
[2026-06-09T10:41:47.424+0000] {logging_mixin.py:188} INFO - [2026-06-09T10:41:47.424+0000] {dag.py:3954} INFO - Setting next_dagrun for tp2_pokemon_pipeline to None, run_after=None
[2026-06-09T10:41:47.443+0000] {processor.py:183} INFO - Processing /opt/airflow/dags/dag_tp2_pokemon.py took 0.089 seconds
[2026-06-09T10:42:17.623+0000] {processor.py:161} INFO - Started process (PID=1830) to work on /opt/airflow/dags/dag_tp2_pokemon.py
[2026-06-09T10:42:17.624+0000] {processor.py:830} INFO - Processing file /opt/airflow/dags/dag_tp2_pokemon.py for tasks to queue
[2026-06-09T10:42:17.625+0000] {logging_mixin.py:188} INFO - [2026-06-09T10:42:17.625+0000] {dagbag.py:545} INFO - Filling up the DagBag from /opt/airflow/dags/dag_tp2_pokemon.py
[2026-06-09T10:42:17.644+0000] {processor.py:840} INFO - DAG(s) 'tp2_pokemon_pipeline' retrieved from /opt/airflow/dags/dag_tp2_pokemon.py
[2026-06-09T10:42:17.675+0000] {logging_mixin.py:188} INFO - [2026-06-09T10:42:17.675+0000] {dag.py:3096} INFO - Sync 1 DAGs
[2026-06-09T10:42:17.688+0000] {logging_mixin.py:188} INFO - [2026-06-09T10:42:17.688+0000] {dag.py:3954} INFO - Setting next_dagrun for tp2_pokemon_pipeline to None, run_after=None
[2026-06-09T10:42:17.707+0000] {processor.py:183} INFO - Processing /opt/airflow/dags/dag_tp2_pokemon.py took 0.090 seconds
[2026-06-09T10:42:47.916+0000] {processor.py:161} INFO - Started process (PID=1840) to work on /opt/airflow/dags/dag_tp2_pokemon.py
[2026-06-09T10:42:47.917+0000] {processor.py:830} INFO - Processing file /opt/airflow/dags/dag_tp2_pokemon.py for tasks to queue
[2026-06-09T10:42:47.918+0000] {logging_mixin.py:188} INFO - [2026-06-09T10:42:47.918+0000] {dagbag.py:545} INFO - Filling up the DagBag from /opt/airflow/dags/dag_tp2_pokemon.py
[2026-06-09T10:42:47.940+0000] {processor.py:840} INFO - DAG(s) 'tp2_pokemon_pipeline' retrieved from /opt/airflow/dags/dag_tp2_pokemon.py
[2026-06-09T10:42:47.972+0000] {logging_mixin.py:188} INFO - [2026-06-09T10:42:47.972+0000] {dag.py:3096} INFO - Sync 1 DAGs
[2026-06-09T10:42:47.985+0000] {logging_mixin.py:188} INFO - [2026-06-09T10:42:47.985+0000] {dag.py:3954} INFO - Setting next_dagrun for tp2_pokemon_pipeline to None, run_after=None
[2026-06-09T10:42:48.006+0000] {processor.py:183} INFO - Processing /opt/airflow/dags/dag_tp2_pokemon.py took 0.095 seconds
[2026-06-09T10:43:18.215+0000] {processor.py:161} INFO - Started process (PID=1850) to work on /opt/airflow/dags/dag_tp2_pokemon.py
[2026-06-09T10:43:18.216+0000] {processor.py:830} INFO - Processing file /opt/airflow/dags/dag_tp2_pokemon.py for tasks to queue
[2026-06-09T10:43:18.218+0000] {logging_mixin.py:188} INFO - [2026-06-09T10:43:18.217+0000] {dagbag.py:545} INFO - Filling up the DagBag from /opt/airflow/dags/dag_tp2_pokemon.py
[2026-06-09T10:43:18.237+0000] {processor.py:840} INFO - DAG(s) 'tp2_pokemon_pipeline' retrieved from /opt/airflow/dags/dag_tp2_pokemon.py
[2026-06-09T10:43:18.268+0000] {logging_mixin.py:188} INFO - [2026-06-09T10:43:18.268+0000] {dag.py:3096} INFO - Sync 1 DAGs
[2026-06-09T10:43:18.883+0000] {logging_mixin.py:188} INFO - [2026-06-09T10:43:18.883+0000] {dag.py:3954} INFO - Setting next_dagrun for tp2_pokemon_pipeline to None, run_after=None
[2026-06-09T10:43:18.902+0000] {processor.py:183} INFO - Processing /opt/airflow/dags/dag_tp2_pokemon.py took 0.691 seconds
[2026-06-09T10:43:49.123+0000] {processor.py:161} INFO - Started process (PID=1860) to work on /opt/airflow/dags/dag_tp2_pokemon.py
[2026-06-09T10:43:49.124+0000] {processor.py:830} INFO - Processing file /opt/airflow/dags/dag_tp2_pokemon.py for tasks to queue
[2026-06-09T10:43:49.126+0000] {logging_mixin.py:188} INFO - [2026-06-09T10:43:49.126+0000] {dagbag.py:545} INFO - Filling up the DagBag from /opt/airflow/dags/dag_tp2_pokemon.py
[2026-06-09T10:43:49.146+0000] {processor.py:840} INFO - DAG(s) 'tp2_pokemon_pipeline' retrieved from /opt/airflow/dags/dag_tp2_pokemon.py
[2026-06-09T10:43:49.178+0000] {logging_mixin.py:188} INFO - [2026-06-09T10:43:49.178+0000] {dag.py:3096} INFO - Sync 1 DAGs
[2026-06-09T10:43:49.191+0000] {logging_mixin.py:188} INFO - [2026-06-09T10:43:49.191+0000] {dag.py:3954} INFO - Setting next_dagrun for tp2_pokemon_pipeline to None, run_after=None
[2026-06-09T10:43:49.211+0000] {processor.py:183} INFO - Processing /opt/airflow/dags/dag_tp2_pokemon.py took 0.095 seconds
[2026-06-09T10:44:19.415+0000] {processor.py:161} INFO - Started process (PID=1870) to work on /opt/airflow/dags/dag_tp2_pokemon.py
[2026-06-09T10:44:19.416+0000] {processor.py:830} INFO - Processing file /opt/airflow/dags/dag_tp2_pokemon.py for tasks to queue
[2026-06-09T10:44:19.418+0000] {logging_mixin.py:188} INFO - [2026-06-09T10:44:19.417+0000] {dagbag.py:545} INFO - Filling up the DagBag from /opt/airflow/dags/dag_tp2_pokemon.py
[2026-06-09T10:44:19.440+0000] {processor.py:840} INFO - DAG(s) 'tp2_pokemon_pipeline' retrieved from /opt/airflow/dags/dag_tp2_pokemon.py
[2026-06-09T10:44:19.474+0000] {logging_mixin.py:188} INFO - [2026-06-09T10:44:19.473+0000] {dag.py:3096} INFO - Sync 1 DAGs
[2026-06-09T10:44:19.487+0000] {logging_mixin.py:188} INFO - [2026-06-09T10:44:19.486+0000] {dag.py:3954} INFO - Setting next_dagrun for tp2_pokemon_pipeline to None, run_after=None
[2026-06-09T10:44:19.506+0000] {processor.py:183} INFO - Processing /opt/airflow/dags/dag_tp2_pokemon.py took 0.097 seconds
[2026-06-09T10:44:49.718+0000] {processor.py:161} INFO - Started process (PID=1880) to work on /opt/airflow/dags/dag_tp2_pokemon.py
[2026-06-09T10:44:49.719+0000] {processor.py:830} INFO - Processing file /opt/airflow/dags/dag_tp2_pokemon.py for tasks to queue
[2026-06-09T10:44:49.721+0000] {logging_mixin.py:188} INFO - [2026-06-09T10:44:49.720+0000] {dagbag.py:545} INFO - Filling up the DagBag from /opt/airflow/dags/dag_tp2_pokemon.py
[2026-06-09T10:44:49.742+0000] {processor.py:840} INFO - DAG(s) 'tp2_pokemon_pipeline' retrieved from /opt/airflow/dags/dag_tp2_pokemon.py
[2026-06-09T10:44:49.775+0000] {logging_mixin.py:188} INFO - [2026-06-09T10:44:49.775+0000] {dag.py:3096} INFO - Sync 1 DAGs
[2026-06-09T10:44:49.973+0000] {logging_mixin.py:188} INFO - [2026-06-09T10:44:49.973+0000] {dag.py:3954} INFO - Setting next_dagrun for tp2_pokemon_pipeline to None, run_after=None
[2026-06-09T10:44:49.993+0000] {processor.py:183} INFO - Processing /opt/airflow/dags/dag_tp2_pokemon.py took 0.281 seconds
[2026-06-09T10:45:20.204+0000] {processor.py:161} INFO - Started process (PID=1890) to work on /opt/airflow/dags/dag_tp2_pokemon.py
[2026-06-09T10:45:20.205+0000] {processor.py:830} INFO - Processing file /opt/airflow/dags/dag_tp2_pokemon.py for tasks to queue
[2026-06-09T10:45:20.207+0000] {logging_mixin.py:188} INFO - [2026-06-09T10:45:20.206+0000] {dagbag.py:545} INFO - Filling up the DagBag from /opt/airflow/dags/dag_tp2_pokemon.py
[2026-06-09T10:45:20.230+0000] {processor.py:840} INFO - DAG(s) 'tp2_pokemon_pipeline' retrieved from /opt/airflow/dags/dag_tp2_pokemon.py
[2026-06-09T10:45:20.262+0000] {logging_mixin.py:188} INFO - [2026-06-09T10:45:20.262+0000] {dag.py:3096} INFO - Sync 1 DAGs
[2026-06-09T10:45:20.276+0000] {logging_mixin.py:188} INFO - [2026-06-09T10:45:20.276+0000] {dag.py:3954} INFO - Setting next_dagrun for tp2_pokemon_pipeline to None, run_after=None
[2026-06-09T10:45:20.919+0000] {processor.py:183} INFO - Processing /opt/airflow/dags/dag_tp2_pokemon.py took 0.721 seconds
[2026-06-09T10:45:51.108+0000] {processor.py:161} INFO - Started process (PID=1900) to work on /opt/airflow/dags/dag_tp2_pokemon.py
[2026-06-09T10:45:51.109+0000] {processor.py:830} INFO - Processing file /opt/airflow/dags/dag_tp2_pokemon.py for tasks to queue
[2026-06-09T10:45:51.111+0000] {logging_mixin.py:188} INFO - [2026-06-09T10:45:51.111+0000] {dagbag.py:545} INFO - Filling up the DagBag from /opt/airflow/dags/dag_tp2_pokemon.py
[2026-06-09T10:45:51.132+0000] {processor.py:840} INFO - DAG(s) 'tp2_pokemon_pipeline' retrieved from /opt/airflow/dags/dag_tp2_pokemon.py
[2026-06-09T10:45:51.164+0000] {logging_mixin.py:188} INFO - [2026-06-09T10:45:51.164+0000] {dag.py:3096} INFO - Sync 1 DAGs
[2026-06-09T10:45:51.178+0000] {logging_mixin.py:188} INFO - [2026-06-09T10:45:51.178+0000] {dag.py:3954} INFO - Setting next_dagrun for tp2_pokemon_pipeline to None, run_after=None
[2026-06-09T10:45:51.201+0000] {processor.py:183} INFO - Processing /opt/airflow/dags/dag_tp2_pokemon.py took 0.098 seconds
[2026-06-09T10:46:21.314+0000] {processor.py:161} INFO - Started process (PID=1910) to work on /opt/airflow/dags/dag_tp2_pokemon.py
[2026-06-09T10:46:21.315+0000] {processor.py:830} INFO - Processing file /opt/airflow/dags/dag_tp2_pokemon.py for tasks to queue
[2026-06-09T10:46:21.317+0000] {logging_mixin.py:188} INFO - [2026-06-09T10:46:21.317+0000] {dagbag.py:545} INFO - Filling up the DagBag from /opt/airflow/dags/dag_tp2_pokemon.py
[2026-06-09T10:46:21.337+0000] {processor.py:840} INFO - DAG(s) 'tp2_pokemon_pipeline' retrieved from /opt/airflow/dags/dag_tp2_pokemon.py
[2026-06-09T10:46:21.369+0000] {logging_mixin.py:188} INFO - [2026-06-09T10:46:21.369+0000] {dag.py:3096} INFO - Sync 1 DAGs
[2026-06-09T10:46:21.573+0000] {logging_mixin.py:188} INFO - [2026-06-09T10:46:21.573+0000] {dag.py:3954} INFO - Setting next_dagrun for tp2_pokemon_pipeline to None, run_after=None
[2026-06-09T10:46:21.596+0000] {processor.py:183} INFO - Processing /opt/airflow/dags/dag_tp2_pokemon.py took 0.287 seconds
[2026-06-09T10:46:51.844+0000] {processor.py:161} INFO - Started process (PID=1920) to work on /opt/airflow/dags/dag_tp2_pokemon.py
[2026-06-09T10:46:51.844+0000] {processor.py:830} INFO - Processing file /opt/airflow/dags/dag_tp2_pokemon.py for tasks to queue
[2026-06-09T10:46:51.846+0000] {logging_mixin.py:188} INFO - [2026-06-09T10:46:51.846+0000] {dagbag.py:545} INFO - Filling up the DagBag from /opt/airflow/dags/dag_tp2_pokemon.py
[2026-06-09T10:46:51.865+0000] {processor.py:840} INFO - DAG(s) 'tp2_pokemon_pipeline' retrieved from /opt/airflow/dags/dag_tp2_pokemon.py
[2026-06-09T10:46:51.892+0000] {logging_mixin.py:188} INFO - [2026-06-09T10:46:51.892+0000] {dag.py:3096} INFO - Sync 1 DAGs
[2026-06-09T10:46:51.904+0000] {logging_mixin.py:188} INFO - [2026-06-09T10:46:51.904+0000] {dag.py:3954} INFO - Setting next_dagrun for tp2_pokemon_pipeline to None, run_after=None
[2026-06-09T10:46:51.922+0000] {processor.py:183} INFO - Processing /opt/airflow/dags/dag_tp2_pokemon.py took 0.084 seconds
[2026-06-09T10:47:22.136+0000] {processor.py:161} INFO - Started process (PID=1927) to work on /opt/airflow/dags/dag_tp2_pokemon.py
[2026-06-09T10:47:22.137+0000] {processor.py:830} INFO - Processing file /opt/airflow/dags/dag_tp2_pokemon.py for tasks to queue
[2026-06-09T10:47:22.139+0000] {logging_mixin.py:188} INFO - [2026-06-09T10:47:22.139+0000] {dagbag.py:545} INFO - Filling up the DagBag from /opt/airflow/dags/dag_tp2_pokemon.py
[2026-06-09T10:47:22.161+0000] {processor.py:840} INFO - DAG(s) 'tp2_pokemon_pipeline' retrieved from /opt/airflow/dags/dag_tp2_pokemon.py
[2026-06-09T10:47:22.197+0000] {logging_mixin.py:188} INFO - [2026-06-09T10:47:22.196+0000] {dag.py:3096} INFO - Sync 1 DAGs
[2026-06-09T10:47:22.209+0000] {logging_mixin.py:188} INFO - [2026-06-09T10:47:22.208+0000] {dag.py:3954} INFO - Setting next_dagrun for tp2_pokemon_pipeline to None, run_after=None
[2026-06-09T10:47:22.231+0000] {processor.py:183} INFO - Processing /opt/airflow/dags/dag_tp2_pokemon.py took 0.103 seconds
[2026-06-09T10:47:52.456+0000] {processor.py:161} INFO - Started process (PID=1940) to work on /opt/airflow/dags/dag_tp2_pokemon.py
[2026-06-09T10:47:52.456+0000] {processor.py:830} INFO - Processing file /opt/airflow/dags/dag_tp2_pokemon.py for tasks to queue
[2026-06-09T10:47:52.458+0000] {logging_mixin.py:188} INFO - [2026-06-09T10:47:52.458+0000] {dagbag.py:545} INFO - Filling up the DagBag from /opt/airflow/dags/dag_tp2_pokemon.py
[2026-06-09T10:47:52.478+0000] {processor.py:840} INFO - DAG(s) 'tp2_pokemon_pipeline' retrieved from /opt/airflow/dags/dag_tp2_pokemon.py
[2026-06-09T10:47:52.511+0000] {logging_mixin.py:188} INFO - [2026-06-09T10:47:52.511+0000] {dag.py:3096} INFO - Sync 1 DAGs
[2026-06-09T10:47:52.703+0000] {logging_mixin.py:188} INFO - [2026-06-09T10:47:52.703+0000] {dag.py:3954} INFO - Setting next_dagrun for tp2_pokemon_pipeline to None, run_after=None
[2026-06-09T10:47:52.722+0000] {processor.py:183} INFO - Processing /opt/airflow/dags/dag_tp2_pokemon.py took 0.272 seconds
[2026-06-09T10:48:22.949+0000] {processor.py:161} INFO - Started process (PID=1950) to work on /opt/airflow/dags/dag_tp2_pokemon.py
[2026-06-09T10:48:22.950+0000] {processor.py:830} INFO - Processing file /opt/airflow/dags/dag_tp2_pokemon.py for tasks to queue
[2026-06-09T10:48:22.951+0000] {logging_mixin.py:188} INFO - [2026-06-09T10:48:22.951+0000] {dagbag.py:545} INFO - Filling up the DagBag from /opt/airflow/dags/dag_tp2_pokemon.py
[2026-06-09T10:48:22.972+0000] {processor.py:840} INFO - DAG(s) 'tp2_pokemon_pipeline' retrieved from /opt/airflow/dags/dag_tp2_pokemon.py
[2026-06-09T10:48:23.004+0000] {logging_mixin.py:188} INFO - [2026-06-09T10:48:23.004+0000] {dag.py:3096} INFO - Sync 1 DAGs
[2026-06-09T10:48:23.018+0000] {logging_mixin.py:188} INFO - [2026-06-09T10:48:23.017+0000] {dag.py:3954} INFO - Setting next_dagrun for tp2_pokemon_pipeline to None, run_after=None
[2026-06-09T10:48:23.038+0000] {processor.py:183} INFO - Processing /opt/airflow/dags/dag_tp2_pokemon.py took 0.096 seconds
[2026-06-09T10:48:53.265+0000] {processor.py:161} INFO - Started process (PID=1960) to work on /opt/airflow/dags/dag_tp2_pokemon.py
[2026-06-09T10:48:53.266+0000] {processor.py:830} INFO - Processing file /opt/airflow/dags/dag_tp2_pokemon.py for tasks to queue
[2026-06-09T10:48:53.268+0000] {logging_mixin.py:188} INFO - [2026-06-09T10:48:53.268+0000] {dagbag.py:545} INFO - Filling up the DagBag from /opt/airflow/dags/dag_tp2_pokemon.py
[2026-06-09T10:48:53.286+0000] {processor.py:840} INFO - DAG(s) 'tp2_pokemon_pipeline' retrieved from /opt/airflow/dags/dag_tp2_pokemon.py
[2026-06-09T10:48:53.319+0000] {logging_mixin.py:188} INFO - [2026-06-09T10:48:53.319+0000] {dag.py:3096} INFO - Sync 1 DAGs
[2026-06-09T10:48:53.333+0000] {logging_mixin.py:188} INFO - [2026-06-09T10:48:53.333+0000] {dag.py:3954} INFO - Setting next_dagrun for tp2_pokemon_pipeline to None, run_after=None
[2026-06-09T10:48:53.353+0000] {processor.py:183} INFO - Processing /opt/airflow/dags/dag_tp2_pokemon.py took 0.093 seconds
[2026-06-09T10:49:23.567+0000] {processor.py:161} INFO - Started process (PID=1970) to work on /opt/airflow/dags/dag_tp2_pokemon.py
[2026-06-09T10:49:23.568+0000] {processor.py:830} INFO - Processing file /opt/airflow/dags/dag_tp2_pokemon.py for tasks to queue
[2026-06-09T10:49:23.570+0000] {logging_mixin.py:188} INFO - [2026-06-09T10:49:23.570+0000] {dagbag.py:545} INFO - Filling up the DagBag from /opt/airflow/dags/dag_tp2_pokemon.py
[2026-06-09T10:49:23.589+0000] {processor.py:840} INFO - DAG(s) 'tp2_pokemon_pipeline' retrieved from /opt/airflow/dags/dag_tp2_pokemon.py
[2026-06-09T10:49:23.620+0000] {logging_mixin.py:188} INFO - [2026-06-09T10:49:23.620+0000] {dag.py:3096} INFO - Sync 1 DAGs
[2026-06-09T10:49:23.791+0000] {logging_mixin.py:188} INFO - [2026-06-09T10:49:23.791+0000] {dag.py:3954} INFO - Setting next_dagrun for tp2_pokemon_pipeline to None, run_after=None
[2026-06-09T10:49:23.809+0000] {processor.py:183} INFO - Processing /opt/airflow/dags/dag_tp2_pokemon.py took 0.247 seconds
[2026-06-09T10:49:54.032+0000] {processor.py:161} INFO - Started process (PID=1980) to work on /opt/airflow/dags/dag_tp2_pokemon.py
[2026-06-09T10:49:54.033+0000] {processor.py:830} INFO - Processing file /opt/airflow/dags/dag_tp2_pokemon.py for tasks to queue
[2026-06-09T10:49:54.035+0000] {logging_mixin.py:188} INFO - [2026-06-09T10:49:54.034+0000] {dagbag.py:545} INFO - Filling up the DagBag from /opt/airflow/dags/dag_tp2_pokemon.py
[2026-06-09T10:49:54.055+0000] {processor.py:840} INFO - DAG(s) 'tp2_pokemon_pipeline' retrieved from /opt/airflow/dags/dag_tp2_pokemon.py
[2026-06-09T10:49:54.088+0000] {logging_mixin.py:188} INFO - [2026-06-09T10:49:54.088+0000] {dag.py:3096} INFO - Sync 1 DAGs
[2026-06-09T10:49:54.103+0000] {logging_mixin.py:188} INFO - [2026-06-09T10:49:54.103+0000] {dag.py:3954} INFO - Setting next_dagrun for tp2_pokemon_pipeline to None, run_after=None
[2026-06-09T10:49:54.125+0000] {processor.py:183} INFO - Processing /opt/airflow/dags/dag_tp2_pokemon.py took 0.097 seconds
[2026-06-09T10:50:24.345+0000] {processor.py:161} INFO - Started process (PID=1990) to work on /opt/airflow/dags/dag_tp2_pokemon.py
[2026-06-09T10:50:24.346+0000] {processor.py:830} INFO - Processing file /opt/airflow/dags/dag_tp2_pokemon.py for tasks to queue
[2026-06-09T10:50:24.347+0000] {logging_mixin.py:188} INFO - [2026-06-09T10:50:24.347+0000] {dagbag.py:545} INFO - Filling up the DagBag from /opt/airflow/dags/dag_tp2_pokemon.py
[2026-06-09T10:50:24.366+0000] {processor.py:840} INFO - DAG(s) 'tp2_pokemon_pipeline' retrieved from /opt/airflow/dags/dag_tp2_pokemon.py
[2026-06-09T10:50:24.398+0000] {logging_mixin.py:188} INFO - [2026-06-09T10:50:24.398+0000] {dag.py:3096} INFO - Sync 1 DAGs
[2026-06-09T10:50:24.412+0000] {logging_mixin.py:188} INFO - [2026-06-09T10:50:24.412+0000] {dag.py:3954} INFO - Setting next_dagrun for tp2_pokemon_pipeline to None, run_after=None
[2026-06-09T10:50:24.433+0000] {processor.py:183} INFO - Processing /opt/airflow/dags/dag_tp2_pokemon.py took 0.093 seconds
[2026-06-09T10:50:54.686+0000] {processor.py:161} INFO - Started process (PID=2000) to work on /opt/airflow/dags/dag_tp2_pokemon.py
[2026-06-09T10:50:54.687+0000] {processor.py:830} INFO - Processing file /opt/airflow/dags/dag_tp2_pokemon.py for tasks to queue
[2026-06-09T10:50:54.689+0000] {logging_mixin.py:188} INFO - [2026-06-09T10:50:54.688+0000] {dagbag.py:545} INFO - Filling up the DagBag from /opt/airflow/dags/dag_tp2_pokemon.py
[2026-06-09T10:50:54.706+0000] {processor.py:840} INFO - DAG(s) 'tp2_pokemon_pipeline' retrieved from /opt/airflow/dags/dag_tp2_pokemon.py
[2026-06-09T10:50:54.739+0000] {logging_mixin.py:188} INFO - [2026-06-09T10:50:54.739+0000] {dag.py:3096} INFO - Sync 1 DAGs
[2026-06-09T10:50:54.913+0000] {logging_mixin.py:188} INFO - [2026-06-09T10:50:54.913+0000] {dag.py:3954} INFO - Setting next_dagrun for tp2_pokemon_pipeline to None, run_after=None
[2026-06-09T10:50:54.936+0000] {processor.py:183} INFO - Processing /opt/airflow/dags/dag_tp2_pokemon.py took 0.254 seconds
[2026-06-09T10:51:25.150+0000] {processor.py:161} INFO - Started process (PID=2010) to work on /opt/airflow/dags/dag_tp2_pokemon.py
[2026-06-09T10:51:25.151+0000] {processor.py:830} INFO - Processing file /opt/airflow/dags/dag_tp2_pokemon.py for tasks to queue
[2026-06-09T10:51:25.153+0000] {logging_mixin.py:188} INFO - [2026-06-09T10:51:25.153+0000] {dagbag.py:545} INFO - Filling up the DagBag from /opt/airflow/dags/dag_tp2_pokemon.py
[2026-06-09T10:51:25.173+0000] {processor.py:840} INFO - DAG(s) 'tp2_pokemon_pipeline' retrieved from /opt/airflow/dags/dag_tp2_pokemon.py
[2026-06-09T10:51:25.206+0000] {logging_mixin.py:188} INFO - [2026-06-09T10:51:25.206+0000] {dag.py:3096} INFO - Sync 1 DAGs
[2026-06-09T10:51:25.220+0000] {logging_mixin.py:188} INFO - [2026-06-09T10:51:25.220+0000] {dag.py:3954} INFO - Setting next_dagrun for tp2_pokemon_pipeline to None, run_after=None
[2026-06-09T10:51:25.242+0000] {processor.py:183} INFO - Processing /opt/airflow/dags/dag_tp2_pokemon.py took 0.097 seconds
[2026-06-09T10:51:55.462+0000] {processor.py:161} INFO - Started process (PID=2020) to work on /opt/airflow/dags/dag_tp2_pokemon.py
[2026-06-09T10:51:55.463+0000] {processor.py:830} INFO - Processing file /opt/airflow/dags/dag_tp2_pokemon.py for tasks to queue
[2026-06-09T10:51:55.464+0000] {logging_mixin.py:188} INFO - [2026-06-09T10:51:55.464+0000] {dagbag.py:545} INFO - Filling up the DagBag from /opt/airflow/dags/dag_tp2_pokemon.py
[2026-06-09T10:51:55.484+0000] {processor.py:840} INFO - DAG(s) 'tp2_pokemon_pipeline' retrieved from /opt/airflow/dags/dag_tp2_pokemon.py
[2026-06-09T10:51:55.516+0000] {logging_mixin.py:188} INFO - [2026-06-09T10:51:55.516+0000] {dag.py:3096} INFO - Sync 1 DAGs
[2026-06-09T10:51:55.530+0000] {logging_mixin.py:188} INFO - [2026-06-09T10:51:55.530+0000] {dag.py:3954} INFO - Setting next_dagrun for tp2_pokemon_pipeline to None, run_after=None
[2026-06-09T10:51:55.551+0000] {processor.py:183} INFO - Processing /opt/airflow/dags/dag_tp2_pokemon.py took 0.094 seconds
[2026-06-09T10:52:25.763+0000] {processor.py:161} INFO - Started process (PID=2030) to work on /opt/airflow/dags/dag_tp2_pokemon.py
[2026-06-09T10:52:25.764+0000] {processor.py:830} INFO - Processing file /opt/airflow/dags/dag_tp2_pokemon.py for tasks to queue
[2026-06-09T10:52:25.766+0000] {logging_mixin.py:188} INFO - [2026-06-09T10:52:25.765+0000] {dagbag.py:545} INFO - Filling up the DagBag from /opt/airflow/dags/dag_tp2_pokemon.py
[2026-06-09T10:52:25.784+0000] {processor.py:840} INFO - DAG(s) 'tp2_pokemon_pipeline' retrieved from /opt/airflow/dags/dag_tp2_pokemon.py
[2026-06-09T10:52:25.816+0000] {logging_mixin.py:188} INFO - [2026-06-09T10:52:25.816+0000] {dag.py:3096} INFO - Sync 1 DAGs
[2026-06-09T10:52:25.996+0000] {logging_mixin.py:188} INFO - [2026-06-09T10:52:25.996+0000] {dag.py:3954} INFO - Setting next_dagrun for tp2_pokemon_pipeline to None, run_after=None
[2026-06-09T10:52:26.014+0000] {processor.py:183} INFO - Processing /opt/airflow/dags/dag_tp2_pokemon.py took 0.256 seconds
[2026-06-09T10:52:56.235+0000] {processor.py:161} INFO - Started process (PID=2040) to work on /opt/airflow/dags/dag_tp2_pokemon.py
[2026-06-09T10:52:56.236+0000] {processor.py:830} INFO - Processing file /opt/airflow/dags/dag_tp2_pokemon.py for tasks to queue
[2026-06-09T10:52:56.238+0000] {logging_mixin.py:188} INFO - [2026-06-09T10:52:56.237+0000] {dagbag.py:545} INFO - Filling up the DagBag from /opt/airflow/dags/dag_tp2_pokemon.py
[2026-06-09T10:52:56.257+0000] {processor.py:840} INFO - DAG(s) 'tp2_pokemon_pipeline' retrieved from /opt/airflow/dags/dag_tp2_pokemon.py
[2026-06-09T10:52:56.289+0000] {logging_mixin.py:188} INFO - [2026-06-09T10:52:56.289+0000] {dag.py:3096} INFO - Sync 1 DAGs
[2026-06-09T10:52:56.303+0000] {logging_mixin.py:188} INFO - [2026-06-09T10:52:56.303+0000] {dag.py:3954} INFO - Setting next_dagrun for tp2_pokemon_pipeline to None, run_after=None
[2026-06-09T10:52:56.323+0000] {processor.py:183} INFO - Processing /opt/airflow/dags/dag_tp2_pokemon.py took 0.093 seconds
[2026-06-09T10:53:26.547+0000] {processor.py:161} INFO - Started process (PID=2050) to work on /opt/airflow/dags/dag_tp2_pokemon.py
[2026-06-09T10:53:26.548+0000] {processor.py:830} INFO - Processing file /opt/airflow/dags/dag_tp2_pokemon.py for tasks to queue
[2026-06-09T10:53:26.550+0000] {logging_mixin.py:188} INFO - [2026-06-09T10:53:26.550+0000] {dagbag.py:545} INFO - Filling up the DagBag from /opt/airflow/dags/dag_tp2_pokemon.py
[2026-06-09T10:53:26.570+0000] {processor.py:840} INFO - DAG(s) 'tp2_pokemon_pipeline' retrieved from /opt/airflow/dags/dag_tp2_pokemon.py
[2026-06-09T10:53:26.600+0000] {logging_mixin.py:188} INFO - [2026-06-09T10:53:26.600+0000] {dag.py:3096} INFO - Sync 1 DAGs
[2026-06-09T10:53:26.613+0000] {logging_mixin.py:188} INFO - [2026-06-09T10:53:26.613+0000] {dag.py:3954} INFO - Setting next_dagrun for tp2_pokemon_pipeline to None, run_after=None
[2026-06-09T10:53:26.633+0000] {processor.py:183} INFO - Processing /opt/airflow/dags/dag_tp2_pokemon.py took 0.091 seconds
[2026-06-09T10:53:56.846+0000] {processor.py:161} INFO - Started process (PID=2060) to work on /opt/airflow/dags/dag_tp2_pokemon.py
[2026-06-09T10:53:56.847+0000] {processor.py:830} INFO - Processing file /opt/airflow/dags/dag_tp2_pokemon.py for tasks to queue
[2026-06-09T10:53:56.849+0000] {logging_mixin.py:188} INFO - [2026-06-09T10:53:56.849+0000] {dagbag.py:545} INFO - Filling up the DagBag from /opt/airflow/dags/dag_tp2_pokemon.py
[2026-06-09T10:53:56.869+0000] {processor.py:840} INFO - DAG(s) 'tp2_pokemon_pipeline' retrieved from /opt/airflow/dags/dag_tp2_pokemon.py
[2026-06-09T10:53:56.901+0000] {logging_mixin.py:188} INFO - [2026-06-09T10:53:56.901+0000] {dag.py:3096} INFO - Sync 1 DAGs
[2026-06-09T10:53:57.078+0000] {logging_mixin.py:188} INFO - [2026-06-09T10:53:57.077+0000] {dag.py:3954} INFO - Setting next_dagrun for tp2_pokemon_pipeline to None, run_after=None
[2026-06-09T10:53:57.096+0000] {processor.py:183} INFO - Processing /opt/airflow/dags/dag_tp2_pokemon.py took 0.256 seconds
[2026-06-09T10:54:27.319+0000] {processor.py:161} INFO - Started process (PID=2070) to work on /opt/airflow/dags/dag_tp2_pokemon.py
[2026-06-09T10:54:27.320+0000] {processor.py:830} INFO - Processing file /opt/airflow/dags/dag_tp2_pokemon.py for tasks to queue
[2026-06-09T10:54:27.322+0000] {logging_mixin.py:188} INFO - [2026-06-09T10:54:27.321+0000] {dagbag.py:545} INFO - Filling up the DagBag from /opt/airflow/dags/dag_tp2_pokemon.py
[2026-06-09T10:54:27.341+0000] {processor.py:840} INFO - DAG(s) 'tp2_pokemon_pipeline' retrieved from /opt/airflow/dags/dag_tp2_pokemon.py
[2026-06-09T10:54:27.535+0000] {logging_mixin.py:188} INFO - [2026-06-09T10:54:27.535+0000] {dag.py:3096} INFO - Sync 1 DAGs
[2026-06-09T10:54:27.546+0000] {logging_mixin.py:188} INFO - [2026-06-09T10:54:27.546+0000] {dag.py:3954} INFO - Setting next_dagrun for tp2_pokemon_pipeline to None, run_after=None
[2026-06-09T10:54:27.564+0000] {processor.py:183} INFO - Processing /opt/airflow/dags/dag_tp2_pokemon.py took 0.250 seconds
[2026-06-09T10:54:57.778+0000] {processor.py:161} INFO - Started process (PID=2080) to work on /opt/airflow/dags/dag_tp2_pokemon.py
[2026-06-09T10:54:57.779+0000] {processor.py:830} INFO - Processing file /opt/airflow/dags/dag_tp2_pokemon.py for tasks to queue
[2026-06-09T10:54:57.780+0000] {logging_mixin.py:188} INFO - [2026-06-09T10:54:57.780+0000] {dagbag.py:545} INFO - Filling up the DagBag from /opt/airflow/dags/dag_tp2_pokemon.py
[2026-06-09T10:54:57.803+0000] {processor.py:840} INFO - DAG(s) 'tp2_pokemon_pipeline' retrieved from /opt/airflow/dags/dag_tp2_pokemon.py
[2026-06-09T10:54:57.833+0000] {logging_mixin.py:188} INFO - [2026-06-09T10:54:57.833+0000] {dag.py:3096} INFO - Sync 1 DAGs
[2026-06-09T10:54:57.846+0000] {logging_mixin.py:188} INFO - [2026-06-09T10:54:57.846+0000] {dag.py:3954} INFO - Setting next_dagrun for tp2_pokemon_pipeline to None, run_after=None
[2026-06-09T10:54:57.866+0000] {processor.py:183} INFO - Processing /opt/airflow/dags/dag_tp2_pokemon.py took 0.093 seconds
[2026-06-09T10:55:28.075+0000] {processor.py:161} INFO - Started process (PID=2090) to work on /opt/airflow/dags/dag_tp2_pokemon.py
[2026-06-09T10:55:28.076+0000] {processor.py:830} INFO - Processing file /opt/airflow/dags/dag_tp2_pokemon.py for tasks to queue
[2026-06-09T10:55:28.078+0000] {logging_mixin.py:188} INFO - [2026-06-09T10:55:28.077+0000] {dagbag.py:545} INFO - Filling up the DagBag from /opt/airflow/dags/dag_tp2_pokemon.py
[2026-06-09T10:55:28.096+0000] {processor.py:840} INFO - DAG(s) 'tp2_pokemon_pipeline' retrieved from /opt/airflow/dags/dag_tp2_pokemon.py
[2026-06-09T10:55:28.128+0000] {logging_mixin.py:188} INFO - [2026-06-09T10:55:28.128+0000] {dag.py:3096} INFO - Sync 1 DAGs
[2026-06-09T10:55:28.317+0000] {logging_mixin.py:188} INFO - [2026-06-09T10:55:28.317+0000] {dag.py:3954} INFO - Setting next_dagrun for tp2_pokemon_pipeline to None, run_after=None
[2026-06-09T10:55:28.335+0000] {processor.py:183} INFO - Processing /opt/airflow/dags/dag_tp2_pokemon.py took 0.265 seconds
[2026-06-09T10:55:58.605+0000] {processor.py:161} INFO - Started process (PID=2100) to work on /opt/airflow/dags/dag_tp2_pokemon.py
[2026-06-09T10:55:58.606+0000] {processor.py:830} INFO - Processing file /opt/airflow/dags/dag_tp2_pokemon.py for tasks to queue
[2026-06-09T10:55:58.608+0000] {logging_mixin.py:188} INFO - [2026-06-09T10:55:58.608+0000] {dagbag.py:545} INFO - Filling up the DagBag from /opt/airflow/dags/dag_tp2_pokemon.py
[2026-06-09T10:55:58.629+0000] {processor.py:840} INFO - DAG(s) 'tp2_pokemon_pipeline' retrieved from /opt/airflow/dags/dag_tp2_pokemon.py
[2026-06-09T10:55:58.826+0000] {logging_mixin.py:188} INFO - [2026-06-09T10:55:58.826+0000] {dag.py:3096} INFO - Sync 1 DAGs
[2026-06-09T10:55:58.836+0000] {logging_mixin.py:188} INFO - [2026-06-09T10:55:58.836+0000] {dag.py:3954} INFO - Setting next_dagrun for tp2_pokemon_pipeline to None, run_after=None
[2026-06-09T10:55:58.855+0000] {processor.py:183} INFO - Processing /opt/airflow/dags/dag_tp2_pokemon.py took 0.255 seconds
[2026-06-09T10:56:29.060+0000] {processor.py:161} INFO - Started process (PID=2110) to work on /opt/airflow/dags/dag_tp2_pokemon.py
[2026-06-09T10:56:29.061+0000] {processor.py:830} INFO - Processing file /opt/airflow/dags/dag_tp2_pokemon.py for tasks to queue
[2026-06-09T10:56:29.063+0000] {logging_mixin.py:188} INFO - [2026-06-09T10:56:29.063+0000] {dagbag.py:545} INFO - Filling up the DagBag from /opt/airflow/dags/dag_tp2_pokemon.py
[2026-06-09T10:56:29.083+0000] {processor.py:840} INFO - DAG(s) 'tp2_pokemon_pipeline' retrieved from /opt/airflow/dags/dag_tp2_pokemon.py
[2026-06-09T10:56:29.117+0000] {logging_mixin.py:188} INFO - [2026-06-09T10:56:29.117+0000] {dag.py:3096} INFO - Sync 1 DAGs
[2026-06-09T10:56:29.131+0000] {logging_mixin.py:188} INFO - [2026-06-09T10:56:29.131+0000] {dag.py:3954} INFO - Setting next_dagrun for tp2_pokemon_pipeline to None, run_after=None
[2026-06-09T10:56:29.152+0000] {processor.py:183} INFO - Processing /opt/airflow/dags/dag_tp2_pokemon.py took 0.099 seconds
[2026-06-09T10:56:59.370+0000] {processor.py:161} INFO - Started process (PID=2120) to work on /opt/airflow/dags/dag_tp2_pokemon.py
[2026-06-09T10:56:59.371+0000] {processor.py:830} INFO - Processing file /opt/airflow/dags/dag_tp2_pokemon.py for tasks to queue
[2026-06-09T10:56:59.373+0000] {logging_mixin.py:188} INFO - [2026-06-09T10:56:59.372+0000] {dagbag.py:545} INFO - Filling up the DagBag from /opt/airflow/dags/dag_tp2_pokemon.py
[2026-06-09T10:56:59.391+0000] {processor.py:840} INFO - DAG(s) 'tp2_pokemon_pipeline' retrieved from /opt/airflow/dags/dag_tp2_pokemon.py
[2026-06-09T10:56:59.422+0000] {logging_mixin.py:188} INFO - [2026-06-09T10:56:59.422+0000] {dag.py:3096} INFO - Sync 1 DAGs
[2026-06-09T10:56:59.641+0000] {logging_mixin.py:188} INFO - [2026-06-09T10:56:59.640+0000] {dag.py:3954} INFO - Setting next_dagrun for tp2_pokemon_pipeline to None, run_after=None
[2026-06-09T10:56:59.660+0000] {processor.py:183} INFO - Processing /opt/airflow/dags/dag_tp2_pokemon.py took 0.294 seconds
[2026-06-09T10:57:29.882+0000] {processor.py:161} INFO - Started process (PID=2130) to work on /opt/airflow/dags/dag_tp2_pokemon.py
[2026-06-09T10:57:29.883+0000] {processor.py:830} INFO - Processing file /opt/airflow/dags/dag_tp2_pokemon.py for tasks to queue
[2026-06-09T10:57:29.885+0000] {logging_mixin.py:188} INFO - [2026-06-09T10:57:29.885+0000] {dagbag.py:545} INFO - Filling up the DagBag from /opt/airflow/dags/dag_tp2_pokemon.py
[2026-06-09T10:57:29.904+0000] {processor.py:840} INFO - DAG(s) 'tp2_pokemon_pipeline' retrieved from /opt/airflow/dags/dag_tp2_pokemon.py
[2026-06-09T10:57:30.103+0000] {logging_mixin.py:188} INFO - [2026-06-09T10:57:30.103+0000] {dag.py:3096} INFO - Sync 1 DAGs
[2026-06-09T10:57:30.114+0000] {logging_mixin.py:188} INFO - [2026-06-09T10:57:30.114+0000] {dag.py:3954} INFO - Setting next_dagrun for tp2_pokemon_pipeline to None, run_after=None
[2026-06-09T10:57:30.133+0000] {processor.py:183} INFO - Processing /opt/airflow/dags/dag_tp2_pokemon.py took 0.255 seconds
[2026-06-09T10:58:00.346+0000] {processor.py:161} INFO - Started process (PID=2140) to work on /opt/airflow/dags/dag_tp2_pokemon.py
[2026-06-09T10:58:00.347+0000] {processor.py:830} INFO - Processing file /opt/airflow/dags/dag_tp2_pokemon.py for tasks to queue
[2026-06-09T10:58:00.348+0000] {logging_mixin.py:188} INFO - [2026-06-09T10:58:00.348+0000] {dagbag.py:545} INFO - Filling up the DagBag from /opt/airflow/dags/dag_tp2_pokemon.py
[2026-06-09T10:58:00.368+0000] {processor.py:840} INFO - DAG(s) 'tp2_pokemon_pipeline' retrieved from /opt/airflow/dags/dag_tp2_pokemon.py
[2026-06-09T10:58:00.402+0000] {logging_mixin.py:188} INFO - [2026-06-09T10:58:00.401+0000] {dag.py:3096} INFO - Sync 1 DAGs
[2026-06-09T10:58:00.417+0000] {logging_mixin.py:188} INFO - [2026-06-09T10:58:00.416+0000] {dag.py:3954} INFO - Setting next_dagrun for tp2_pokemon_pipeline to None, run_after=None
[2026-06-09T10:58:00.436+0000] {processor.py:183} INFO - Processing /opt/airflow/dags/dag_tp2_pokemon.py took 0.095 seconds
[2026-06-09T10:58:30.541+0000] {processor.py:161} INFO - Started process (PID=2150) to work on /opt/airflow/dags/dag_tp2_pokemon.py
[2026-06-09T10:58:30.541+0000] {processor.py:830} INFO - Processing file /opt/airflow/dags/dag_tp2_pokemon.py for tasks to queue
[2026-06-09T10:58:30.543+0000] {logging_mixin.py:188} INFO - [2026-06-09T10:58:30.543+0000] {dagbag.py:545} INFO - Filling up the DagBag from /opt/airflow/dags/dag_tp2_pokemon.py
[2026-06-09T10:58:30.562+0000] {processor.py:840} INFO - DAG(s) 'tp2_pokemon_pipeline' retrieved from /opt/airflow/dags/dag_tp2_pokemon.py
[2026-06-09T10:58:30.594+0000] {logging_mixin.py:188} INFO - [2026-06-09T10:58:30.594+0000] {dag.py:3096} INFO - Sync 1 DAGs
[2026-06-09T10:58:30.778+0000] {logging_mixin.py:188} INFO - [2026-06-09T10:58:30.777+0000] {dag.py:3954} INFO - Setting next_dagrun for tp2_pokemon_pipeline to None, run_after=None
[2026-06-09T10:58:30.797+0000] {processor.py:183} INFO - Processing /opt/airflow/dags/dag_tp2_pokemon.py took 0.261 seconds
[2026-06-09T10:59:01.007+0000] {processor.py:161} INFO - Started process (PID=2160) to work on /opt/airflow/dags/dag_tp2_pokemon.py
[2026-06-09T10:59:01.008+0000] {processor.py:830} INFO - Processing file /opt/airflow/dags/dag_tp2_pokemon.py for tasks to queue
[2026-06-09T10:59:01.009+0000] {logging_mixin.py:188} INFO - [2026-06-09T10:59:01.009+0000] {dagbag.py:545} INFO - Filling up the DagBag from /opt/airflow/dags/dag_tp2_pokemon.py
[2026-06-09T10:59:01.027+0000] {processor.py:840} INFO - DAG(s) 'tp2_pokemon_pipeline' retrieved from /opt/airflow/dags/dag_tp2_pokemon.py
[2026-06-09T10:59:01.220+0000] {logging_mixin.py:188} INFO - [2026-06-09T10:59:01.220+0000] {dag.py:3096} INFO - Sync 1 DAGs
[2026-06-09T10:59:01.230+0000] {logging_mixin.py:188} INFO - [2026-06-09T10:59:01.229+0000] {dag.py:3954} INFO - Setting next_dagrun for tp2_pokemon_pipeline to None, run_after=None
[2026-06-09T10:59:01.250+0000] {processor.py:183} INFO - Processing /opt/airflow/dags/dag_tp2_pokemon.py took 0.248 seconds
[2026-06-09T10:59:31.449+0000] {processor.py:161} INFO - Started process (PID=2170) to work on /opt/airflow/dags/dag_tp2_pokemon.py
[2026-06-09T10:59:31.450+0000] {processor.py:830} INFO - Processing file /opt/airflow/dags/dag_tp2_pokemon.py for tasks to queue
[2026-06-09T10:59:31.451+0000] {logging_mixin.py:188} INFO - [2026-06-09T10:59:31.451+0000] {dagbag.py:545} INFO - Filling up the DagBag from /opt/airflow/dags/dag_tp2_pokemon.py
[2026-06-09T10:59:31.470+0000] {processor.py:840} INFO - DAG(s) 'tp2_pokemon_pipeline' retrieved from /opt/airflow/dags/dag_tp2_pokemon.py
[2026-06-09T10:59:31.507+0000] {logging_mixin.py:188} INFO - [2026-06-09T10:59:31.507+0000] {dag.py:3096} INFO - Sync 1 DAGs
[2026-06-09T10:59:31.520+0000] {logging_mixin.py:188} INFO - [2026-06-09T10:59:31.519+0000] {dag.py:3954} INFO - Setting next_dagrun for tp2_pokemon_pipeline to None, run_after=None
[2026-06-09T10:59:31.539+0000] {processor.py:183} INFO - Processing /opt/airflow/dags/dag_tp2_pokemon.py took 0.096 seconds
[2026-06-09T11:00:01.744+0000] {processor.py:161} INFO - Started process (PID=2180) to work on /opt/airflow/dags/dag_tp2_pokemon.py
[2026-06-09T11:00:01.745+0000] {processor.py:830} INFO - Processing file /opt/airflow/dags/dag_tp2_pokemon.py for tasks to queue
[2026-06-09T11:00:01.747+0000] {logging_mixin.py:188} INFO - [2026-06-09T11:00:01.746+0000] {dagbag.py:545} INFO - Filling up the DagBag from /opt/airflow/dags/dag_tp2_pokemon.py
[2026-06-09T11:00:01.764+0000] {processor.py:840} INFO - DAG(s) 'tp2_pokemon_pipeline' retrieved from /opt/airflow/dags/dag_tp2_pokemon.py
[2026-06-09T11:00:01.795+0000] {logging_mixin.py:188} INFO - [2026-06-09T11:00:01.795+0000] {dag.py:3096} INFO - Sync 1 DAGs
[2026-06-09T11:00:01.970+0000] {logging_mixin.py:188} INFO - [2026-06-09T11:00:01.970+0000] {dag.py:3954} INFO - Setting next_dagrun for tp2_pokemon_pipeline to None, run_after=None
[2026-06-09T11:00:01.988+0000] {processor.py:183} INFO - Processing /opt/airflow/dags/dag_tp2_pokemon.py took 0.249 seconds
[2026-06-09T11:00:32.204+0000] {processor.py:161} INFO - Started process (PID=2190) to work on /opt/airflow/dags/dag_tp2_pokemon.py
[2026-06-09T11:00:32.205+0000] {processor.py:830} INFO - Processing file /opt/airflow/dags/dag_tp2_pokemon.py for tasks to queue
[2026-06-09T11:00:32.207+0000] {logging_mixin.py:188} INFO - [2026-06-09T11:00:32.207+0000] {dagbag.py:545} INFO - Filling up the DagBag from /opt/airflow/dags/dag_tp2_pokemon.py
[2026-06-09T11:00:32.228+0000] {processor.py:840} INFO - DAG(s) 'tp2_pokemon_pipeline' retrieved from /opt/airflow/dags/dag_tp2_pokemon.py
[2026-06-09T11:00:32.444+0000] {logging_mixin.py:188} INFO - [2026-06-09T11:00:32.444+0000] {dag.py:3096} INFO - Sync 1 DAGs
[2026-06-09T11:00:32.453+0000] {logging_mixin.py:188} INFO - [2026-06-09T11:00:32.453+0000] {dag.py:3954} INFO - Setting next_dagrun for tp2_pokemon_pipeline to None, run_after=None
[2026-06-09T11:00:32.474+0000] {processor.py:183} INFO - Processing /opt/airflow/dags/dag_tp2_pokemon.py took 0.274 seconds
[2026-06-09T11:01:02.707+0000] {processor.py:161} INFO - Started process (PID=2200) to work on /opt/airflow/dags/dag_tp2_pokemon.py
[2026-06-09T11:01:02.708+0000] {processor.py:830} INFO - Processing file /opt/airflow/dags/dag_tp2_pokemon.py for tasks to queue
[2026-06-09T11:01:02.710+0000] {logging_mixin.py:188} INFO - [2026-06-09T11:01:02.709+0000] {dagbag.py:545} INFO - Filling up the DagBag from /opt/airflow/dags/dag_tp2_pokemon.py
[2026-06-09T11:01:02.727+0000] {processor.py:840} INFO - DAG(s) 'tp2_pokemon_pipeline' retrieved from /opt/airflow/dags/dag_tp2_pokemon.py
[2026-06-09T11:01:02.758+0000] {logging_mixin.py:188} INFO - [2026-06-09T11:01:02.758+0000] {dag.py:3096} INFO - Sync 1 DAGs
[2026-06-09T11:01:02.769+0000] {logging_mixin.py:188} INFO - [2026-06-09T11:01:02.769+0000] {dag.py:3954} INFO - Setting next_dagrun for tp2_pokemon_pipeline to None, run_after=None
[2026-06-09T11:01:02.789+0000] {processor.py:183} INFO - Processing /opt/airflow/dags/dag_tp2_pokemon.py took 0.087 seconds
[2026-06-09T11:01:32.902+0000] {processor.py:161} INFO - Started process (PID=2210) to work on /opt/airflow/dags/dag_tp2_pokemon.py
[2026-06-09T11:01:32.903+0000] {processor.py:830} INFO - Processing file /opt/airflow/dags/dag_tp2_pokemon.py for tasks to queue
[2026-06-09T11:01:32.904+0000] {logging_mixin.py:188} INFO - [2026-06-09T11:01:32.904+0000] {dagbag.py:545} INFO - Filling up the DagBag from /opt/airflow/dags/dag_tp2_pokemon.py
[2026-06-09T11:01:32.923+0000] {processor.py:840} INFO - DAG(s) 'tp2_pokemon_pipeline' retrieved from /opt/airflow/dags/dag_tp2_pokemon.py
[2026-06-09T11:01:32.955+0000] {logging_mixin.py:188} INFO - [2026-06-09T11:01:32.955+0000] {dag.py:3096} INFO - Sync 1 DAGs
[2026-06-09T11:01:33.130+0000] {logging_mixin.py:188} INFO - [2026-06-09T11:01:33.130+0000] {dag.py:3954} INFO - Setting next_dagrun for tp2_pokemon_pipeline to None, run_after=None
[2026-06-09T11:01:33.149+0000] {processor.py:183} INFO - Processing /opt/airflow/dags/dag_tp2_pokemon.py took 0.253 seconds
[2026-06-09T11:02:03.341+0000] {processor.py:161} INFO - Started process (PID=2220) to work on /opt/airflow/dags/dag_tp2_pokemon.py
[2026-06-09T11:02:03.342+0000] {processor.py:830} INFO - Processing file /opt/airflow/dags/dag_tp2_pokemon.py for tasks to queue
[2026-06-09T11:02:03.344+0000] {logging_mixin.py:188} INFO - [2026-06-09T11:02:03.343+0000] {dagbag.py:545} INFO - Filling up the DagBag from /opt/airflow/dags/dag_tp2_pokemon.py
[2026-06-09T11:02:03.363+0000] {processor.py:840} INFO - DAG(s) 'tp2_pokemon_pipeline' retrieved from /opt/airflow/dags/dag_tp2_pokemon.py
[2026-06-09T11:02:03.552+0000] {logging_mixin.py:188} INFO - [2026-06-09T11:02:03.552+0000] {dag.py:3096} INFO - Sync 1 DAGs
[2026-06-09T11:02:03.563+0000] {logging_mixin.py:188} INFO - [2026-06-09T11:02:03.563+0000] {dag.py:3954} INFO - Setting next_dagrun for tp2_pokemon_pipeline to None, run_after=None
[2026-06-09T11:02:03.581+0000] {processor.py:183} INFO - Processing /opt/airflow/dags/dag_tp2_pokemon.py took 0.246 seconds
[2026-06-09T11:02:34.042+0000] {processor.py:161} INFO - Started process (PID=2230) to work on /opt/airflow/dags/dag_tp2_pokemon.py
[2026-06-09T11:02:34.043+0000] {processor.py:830} INFO - Processing file /opt/airflow/dags/dag_tp2_pokemon.py for tasks to queue
[2026-06-09T11:02:34.046+0000] {logging_mixin.py:188} INFO - [2026-06-09T11:02:34.046+0000] {dagbag.py:545} INFO - Filling up the DagBag from /opt/airflow/dags/dag_tp2_pokemon.py
[2026-06-09T11:02:34.070+0000] {processor.py:840} INFO - DAG(s) 'tp2_pokemon_pipeline' retrieved from /opt/airflow/dags/dag_tp2_pokemon.py
[2026-06-09T11:02:34.106+0000] {logging_mixin.py:188} INFO - [2026-06-09T11:02:34.106+0000] {dag.py:3096} INFO - Sync 1 DAGs
[2026-06-09T11:02:34.121+0000] {logging_mixin.py:188} INFO - [2026-06-09T11:02:34.121+0000] {dag.py:3954} INFO - Setting next_dagrun for tp2_pokemon_pipeline to None, run_after=None
[2026-06-09T11:02:34.147+0000] {processor.py:183} INFO - Processing /opt/airflow/dags/dag_tp2_pokemon.py took 0.112 seconds
[2026-06-09T11:03:04.367+0000] {processor.py:161} INFO - Started process (PID=2240) to work on /opt/airflow/dags/dag_tp2_pokemon.py
[2026-06-09T11:03:04.368+0000] {processor.py:830} INFO - Processing file /opt/airflow/dags/dag_tp2_pokemon.py for tasks to queue
[2026-06-09T11:03:04.370+0000] {logging_mixin.py:188} INFO - [2026-06-09T11:03:04.369+0000] {dagbag.py:545} INFO - Filling up the DagBag from /opt/airflow/dags/dag_tp2_pokemon.py
[2026-06-09T11:03:04.391+0000] {processor.py:840} INFO - DAG(s) 'tp2_pokemon_pipeline' retrieved from /opt/airflow/dags/dag_tp2_pokemon.py
[2026-06-09T11:03:04.421+0000] {logging_mixin.py:188} INFO - [2026-06-09T11:03:04.421+0000] {dag.py:3096} INFO - Sync 1 DAGs
[2026-06-09T11:03:04.433+0000] {logging_mixin.py:188} INFO - [2026-06-09T11:03:04.433+0000] {dag.py:3954} INFO - Setting next_dagrun for tp2_pokemon_pipeline to None, run_after=None
[2026-06-09T11:03:04.455+0000] {processor.py:183} INFO - Processing /opt/airflow/dags/dag_tp2_pokemon.py took 0.095 seconds
[2026-06-09T11:03:34.668+0000] {processor.py:161} INFO - Started process (PID=2250) to work on /opt/airflow/dags/dag_tp2_pokemon.py
[2026-06-09T11:03:34.669+0000] {processor.py:830} INFO - Processing file /opt/airflow/dags/dag_tp2_pokemon.py for tasks to queue
[2026-06-09T11:03:34.671+0000] {logging_mixin.py:188} INFO - [2026-06-09T11:03:34.671+0000] {dagbag.py:545} INFO - Filling up the DagBag from /opt/airflow/dags/dag_tp2_pokemon.py
[2026-06-09T11:03:34.690+0000] {processor.py:840} INFO - DAG(s) 'tp2_pokemon_pipeline' retrieved from /opt/airflow/dags/dag_tp2_pokemon.py
[2026-06-09T11:03:34.721+0000] {logging_mixin.py:188} INFO - [2026-06-09T11:03:34.720+0000] {dag.py:3096} INFO - Sync 1 DAGs
[2026-06-09T11:03:34.735+0000] {logging_mixin.py:188} INFO - [2026-06-09T11:03:34.735+0000] {dag.py:3954} INFO - Setting next_dagrun for tp2_pokemon_pipeline to None, run_after=None
[2026-06-09T11:03:34.755+0000] {processor.py:183} INFO - Processing /opt/airflow/dags/dag_tp2_pokemon.py took 0.092 seconds
[2026-06-09T11:04:04.958+0000] {processor.py:161} INFO - Started process (PID=2260) to work on /opt/airflow/dags/dag_tp2_pokemon.py
[2026-06-09T11:04:04.958+0000] {processor.py:830} INFO - Processing file /opt/airflow/dags/dag_tp2_pokemon.py for tasks to queue
[2026-06-09T11:04:04.960+0000] {logging_mixin.py:188} INFO - [2026-06-09T11:04:04.960+0000] {dagbag.py:545} INFO - Filling up the DagBag from /opt/airflow/dags/dag_tp2_pokemon.py
[2026-06-09T11:04:04.982+0000] {processor.py:840} INFO - DAG(s) 'tp2_pokemon_pipeline' retrieved from /opt/airflow/dags/dag_tp2_pokemon.py
[2026-06-09T11:04:05.013+0000] {logging_mixin.py:188} INFO - [2026-06-09T11:04:05.013+0000] {dag.py:3096} INFO - Sync 1 DAGs
[2026-06-09T11:04:05.025+0000] {logging_mixin.py:188} INFO - [2026-06-09T11:04:05.025+0000] {dag.py:3954} INFO - Setting next_dagrun for tp2_pokemon_pipeline to None, run_after=None
[2026-06-09T11:04:05.048+0000] {processor.py:183} INFO - Processing /opt/airflow/dags/dag_tp2_pokemon.py took 0.095 seconds
[2026-06-09T11:04:35.147+0000] {processor.py:161} INFO - Started process (PID=2270) to work on /opt/airflow/dags/dag_tp2_pokemon.py
[2026-06-09T11:04:35.149+0000] {processor.py:830} INFO - Processing file /opt/airflow/dags/dag_tp2_pokemon.py for tasks to queue
[2026-06-09T11:04:35.150+0000] {logging_mixin.py:188} INFO - [2026-06-09T11:04:35.150+0000] {dagbag.py:545} INFO - Filling up the DagBag from /opt/airflow/dags/dag_tp2_pokemon.py
[2026-06-09T11:04:35.170+0000] {processor.py:840} INFO - DAG(s) 'tp2_pokemon_pipeline' retrieved from /opt/airflow/dags/dag_tp2_pokemon.py
[2026-06-09T11:04:35.203+0000] {logging_mixin.py:188} INFO - [2026-06-09T11:04:35.203+0000] {dag.py:3096} INFO - Sync 1 DAGs
[2026-06-09T11:04:35.217+0000] {logging_mixin.py:188} INFO - [2026-06-09T11:04:35.216+0000] {dag.py:3954} INFO - Setting next_dagrun for tp2_pokemon_pipeline to None, run_after=None
[2026-06-09T11:04:35.236+0000] {processor.py:183} INFO - Processing /opt/airflow/dags/dag_tp2_pokemon.py took 0.094 seconds
[2026-06-09T11:05:05.442+0000] {processor.py:161} INFO - Started process (PID=2280) to work on /opt/airflow/dags/dag_tp2_pokemon.py
[2026-06-09T11:05:05.443+0000] {processor.py:830} INFO - Processing file /opt/airflow/dags/dag_tp2_pokemon.py for tasks to queue
[2026-06-09T11:05:05.444+0000] {logging_mixin.py:188} INFO - [2026-06-09T11:05:05.444+0000] {dagbag.py:545} INFO - Filling up the DagBag from /opt/airflow/dags/dag_tp2_pokemon.py
[2026-06-09T11:05:05.463+0000] {processor.py:840} INFO - DAG(s) 'tp2_pokemon_pipeline' retrieved from /opt/airflow/dags/dag_tp2_pokemon.py
[2026-06-09T11:05:05.493+0000] {logging_mixin.py:188} INFO - [2026-06-09T11:05:05.493+0000] {dag.py:3096} INFO - Sync 1 DAGs
[2026-06-09T11:05:05.505+0000] {logging_mixin.py:188} INFO - [2026-06-09T11:05:05.505+0000] {dag.py:3954} INFO - Setting next_dagrun for tp2_pokemon_pipeline to None, run_after=None
[2026-06-09T11:05:05.525+0000] {processor.py:183} INFO - Processing /opt/airflow/dags/dag_tp2_pokemon.py took 0.088 seconds
[2026-06-09T11:05:35.729+0000] {processor.py:161} INFO - Started process (PID=2290) to work on /opt/airflow/dags/dag_tp2_pokemon.py
[2026-06-09T11:05:35.730+0000] {processor.py:830} INFO - Processing file /opt/airflow/dags/dag_tp2_pokemon.py for tasks to queue
[2026-06-09T11:05:35.732+0000] {logging_mixin.py:188} INFO - [2026-06-09T11:05:35.732+0000] {dagbag.py:545} INFO - Filling up the DagBag from /opt/airflow/dags/dag_tp2_pokemon.py
[2026-06-09T11:05:35.750+0000] {processor.py:840} INFO - DAG(s) 'tp2_pokemon_pipeline' retrieved from /opt/airflow/dags/dag_tp2_pokemon.py
[2026-06-09T11:05:35.778+0000] {logging_mixin.py:188} INFO - [2026-06-09T11:05:35.778+0000] {dag.py:3096} INFO - Sync 1 DAGs
[2026-06-09T11:05:35.789+0000] {logging_mixin.py:188} INFO - [2026-06-09T11:05:35.789+0000] {dag.py:3954} INFO - Setting next_dagrun for tp2_pokemon_pipeline to None, run_after=None
[2026-06-09T11:05:35.807+0000] {processor.py:183} INFO - Processing /opt/airflow/dags/dag_tp2_pokemon.py took 0.082 seconds
[2026-06-09T11:06:06.052+0000] {processor.py:161} INFO - Started process (PID=2301) to work on /opt/airflow/dags/dag_tp2_pokemon.py
[2026-06-09T11:06:06.053+0000] {processor.py:830} INFO - Processing file /opt/airflow/dags/dag_tp2_pokemon.py for tasks to queue
[2026-06-09T11:06:06.057+0000] {logging_mixin.py:188} INFO - [2026-06-09T11:06:06.056+0000] {dagbag.py:545} INFO - Filling up the DagBag from /opt/airflow/dags/dag_tp2_pokemon.py
[2026-06-09T11:06:06.079+0000] {processor.py:840} INFO - DAG(s) 'tp2_pokemon_pipeline' retrieved from /opt/airflow/dags/dag_tp2_pokemon.py
[2026-06-09T11:06:06.109+0000] {logging_mixin.py:188} INFO - [2026-06-09T11:06:06.109+0000] {dag.py:3096} INFO - Sync 1 DAGs
[2026-06-09T11:06:06.122+0000] {logging_mixin.py:188} INFO - [2026-06-09T11:06:06.122+0000] {dag.py:3954} INFO - Setting next_dagrun for tp2_pokemon_pipeline to None, run_after=None
[2026-06-09T11:06:06.141+0000] {processor.py:183} INFO - Processing /opt/airflow/dags/dag_tp2_pokemon.py took 0.093 seconds
[2026-06-09T11:06:36.346+0000] {processor.py:161} INFO - Started process (PID=2311) to work on /opt/airflow/dags/dag_tp2_pokemon.py
[2026-06-09T11:06:36.347+0000] {processor.py:830} INFO - Processing file /opt/airflow/dags/dag_tp2_pokemon.py for tasks to queue
[2026-06-09T11:06:36.348+0000] {logging_mixin.py:188} INFO - [2026-06-09T11:06:36.348+0000] {dagbag.py:545} INFO - Filling up the DagBag from /opt/airflow/dags/dag_tp2_pokemon.py
[2026-06-09T11:06:36.367+0000] {processor.py:840} INFO - DAG(s) 'tp2_pokemon_pipeline' retrieved from /opt/airflow/dags/dag_tp2_pokemon.py
[2026-06-09T11:06:36.396+0000] {logging_mixin.py:188} INFO - [2026-06-09T11:06:36.396+0000] {dag.py:3096} INFO - Sync 1 DAGs
[2026-06-09T11:06:36.409+0000] {logging_mixin.py:188} INFO - [2026-06-09T11:06:36.409+0000] {dag.py:3954} INFO - Setting next_dagrun for tp2_pokemon_pipeline to None, run_after=None
[2026-06-09T11:06:36.429+0000] {processor.py:183} INFO - Processing /opt/airflow/dags/dag_tp2_pokemon.py took 0.090 seconds
[2026-06-09T11:07:06.640+0000] {processor.py:161} INFO - Started process (PID=2321) to work on /opt/airflow/dags/dag_tp2_pokemon.py
[2026-06-09T11:07:06.641+0000] {processor.py:830} INFO - Processing file /opt/airflow/dags/dag_tp2_pokemon.py for tasks to queue
[2026-06-09T11:07:06.642+0000] {logging_mixin.py:188} INFO - [2026-06-09T11:07:06.642+0000] {dagbag.py:545} INFO - Filling up the DagBag from /opt/airflow/dags/dag_tp2_pokemon.py
[2026-06-09T11:07:06.663+0000] {processor.py:840} INFO - DAG(s) 'tp2_pokemon_pipeline' retrieved from /opt/airflow/dags/dag_tp2_pokemon.py
[2026-06-09T11:07:06.694+0000] {logging_mixin.py:188} INFO - [2026-06-09T11:07:06.693+0000] {dag.py:3096} INFO - Sync 1 DAGs
[2026-06-09T11:07:06.706+0000] {logging_mixin.py:188} INFO - [2026-06-09T11:07:06.705+0000] {dag.py:3954} INFO - Setting next_dagrun for tp2_pokemon_pipeline to None, run_after=None
[2026-06-09T11:07:06.724+0000] {processor.py:183} INFO - Processing /opt/airflow/dags/dag_tp2_pokemon.py took 0.089 seconds
[2026-06-09T11:07:36.924+0000] {processor.py:161} INFO - Started process (PID=2331) to work on /opt/airflow/dags/dag_tp2_pokemon.py
[2026-06-09T11:07:36.925+0000] {processor.py:830} INFO - Processing file /opt/airflow/dags/dag_tp2_pokemon.py for tasks to queue
[2026-06-09T11:07:36.926+0000] {logging_mixin.py:188} INFO - [2026-06-09T11:07:36.926+0000] {dagbag.py:545} INFO - Filling up the DagBag from /opt/airflow/dags/dag_tp2_pokemon.py
[2026-06-09T11:07:36.947+0000] {processor.py:840} INFO - DAG(s) 'tp2_pokemon_pipeline' retrieved from /opt/airflow/dags/dag_tp2_pokemon.py
[2026-06-09T11:07:36.980+0000] {logging_mixin.py:188} INFO - [2026-06-09T11:07:36.979+0000] {dag.py:3096} INFO - Sync 1 DAGs
[2026-06-09T11:07:36.992+0000] {logging_mixin.py:188} INFO - [2026-06-09T11:07:36.992+0000] {dag.py:3954} INFO - Setting next_dagrun for tp2_pokemon_pipeline to None, run_after=None
[2026-06-09T11:07:37.011+0000] {processor.py:183} INFO - Processing /opt/airflow/dags/dag_tp2_pokemon.py took 0.092 seconds
[2026-06-09T11:08:07.220+0000] {processor.py:161} INFO - Started process (PID=2341) to work on /opt/airflow/dags/dag_tp2_pokemon.py
[2026-06-09T11:08:07.220+0000] {processor.py:830} INFO - Processing file /opt/airflow/dags/dag_tp2_pokemon.py for tasks to queue
[2026-06-09T11:08:07.222+0000] {logging_mixin.py:188} INFO - [2026-06-09T11:08:07.221+0000] {dagbag.py:545} INFO - Filling up the DagBag from /opt/airflow/dags/dag_tp2_pokemon.py
[2026-06-09T11:08:07.240+0000] {processor.py:840} INFO - DAG(s) 'tp2_pokemon_pipeline' retrieved from /opt/airflow/dags/dag_tp2_pokemon.py
[2026-06-09T11:08:07.270+0000] {logging_mixin.py:188} INFO - [2026-06-09T11:08:07.270+0000] {dag.py:3096} INFO - Sync 1 DAGs
[2026-06-09T11:08:07.283+0000] {logging_mixin.py:188} INFO - [2026-06-09T11:08:07.283+0000] {dag.py:3954} INFO - Setting next_dagrun for tp2_pokemon_pipeline to None, run_after=None
[2026-06-09T11:08:07.302+0000] {processor.py:183} INFO - Processing /opt/airflow/dags/dag_tp2_pokemon.py took 0.087 seconds
[2026-06-09T11:08:37.413+0000] {processor.py:161} INFO - Started process (PID=2351) to work on /opt/airflow/dags/dag_tp2_pokemon.py
[2026-06-09T11:08:37.414+0000] {processor.py:830} INFO - Processing file /opt/airflow/dags/dag_tp2_pokemon.py for tasks to queue
[2026-06-09T11:08:37.416+0000] {logging_mixin.py:188} INFO - [2026-06-09T11:08:37.416+0000] {dagbag.py:545} INFO - Filling up the DagBag from /opt/airflow/dags/dag_tp2_pokemon.py
[2026-06-09T11:08:37.434+0000] {processor.py:840} INFO - DAG(s) 'tp2_pokemon_pipeline' retrieved from /opt/airflow/dags/dag_tp2_pokemon.py
[2026-06-09T11:08:37.466+0000] {logging_mixin.py:188} INFO - [2026-06-09T11:08:37.466+0000] {dag.py:3096} INFO - Sync 1 DAGs
[2026-06-09T11:08:37.479+0000] {logging_mixin.py:188} INFO - [2026-06-09T11:08:37.478+0000] {dag.py:3954} INFO - Setting next_dagrun for tp2_pokemon_pipeline to None, run_after=None
[2026-06-09T11:08:37.499+0000] {processor.py:183} INFO - Processing /opt/airflow/dags/dag_tp2_pokemon.py took 0.092 seconds
[2026-06-09T11:09:07.700+0000] {processor.py:161} INFO - Started process (PID=2361) to work on /opt/airflow/dags/dag_tp2_pokemon.py
[2026-06-09T11:09:07.700+0000] {processor.py:830} INFO - Processing file /opt/airflow/dags/dag_tp2_pokemon.py for tasks to queue
[2026-06-09T11:09:07.702+0000] {logging_mixin.py:188} INFO - [2026-06-09T11:09:07.702+0000] {dagbag.py:545} INFO - Filling up the DagBag from /opt/airflow/dags/dag_tp2_pokemon.py
[2026-06-09T11:09:07.720+0000] {processor.py:840} INFO - DAG(s) 'tp2_pokemon_pipeline' retrieved from /opt/airflow/dags/dag_tp2_pokemon.py
[2026-06-09T11:09:07.749+0000] {logging_mixin.py:188} INFO - [2026-06-09T11:09:07.748+0000] {dag.py:3096} INFO - Sync 1 DAGs
[2026-06-09T11:09:07.761+0000] {logging_mixin.py:188} INFO - [2026-06-09T11:09:07.760+0000] {dag.py:3954} INFO - Setting next_dagrun for tp2_pokemon_pipeline to None, run_after=None
[2026-06-09T11:09:07.780+0000] {processor.py:183} INFO - Processing /opt/airflow/dags/dag_tp2_pokemon.py took 0.084 seconds
[2026-06-09T11:09:37.890+0000] {processor.py:161} INFO - Started process (PID=2371) to work on /opt/airflow/dags/dag_tp2_pokemon.py
[2026-06-09T11:09:37.891+0000] {processor.py:830} INFO - Processing file /opt/airflow/dags/dag_tp2_pokemon.py for tasks to queue
[2026-06-09T11:09:37.893+0000] {logging_mixin.py:188} INFO - [2026-06-09T11:09:37.893+0000] {dagbag.py:545} INFO - Filling up the DagBag from /opt/airflow/dags/dag_tp2_pokemon.py
[2026-06-09T11:09:37.913+0000] {processor.py:840} INFO - DAG(s) 'tp2_pokemon_pipeline' retrieved from /opt/airflow/dags/dag_tp2_pokemon.py
[2026-06-09T11:09:37.944+0000] {logging_mixin.py:188} INFO - [2026-06-09T11:09:37.943+0000] {dag.py:3096} INFO - Sync 1 DAGs
[2026-06-09T11:09:37.957+0000] {logging_mixin.py:188} INFO - [2026-06-09T11:09:37.957+0000] {dag.py:3954} INFO - Setting next_dagrun for tp2_pokemon_pipeline to None, run_after=None
[2026-06-09T11:09:37.976+0000] {processor.py:183} INFO - Processing /opt/airflow/dags/dag_tp2_pokemon.py took 0.093 seconds
[2026-06-09T11:10:08.114+0000] {processor.py:161} INFO - Started process (PID=2381) to work on /opt/airflow/dags/dag_tp2_pokemon.py
[2026-06-09T11:10:08.115+0000] {processor.py:830} INFO - Processing file /opt/airflow/dags/dag_tp2_pokemon.py for tasks to queue
[2026-06-09T11:10:08.116+0000] {logging_mixin.py:188} INFO - [2026-06-09T11:10:08.116+0000] {dagbag.py:545} INFO - Filling up the DagBag from /opt/airflow/dags/dag_tp2_pokemon.py
[2026-06-09T11:10:08.135+0000] {processor.py:840} INFO - DAG(s) 'tp2_pokemon_pipeline' retrieved from /opt/airflow/dags/dag_tp2_pokemon.py
[2026-06-09T11:10:08.166+0000] {logging_mixin.py:188} INFO - [2026-06-09T11:10:08.166+0000] {dag.py:3096} INFO - Sync 1 DAGs
[2026-06-09T11:10:08.180+0000] {logging_mixin.py:188} INFO - [2026-06-09T11:10:08.179+0000] {dag.py:3954} INFO - Setting next_dagrun for tp2_pokemon_pipeline to None, run_after=None
[2026-06-09T11:10:08.200+0000] {processor.py:183} INFO - Processing /opt/airflow/dags/dag_tp2_pokemon.py took 0.091 seconds
[2026-06-09T11:10:38.412+0000] {processor.py:161} INFO - Started process (PID=2391) to work on /opt/airflow/dags/dag_tp2_pokemon.py
[2026-06-09T11:10:38.413+0000] {processor.py:830} INFO - Processing file /opt/airflow/dags/dag_tp2_pokemon.py for tasks to queue
[2026-06-09T11:10:38.414+0000] {logging_mixin.py:188} INFO - [2026-06-09T11:10:38.414+0000] {dagbag.py:545} INFO - Filling up the DagBag from /opt/airflow/dags/dag_tp2_pokemon.py
[2026-06-09T11:10:38.434+0000] {processor.py:840} INFO - DAG(s) 'tp2_pokemon_pipeline' retrieved from /opt/airflow/dags/dag_tp2_pokemon.py
[2026-06-09T11:10:38.466+0000] {logging_mixin.py:188} INFO - [2026-06-09T11:10:38.466+0000] {dag.py:3096} INFO - Sync 1 DAGs
[2026-06-09T11:10:38.479+0000] {logging_mixin.py:188} INFO - [2026-06-09T11:10:38.479+0000] {dag.py:3954} INFO - Setting next_dagrun for tp2_pokemon_pipeline to None, run_after=None
[2026-06-09T11:10:38.500+0000] {processor.py:183} INFO - Processing /opt/airflow/dags/dag_tp2_pokemon.py took 0.092 seconds
[2026-06-09T11:11:08.646+0000] {processor.py:161} INFO - Started process (PID=2401) to work on /opt/airflow/dags/dag_tp2_pokemon.py
[2026-06-09T11:11:08.647+0000] {processor.py:830} INFO - Processing file /opt/airflow/dags/dag_tp2_pokemon.py for tasks to queue
[2026-06-09T11:11:08.649+0000] {logging_mixin.py:188} INFO - [2026-06-09T11:11:08.648+0000] {dagbag.py:545} INFO - Filling up the DagBag from /opt/airflow/dags/dag_tp2_pokemon.py
[2026-06-09T11:11:08.667+0000] {processor.py:840} INFO - DAG(s) 'tp2_pokemon_pipeline' retrieved from /opt/airflow/dags/dag_tp2_pokemon.py
[2026-06-09T11:11:08.696+0000] {logging_mixin.py:188} INFO - [2026-06-09T11:11:08.696+0000] {dag.py:3096} INFO - Sync 1 DAGs
[2026-06-09T11:11:08.708+0000] {logging_mixin.py:188} INFO - [2026-06-09T11:11:08.708+0000] {dag.py:3954} INFO - Setting next_dagrun for tp2_pokemon_pipeline to None, run_after=None
[2026-06-09T11:11:08.727+0000] {processor.py:183} INFO - Processing /opt/airflow/dags/dag_tp2_pokemon.py took 0.086 seconds
[2026-06-09T11:11:38.927+0000] {processor.py:161} INFO - Started process (PID=2411) to work on /opt/airflow/dags/dag_tp2_pokemon.py
[2026-06-09T11:11:38.928+0000] {processor.py:830} INFO - Processing file /opt/airflow/dags/dag_tp2_pokemon.py for tasks to queue
[2026-06-09T11:11:38.929+0000] {logging_mixin.py:188} INFO - [2026-06-09T11:11:38.929+0000] {dagbag.py:545} INFO - Filling up the DagBag from /opt/airflow/dags/dag_tp2_pokemon.py
[2026-06-09T11:11:38.950+0000] {processor.py:840} INFO - DAG(s) 'tp2_pokemon_pipeline' retrieved from /opt/airflow/dags/dag_tp2_pokemon.py
[2026-06-09T11:11:38.980+0000] {logging_mixin.py:188} INFO - [2026-06-09T11:11:38.980+0000] {dag.py:3096} INFO - Sync 1 DAGs
[2026-06-09T11:11:38.993+0000] {logging_mixin.py:188} INFO - [2026-06-09T11:11:38.993+0000] {dag.py:3954} INFO - Setting next_dagrun for tp2_pokemon_pipeline to None, run_after=None
[2026-06-09T11:11:39.012+0000] {processor.py:183} INFO - Processing /opt/airflow/dags/dag_tp2_pokemon.py took 0.090 seconds
[2026-06-09T11:12:09.223+0000] {processor.py:161} INFO - Started process (PID=2421) to work on /opt/airflow/dags/dag_tp2_pokemon.py
[2026-06-09T11:12:09.224+0000] {processor.py:830} INFO - Processing file /opt/airflow/dags/dag_tp2_pokemon.py for tasks to queue
[2026-06-09T11:12:09.225+0000] {logging_mixin.py:188} INFO - [2026-06-09T11:12:09.225+0000] {dagbag.py:545} INFO - Filling up the DagBag from /opt/airflow/dags/dag_tp2_pokemon.py
[2026-06-09T11:12:09.244+0000] {processor.py:840} INFO - DAG(s) 'tp2_pokemon_pipeline' retrieved from /opt/airflow/dags/dag_tp2_pokemon.py
[2026-06-09T11:12:09.275+0000] {logging_mixin.py:188} INFO - [2026-06-09T11:12:09.275+0000] {dag.py:3096} INFO - Sync 1 DAGs
[2026-06-09T11:12:09.287+0000] {logging_mixin.py:188} INFO - [2026-06-09T11:12:09.287+0000] {dag.py:3954} INFO - Setting next_dagrun for tp2_pokemon_pipeline to None, run_after=None
[2026-06-09T11:12:09.307+0000] {processor.py:183} INFO - Processing /opt/airflow/dags/dag_tp2_pokemon.py took 0.089 seconds
[2026-06-09T11:12:39.519+0000] {processor.py:161} INFO - Started process (PID=2431) to work on /opt/airflow/dags/dag_tp2_pokemon.py
[2026-06-09T11:12:39.520+0000] {processor.py:830} INFO - Processing file /opt/airflow/dags/dag_tp2_pokemon.py for tasks to queue
[2026-06-09T11:12:39.522+0000] {logging_mixin.py:188} INFO - [2026-06-09T11:12:39.521+0000] {dagbag.py:545} INFO - Filling up the DagBag from /opt/airflow/dags/dag_tp2_pokemon.py
[2026-06-09T11:12:39.540+0000] {processor.py:840} INFO - DAG(s) 'tp2_pokemon_pipeline' retrieved from /opt/airflow/dags/dag_tp2_pokemon.py
[2026-06-09T11:12:39.573+0000] {logging_mixin.py:188} INFO - [2026-06-09T11:12:39.573+0000] {dag.py:3096} INFO - Sync 1 DAGs
[2026-06-09T11:12:39.586+0000] {logging_mixin.py:188} INFO - [2026-06-09T11:12:39.586+0000] {dag.py:3954} INFO - Setting next_dagrun for tp2_pokemon_pipeline to None, run_after=None
[2026-06-09T11:12:39.606+0000] {processor.py:183} INFO - Processing /opt/airflow/dags/dag_tp2_pokemon.py took 0.093 seconds
[2026-06-09T11:13:09.802+0000] {processor.py:161} INFO - Started process (PID=2441) to work on /opt/airflow/dags/dag_tp2_pokemon.py
[2026-06-09T11:13:09.803+0000] {processor.py:830} INFO - Processing file /opt/airflow/dags/dag_tp2_pokemon.py for tasks to queue
[2026-06-09T11:13:09.804+0000] {logging_mixin.py:188} INFO - [2026-06-09T11:13:09.804+0000] {dagbag.py:545} INFO - Filling up the DagBag from /opt/airflow/dags/dag_tp2_pokemon.py
[2026-06-09T11:13:09.823+0000] {processor.py:840} INFO - DAG(s) 'tp2_pokemon_pipeline' retrieved from /opt/airflow/dags/dag_tp2_pokemon.py
[2026-06-09T11:13:09.852+0000] {logging_mixin.py:188} INFO - [2026-06-09T11:13:09.851+0000] {dag.py:3096} INFO - Sync 1 DAGs
[2026-06-09T11:13:09.863+0000] {logging_mixin.py:188} INFO - [2026-06-09T11:13:09.863+0000] {dag.py:3954} INFO - Setting next_dagrun for tp2_pokemon_pipeline to None, run_after=None
[2026-06-09T11:13:09.881+0000] {processor.py:183} INFO - Processing /opt/airflow/dags/dag_tp2_pokemon.py took 0.083 seconds
[2026-06-09T11:13:40.088+0000] {processor.py:161} INFO - Started process (PID=2451) to work on /opt/airflow/dags/dag_tp2_pokemon.py
[2026-06-09T11:13:40.088+0000] {processor.py:830} INFO - Processing file /opt/airflow/dags/dag_tp2_pokemon.py for tasks to queue
[2026-06-09T11:13:40.090+0000] {logging_mixin.py:188} INFO - [2026-06-09T11:13:40.090+0000] {dagbag.py:545} INFO - Filling up the DagBag from /opt/airflow/dags/dag_tp2_pokemon.py
[2026-06-09T11:13:40.110+0000] {processor.py:840} INFO - DAG(s) 'tp2_pokemon_pipeline' retrieved from /opt/airflow/dags/dag_tp2_pokemon.py
[2026-06-09T11:13:40.141+0000] {logging_mixin.py:188} INFO - [2026-06-09T11:13:40.141+0000] {dag.py:3096} INFO - Sync 1 DAGs
[2026-06-09T11:13:40.153+0000] {logging_mixin.py:188} INFO - [2026-06-09T11:13:40.153+0000] {dag.py:3954} INFO - Setting next_dagrun for tp2_pokemon_pipeline to None, run_after=None
[2026-06-09T11:13:40.172+0000] {processor.py:183} INFO - Processing /opt/airflow/dags/dag_tp2_pokemon.py took 0.089 seconds
[2026-06-09T11:14:10.278+0000] {processor.py:161} INFO - Started process (PID=2461) to work on /opt/airflow/dags/dag_tp2_pokemon.py
[2026-06-09T11:14:10.279+0000] {processor.py:830} INFO - Processing file /opt/airflow/dags/dag_tp2_pokemon.py for tasks to queue
[2026-06-09T11:14:10.281+0000] {logging_mixin.py:188} INFO - [2026-06-09T11:14:10.280+0000] {dagbag.py:545} INFO - Filling up the DagBag from /opt/airflow/dags/dag_tp2_pokemon.py
[2026-06-09T11:14:10.299+0000] {processor.py:840} INFO - DAG(s) 'tp2_pokemon_pipeline' retrieved from /opt/airflow/dags/dag_tp2_pokemon.py
[2026-06-09T11:14:10.329+0000] {logging_mixin.py:188} INFO - [2026-06-09T11:14:10.329+0000] {dag.py:3096} INFO - Sync 1 DAGs
[2026-06-09T11:14:10.341+0000] {logging_mixin.py:188} INFO - [2026-06-09T11:14:10.341+0000] {dag.py:3954} INFO - Setting next_dagrun for tp2_pokemon_pipeline to None, run_after=None
[2026-06-09T11:14:10.359+0000] {processor.py:183} INFO - Processing /opt/airflow/dags/dag_tp2_pokemon.py took 0.086 seconds
[2026-06-09T11:14:40.611+0000] {processor.py:161} INFO - Started process (PID=2471) to work on /opt/airflow/dags/dag_tp2_pokemon.py
[2026-06-09T11:14:40.612+0000] {processor.py:830} INFO - Processing file /opt/airflow/dags/dag_tp2_pokemon.py for tasks to queue
[2026-06-09T11:14:40.614+0000] {logging_mixin.py:188} INFO - [2026-06-09T11:14:40.613+0000] {dagbag.py:545} INFO - Filling up the DagBag from /opt/airflow/dags/dag_tp2_pokemon.py
[2026-06-09T11:14:40.640+0000] {processor.py:840} INFO - DAG(s) 'tp2_pokemon_pipeline' retrieved from /opt/airflow/dags/dag_tp2_pokemon.py
[2026-06-09T11:14:40.675+0000] {logging_mixin.py:188} INFO - [2026-06-09T11:14:40.675+0000] {dag.py:3096} INFO - Sync 1 DAGs
[2026-06-09T11:14:40.688+0000] {logging_mixin.py:188} INFO - [2026-06-09T11:14:40.688+0000] {dag.py:3954} INFO - Setting next_dagrun for tp2_pokemon_pipeline to None, run_after=None
[2026-06-09T11:14:40.707+0000] {processor.py:183} INFO - Processing /opt/airflow/dags/dag_tp2_pokemon.py took 0.103 seconds
[2026-06-09T11:15:10.905+0000] {processor.py:161} INFO - Started process (PID=2481) to work on /opt/airflow/dags/dag_tp2_pokemon.py
[2026-06-09T11:15:10.906+0000] {processor.py:830} INFO - Processing file /opt/airflow/dags/dag_tp2_pokemon.py for tasks to queue
[2026-06-09T11:15:10.907+0000] {logging_mixin.py:188} INFO - [2026-06-09T11:15:10.907+0000] {dagbag.py:545} INFO - Filling up the DagBag from /opt/airflow/dags/dag_tp2_pokemon.py
[2026-06-09T11:15:10.926+0000] {processor.py:840} INFO - DAG(s) 'tp2_pokemon_pipeline' retrieved from /opt/airflow/dags/dag_tp2_pokemon.py
[2026-06-09T11:15:10.959+0000] {logging_mixin.py:188} INFO - [2026-06-09T11:15:10.958+0000] {dag.py:3096} INFO - Sync 1 DAGs
[2026-06-09T11:15:10.970+0000] {logging_mixin.py:188} INFO - [2026-06-09T11:15:10.970+0000] {dag.py:3954} INFO - Setting next_dagrun for tp2_pokemon_pipeline to None, run_after=None
[2026-06-09T11:15:10.990+0000] {processor.py:183} INFO - Processing /opt/airflow/dags/dag_tp2_pokemon.py took 0.090 seconds
[2026-06-09T11:15:41.201+0000] {processor.py:161} INFO - Started process (PID=2491) to work on /opt/airflow/dags/dag_tp2_pokemon.py
[2026-06-09T11:15:41.202+0000] {processor.py:830} INFO - Processing file /opt/airflow/dags/dag_tp2_pokemon.py for tasks to queue
[2026-06-09T11:15:41.203+0000] {logging_mixin.py:188} INFO - [2026-06-09T11:15:41.203+0000] {dagbag.py:545} INFO - Filling up the DagBag from /opt/airflow/dags/dag_tp2_pokemon.py
[2026-06-09T11:15:41.223+0000] {processor.py:840} INFO - DAG(s) 'tp2_pokemon_pipeline' retrieved from /opt/airflow/dags/dag_tp2_pokemon.py
[2026-06-09T11:15:41.252+0000] {logging_mixin.py:188} INFO - [2026-06-09T11:15:41.252+0000] {dag.py:3096} INFO - Sync 1 DAGs
[2026-06-09T11:15:41.266+0000] {logging_mixin.py:188} INFO - [2026-06-09T11:15:41.266+0000] {dag.py:3954} INFO - Setting next_dagrun for tp2_pokemon_pipeline to None, run_after=None
[2026-06-09T11:15:41.286+0000] {processor.py:183} INFO - Processing /opt/airflow/dags/dag_tp2_pokemon.py took 0.090 seconds
[2026-06-09T11:16:11.532+0000] {processor.py:161} INFO - Started process (PID=2501) to work on /opt/airflow/dags/dag_tp2_pokemon.py
[2026-06-09T11:16:11.533+0000] {processor.py:830} INFO - Processing file /opt/airflow/dags/dag_tp2_pokemon.py for tasks to queue
[2026-06-09T11:16:11.535+0000] {logging_mixin.py:188} INFO - [2026-06-09T11:16:11.534+0000] {dagbag.py:545} INFO - Filling up the DagBag from /opt/airflow/dags/dag_tp2_pokemon.py
[2026-06-09T11:16:11.555+0000] {processor.py:840} INFO - DAG(s) 'tp2_pokemon_pipeline' retrieved from /opt/airflow/dags/dag_tp2_pokemon.py
[2026-06-09T11:16:11.586+0000] {logging_mixin.py:188} INFO - [2026-06-09T11:16:11.585+0000] {dag.py:3096} INFO - Sync 1 DAGs
[2026-06-09T11:16:11.598+0000] {logging_mixin.py:188} INFO - [2026-06-09T11:16:11.597+0000] {dag.py:3954} INFO - Setting next_dagrun for tp2_pokemon_pipeline to None, run_after=None
[2026-06-09T11:16:11.617+0000] {processor.py:183} INFO - Processing /opt/airflow/dags/dag_tp2_pokemon.py took 0.090 seconds
[2026-06-09T11:16:41.821+0000] {processor.py:161} INFO - Started process (PID=2511) to work on /opt/airflow/dags/dag_tp2_pokemon.py
[2026-06-09T11:16:41.821+0000] {processor.py:830} INFO - Processing file /opt/airflow/dags/dag_tp2_pokemon.py for tasks to queue
[2026-06-09T11:16:41.823+0000] {logging_mixin.py:188} INFO - [2026-06-09T11:16:41.823+0000] {dagbag.py:545} INFO - Filling up the DagBag from /opt/airflow/dags/dag_tp2_pokemon.py
[2026-06-09T11:16:41.843+0000] {processor.py:840} INFO - DAG(s) 'tp2_pokemon_pipeline' retrieved from /opt/airflow/dags/dag_tp2_pokemon.py
[2026-06-09T11:16:41.872+0000] {logging_mixin.py:188} INFO - [2026-06-09T11:16:41.872+0000] {dag.py:3096} INFO - Sync 1 DAGs
[2026-06-09T11:16:41.883+0000] {logging_mixin.py:188} INFO - [2026-06-09T11:16:41.883+0000] {dag.py:3954} INFO - Setting next_dagrun for tp2_pokemon_pipeline to None, run_after=None
[2026-06-09T11:16:41.901+0000] {processor.py:183} INFO - Processing /opt/airflow/dags/dag_tp2_pokemon.py took 0.085 seconds
[2026-06-09T11:17:12.010+0000] {processor.py:161} INFO - Started process (PID=2521) to work on /opt/airflow/dags/dag_tp2_pokemon.py
[2026-06-09T11:17:12.011+0000] {processor.py:830} INFO - Processing file /opt/airflow/dags/dag_tp2_pokemon.py for tasks to queue
[2026-06-09T11:17:12.012+0000] {logging_mixin.py:188} INFO - [2026-06-09T11:17:12.012+0000] {dagbag.py:545} INFO - Filling up the DagBag from /opt/airflow/dags/dag_tp2_pokemon.py
[2026-06-09T11:17:12.032+0000] {processor.py:840} INFO - DAG(s) 'tp2_pokemon_pipeline' retrieved from /opt/airflow/dags/dag_tp2_pokemon.py
[2026-06-09T11:17:12.066+0000] {logging_mixin.py:188} INFO - [2026-06-09T11:17:12.066+0000] {dag.py:3096} INFO - Sync 1 DAGs
[2026-06-09T11:17:12.080+0000] {logging_mixin.py:188} INFO - [2026-06-09T11:17:12.080+0000] {dag.py:3954} INFO - Setting next_dagrun for tp2_pokemon_pipeline to None, run_after=None
[2026-06-09T11:17:12.100+0000] {processor.py:183} INFO - Processing /opt/airflow/dags/dag_tp2_pokemon.py took 0.095 seconds
[2026-06-09T11:17:42.301+0000] {processor.py:161} INFO - Started process (PID=2531) to work on /opt/airflow/dags/dag_tp2_pokemon.py
[2026-06-09T11:17:42.302+0000] {processor.py:830} INFO - Processing file /opt/airflow/dags/dag_tp2_pokemon.py for tasks to queue
[2026-06-09T11:17:42.304+0000] {logging_mixin.py:188} INFO - [2026-06-09T11:17:42.303+0000] {dagbag.py:545} INFO - Filling up the DagBag from /opt/airflow/dags/dag_tp2_pokemon.py
[2026-06-09T11:17:42.323+0000] {processor.py:840} INFO - DAG(s) 'tp2_pokemon_pipeline' retrieved from /opt/airflow/dags/dag_tp2_pokemon.py
[2026-06-09T11:17:42.357+0000] {logging_mixin.py:188} INFO - [2026-06-09T11:17:42.357+0000] {dag.py:3096} INFO - Sync 1 DAGs
[2026-06-09T11:17:42.371+0000] {logging_mixin.py:188} INFO - [2026-06-09T11:17:42.371+0000] {dag.py:3954} INFO - Setting next_dagrun for tp2_pokemon_pipeline to None, run_after=None
[2026-06-09T11:17:42.392+0000] {processor.py:183} INFO - Processing /opt/airflow/dags/dag_tp2_pokemon.py took 0.096 seconds
[2026-06-09T11:18:12.591+0000] {processor.py:161} INFO - Started process (PID=2541) to work on /opt/airflow/dags/dag_tp2_pokemon.py
[2026-06-09T11:18:12.592+0000] {processor.py:830} INFO - Processing file /opt/airflow/dags/dag_tp2_pokemon.py for tasks to queue
[2026-06-09T11:18:12.593+0000] {logging_mixin.py:188} INFO - [2026-06-09T11:18:12.593+0000] {dagbag.py:545} INFO - Filling up the DagBag from /opt/airflow/dags/dag_tp2_pokemon.py
[2026-06-09T11:18:12.611+0000] {processor.py:840} INFO - DAG(s) 'tp2_pokemon_pipeline' retrieved from /opt/airflow/dags/dag_tp2_pokemon.py
[2026-06-09T11:18:12.642+0000] {logging_mixin.py:188} INFO - [2026-06-09T11:18:12.642+0000] {dag.py:3096} INFO - Sync 1 DAGs
[2026-06-09T11:18:12.654+0000] {logging_mixin.py:188} INFO - [2026-06-09T11:18:12.654+0000] {dag.py:3954} INFO - Setting next_dagrun for tp2_pokemon_pipeline to None, run_after=None
[2026-06-09T11:18:12.673+0000] {processor.py:183} INFO - Processing /opt/airflow/dags/dag_tp2_pokemon.py took 0.087 seconds
[2026-06-09T11:18:42.871+0000] {processor.py:161} INFO - Started process (PID=2551) to work on /opt/airflow/dags/dag_tp2_pokemon.py
[2026-06-09T11:18:42.871+0000] {processor.py:830} INFO - Processing file /opt/airflow/dags/dag_tp2_pokemon.py for tasks to queue
[2026-06-09T11:18:42.873+0000] {logging_mixin.py:188} INFO - [2026-06-09T11:18:42.873+0000] {dagbag.py:545} INFO - Filling up the DagBag from /opt/airflow/dags/dag_tp2_pokemon.py
[2026-06-09T11:18:42.892+0000] {processor.py:840} INFO - DAG(s) 'tp2_pokemon_pipeline' retrieved from /opt/airflow/dags/dag_tp2_pokemon.py
[2026-06-09T11:18:42.922+0000] {logging_mixin.py:188} INFO - [2026-06-09T11:18:42.922+0000] {dag.py:3096} INFO - Sync 1 DAGs
[2026-06-09T11:18:42.935+0000] {logging_mixin.py:188} INFO - [2026-06-09T11:18:42.935+0000] {dag.py:3954} INFO - Setting next_dagrun for tp2_pokemon_pipeline to None, run_after=None
[2026-06-09T11:18:42.954+0000] {processor.py:183} INFO - Processing /opt/airflow/dags/dag_tp2_pokemon.py took 0.088 seconds
[2026-06-09T11:19:13.164+0000] {processor.py:161} INFO - Started process (PID=2561) to work on /opt/airflow/dags/dag_tp2_pokemon.py
[2026-06-09T11:19:13.165+0000] {processor.py:830} INFO - Processing file /opt/airflow/dags/dag_tp2_pokemon.py for tasks to queue
[2026-06-09T11:19:13.167+0000] {logging_mixin.py:188} INFO - [2026-06-09T11:19:13.166+0000] {dagbag.py:545} INFO - Filling up the DagBag from /opt/airflow/dags/dag_tp2_pokemon.py
[2026-06-09T11:19:13.186+0000] {processor.py:840} INFO - DAG(s) 'tp2_pokemon_pipeline' retrieved from /opt/airflow/dags/dag_tp2_pokemon.py
[2026-06-09T11:19:13.217+0000] {logging_mixin.py:188} INFO - [2026-06-09T11:19:13.216+0000] {dag.py:3096} INFO - Sync 1 DAGs
[2026-06-09T11:19:13.230+0000] {logging_mixin.py:188} INFO - [2026-06-09T11:19:13.229+0000] {dag.py:3954} INFO - Setting next_dagrun for tp2_pokemon_pipeline to None, run_after=None
[2026-06-09T11:19:13.250+0000] {processor.py:183} INFO - Processing /opt/airflow/dags/dag_tp2_pokemon.py took 0.091 seconds
[2026-06-09T11:19:43.462+0000] {processor.py:161} INFO - Started process (PID=2571) to work on /opt/airflow/dags/dag_tp2_pokemon.py
[2026-06-09T11:19:43.463+0000] {processor.py:830} INFO - Processing file /opt/airflow/dags/dag_tp2_pokemon.py for tasks to queue
[2026-06-09T11:19:43.465+0000] {logging_mixin.py:188} INFO - [2026-06-09T11:19:43.464+0000] {dagbag.py:545} INFO - Filling up the DagBag from /opt/airflow/dags/dag_tp2_pokemon.py
[2026-06-09T11:19:43.483+0000] {processor.py:840} INFO - DAG(s) 'tp2_pokemon_pipeline' retrieved from /opt/airflow/dags/dag_tp2_pokemon.py
[2026-06-09T11:19:43.513+0000] {logging_mixin.py:188} INFO - [2026-06-09T11:19:43.513+0000] {dag.py:3096} INFO - Sync 1 DAGs
[2026-06-09T11:19:43.525+0000] {logging_mixin.py:188} INFO - [2026-06-09T11:19:43.525+0000] {dag.py:3954} INFO - Setting next_dagrun for tp2_pokemon_pipeline to None, run_after=None
[2026-06-09T11:19:43.544+0000] {processor.py:183} INFO - Processing /opt/airflow/dags/dag_tp2_pokemon.py took 0.087 seconds
[2026-06-09T11:20:13.752+0000] {processor.py:161} INFO - Started process (PID=2581) to work on /opt/airflow/dags/dag_tp2_pokemon.py
[2026-06-09T11:20:13.752+0000] {processor.py:830} INFO - Processing file /opt/airflow/dags/dag_tp2_pokemon.py for tasks to queue
[2026-06-09T11:20:13.754+0000] {logging_mixin.py:188} INFO - [2026-06-09T11:20:13.753+0000] {dagbag.py:545} INFO - Filling up the DagBag from /opt/airflow/dags/dag_tp2_pokemon.py
[2026-06-09T11:20:13.771+0000] {processor.py:840} INFO - DAG(s) 'tp2_pokemon_pipeline' retrieved from /opt/airflow/dags/dag_tp2_pokemon.py
[2026-06-09T11:20:13.800+0000] {logging_mixin.py:188} INFO - [2026-06-09T11:20:13.800+0000] {dag.py:3096} INFO - Sync 1 DAGs
[2026-06-09T11:20:13.812+0000] {logging_mixin.py:188} INFO - [2026-06-09T11:20:13.812+0000] {dag.py:3954} INFO - Setting next_dagrun for tp2_pokemon_pipeline to None, run_after=None
[2026-06-09T11:20:13.831+0000] {processor.py:183} INFO - Processing /opt/airflow/dags/dag_tp2_pokemon.py took 0.083 seconds
[2026-06-09T11:20:43.943+0000] {processor.py:161} INFO - Started process (PID=2591) to work on /opt/airflow/dags/dag_tp2_pokemon.py
[2026-06-09T11:20:43.944+0000] {processor.py:830} INFO - Processing file /opt/airflow/dags/dag_tp2_pokemon.py for tasks to queue
[2026-06-09T11:20:43.946+0000] {logging_mixin.py:188} INFO - [2026-06-09T11:20:43.945+0000] {dagbag.py:545} INFO - Filling up the DagBag from /opt/airflow/dags/dag_tp2_pokemon.py
[2026-06-09T11:20:43.967+0000] {processor.py:840} INFO - DAG(s) 'tp2_pokemon_pipeline' retrieved from /opt/airflow/dags/dag_tp2_pokemon.py
[2026-06-09T11:20:43.997+0000] {logging_mixin.py:188} INFO - [2026-06-09T11:20:43.997+0000] {dag.py:3096} INFO - Sync 1 DAGs
[2026-06-09T11:20:44.010+0000] {logging_mixin.py:188} INFO - [2026-06-09T11:20:44.010+0000] {dag.py:3954} INFO - Setting next_dagrun for tp2_pokemon_pipeline to None, run_after=None
[2026-06-09T11:20:44.030+0000] {processor.py:183} INFO - Processing /opt/airflow/dags/dag_tp2_pokemon.py took 0.093 seconds
[2026-06-09T11:21:14.278+0000] {processor.py:161} INFO - Started process (PID=2601) to work on /opt/airflow/dags/dag_tp2_pokemon.py
[2026-06-09T11:21:14.279+0000] {processor.py:830} INFO - Processing file /opt/airflow/dags/dag_tp2_pokemon.py for tasks to queue
[2026-06-09T11:21:14.280+0000] {logging_mixin.py:188} INFO - [2026-06-09T11:21:14.280+0000] {dagbag.py:545} INFO - Filling up the DagBag from /opt/airflow/dags/dag_tp2_pokemon.py
[2026-06-09T11:21:14.300+0000] {processor.py:840} INFO - DAG(s) 'tp2_pokemon_pipeline' retrieved from /opt/airflow/dags/dag_tp2_pokemon.py
[2026-06-09T11:21:14.330+0000] {logging_mixin.py:188} INFO - [2026-06-09T11:21:14.330+0000] {dag.py:3096} INFO - Sync 1 DAGs
[2026-06-09T11:21:14.342+0000] {logging_mixin.py:188} INFO - [2026-06-09T11:21:14.342+0000] {dag.py:3954} INFO - Setting next_dagrun for tp2_pokemon_pipeline to None, run_after=None
[2026-06-09T11:21:14.363+0000] {processor.py:183} INFO - Processing /opt/airflow/dags/dag_tp2_pokemon.py took 0.090 seconds
[2026-06-09T11:21:44.571+0000] {processor.py:161} INFO - Started process (PID=2611) to work on /opt/airflow/dags/dag_tp2_pokemon.py
[2026-06-09T11:21:44.572+0000] {processor.py:830} INFO - Processing file /opt/airflow/dags/dag_tp2_pokemon.py for tasks to queue
[2026-06-09T11:21:44.574+0000] {logging_mixin.py:188} INFO - [2026-06-09T11:21:44.574+0000] {dagbag.py:545} INFO - Filling up the DagBag from /opt/airflow/dags/dag_tp2_pokemon.py
[2026-06-09T11:21:44.595+0000] {processor.py:840} INFO - DAG(s) 'tp2_pokemon_pipeline' retrieved from /opt/airflow/dags/dag_tp2_pokemon.py
[2026-06-09T11:21:44.627+0000] {logging_mixin.py:188} INFO - [2026-06-09T11:21:44.627+0000] {dag.py:3096} INFO - Sync 1 DAGs
[2026-06-09T11:21:44.640+0000] {logging_mixin.py:188} INFO - [2026-06-09T11:21:44.640+0000] {dag.py:3954} INFO - Setting next_dagrun for tp2_pokemon_pipeline to None, run_after=None
[2026-06-09T11:21:44.657+0000] {processor.py:183} INFO - Processing /opt/airflow/dags/dag_tp2_pokemon.py took 0.092 seconds
[2026-06-09T11:22:14.852+0000] {processor.py:161} INFO - Started process (PID=2621) to work on /opt/airflow/dags/dag_tp2_pokemon.py
[2026-06-09T11:22:14.852+0000] {processor.py:830} INFO - Processing file /opt/airflow/dags/dag_tp2_pokemon.py for tasks to queue
[2026-06-09T11:22:14.854+0000] {logging_mixin.py:188} INFO - [2026-06-09T11:22:14.854+0000] {dagbag.py:545} INFO - Filling up the DagBag from /opt/airflow/dags/dag_tp2_pokemon.py
[2026-06-09T11:22:14.873+0000] {processor.py:840} INFO - DAG(s) 'tp2_pokemon_pipeline' retrieved from /opt/airflow/dags/dag_tp2_pokemon.py
[2026-06-09T11:22:14.905+0000] {logging_mixin.py:188} INFO - [2026-06-09T11:22:14.905+0000] {dag.py:3096} INFO - Sync 1 DAGs
[2026-06-09T11:22:14.920+0000] {logging_mixin.py:188} INFO - [2026-06-09T11:22:14.920+0000] {dag.py:3954} INFO - Setting next_dagrun for tp2_pokemon_pipeline to None, run_after=None
[2026-06-09T11:22:14.940+0000] {processor.py:183} INFO - Processing /opt/airflow/dags/dag_tp2_pokemon.py took 0.092 seconds
[2026-06-09T11:22:45.150+0000] {processor.py:161} INFO - Started process (PID=2631) to work on /opt/airflow/dags/dag_tp2_pokemon.py
[2026-06-09T11:22:45.151+0000] {processor.py:830} INFO - Processing file /opt/airflow/dags/dag_tp2_pokemon.py for tasks to queue
[2026-06-09T11:22:45.152+0000] {logging_mixin.py:188} INFO - [2026-06-09T11:22:45.152+0000] {dagbag.py:545} INFO - Filling up the DagBag from /opt/airflow/dags/dag_tp2_pokemon.py
[2026-06-09T11:22:45.171+0000] {processor.py:840} INFO - DAG(s) 'tp2_pokemon_pipeline' retrieved from /opt/airflow/dags/dag_tp2_pokemon.py
[2026-06-09T11:22:45.202+0000] {logging_mixin.py:188} INFO - [2026-06-09T11:22:45.202+0000] {dag.py:3096} INFO - Sync 1 DAGs
[2026-06-09T11:22:45.214+0000] {logging_mixin.py:188} INFO - [2026-06-09T11:22:45.214+0000] {dag.py:3954} INFO - Setting next_dagrun for tp2_pokemon_pipeline to None, run_after=None
[2026-06-09T11:22:45.234+0000] {processor.py:183} INFO - Processing /opt/airflow/dags/dag_tp2_pokemon.py took 0.090 seconds
[2026-06-09T11:23:15.341+0000] {processor.py:161} INFO - Started process (PID=2641) to work on /opt/airflow/dags/dag_tp2_pokemon.py
[2026-06-09T11:23:15.342+0000] {processor.py:830} INFO - Processing file /opt/airflow/dags/dag_tp2_pokemon.py for tasks to queue
[2026-06-09T11:23:15.344+0000] {logging_mixin.py:188} INFO - [2026-06-09T11:23:15.343+0000] {dagbag.py:545} INFO - Filling up the DagBag from /opt/airflow/dags/dag_tp2_pokemon.py
[2026-06-09T11:23:15.363+0000] {processor.py:840} INFO - DAG(s) 'tp2_pokemon_pipeline' retrieved from /opt/airflow/dags/dag_tp2_pokemon.py
[2026-06-09T11:23:15.397+0000] {logging_mixin.py:188} INFO - [2026-06-09T11:23:15.397+0000] {dag.py:3096} INFO - Sync 1 DAGs
[2026-06-09T11:23:15.411+0000] {logging_mixin.py:188} INFO - [2026-06-09T11:23:15.411+0000] {dag.py:3954} INFO - Setting next_dagrun for tp2_pokemon_pipeline to None, run_after=None
[2026-06-09T11:23:15.431+0000] {processor.py:183} INFO - Processing /opt/airflow/dags/dag_tp2_pokemon.py took 0.094 seconds
[2026-06-09T11:23:45.649+0000] {processor.py:161} INFO - Started process (PID=2651) to work on /opt/airflow/dags/dag_tp2_pokemon.py
[2026-06-09T11:23:45.650+0000] {processor.py:830} INFO - Processing file /opt/airflow/dags/dag_tp2_pokemon.py for tasks to queue
[2026-06-09T11:23:45.651+0000] {logging_mixin.py:188} INFO - [2026-06-09T11:23:45.651+0000] {dagbag.py:545} INFO - Filling up the DagBag from /opt/airflow/dags/dag_tp2_pokemon.py
[2026-06-09T11:23:45.670+0000] {processor.py:840} INFO - DAG(s) 'tp2_pokemon_pipeline' retrieved from /opt/airflow/dags/dag_tp2_pokemon.py
[2026-06-09T11:23:45.698+0000] {logging_mixin.py:188} INFO - [2026-06-09T11:23:45.697+0000] {dag.py:3096} INFO - Sync 1 DAGs
[2026-06-09T11:23:45.709+0000] {logging_mixin.py:188} INFO - [2026-06-09T11:23:45.709+0000] {dag.py:3954} INFO - Setting next_dagrun for tp2_pokemon_pipeline to None, run_after=None
[2026-06-09T11:23:45.729+0000] {processor.py:183} INFO - Processing /opt/airflow/dags/dag_tp2_pokemon.py took 0.085 seconds
[2026-06-09T11:24:15.928+0000] {processor.py:161} INFO - Started process (PID=2661) to work on /opt/airflow/dags/dag_tp2_pokemon.py
[2026-06-09T11:24:15.929+0000] {processor.py:830} INFO - Processing file /opt/airflow/dags/dag_tp2_pokemon.py for tasks to queue
[2026-06-09T11:24:15.930+0000] {logging_mixin.py:188} INFO - [2026-06-09T11:24:15.930+0000] {dagbag.py:545} INFO - Filling up the DagBag from /opt/airflow/dags/dag_tp2_pokemon.py
[2026-06-09T11:24:15.949+0000] {processor.py:840} INFO - DAG(s) 'tp2_pokemon_pipeline' retrieved from /opt/airflow/dags/dag_tp2_pokemon.py
[2026-06-09T11:24:15.981+0000] {logging_mixin.py:188} INFO - [2026-06-09T11:24:15.981+0000] {dag.py:3096} INFO - Sync 1 DAGs
[2026-06-09T11:24:15.997+0000] {logging_mixin.py:188} INFO - [2026-06-09T11:24:15.997+0000] {dag.py:3954} INFO - Setting next_dagrun for tp2_pokemon_pipeline to None, run_after=None
[2026-06-09T11:24:16.017+0000] {processor.py:183} INFO - Processing /opt/airflow/dags/dag_tp2_pokemon.py took 0.094 seconds
[2026-06-09T11:24:46.231+0000] {processor.py:161} INFO - Started process (PID=2671) to work on /opt/airflow/dags/dag_tp2_pokemon.py
[2026-06-09T11:24:46.232+0000] {processor.py:830} INFO - Processing file /opt/airflow/dags/dag_tp2_pokemon.py for tasks to queue
[2026-06-09T11:24:46.233+0000] {logging_mixin.py:188} INFO - [2026-06-09T11:24:46.233+0000] {dagbag.py:545} INFO - Filling up the DagBag from /opt/airflow/dags/dag_tp2_pokemon.py
[2026-06-09T11:24:46.253+0000] {processor.py:840} INFO - DAG(s) 'tp2_pokemon_pipeline' retrieved from /opt/airflow/dags/dag_tp2_pokemon.py
[2026-06-09T11:24:46.284+0000] {logging_mixin.py:188} INFO - [2026-06-09T11:24:46.284+0000] {dag.py:3096} INFO - Sync 1 DAGs
[2026-06-09T11:24:46.298+0000] {logging_mixin.py:188} INFO - [2026-06-09T11:24:46.298+0000] {dag.py:3954} INFO - Setting next_dagrun for tp2_pokemon_pipeline to None, run_after=None
[2026-06-09T11:24:46.316+0000] {processor.py:183} INFO - Processing /opt/airflow/dags/dag_tp2_pokemon.py took 0.091 seconds
[2026-06-09T11:25:16.427+0000] {processor.py:161} INFO - Started process (PID=2681) to work on /opt/airflow/dags/dag_tp2_pokemon.py
[2026-06-09T11:25:16.428+0000] {processor.py:830} INFO - Processing file /opt/airflow/dags/dag_tp2_pokemon.py for tasks to queue
[2026-06-09T11:25:16.430+0000] {logging_mixin.py:188} INFO - [2026-06-09T11:25:16.429+0000] {dagbag.py:545} INFO - Filling up the DagBag from /opt/airflow/dags/dag_tp2_pokemon.py
[2026-06-09T11:25:16.452+0000] {processor.py:840} INFO - DAG(s) 'tp2_pokemon_pipeline' retrieved from /opt/airflow/dags/dag_tp2_pokemon.py
[2026-06-09T11:25:16.484+0000] {logging_mixin.py:188} INFO - [2026-06-09T11:25:16.484+0000] {dag.py:3096} INFO - Sync 1 DAGs
[2026-06-09T11:25:16.497+0000] {logging_mixin.py:188} INFO - [2026-06-09T11:25:16.497+0000] {dag.py:3954} INFO - Setting next_dagrun for tp2_pokemon_pipeline to None, run_after=None
[2026-06-09T11:25:16.517+0000] {processor.py:183} INFO - Processing /opt/airflow/dags/dag_tp2_pokemon.py took 0.098 seconds
[2026-06-09T11:25:46.723+0000] {processor.py:161} INFO - Started process (PID=2691) to work on /opt/airflow/dags/dag_tp2_pokemon.py
[2026-06-09T11:25:46.724+0000] {processor.py:830} INFO - Processing file /opt/airflow/dags/dag_tp2_pokemon.py for tasks to queue
[2026-06-09T11:25:46.726+0000] {logging_mixin.py:188} INFO - [2026-06-09T11:25:46.725+0000] {dagbag.py:545} INFO - Filling up the DagBag from /opt/airflow/dags/dag_tp2_pokemon.py
[2026-06-09T11:25:46.744+0000] {processor.py:840} INFO - DAG(s) 'tp2_pokemon_pipeline' retrieved from /opt/airflow/dags/dag_tp2_pokemon.py
[2026-06-09T11:25:46.772+0000] {logging_mixin.py:188} INFO - [2026-06-09T11:25:46.772+0000] {dag.py:3096} INFO - Sync 1 DAGs
[2026-06-09T11:25:46.784+0000] {logging_mixin.py:188} INFO - [2026-06-09T11:25:46.784+0000] {dag.py:3954} INFO - Setting next_dagrun for tp2_pokemon_pipeline to None, run_after=None
[2026-06-09T11:25:46.803+0000] {processor.py:183} INFO - Processing /opt/airflow/dags/dag_tp2_pokemon.py took 0.085 seconds
[2026-06-09T11:26:16.945+0000] {processor.py:161} INFO - Started process (PID=2701) to work on /opt/airflow/dags/dag_tp2_pokemon.py
[2026-06-09T11:26:16.946+0000] {processor.py:830} INFO - Processing file /opt/airflow/dags/dag_tp2_pokemon.py for tasks to queue
[2026-06-09T11:26:16.948+0000] {logging_mixin.py:188} INFO - [2026-06-09T11:26:16.947+0000] {dagbag.py:545} INFO - Filling up the DagBag from /opt/airflow/dags/dag_tp2_pokemon.py
[2026-06-09T11:26:16.967+0000] {processor.py:840} INFO - DAG(s) 'tp2_pokemon_pipeline' retrieved from /opt/airflow/dags/dag_tp2_pokemon.py
[2026-06-09T11:26:16.999+0000] {logging_mixin.py:188} INFO - [2026-06-09T11:26:16.999+0000] {dag.py:3096} INFO - Sync 1 DAGs
[2026-06-09T11:26:17.013+0000] {logging_mixin.py:188} INFO - [2026-06-09T11:26:17.012+0000] {dag.py:3954} INFO - Setting next_dagrun for tp2_pokemon_pipeline to None, run_after=None
[2026-06-09T11:26:17.033+0000] {processor.py:183} INFO - Processing /opt/airflow/dags/dag_tp2_pokemon.py took 0.093 seconds
[2026-06-09T11:26:47.239+0000] {processor.py:161} INFO - Started process (PID=2711) to work on /opt/airflow/dags/dag_tp2_pokemon.py
[2026-06-09T11:26:47.240+0000] {processor.py:830} INFO - Processing file /opt/airflow/dags/dag_tp2_pokemon.py for tasks to queue
[2026-06-09T11:26:47.242+0000] {logging_mixin.py:188} INFO - [2026-06-09T11:26:47.241+0000] {dagbag.py:545} INFO - Filling up the DagBag from /opt/airflow/dags/dag_tp2_pokemon.py
[2026-06-09T11:26:47.261+0000] {processor.py:840} INFO - DAG(s) 'tp2_pokemon_pipeline' retrieved from /opt/airflow/dags/dag_tp2_pokemon.py
[2026-06-09T11:26:47.292+0000] {logging_mixin.py:188} INFO - [2026-06-09T11:26:47.291+0000] {dag.py:3096} INFO - Sync 1 DAGs
[2026-06-09T11:26:47.304+0000] {logging_mixin.py:188} INFO - [2026-06-09T11:26:47.304+0000] {dag.py:3954} INFO - Setting next_dagrun for tp2_pokemon_pipeline to None, run_after=None
[2026-06-09T11:26:47.324+0000] {processor.py:183} INFO - Processing /opt/airflow/dags/dag_tp2_pokemon.py took 0.090 seconds
[2026-06-09T11:27:17.528+0000] {processor.py:161} INFO - Started process (PID=2721) to work on /opt/airflow/dags/dag_tp2_pokemon.py
[2026-06-09T11:27:17.529+0000] {processor.py:830} INFO - Processing file /opt/airflow/dags/dag_tp2_pokemon.py for tasks to queue
[2026-06-09T11:27:17.531+0000] {logging_mixin.py:188} INFO - [2026-06-09T11:27:17.531+0000] {dagbag.py:545} INFO - Filling up the DagBag from /opt/airflow/dags/dag_tp2_pokemon.py
[2026-06-09T11:27:17.550+0000] {processor.py:840} INFO - DAG(s) 'tp2_pokemon_pipeline' retrieved from /opt/airflow/dags/dag_tp2_pokemon.py
[2026-06-09T11:27:17.581+0000] {logging_mixin.py:188} INFO - [2026-06-09T11:27:17.581+0000] {dag.py:3096} INFO - Sync 1 DAGs
[2026-06-09T11:27:17.594+0000] {logging_mixin.py:188} INFO - [2026-06-09T11:27:17.594+0000] {dag.py:3954} INFO - Setting next_dagrun for tp2_pokemon_pipeline to None, run_after=None
[2026-06-09T11:27:17.613+0000] {processor.py:183} INFO - Processing /opt/airflow/dags/dag_tp2_pokemon.py took 0.090 seconds
[2026-06-09T11:27:47.721+0000] {processor.py:161} INFO - Started process (PID=2731) to work on /opt/airflow/dags/dag_tp2_pokemon.py
[2026-06-09T11:27:47.722+0000] {processor.py:830} INFO - Processing file /opt/airflow/dags/dag_tp2_pokemon.py for tasks to queue
[2026-06-09T11:27:47.723+0000] {logging_mixin.py:188} INFO - [2026-06-09T11:27:47.723+0000] {dagbag.py:545} INFO - Filling up the DagBag from /opt/airflow/dags/dag_tp2_pokemon.py
[2026-06-09T11:27:47.742+0000] {processor.py:840} INFO - DAG(s) 'tp2_pokemon_pipeline' retrieved from /opt/airflow/dags/dag_tp2_pokemon.py
[2026-06-09T11:27:47.772+0000] {logging_mixin.py:188} INFO - [2026-06-09T11:27:47.772+0000] {dag.py:3096} INFO - Sync 1 DAGs
[2026-06-09T11:27:47.785+0000] {logging_mixin.py:188} INFO - [2026-06-09T11:27:47.785+0000] {dag.py:3954} INFO - Setting next_dagrun for tp2_pokemon_pipeline to None, run_after=None
[2026-06-09T11:27:47.804+0000] {processor.py:183} INFO - Processing /opt/airflow/dags/dag_tp2_pokemon.py took 0.088 seconds
[2026-06-09T11:28:18.005+0000] {processor.py:161} INFO - Started process (PID=2741) to work on /opt/airflow/dags/dag_tp2_pokemon.py
[2026-06-09T11:28:18.006+0000] {processor.py:830} INFO - Processing file /opt/airflow/dags/dag_tp2_pokemon.py for tasks to queue
[2026-06-09T11:28:18.007+0000] {logging_mixin.py:188} INFO - [2026-06-09T11:28:18.007+0000] {dagbag.py:545} INFO - Filling up the DagBag from /opt/airflow/dags/dag_tp2_pokemon.py
[2026-06-09T11:28:18.026+0000] {processor.py:840} INFO - DAG(s) 'tp2_pokemon_pipeline' retrieved from /opt/airflow/dags/dag_tp2_pokemon.py
[2026-06-09T11:28:18.056+0000] {logging_mixin.py:188} INFO - [2026-06-09T11:28:18.055+0000] {dag.py:3096} INFO - Sync 1 DAGs
[2026-06-09T11:28:18.068+0000] {logging_mixin.py:188} INFO - [2026-06-09T11:28:18.068+0000] {dag.py:3954} INFO - Setting next_dagrun for tp2_pokemon_pipeline to None, run_after=None
[2026-06-09T11:28:18.131+0000] {processor.py:183} INFO - Processing /opt/airflow/dags/dag_tp2_pokemon.py took 0.131 seconds
[2026-06-09T11:28:48.196+0000] {processor.py:161} INFO - Started process (PID=2751) to work on /opt/airflow/dags/dag_tp2_pokemon.py
[2026-06-09T11:28:48.197+0000] {processor.py:830} INFO - Processing file /opt/airflow/dags/dag_tp2_pokemon.py for tasks to queue
[2026-06-09T11:28:48.199+0000] {logging_mixin.py:188} INFO - [2026-06-09T11:28:48.198+0000] {dagbag.py:545} INFO - Filling up the DagBag from /opt/airflow/dags/dag_tp2_pokemon.py
[2026-06-09T11:28:48.218+0000] {processor.py:840} INFO - DAG(s) 'tp2_pokemon_pipeline' retrieved from /opt/airflow/dags/dag_tp2_pokemon.py
[2026-06-09T11:28:48.249+0000] {logging_mixin.py:188} INFO - [2026-06-09T11:28:48.249+0000] {dag.py:3096} INFO - Sync 1 DAGs
[2026-06-09T11:28:48.263+0000] {logging_mixin.py:188} INFO - [2026-06-09T11:28:48.263+0000] {dag.py:3954} INFO - Setting next_dagrun for tp2_pokemon_pipeline to None, run_after=None
[2026-06-09T11:28:48.283+0000] {processor.py:183} INFO - Processing /opt/airflow/dags/dag_tp2_pokemon.py took 0.092 seconds
[2026-06-09T11:29:18.484+0000] {processor.py:161} INFO - Started process (PID=2761) to work on /opt/airflow/dags/dag_tp2_pokemon.py
[2026-06-09T11:29:18.485+0000] {processor.py:830} INFO - Processing file /opt/airflow/dags/dag_tp2_pokemon.py for tasks to queue
[2026-06-09T11:29:18.486+0000] {logging_mixin.py:188} INFO - [2026-06-09T11:29:18.486+0000] {dagbag.py:545} INFO - Filling up the DagBag from /opt/airflow/dags/dag_tp2_pokemon.py
[2026-06-09T11:29:18.505+0000] {processor.py:840} INFO - DAG(s) 'tp2_pokemon_pipeline' retrieved from /opt/airflow/dags/dag_tp2_pokemon.py
[2026-06-09T11:29:18.534+0000] {logging_mixin.py:188} INFO - [2026-06-09T11:29:18.533+0000] {dag.py:3096} INFO - Sync 1 DAGs
[2026-06-09T11:29:18.546+0000] {logging_mixin.py:188} INFO - [2026-06-09T11:29:18.545+0000] {dag.py:3954} INFO - Setting next_dagrun for tp2_pokemon_pipeline to None, run_after=None
[2026-06-09T11:29:18.566+0000] {processor.py:183} INFO - Processing /opt/airflow/dags/dag_tp2_pokemon.py took 0.087 seconds
[2026-06-09T11:29:48.676+0000] {processor.py:161} INFO - Started process (PID=2771) to work on /opt/airflow/dags/dag_tp2_pokemon.py
[2026-06-09T11:29:48.677+0000] {processor.py:830} INFO - Processing file /opt/airflow/dags/dag_tp2_pokemon.py for tasks to queue
[2026-06-09T11:29:48.678+0000] {logging_mixin.py:188} INFO - [2026-06-09T11:29:48.678+0000] {dagbag.py:545} INFO - Filling up the DagBag from /opt/airflow/dags/dag_tp2_pokemon.py
[2026-06-09T11:29:48.696+0000] {processor.py:840} INFO - DAG(s) 'tp2_pokemon_pipeline' retrieved from /opt/airflow/dags/dag_tp2_pokemon.py
[2026-06-09T11:29:48.729+0000] {logging_mixin.py:188} INFO - [2026-06-09T11:29:48.728+0000] {dag.py:3096} INFO - Sync 1 DAGs
[2026-06-09T11:29:48.741+0000] {logging_mixin.py:188} INFO - [2026-06-09T11:29:48.741+0000] {dag.py:3954} INFO - Setting next_dagrun for tp2_pokemon_pipeline to None, run_after=None
[2026-06-09T11:29:48.760+0000] {processor.py:183} INFO - Processing /opt/airflow/dags/dag_tp2_pokemon.py took 0.089 seconds
[2026-06-09T11:30:18.898+0000] {processor.py:161} INFO - Started process (PID=2781) to work on /opt/airflow/dags/dag_tp2_pokemon.py
[2026-06-09T11:30:18.899+0000] {processor.py:830} INFO - Processing file /opt/airflow/dags/dag_tp2_pokemon.py for tasks to queue
[2026-06-09T11:30:18.900+0000] {logging_mixin.py:188} INFO - [2026-06-09T11:30:18.900+0000] {dagbag.py:545} INFO - Filling up the DagBag from /opt/airflow/dags/dag_tp2_pokemon.py
[2026-06-09T11:30:18.919+0000] {processor.py:840} INFO - DAG(s) 'tp2_pokemon_pipeline' retrieved from /opt/airflow/dags/dag_tp2_pokemon.py
[2026-06-09T11:30:18.949+0000] {logging_mixin.py:188} INFO - [2026-06-09T11:30:18.949+0000] {dag.py:3096} INFO - Sync 1 DAGs
[2026-06-09T11:30:18.962+0000] {logging_mixin.py:188} INFO - [2026-06-09T11:30:18.961+0000] {dag.py:3954} INFO - Setting next_dagrun for tp2_pokemon_pipeline to None, run_after=None
[2026-06-09T11:30:18.982+0000] {processor.py:183} INFO - Processing /opt/airflow/dags/dag_tp2_pokemon.py took 0.089 seconds
[2026-06-09T11:30:49.096+0000] {processor.py:161} INFO - Started process (PID=2791) to work on /opt/airflow/dags/dag_tp2_pokemon.py
[2026-06-09T11:30:49.097+0000] {processor.py:830} INFO - Processing file /opt/airflow/dags/dag_tp2_pokemon.py for tasks to queue
[2026-06-09T11:30:49.098+0000] {logging_mixin.py:188} INFO - [2026-06-09T11:30:49.098+0000] {dagbag.py:545} INFO - Filling up the DagBag from /opt/airflow/dags/dag_tp2_pokemon.py
[2026-06-09T11:30:49.118+0000] {processor.py:840} INFO - DAG(s) 'tp2_pokemon_pipeline' retrieved from /opt/airflow/dags/dag_tp2_pokemon.py
[2026-06-09T11:30:49.151+0000] {logging_mixin.py:188} INFO - [2026-06-09T11:30:49.151+0000] {dag.py:3096} INFO - Sync 1 DAGs
[2026-06-09T11:30:49.164+0000] {logging_mixin.py:188} INFO - [2026-06-09T11:30:49.164+0000] {dag.py:3954} INFO - Setting next_dagrun for tp2_pokemon_pipeline to None, run_after=None
[2026-06-09T11:30:49.185+0000] {processor.py:183} INFO - Processing /opt/airflow/dags/dag_tp2_pokemon.py took 0.095 seconds
[2026-06-09T11:31:19.432+0000] {processor.py:161} INFO - Started process (PID=2801) to work on /opt/airflow/dags/dag_tp2_pokemon.py
[2026-06-09T11:31:19.433+0000] {processor.py:830} INFO - Processing file /opt/airflow/dags/dag_tp2_pokemon.py for tasks to queue
[2026-06-09T11:31:19.435+0000] {logging_mixin.py:188} INFO - [2026-06-09T11:31:19.434+0000] {dagbag.py:545} INFO - Filling up the DagBag from /opt/airflow/dags/dag_tp2_pokemon.py
[2026-06-09T11:31:19.454+0000] {processor.py:840} INFO - DAG(s) 'tp2_pokemon_pipeline' retrieved from /opt/airflow/dags/dag_tp2_pokemon.py
[2026-06-09T11:31:19.487+0000] {logging_mixin.py:188} INFO - [2026-06-09T11:31:19.487+0000] {dag.py:3096} INFO - Sync 1 DAGs
[2026-06-09T11:31:19.500+0000] {logging_mixin.py:188} INFO - [2026-06-09T11:31:19.500+0000] {dag.py:3954} INFO - Setting next_dagrun for tp2_pokemon_pipeline to None, run_after=None
[2026-06-09T11:31:19.519+0000] {processor.py:183} INFO - Processing /opt/airflow/dags/dag_tp2_pokemon.py took 0.091 seconds
[2026-06-09T11:31:49.727+0000] {processor.py:161} INFO - Started process (PID=2811) to work on /opt/airflow/dags/dag_tp2_pokemon.py
[2026-06-09T11:31:49.728+0000] {processor.py:830} INFO - Processing file /opt/airflow/dags/dag_tp2_pokemon.py for tasks to queue
[2026-06-09T11:31:49.730+0000] {logging_mixin.py:188} INFO - [2026-06-09T11:31:49.729+0000] {dagbag.py:545} INFO - Filling up the DagBag from /opt/airflow/dags/dag_tp2_pokemon.py
[2026-06-09T11:31:49.748+0000] {processor.py:840} INFO - DAG(s) 'tp2_pokemon_pipeline' retrieved from /opt/airflow/dags/dag_tp2_pokemon.py
[2026-06-09T11:31:49.778+0000] {logging_mixin.py:188} INFO - [2026-06-09T11:31:49.778+0000] {dag.py:3096} INFO - Sync 1 DAGs
[2026-06-09T11:31:49.790+0000] {logging_mixin.py:188} INFO - [2026-06-09T11:31:49.789+0000] {dag.py:3954} INFO - Setting next_dagrun for tp2_pokemon_pipeline to None, run_after=None
[2026-06-09T11:31:49.809+0000] {processor.py:183} INFO - Processing /opt/airflow/dags/dag_tp2_pokemon.py took 0.088 seconds
[2026-06-09T11:32:20.006+0000] {processor.py:161} INFO - Started process (PID=2821) to work on /opt/airflow/dags/dag_tp2_pokemon.py
[2026-06-09T11:32:20.007+0000] {processor.py:830} INFO - Processing file /opt/airflow/dags/dag_tp2_pokemon.py for tasks to queue
[2026-06-09T11:32:20.009+0000] {logging_mixin.py:188} INFO - [2026-06-09T11:32:20.008+0000] {dagbag.py:545} INFO - Filling up the DagBag from /opt/airflow/dags/dag_tp2_pokemon.py
[2026-06-09T11:32:20.028+0000] {processor.py:840} INFO - DAG(s) 'tp2_pokemon_pipeline' retrieved from /opt/airflow/dags/dag_tp2_pokemon.py
[2026-06-09T11:32:20.059+0000] {logging_mixin.py:188} INFO - [2026-06-09T11:32:20.059+0000] {dag.py:3096} INFO - Sync 1 DAGs
[2026-06-09T11:32:20.071+0000] {logging_mixin.py:188} INFO - [2026-06-09T11:32:20.071+0000] {dag.py:3954} INFO - Setting next_dagrun for tp2_pokemon_pipeline to None, run_after=None
[2026-06-09T11:32:20.090+0000] {processor.py:183} INFO - Processing /opt/airflow/dags/dag_tp2_pokemon.py took 0.089 seconds
[2026-06-09T11:32:50.301+0000] {processor.py:161} INFO - Started process (PID=2831) to work on /opt/airflow/dags/dag_tp2_pokemon.py
[2026-06-09T11:32:50.302+0000] {processor.py:830} INFO - Processing file /opt/airflow/dags/dag_tp2_pokemon.py for tasks to queue
[2026-06-09T11:32:50.304+0000] {logging_mixin.py:188} INFO - [2026-06-09T11:32:50.304+0000] {dagbag.py:545} INFO - Filling up the DagBag from /opt/airflow/dags/dag_tp2_pokemon.py
[2026-06-09T11:32:50.325+0000] {processor.py:840} INFO - DAG(s) 'tp2_pokemon_pipeline' retrieved from /opt/airflow/dags/dag_tp2_pokemon.py
[2026-06-09T11:32:50.357+0000] {logging_mixin.py:188} INFO - [2026-06-09T11:32:50.356+0000] {dag.py:3096} INFO - Sync 1 DAGs
[2026-06-09T11:32:50.371+0000] {logging_mixin.py:188} INFO - [2026-06-09T11:32:50.371+0000] {dag.py:3954} INFO - Setting next_dagrun for tp2_pokemon_pipeline to None, run_after=None
[2026-06-09T11:32:50.391+0000] {processor.py:183} INFO - Processing /opt/airflow/dags/dag_tp2_pokemon.py took 0.096 seconds
[2026-06-09T11:33:20.596+0000] {processor.py:161} INFO - Started process (PID=2841) to work on /opt/airflow/dags/dag_tp2_pokemon.py
[2026-06-09T11:33:20.597+0000] {processor.py:830} INFO - Processing file /opt/airflow/dags/dag_tp2_pokemon.py for tasks to queue
[2026-06-09T11:33:20.599+0000] {logging_mixin.py:188} INFO - [2026-06-09T11:33:20.599+0000] {dagbag.py:545} INFO - Filling up the DagBag from /opt/airflow/dags/dag_tp2_pokemon.py
[2026-06-09T11:33:20.617+0000] {processor.py:840} INFO - DAG(s) 'tp2_pokemon_pipeline' retrieved from /opt/airflow/dags/dag_tp2_pokemon.py
[2026-06-09T11:33:20.648+0000] {logging_mixin.py:188} INFO - [2026-06-09T11:33:20.648+0000] {dag.py:3096} INFO - Sync 1 DAGs
[2026-06-09T11:33:20.660+0000] {logging_mixin.py:188} INFO - [2026-06-09T11:33:20.660+0000] {dag.py:3954} INFO - Setting next_dagrun for tp2_pokemon_pipeline to None, run_after=None
[2026-06-09T11:33:20.678+0000] {processor.py:183} INFO - Processing /opt/airflow/dags/dag_tp2_pokemon.py took 0.086 seconds
[2026-06-09T11:33:50.876+0000] {processor.py:161} INFO - Started process (PID=2851) to work on /opt/airflow/dags/dag_tp2_pokemon.py
[2026-06-09T11:33:50.877+0000] {processor.py:830} INFO - Processing file /opt/airflow/dags/dag_tp2_pokemon.py for tasks to queue
[2026-06-09T11:33:50.878+0000] {logging_mixin.py:188} INFO - [2026-06-09T11:33:50.878+0000] {dagbag.py:545} INFO - Filling up the DagBag from /opt/airflow/dags/dag_tp2_pokemon.py
[2026-06-09T11:33:50.897+0000] {processor.py:840} INFO - DAG(s) 'tp2_pokemon_pipeline' retrieved from /opt/airflow/dags/dag_tp2_pokemon.py
[2026-06-09T11:33:50.927+0000] {logging_mixin.py:188} INFO - [2026-06-09T11:33:50.927+0000] {dag.py:3096} INFO - Sync 1 DAGs
[2026-06-09T11:33:50.939+0000] {logging_mixin.py:188} INFO - [2026-06-09T11:33:50.939+0000] {dag.py:3954} INFO - Setting next_dagrun for tp2_pokemon_pipeline to None, run_after=None
[2026-06-09T11:33:50.958+0000] {processor.py:183} INFO - Processing /opt/airflow/dags/dag_tp2_pokemon.py took 0.087 seconds
[2026-06-09T11:34:21.169+0000] {processor.py:161} INFO - Started process (PID=2861) to work on /opt/airflow/dags/dag_tp2_pokemon.py
[2026-06-09T11:34:21.169+0000] {processor.py:830} INFO - Processing file /opt/airflow/dags/dag_tp2_pokemon.py for tasks to queue
[2026-06-09T11:34:21.171+0000] {logging_mixin.py:188} INFO - [2026-06-09T11:34:21.171+0000] {dagbag.py:545} INFO - Filling up the DagBag from /opt/airflow/dags/dag_tp2_pokemon.py
[2026-06-09T11:34:21.192+0000] {processor.py:840} INFO - DAG(s) 'tp2_pokemon_pipeline' retrieved from /opt/airflow/dags/dag_tp2_pokemon.py
[2026-06-09T11:34:21.223+0000] {logging_mixin.py:188} INFO - [2026-06-09T11:34:21.223+0000] {dag.py:3096} INFO - Sync 1 DAGs
[2026-06-09T11:34:21.237+0000] {logging_mixin.py:188} INFO - [2026-06-09T11:34:21.237+0000] {dag.py:3954} INFO - Setting next_dagrun for tp2_pokemon_pipeline to None, run_after=None
[2026-06-09T11:34:21.257+0000] {processor.py:183} INFO - Processing /opt/airflow/dags/dag_tp2_pokemon.py took 0.093 seconds
[2026-06-09T11:34:51.463+0000] {processor.py:161} INFO - Started process (PID=2871) to work on /opt/airflow/dags/dag_tp2_pokemon.py
[2026-06-09T11:34:51.464+0000] {processor.py:830} INFO - Processing file /opt/airflow/dags/dag_tp2_pokemon.py for tasks to queue
[2026-06-09T11:34:51.465+0000] {logging_mixin.py:188} INFO - [2026-06-09T11:34:51.465+0000] {dagbag.py:545} INFO - Filling up the DagBag from /opt/airflow/dags/dag_tp2_pokemon.py
[2026-06-09T11:34:51.485+0000] {processor.py:840} INFO - DAG(s) 'tp2_pokemon_pipeline' retrieved from /opt/airflow/dags/dag_tp2_pokemon.py
[2026-06-09T11:34:51.520+0000] {logging_mixin.py:188} INFO - [2026-06-09T11:34:51.520+0000] {dag.py:3096} INFO - Sync 1 DAGs
[2026-06-09T11:34:51.534+0000] {logging_mixin.py:188} INFO - [2026-06-09T11:34:51.534+0000] {dag.py:3954} INFO - Setting next_dagrun for tp2_pokemon_pipeline to None, run_after=None
[2026-06-09T11:34:51.557+0000] {processor.py:183} INFO - Processing /opt/airflow/dags/dag_tp2_pokemon.py took 0.099 seconds
[2026-06-09T11:35:21.758+0000] {processor.py:161} INFO - Started process (PID=2881) to work on /opt/airflow/dags/dag_tp2_pokemon.py
[2026-06-09T11:35:21.759+0000] {processor.py:830} INFO - Processing file /opt/airflow/dags/dag_tp2_pokemon.py for tasks to queue
[2026-06-09T11:35:21.760+0000] {logging_mixin.py:188} INFO - [2026-06-09T11:35:21.760+0000] {dagbag.py:545} INFO - Filling up the DagBag from /opt/airflow/dags/dag_tp2_pokemon.py
[2026-06-09T11:35:21.777+0000] {processor.py:840} INFO - DAG(s) 'tp2_pokemon_pipeline' retrieved from /opt/airflow/dags/dag_tp2_pokemon.py
[2026-06-09T11:35:21.807+0000] {logging_mixin.py:188} INFO - [2026-06-09T11:35:21.807+0000] {dag.py:3096} INFO - Sync 1 DAGs
[2026-06-09T11:35:21.820+0000] {logging_mixin.py:188} INFO - [2026-06-09T11:35:21.820+0000] {dag.py:3954} INFO - Setting next_dagrun for tp2_pokemon_pipeline to None, run_after=None
[2026-06-09T11:35:21.839+0000] {processor.py:183} INFO - Processing /opt/airflow/dags/dag_tp2_pokemon.py took 0.086 seconds
[2026-06-09T11:35:52.034+0000] {processor.py:161} INFO - Started process (PID=2891) to work on /opt/airflow/dags/dag_tp2_pokemon.py
[2026-06-09T11:35:52.035+0000] {processor.py:830} INFO - Processing file /opt/airflow/dags/dag_tp2_pokemon.py for tasks to queue
[2026-06-09T11:35:52.037+0000] {logging_mixin.py:188} INFO - [2026-06-09T11:35:52.036+0000] {dagbag.py:545} INFO - Filling up the DagBag from /opt/airflow/dags/dag_tp2_pokemon.py
[2026-06-09T11:35:52.054+0000] {processor.py:840} INFO - DAG(s) 'tp2_pokemon_pipeline' retrieved from /opt/airflow/dags/dag_tp2_pokemon.py
[2026-06-09T11:35:52.084+0000] {logging_mixin.py:188} INFO - [2026-06-09T11:35:52.084+0000] {dag.py:3096} INFO - Sync 1 DAGs
[2026-06-09T11:35:52.096+0000] {logging_mixin.py:188} INFO - [2026-06-09T11:35:52.096+0000] {dag.py:3954} INFO - Setting next_dagrun for tp2_pokemon_pipeline to None, run_after=None
[2026-06-09T11:35:52.121+0000] {processor.py:183} INFO - Processing /opt/airflow/dags/dag_tp2_pokemon.py took 0.092 seconds
[2026-06-09T11:36:22.375+0000] {processor.py:161} INFO - Started process (PID=2901) to work on /opt/airflow/dags/dag_tp2_pokemon.py
[2026-06-09T11:36:22.376+0000] {processor.py:830} INFO - Processing file /opt/airflow/dags/dag_tp2_pokemon.py for tasks to queue
[2026-06-09T11:36:22.378+0000] {logging_mixin.py:188} INFO - [2026-06-09T11:36:22.377+0000] {dagbag.py:545} INFO - Filling up the DagBag from /opt/airflow/dags/dag_tp2_pokemon.py
[2026-06-09T11:36:22.396+0000] {processor.py:840} INFO - DAG(s) 'tp2_pokemon_pipeline' retrieved from /opt/airflow/dags/dag_tp2_pokemon.py
[2026-06-09T11:36:22.426+0000] {logging_mixin.py:188} INFO - [2026-06-09T11:36:22.426+0000] {dag.py:3096} INFO - Sync 1 DAGs
[2026-06-09T11:36:22.440+0000] {logging_mixin.py:188} INFO - [2026-06-09T11:36:22.439+0000] {dag.py:3954} INFO - Setting next_dagrun for tp2_pokemon_pipeline to None, run_after=None
[2026-06-09T11:36:22.460+0000] {processor.py:183} INFO - Processing /opt/airflow/dags/dag_tp2_pokemon.py took 0.090 seconds
[2026-06-09T11:36:52.667+0000] {processor.py:161} INFO - Started process (PID=2911) to work on /opt/airflow/dags/dag_tp2_pokemon.py
[2026-06-09T11:36:52.668+0000] {processor.py:830} INFO - Processing file /opt/airflow/dags/dag_tp2_pokemon.py for tasks to queue
[2026-06-09T11:36:52.670+0000] {logging_mixin.py:188} INFO - [2026-06-09T11:36:52.670+0000] {dagbag.py:545} INFO - Filling up the DagBag from /opt/airflow/dags/dag_tp2_pokemon.py
[2026-06-09T11:36:52.690+0000] {processor.py:840} INFO - DAG(s) 'tp2_pokemon_pipeline' retrieved from /opt/airflow/dags/dag_tp2_pokemon.py
[2026-06-09T11:36:52.719+0000] {logging_mixin.py:188} INFO - [2026-06-09T11:36:52.719+0000] {dag.py:3096} INFO - Sync 1 DAGs
[2026-06-09T11:36:52.732+0000] {logging_mixin.py:188} INFO - [2026-06-09T11:36:52.731+0000] {dag.py:3954} INFO - Setting next_dagrun for tp2_pokemon_pipeline to None, run_after=None
[2026-06-09T11:36:52.754+0000] {processor.py:183} INFO - Processing /opt/airflow/dags/dag_tp2_pokemon.py took 0.094 seconds
[2026-06-09T11:37:22.947+0000] {processor.py:161} INFO - Started process (PID=2921) to work on /opt/airflow/dags/dag_tp2_pokemon.py
[2026-06-09T11:37:22.948+0000] {processor.py:830} INFO - Processing file /opt/airflow/dags/dag_tp2_pokemon.py for tasks to queue
[2026-06-09T11:37:22.949+0000] {logging_mixin.py:188} INFO - [2026-06-09T11:37:22.949+0000] {dagbag.py:545} INFO - Filling up the DagBag from /opt/airflow/dags/dag_tp2_pokemon.py
[2026-06-09T11:37:22.967+0000] {processor.py:840} INFO - DAG(s) 'tp2_pokemon_pipeline' retrieved from /opt/airflow/dags/dag_tp2_pokemon.py
[2026-06-09T11:37:22.997+0000] {logging_mixin.py:188} INFO - [2026-06-09T11:37:22.997+0000] {dag.py:3096} INFO - Sync 1 DAGs
[2026-06-09T11:37:23.009+0000] {logging_mixin.py:188} INFO - [2026-06-09T11:37:23.009+0000] {dag.py:3954} INFO - Setting next_dagrun for tp2_pokemon_pipeline to None, run_after=None
[2026-06-09T11:37:23.029+0000] {processor.py:183} INFO - Processing /opt/airflow/dags/dag_tp2_pokemon.py took 0.087 seconds
[2026-06-09T11:37:53.244+0000] {processor.py:161} INFO - Started process (PID=2931) to work on /opt/airflow/dags/dag_tp2_pokemon.py
[2026-06-09T11:37:53.245+0000] {processor.py:830} INFO - Processing file /opt/airflow/dags/dag_tp2_pokemon.py for tasks to queue
[2026-06-09T11:37:53.246+0000] {logging_mixin.py:188} INFO - [2026-06-09T11:37:53.246+0000] {dagbag.py:545} INFO - Filling up the DagBag from /opt/airflow/dags/dag_tp2_pokemon.py
[2026-06-09T11:37:53.265+0000] {processor.py:840} INFO - DAG(s) 'tp2_pokemon_pipeline' retrieved from /opt/airflow/dags/dag_tp2_pokemon.py
[2026-06-09T11:37:53.295+0000] {logging_mixin.py:188} INFO - [2026-06-09T11:37:53.295+0000] {dag.py:3096} INFO - Sync 1 DAGs
[2026-06-09T11:37:53.307+0000] {logging_mixin.py:188} INFO - [2026-06-09T11:37:53.307+0000] {dag.py:3954} INFO - Setting next_dagrun for tp2_pokemon_pipeline to None, run_after=None
[2026-06-09T11:37:53.326+0000] {processor.py:183} INFO - Processing /opt/airflow/dags/dag_tp2_pokemon.py took 0.088 seconds
[2026-06-09T11:38:23.526+0000] {processor.py:161} INFO - Started process (PID=2941) to work on /opt/airflow/dags/dag_tp2_pokemon.py
[2026-06-09T11:38:23.527+0000] {processor.py:830} INFO - Processing file /opt/airflow/dags/dag_tp2_pokemon.py for tasks to queue
[2026-06-09T11:38:23.529+0000] {logging_mixin.py:188} INFO - [2026-06-09T11:38:23.528+0000] {dagbag.py:545} INFO - Filling up the DagBag from /opt/airflow/dags/dag_tp2_pokemon.py
[2026-06-09T11:38:23.549+0000] {processor.py:840} INFO - DAG(s) 'tp2_pokemon_pipeline' retrieved from /opt/airflow/dags/dag_tp2_pokemon.py
[2026-06-09T11:38:23.581+0000] {logging_mixin.py:188} INFO - [2026-06-09T11:38:23.581+0000] {dag.py:3096} INFO - Sync 1 DAGs
[2026-06-09T11:38:23.593+0000] {logging_mixin.py:188} INFO - [2026-06-09T11:38:23.593+0000] {dag.py:3954} INFO - Setting next_dagrun for tp2_pokemon_pipeline to None, run_after=None
[2026-06-09T11:38:23.614+0000] {processor.py:183} INFO - Processing /opt/airflow/dags/dag_tp2_pokemon.py took 0.093 seconds
[2026-06-09T11:38:53.816+0000] {processor.py:161} INFO - Started process (PID=2951) to work on /opt/airflow/dags/dag_tp2_pokemon.py
[2026-06-09T11:38:53.817+0000] {processor.py:830} INFO - Processing file /opt/airflow/dags/dag_tp2_pokemon.py for tasks to queue
[2026-06-09T11:38:53.818+0000] {logging_mixin.py:188} INFO - [2026-06-09T11:38:53.818+0000] {dagbag.py:545} INFO - Filling up the DagBag from /opt/airflow/dags/dag_tp2_pokemon.py
[2026-06-09T11:38:53.836+0000] {processor.py:840} INFO - DAG(s) 'tp2_pokemon_pipeline' retrieved from /opt/airflow/dags/dag_tp2_pokemon.py
[2026-06-09T11:38:53.866+0000] {logging_mixin.py:188} INFO - [2026-06-09T11:38:53.866+0000] {dag.py:3096} INFO - Sync 1 DAGs
[2026-06-09T11:38:53.879+0000] {logging_mixin.py:188} INFO - [2026-06-09T11:38:53.879+0000] {dag.py:3954} INFO - Setting next_dagrun for tp2_pokemon_pipeline to None, run_after=None
[2026-06-09T11:38:53.901+0000] {processor.py:183} INFO - Processing /opt/airflow/dags/dag_tp2_pokemon.py took 0.089 seconds
[2026-06-09T11:39:24.003+0000] {processor.py:161} INFO - Started process (PID=2961) to work on /opt/airflow/dags/dag_tp2_pokemon.py
[2026-06-09T11:39:24.004+0000] {processor.py:830} INFO - Processing file /opt/airflow/dags/dag_tp2_pokemon.py for tasks to queue
[2026-06-09T11:39:24.006+0000] {logging_mixin.py:188} INFO - [2026-06-09T11:39:24.005+0000] {dagbag.py:545} INFO - Filling up the DagBag from /opt/airflow/dags/dag_tp2_pokemon.py
[2026-06-09T11:39:24.025+0000] {processor.py:840} INFO - DAG(s) 'tp2_pokemon_pipeline' retrieved from /opt/airflow/dags/dag_tp2_pokemon.py
[2026-06-09T11:39:24.057+0000] {logging_mixin.py:188} INFO - [2026-06-09T11:39:24.056+0000] {dag.py:3096} INFO - Sync 1 DAGs
[2026-06-09T11:39:24.069+0000] {logging_mixin.py:188} INFO - [2026-06-09T11:39:24.069+0000] {dag.py:3954} INFO - Setting next_dagrun for tp2_pokemon_pipeline to None, run_after=None
[2026-06-09T11:39:24.088+0000] {processor.py:183} INFO - Processing /opt/airflow/dags/dag_tp2_pokemon.py took 0.091 seconds
[2026-06-09T11:39:54.297+0000] {processor.py:161} INFO - Started process (PID=2971) to work on /opt/airflow/dags/dag_tp2_pokemon.py
[2026-06-09T11:39:54.298+0000] {processor.py:830} INFO - Processing file /opt/airflow/dags/dag_tp2_pokemon.py for tasks to queue
[2026-06-09T11:39:54.299+0000] {logging_mixin.py:188} INFO - [2026-06-09T11:39:54.299+0000] {dagbag.py:545} INFO - Filling up the DagBag from /opt/airflow/dags/dag_tp2_pokemon.py
[2026-06-09T11:39:54.319+0000] {processor.py:840} INFO - DAG(s) 'tp2_pokemon_pipeline' retrieved from /opt/airflow/dags/dag_tp2_pokemon.py
[2026-06-09T11:39:54.352+0000] {logging_mixin.py:188} INFO - [2026-06-09T11:39:54.352+0000] {dag.py:3096} INFO - Sync 1 DAGs
[2026-06-09T11:39:54.366+0000] {logging_mixin.py:188} INFO - [2026-06-09T11:39:54.366+0000] {dag.py:3954} INFO - Setting next_dagrun for tp2_pokemon_pipeline to None, run_after=None
[2026-06-09T11:39:54.385+0000] {processor.py:183} INFO - Processing /opt/airflow/dags/dag_tp2_pokemon.py took 0.093 seconds
[2026-06-09T11:40:24.594+0000] {processor.py:161} INFO - Started process (PID=2981) to work on /opt/airflow/dags/dag_tp2_pokemon.py
[2026-06-09T11:40:24.595+0000] {processor.py:830} INFO - Processing file /opt/airflow/dags/dag_tp2_pokemon.py for tasks to queue
[2026-06-09T11:40:24.596+0000] {logging_mixin.py:188} INFO - [2026-06-09T11:40:24.596+0000] {dagbag.py:545} INFO - Filling up the DagBag from /opt/airflow/dags/dag_tp2_pokemon.py
[2026-06-09T11:40:24.616+0000] {processor.py:840} INFO - DAG(s) 'tp2_pokemon_pipeline' retrieved from /opt/airflow/dags/dag_tp2_pokemon.py
[2026-06-09T11:40:24.647+0000] {logging_mixin.py:188} INFO - [2026-06-09T11:40:24.647+0000] {dag.py:3096} INFO - Sync 1 DAGs
[2026-06-09T11:40:24.660+0000] {logging_mixin.py:188} INFO - [2026-06-09T11:40:24.660+0000] {dag.py:3954} INFO - Setting next_dagrun for tp2_pokemon_pipeline to None, run_after=None
[2026-06-09T11:40:24.678+0000] {processor.py:183} INFO - Processing /opt/airflow/dags/dag_tp2_pokemon.py took 0.090 seconds
[2026-06-09T11:40:54.916+0000] {processor.py:161} INFO - Started process (PID=2991) to work on /opt/airflow/dags/dag_tp2_pokemon.py
[2026-06-09T11:40:54.917+0000] {processor.py:830} INFO - Processing file /opt/airflow/dags/dag_tp2_pokemon.py for tasks to queue
[2026-06-09T11:40:54.919+0000] {logging_mixin.py:188} INFO - [2026-06-09T11:40:54.918+0000] {dagbag.py:545} INFO - Filling up the DagBag from /opt/airflow/dags/dag_tp2_pokemon.py
[2026-06-09T11:40:54.939+0000] {processor.py:840} INFO - DAG(s) 'tp2_pokemon_pipeline' retrieved from /opt/airflow/dags/dag_tp2_pokemon.py
[2026-06-09T11:40:54.968+0000] {logging_mixin.py:188} INFO - [2026-06-09T11:40:54.968+0000] {dag.py:3096} INFO - Sync 1 DAGs
[2026-06-09T11:40:54.980+0000] {logging_mixin.py:188} INFO - [2026-06-09T11:40:54.980+0000] {dag.py:3954} INFO - Setting next_dagrun for tp2_pokemon_pipeline to None, run_after=None
[2026-06-09T11:40:55.000+0000] {processor.py:183} INFO - Processing /opt/airflow/dags/dag_tp2_pokemon.py took 0.089 seconds
[2026-06-09T11:41:25.210+0000] {processor.py:161} INFO - Started process (PID=3001) to work on /opt/airflow/dags/dag_tp2_pokemon.py
[2026-06-09T11:41:25.211+0000] {processor.py:830} INFO - Processing file /opt/airflow/dags/dag_tp2_pokemon.py for tasks to queue
[2026-06-09T11:41:25.212+0000] {logging_mixin.py:188} INFO - [2026-06-09T11:41:25.212+0000] {dagbag.py:545} INFO - Filling up the DagBag from /opt/airflow/dags/dag_tp2_pokemon.py
[2026-06-09T11:41:25.232+0000] {processor.py:840} INFO - DAG(s) 'tp2_pokemon_pipeline' retrieved from /opt/airflow/dags/dag_tp2_pokemon.py
[2026-06-09T11:41:25.261+0000] {logging_mixin.py:188} INFO - [2026-06-09T11:41:25.261+0000] {dag.py:3096} INFO - Sync 1 DAGs
[2026-06-09T11:41:25.273+0000] {logging_mixin.py:188} INFO - [2026-06-09T11:41:25.273+0000] {dag.py:3954} INFO - Setting next_dagrun for tp2_pokemon_pipeline to None, run_after=None
[2026-06-09T11:41:25.292+0000] {processor.py:183} INFO - Processing /opt/airflow/dags/dag_tp2_pokemon.py took 0.087 seconds
[2026-06-09T11:41:55.401+0000] {processor.py:161} INFO - Started process (PID=3011) to work on /opt/airflow/dags/dag_tp2_pokemon.py
[2026-06-09T11:41:55.402+0000] {processor.py:830} INFO - Processing file /opt/airflow/dags/dag_tp2_pokemon.py for tasks to queue
[2026-06-09T11:41:55.404+0000] {logging_mixin.py:188} INFO - [2026-06-09T11:41:55.404+0000] {dagbag.py:545} INFO - Filling up the DagBag from /opt/airflow/dags/dag_tp2_pokemon.py
[2026-06-09T11:41:55.421+0000] {processor.py:840} INFO - DAG(s) 'tp2_pokemon_pipeline' retrieved from /opt/airflow/dags/dag_tp2_pokemon.py
[2026-06-09T11:41:55.455+0000] {logging_mixin.py:188} INFO - [2026-06-09T11:41:55.455+0000] {dag.py:3096} INFO - Sync 1 DAGs
[2026-06-09T11:41:55.468+0000] {logging_mixin.py:188} INFO - [2026-06-09T11:41:55.468+0000] {dag.py:3954} INFO - Setting next_dagrun for tp2_pokemon_pipeline to None, run_after=None
[2026-06-09T11:41:55.489+0000] {processor.py:183} INFO - Processing /opt/airflow/dags/dag_tp2_pokemon.py took 0.093 seconds
[2026-06-09T11:42:25.688+0000] {processor.py:161} INFO - Started process (PID=3021) to work on /opt/airflow/dags/dag_tp2_pokemon.py
[2026-06-09T11:42:25.689+0000] {processor.py:830} INFO - Processing file /opt/airflow/dags/dag_tp2_pokemon.py for tasks to queue
[2026-06-09T11:42:25.690+0000] {logging_mixin.py:188} INFO - [2026-06-09T11:42:25.690+0000] {dagbag.py:545} INFO - Filling up the DagBag from /opt/airflow/dags/dag_tp2_pokemon.py
[2026-06-09T11:42:25.709+0000] {processor.py:840} INFO - DAG(s) 'tp2_pokemon_pipeline' retrieved from /opt/airflow/dags/dag_tp2_pokemon.py
[2026-06-09T11:42:25.739+0000] {logging_mixin.py:188} INFO - [2026-06-09T11:42:25.739+0000] {dag.py:3096} INFO - Sync 1 DAGs
[2026-06-09T11:42:25.752+0000] {logging_mixin.py:188} INFO - [2026-06-09T11:42:25.752+0000] {dag.py:3954} INFO - Setting next_dagrun for tp2_pokemon_pipeline to None, run_after=None
[2026-06-09T11:42:25.771+0000] {processor.py:183} INFO - Processing /opt/airflow/dags/dag_tp2_pokemon.py took 0.088 seconds
[2026-06-09T11:42:55.984+0000] {processor.py:161} INFO - Started process (PID=3031) to work on /opt/airflow/dags/dag_tp2_pokemon.py
[2026-06-09T11:42:55.985+0000] {processor.py:830} INFO - Processing file /opt/airflow/dags/dag_tp2_pokemon.py for tasks to queue
[2026-06-09T11:42:55.986+0000] {logging_mixin.py:188} INFO - [2026-06-09T11:42:55.986+0000] {dagbag.py:545} INFO - Filling up the DagBag from /opt/airflow/dags/dag_tp2_pokemon.py
[2026-06-09T11:42:56.006+0000] {processor.py:840} INFO - DAG(s) 'tp2_pokemon_pipeline' retrieved from /opt/airflow/dags/dag_tp2_pokemon.py
[2026-06-09T11:42:56.036+0000] {logging_mixin.py:188} INFO - [2026-06-09T11:42:56.035+0000] {dag.py:3096} INFO - Sync 1 DAGs
[2026-06-09T11:42:56.048+0000] {logging_mixin.py:188} INFO - [2026-06-09T11:42:56.048+0000] {dag.py:3954} INFO - Setting next_dagrun for tp2_pokemon_pipeline to None, run_after=None
[2026-06-09T11:42:56.067+0000] {processor.py:183} INFO - Processing /opt/airflow/dags/dag_tp2_pokemon.py took 0.088 seconds
[2026-06-09T11:43:26.279+0000] {processor.py:161} INFO - Started process (PID=3041) to work on /opt/airflow/dags/dag_tp2_pokemon.py
[2026-06-09T11:43:26.280+0000] {processor.py:830} INFO - Processing file /opt/airflow/dags/dag_tp2_pokemon.py for tasks to queue
[2026-06-09T11:43:26.282+0000] {logging_mixin.py:188} INFO - [2026-06-09T11:43:26.282+0000] {dagbag.py:545} INFO - Filling up the DagBag from /opt/airflow/dags/dag_tp2_pokemon.py
[2026-06-09T11:43:26.302+0000] {processor.py:840} INFO - DAG(s) 'tp2_pokemon_pipeline' retrieved from /opt/airflow/dags/dag_tp2_pokemon.py
[2026-06-09T11:43:26.336+0000] {logging_mixin.py:188} INFO - [2026-06-09T11:43:26.335+0000] {dag.py:3096} INFO - Sync 1 DAGs
[2026-06-09T11:43:26.350+0000] {logging_mixin.py:188} INFO - [2026-06-09T11:43:26.350+0000] {dag.py:3954} INFO - Setting next_dagrun for tp2_pokemon_pipeline to None, run_after=None
[2026-06-09T11:43:26.370+0000] {processor.py:183} INFO - Processing /opt/airflow/dags/dag_tp2_pokemon.py took 0.095 seconds
[2026-06-09T11:43:56.579+0000] {processor.py:161} INFO - Started process (PID=3051) to work on /opt/airflow/dags/dag_tp2_pokemon.py
[2026-06-09T11:43:56.580+0000] {processor.py:830} INFO - Processing file /opt/airflow/dags/dag_tp2_pokemon.py for tasks to queue
[2026-06-09T11:43:56.581+0000] {logging_mixin.py:188} INFO - [2026-06-09T11:43:56.581+0000] {dagbag.py:545} INFO - Filling up the DagBag from /opt/airflow/dags/dag_tp2_pokemon.py
[2026-06-09T11:43:56.600+0000] {processor.py:840} INFO - DAG(s) 'tp2_pokemon_pipeline' retrieved from /opt/airflow/dags/dag_tp2_pokemon.py
[2026-06-09T11:43:56.630+0000] {logging_mixin.py:188} INFO - [2026-06-09T11:43:56.629+0000] {dag.py:3096} INFO - Sync 1 DAGs
[2026-06-09T11:43:56.642+0000] {logging_mixin.py:188} INFO - [2026-06-09T11:43:56.642+0000] {dag.py:3954} INFO - Setting next_dagrun for tp2_pokemon_pipeline to None, run_after=None
[2026-06-09T11:43:56.663+0000] {processor.py:183} INFO - Processing /opt/airflow/dags/dag_tp2_pokemon.py took 0.089 seconds
[2026-06-09T11:44:26.761+0000] {processor.py:161} INFO - Started process (PID=3061) to work on /opt/airflow/dags/dag_tp2_pokemon.py
[2026-06-09T11:44:26.762+0000] {processor.py:830} INFO - Processing file /opt/airflow/dags/dag_tp2_pokemon.py for tasks to queue
[2026-06-09T11:44:26.763+0000] {logging_mixin.py:188} INFO - [2026-06-09T11:44:26.763+0000] {dagbag.py:545} INFO - Filling up the DagBag from /opt/airflow/dags/dag_tp2_pokemon.py
[2026-06-09T11:44:26.783+0000] {processor.py:840} INFO - DAG(s) 'tp2_pokemon_pipeline' retrieved from /opt/airflow/dags/dag_tp2_pokemon.py
[2026-06-09T11:44:26.813+0000] {logging_mixin.py:188} INFO - [2026-06-09T11:44:26.813+0000] {dag.py:3096} INFO - Sync 1 DAGs
[2026-06-09T11:44:26.825+0000] {logging_mixin.py:188} INFO - [2026-06-09T11:44:26.825+0000] {dag.py:3954} INFO - Setting next_dagrun for tp2_pokemon_pipeline to None, run_after=None
[2026-06-09T11:44:26.844+0000] {processor.py:183} INFO - Processing /opt/airflow/dags/dag_tp2_pokemon.py took 0.087 seconds
[2026-06-09T11:44:57.052+0000] {processor.py:161} INFO - Started process (PID=3071) to work on /opt/airflow/dags/dag_tp2_pokemon.py
[2026-06-09T11:44:57.053+0000] {processor.py:830} INFO - Processing file /opt/airflow/dags/dag_tp2_pokemon.py for tasks to queue
[2026-06-09T11:44:57.055+0000] {logging_mixin.py:188} INFO - [2026-06-09T11:44:57.055+0000] {dagbag.py:545} INFO - Filling up the DagBag from /opt/airflow/dags/dag_tp2_pokemon.py
[2026-06-09T11:44:57.073+0000] {processor.py:840} INFO - DAG(s) 'tp2_pokemon_pipeline' retrieved from /opt/airflow/dags/dag_tp2_pokemon.py
[2026-06-09T11:44:57.105+0000] {logging_mixin.py:188} INFO - [2026-06-09T11:44:57.105+0000] {dag.py:3096} INFO - Sync 1 DAGs
[2026-06-09T11:44:57.119+0000] {logging_mixin.py:188} INFO - [2026-06-09T11:44:57.118+0000] {dag.py:3954} INFO - Setting next_dagrun for tp2_pokemon_pipeline to None, run_after=None
[2026-06-09T11:44:57.139+0000] {processor.py:183} INFO - Processing /opt/airflow/dags/dag_tp2_pokemon.py took 0.091 seconds
[2026-06-09T11:45:27.347+0000] {processor.py:161} INFO - Started process (PID=3081) to work on /opt/airflow/dags/dag_tp2_pokemon.py
[2026-06-09T11:45:27.348+0000] {processor.py:830} INFO - Processing file /opt/airflow/dags/dag_tp2_pokemon.py for tasks to queue
[2026-06-09T11:45:27.349+0000] {logging_mixin.py:188} INFO - [2026-06-09T11:45:27.349+0000] {dagbag.py:545} INFO - Filling up the DagBag from /opt/airflow/dags/dag_tp2_pokemon.py
[2026-06-09T11:45:27.368+0000] {processor.py:840} INFO - DAG(s) 'tp2_pokemon_pipeline' retrieved from /opt/airflow/dags/dag_tp2_pokemon.py
[2026-06-09T11:45:27.398+0000] {logging_mixin.py:188} INFO - [2026-06-09T11:45:27.398+0000] {dag.py:3096} INFO - Sync 1 DAGs
[2026-06-09T11:45:27.411+0000] {logging_mixin.py:188} INFO - [2026-06-09T11:45:27.411+0000] {dag.py:3954} INFO - Setting next_dagrun for tp2_pokemon_pipeline to None, run_after=None
[2026-06-09T11:45:27.431+0000] {processor.py:183} INFO - Processing /opt/airflow/dags/dag_tp2_pokemon.py took 0.089 seconds
[2026-06-09T11:45:57.579+0000] {processor.py:161} INFO - Started process (PID=3091) to work on /opt/airflow/dags/dag_tp2_pokemon.py
[2026-06-09T11:45:57.580+0000] {processor.py:830} INFO - Processing file /opt/airflow/dags/dag_tp2_pokemon.py for tasks to queue
[2026-06-09T11:45:57.582+0000] {logging_mixin.py:188} INFO - [2026-06-09T11:45:57.581+0000] {dagbag.py:545} INFO - Filling up the DagBag from /opt/airflow/dags/dag_tp2_pokemon.py
[2026-06-09T11:45:57.601+0000] {processor.py:840} INFO - DAG(s) 'tp2_pokemon_pipeline' retrieved from /opt/airflow/dags/dag_tp2_pokemon.py
[2026-06-09T11:45:57.632+0000] {logging_mixin.py:188} INFO - [2026-06-09T11:45:57.632+0000] {dag.py:3096} INFO - Sync 1 DAGs
[2026-06-09T11:45:57.645+0000] {logging_mixin.py:188} INFO - [2026-06-09T11:45:57.644+0000] {dag.py:3954} INFO - Setting next_dagrun for tp2_pokemon_pipeline to None, run_after=None
[2026-06-09T11:45:57.663+0000] {processor.py:183} INFO - Processing /opt/airflow/dags/dag_tp2_pokemon.py took 0.090 seconds
[2026-06-09T11:46:27.855+0000] {processor.py:161} INFO - Started process (PID=3101) to work on /opt/airflow/dags/dag_tp2_pokemon.py
[2026-06-09T11:46:27.856+0000] {processor.py:830} INFO - Processing file /opt/airflow/dags/dag_tp2_pokemon.py for tasks to queue
[2026-06-09T11:46:27.857+0000] {logging_mixin.py:188} INFO - [2026-06-09T11:46:27.857+0000] {dagbag.py:545} INFO - Filling up the DagBag from /opt/airflow/dags/dag_tp2_pokemon.py
[2026-06-09T11:46:27.876+0000] {processor.py:840} INFO - DAG(s) 'tp2_pokemon_pipeline' retrieved from /opt/airflow/dags/dag_tp2_pokemon.py
[2026-06-09T11:46:27.909+0000] {logging_mixin.py:188} INFO - [2026-06-09T11:46:27.908+0000] {dag.py:3096} INFO - Sync 1 DAGs
[2026-06-09T11:46:27.921+0000] {logging_mixin.py:188} INFO - [2026-06-09T11:46:27.921+0000] {dag.py:3954} INFO - Setting next_dagrun for tp2_pokemon_pipeline to None, run_after=None
[2026-06-09T11:46:27.941+0000] {processor.py:183} INFO - Processing /opt/airflow/dags/dag_tp2_pokemon.py took 0.091 seconds
[2026-06-09T11:46:58.042+0000] {processor.py:161} INFO - Started process (PID=3111) to work on /opt/airflow/dags/dag_tp2_pokemon.py
[2026-06-09T11:46:58.043+0000] {processor.py:830} INFO - Processing file /opt/airflow/dags/dag_tp2_pokemon.py for tasks to queue
[2026-06-09T11:46:58.045+0000] {logging_mixin.py:188} INFO - [2026-06-09T11:46:58.044+0000] {dagbag.py:545} INFO - Filling up the DagBag from /opt/airflow/dags/dag_tp2_pokemon.py
[2026-06-09T11:46:58.062+0000] {processor.py:840} INFO - DAG(s) 'tp2_pokemon_pipeline' retrieved from /opt/airflow/dags/dag_tp2_pokemon.py
[2026-06-09T11:46:58.094+0000] {logging_mixin.py:188} INFO - [2026-06-09T11:46:58.093+0000] {dag.py:3096} INFO - Sync 1 DAGs
[2026-06-09T11:46:58.106+0000] {logging_mixin.py:188} INFO - [2026-06-09T11:46:58.106+0000] {dag.py:3954} INFO - Setting next_dagrun for tp2_pokemon_pipeline to None, run_after=None
[2026-06-09T11:46:58.123+0000] {processor.py:183} INFO - Processing /opt/airflow/dags/dag_tp2_pokemon.py took 0.086 seconds
[2026-06-09T11:47:28.329+0000] {processor.py:161} INFO - Started process (PID=3121) to work on /opt/airflow/dags/dag_tp2_pokemon.py
[2026-06-09T11:47:28.330+0000] {processor.py:830} INFO - Processing file /opt/airflow/dags/dag_tp2_pokemon.py for tasks to queue
[2026-06-09T11:47:28.332+0000] {logging_mixin.py:188} INFO - [2026-06-09T11:47:28.332+0000] {dagbag.py:545} INFO - Filling up the DagBag from /opt/airflow/dags/dag_tp2_pokemon.py
[2026-06-09T11:47:28.352+0000] {processor.py:840} INFO - DAG(s) 'tp2_pokemon_pipeline' retrieved from /opt/airflow/dags/dag_tp2_pokemon.py
[2026-06-09T11:47:28.383+0000] {logging_mixin.py:188} INFO - [2026-06-09T11:47:28.382+0000] {dag.py:3096} INFO - Sync 1 DAGs
[2026-06-09T11:47:28.396+0000] {logging_mixin.py:188} INFO - [2026-06-09T11:47:28.396+0000] {dag.py:3954} INFO - Setting next_dagrun for tp2_pokemon_pipeline to None, run_after=None
[2026-06-09T11:47:28.416+0000] {processor.py:183} INFO - Processing /opt/airflow/dags/dag_tp2_pokemon.py took 0.092 seconds
[2026-06-09T11:47:58.625+0000] {processor.py:161} INFO - Started process (PID=3131) to work on /opt/airflow/dags/dag_tp2_pokemon.py
[2026-06-09T11:47:58.626+0000] {processor.py:830} INFO - Processing file /opt/airflow/dags/dag_tp2_pokemon.py for tasks to queue
[2026-06-09T11:47:58.627+0000] {logging_mixin.py:188} INFO - [2026-06-09T11:47:58.627+0000] {dagbag.py:545} INFO - Filling up the DagBag from /opt/airflow/dags/dag_tp2_pokemon.py
[2026-06-09T11:47:58.645+0000] {processor.py:840} INFO - DAG(s) 'tp2_pokemon_pipeline' retrieved from /opt/airflow/dags/dag_tp2_pokemon.py
[2026-06-09T11:47:58.675+0000] {logging_mixin.py:188} INFO - [2026-06-09T11:47:58.675+0000] {dag.py:3096} INFO - Sync 1 DAGs
[2026-06-09T11:47:58.687+0000] {logging_mixin.py:188} INFO - [2026-06-09T11:47:58.687+0000] {dag.py:3954} INFO - Setting next_dagrun for tp2_pokemon_pipeline to None, run_after=None
[2026-06-09T11:47:58.706+0000] {processor.py:183} INFO - Processing /opt/airflow/dags/dag_tp2_pokemon.py took 0.086 seconds
[2026-06-09T11:48:28.903+0000] {processor.py:161} INFO - Started process (PID=3141) to work on /opt/airflow/dags/dag_tp2_pokemon.py
[2026-06-09T11:48:28.903+0000] {processor.py:830} INFO - Processing file /opt/airflow/dags/dag_tp2_pokemon.py for tasks to queue
[2026-06-09T11:48:28.905+0000] {logging_mixin.py:188} INFO - [2026-06-09T11:48:28.905+0000] {dagbag.py:545} INFO - Filling up the DagBag from /opt/airflow/dags/dag_tp2_pokemon.py
[2026-06-09T11:48:28.922+0000] {processor.py:840} INFO - DAG(s) 'tp2_pokemon_pipeline' retrieved from /opt/airflow/dags/dag_tp2_pokemon.py
[2026-06-09T11:48:28.951+0000] {logging_mixin.py:188} INFO - [2026-06-09T11:48:28.950+0000] {dag.py:3096} INFO - Sync 1 DAGs
[2026-06-09T11:48:28.965+0000] {logging_mixin.py:188} INFO - [2026-06-09T11:48:28.965+0000] {dag.py:3954} INFO - Setting next_dagrun for tp2_pokemon_pipeline to None, run_after=None
[2026-06-09T11:48:28.991+0000] {processor.py:183} INFO - Processing /opt/airflow/dags/dag_tp2_pokemon.py took 0.093 seconds
[2026-06-09T11:48:59.096+0000] {processor.py:161} INFO - Started process (PID=3151) to work on /opt/airflow/dags/dag_tp2_pokemon.py
[2026-06-09T11:48:59.097+0000] {processor.py:830} INFO - Processing file /opt/airflow/dags/dag_tp2_pokemon.py for tasks to queue
[2026-06-09T11:48:59.099+0000] {logging_mixin.py:188} INFO - [2026-06-09T11:48:59.099+0000] {dagbag.py:545} INFO - Filling up the DagBag from /opt/airflow/dags/dag_tp2_pokemon.py
[2026-06-09T11:48:59.120+0000] {processor.py:840} INFO - DAG(s) 'tp2_pokemon_pipeline' retrieved from /opt/airflow/dags/dag_tp2_pokemon.py
[2026-06-09T11:48:59.153+0000] {logging_mixin.py:188} INFO - [2026-06-09T11:48:59.153+0000] {dag.py:3096} INFO - Sync 1 DAGs
[2026-06-09T11:48:59.166+0000] {logging_mixin.py:188} INFO - [2026-06-09T11:48:59.165+0000] {dag.py:3954} INFO - Setting next_dagrun for tp2_pokemon_pipeline to None, run_after=None
[2026-06-09T11:48:59.186+0000] {processor.py:183} INFO - Processing /opt/airflow/dags/dag_tp2_pokemon.py took 0.095 seconds
[2026-06-09T11:49:29.388+0000] {processor.py:161} INFO - Started process (PID=3161) to work on /opt/airflow/dags/dag_tp2_pokemon.py
[2026-06-09T11:49:29.388+0000] {processor.py:830} INFO - Processing file /opt/airflow/dags/dag_tp2_pokemon.py for tasks to queue
[2026-06-09T11:49:29.390+0000] {logging_mixin.py:188} INFO - [2026-06-09T11:49:29.390+0000] {dagbag.py:545} INFO - Filling up the DagBag from /opt/airflow/dags/dag_tp2_pokemon.py
[2026-06-09T11:49:29.409+0000] {processor.py:840} INFO - DAG(s) 'tp2_pokemon_pipeline' retrieved from /opt/airflow/dags/dag_tp2_pokemon.py
[2026-06-09T11:49:29.439+0000] {logging_mixin.py:188} INFO - [2026-06-09T11:49:29.439+0000] {dag.py:3096} INFO - Sync 1 DAGs
[2026-06-09T11:49:29.452+0000] {logging_mixin.py:188} INFO - [2026-06-09T11:49:29.452+0000] {dag.py:3954} INFO - Setting next_dagrun for tp2_pokemon_pipeline to None, run_after=None
[2026-06-09T11:49:29.473+0000] {processor.py:183} INFO - Processing /opt/airflow/dags/dag_tp2_pokemon.py took 0.090 seconds
[2026-06-09T11:49:59.674+0000] {processor.py:161} INFO - Started process (PID=3171) to work on /opt/airflow/dags/dag_tp2_pokemon.py
[2026-06-09T11:49:59.675+0000] {processor.py:830} INFO - Processing file /opt/airflow/dags/dag_tp2_pokemon.py for tasks to queue
[2026-06-09T11:49:59.676+0000] {logging_mixin.py:188} INFO - [2026-06-09T11:49:59.676+0000] {dagbag.py:545} INFO - Filling up the DagBag from /opt/airflow/dags/dag_tp2_pokemon.py
[2026-06-09T11:49:59.692+0000] {processor.py:840} INFO - DAG(s) 'tp2_pokemon_pipeline' retrieved from /opt/airflow/dags/dag_tp2_pokemon.py
[2026-06-09T11:49:59.722+0000] {logging_mixin.py:188} INFO - [2026-06-09T11:49:59.722+0000] {dag.py:3096} INFO - Sync 1 DAGs
[2026-06-09T11:49:59.736+0000] {logging_mixin.py:188} INFO - [2026-06-09T11:49:59.735+0000] {dag.py:3954} INFO - Setting next_dagrun for tp2_pokemon_pipeline to None, run_after=None
[2026-06-09T11:49:59.755+0000] {processor.py:183} INFO - Processing /opt/airflow/dags/dag_tp2_pokemon.py took 0.086 seconds
[2026-06-09T11:50:29.955+0000] {processor.py:161} INFO - Started process (PID=3181) to work on /opt/airflow/dags/dag_tp2_pokemon.py
[2026-06-09T11:50:29.956+0000] {processor.py:830} INFO - Processing file /opt/airflow/dags/dag_tp2_pokemon.py for tasks to queue
[2026-06-09T11:50:29.957+0000] {logging_mixin.py:188} INFO - [2026-06-09T11:50:29.957+0000] {dagbag.py:545} INFO - Filling up the DagBag from /opt/airflow/dags/dag_tp2_pokemon.py
[2026-06-09T11:50:29.976+0000] {processor.py:840} INFO - DAG(s) 'tp2_pokemon_pipeline' retrieved from /opt/airflow/dags/dag_tp2_pokemon.py
[2026-06-09T11:50:30.006+0000] {logging_mixin.py:188} INFO - [2026-06-09T11:50:30.005+0000] {dag.py:3096} INFO - Sync 1 DAGs
[2026-06-09T11:50:30.019+0000] {logging_mixin.py:188} INFO - [2026-06-09T11:50:30.018+0000] {dag.py:3954} INFO - Setting next_dagrun for tp2_pokemon_pipeline to None, run_after=None
[2026-06-09T11:50:30.042+0000] {processor.py:183} INFO - Processing /opt/airflow/dags/dag_tp2_pokemon.py took 0.092 seconds
[2026-06-09T11:51:00.185+0000] {processor.py:161} INFO - Started process (PID=3191) to work on /opt/airflow/dags/dag_tp2_pokemon.py
[2026-06-09T11:51:00.187+0000] {processor.py:830} INFO - Processing file /opt/airflow/dags/dag_tp2_pokemon.py for tasks to queue
[2026-06-09T11:51:00.188+0000] {logging_mixin.py:188} INFO - [2026-06-09T11:51:00.188+0000] {dagbag.py:545} INFO - Filling up the DagBag from /opt/airflow/dags/dag_tp2_pokemon.py
[2026-06-09T11:51:00.208+0000] {processor.py:840} INFO - DAG(s) 'tp2_pokemon_pipeline' retrieved from /opt/airflow/dags/dag_tp2_pokemon.py
[2026-06-09T11:51:00.237+0000] {logging_mixin.py:188} INFO - [2026-06-09T11:51:00.237+0000] {dag.py:3096} INFO - Sync 1 DAGs
[2026-06-09T11:51:00.249+0000] {logging_mixin.py:188} INFO - [2026-06-09T11:51:00.249+0000] {dag.py:3954} INFO - Setting next_dagrun for tp2_pokemon_pipeline to None, run_after=None
[2026-06-09T11:51:00.268+0000] {processor.py:183} INFO - Processing /opt/airflow/dags/dag_tp2_pokemon.py took 0.088 seconds
[2026-06-09T11:51:30.380+0000] {processor.py:161} INFO - Started process (PID=3201) to work on /opt/airflow/dags/dag_tp2_pokemon.py
[2026-06-09T11:51:30.381+0000] {processor.py:830} INFO - Processing file /opt/airflow/dags/dag_tp2_pokemon.py for tasks to queue
[2026-06-09T11:51:30.383+0000] {logging_mixin.py:188} INFO - [2026-06-09T11:51:30.383+0000] {dagbag.py:545} INFO - Filling up the DagBag from /opt/airflow/dags/dag_tp2_pokemon.py
[2026-06-09T11:51:30.400+0000] {processor.py:840} INFO - DAG(s) 'tp2_pokemon_pipeline' retrieved from /opt/airflow/dags/dag_tp2_pokemon.py
[2026-06-09T11:51:30.434+0000] {logging_mixin.py:188} INFO - [2026-06-09T11:51:30.434+0000] {dag.py:3096} INFO - Sync 1 DAGs
[2026-06-09T11:51:30.447+0000] {logging_mixin.py:188} INFO - [2026-06-09T11:51:30.447+0000] {dag.py:3954} INFO - Setting next_dagrun for tp2_pokemon_pipeline to None, run_after=None
[2026-06-09T11:51:30.467+0000] {processor.py:183} INFO - Processing /opt/airflow/dags/dag_tp2_pokemon.py took 0.091 seconds
[2026-06-09T11:52:00.669+0000] {processor.py:161} INFO - Started process (PID=3211) to work on /opt/airflow/dags/dag_tp2_pokemon.py
[2026-06-09T11:52:00.670+0000] {processor.py:830} INFO - Processing file /opt/airflow/dags/dag_tp2_pokemon.py for tasks to queue
[2026-06-09T11:52:00.672+0000] {logging_mixin.py:188} INFO - [2026-06-09T11:52:00.671+0000] {dagbag.py:545} INFO - Filling up the DagBag from /opt/airflow/dags/dag_tp2_pokemon.py
[2026-06-09T11:52:00.688+0000] {processor.py:840} INFO - DAG(s) 'tp2_pokemon_pipeline' retrieved from /opt/airflow/dags/dag_tp2_pokemon.py
[2026-06-09T11:52:00.717+0000] {logging_mixin.py:188} INFO - [2026-06-09T11:52:00.716+0000] {dag.py:3096} INFO - Sync 1 DAGs
[2026-06-09T11:52:00.729+0000] {logging_mixin.py:188} INFO - [2026-06-09T11:52:00.729+0000] {dag.py:3954} INFO - Setting next_dagrun for tp2_pokemon_pipeline to None, run_after=None
[2026-06-09T11:52:00.747+0000] {processor.py:183} INFO - Processing /opt/airflow/dags/dag_tp2_pokemon.py took 0.082 seconds
[2026-06-09T11:52:30.946+0000] {processor.py:161} INFO - Started process (PID=3221) to work on /opt/airflow/dags/dag_tp2_pokemon.py
[2026-06-09T11:52:30.947+0000] {processor.py:830} INFO - Processing file /opt/airflow/dags/dag_tp2_pokemon.py for tasks to queue
[2026-06-09T11:52:30.948+0000] {logging_mixin.py:188} INFO - [2026-06-09T11:52:30.948+0000] {dagbag.py:545} INFO - Filling up the DagBag from /opt/airflow/dags/dag_tp2_pokemon.py
[2026-06-09T11:52:30.967+0000] {processor.py:840} INFO - DAG(s) 'tp2_pokemon_pipeline' retrieved from /opt/airflow/dags/dag_tp2_pokemon.py
[2026-06-09T11:52:30.996+0000] {logging_mixin.py:188} INFO - [2026-06-09T11:52:30.996+0000] {dag.py:3096} INFO - Sync 1 DAGs
[2026-06-09T11:52:31.009+0000] {logging_mixin.py:188} INFO - [2026-06-09T11:52:31.009+0000] {dag.py:3954} INFO - Setting next_dagrun for tp2_pokemon_pipeline to None, run_after=None
[2026-06-09T11:52:31.032+0000] {processor.py:183} INFO - Processing /opt/airflow/dags/dag_tp2_pokemon.py took 0.090 seconds
[2026-06-09T11:53:01.241+0000] {processor.py:161} INFO - Started process (PID=3231) to work on /opt/airflow/dags/dag_tp2_pokemon.py
[2026-06-09T11:53:01.242+0000] {processor.py:830} INFO - Processing file /opt/airflow/dags/dag_tp2_pokemon.py for tasks to queue
[2026-06-09T11:53:01.244+0000] {logging_mixin.py:188} INFO - [2026-06-09T11:53:01.244+0000] {dagbag.py:545} INFO - Filling up the DagBag from /opt/airflow/dags/dag_tp2_pokemon.py
[2026-06-09T11:53:01.266+0000] {processor.py:840} INFO - DAG(s) 'tp2_pokemon_pipeline' retrieved from /opt/airflow/dags/dag_tp2_pokemon.py
[2026-06-09T11:53:01.300+0000] {logging_mixin.py:188} INFO - [2026-06-09T11:53:01.299+0000] {dag.py:3096} INFO - Sync 1 DAGs
[2026-06-09T11:53:01.313+0000] {logging_mixin.py:188} INFO - [2026-06-09T11:53:01.313+0000] {dag.py:3954} INFO - Setting next_dagrun for tp2_pokemon_pipeline to None, run_after=None
[2026-06-09T11:53:01.335+0000] {processor.py:183} INFO - Processing /opt/airflow/dags/dag_tp2_pokemon.py took 0.101 seconds
[2026-06-09T11:53:31.539+0000] {processor.py:161} INFO - Started process (PID=3241) to work on /opt/airflow/dags/dag_tp2_pokemon.py
[2026-06-09T11:53:31.540+0000] {processor.py:830} INFO - Processing file /opt/airflow/dags/dag_tp2_pokemon.py for tasks to queue
[2026-06-09T11:53:31.542+0000] {logging_mixin.py:188} INFO - [2026-06-09T11:53:31.542+0000] {dagbag.py:545} INFO - Filling up the DagBag from /opt/airflow/dags/dag_tp2_pokemon.py
[2026-06-09T11:53:31.560+0000] {processor.py:840} INFO - DAG(s) 'tp2_pokemon_pipeline' retrieved from /opt/airflow/dags/dag_tp2_pokemon.py
[2026-06-09T11:53:31.590+0000] {logging_mixin.py:188} INFO - [2026-06-09T11:53:31.590+0000] {dag.py:3096} INFO - Sync 1 DAGs
[2026-06-09T11:53:31.603+0000] {logging_mixin.py:188} INFO - [2026-06-09T11:53:31.602+0000] {dag.py:3954} INFO - Setting next_dagrun for tp2_pokemon_pipeline to None, run_after=None
[2026-06-09T11:53:31.622+0000] {processor.py:183} INFO - Processing /opt/airflow/dags/dag_tp2_pokemon.py took 0.088 seconds
[2026-06-09T11:54:01.823+0000] {processor.py:161} INFO - Started process (PID=3251) to work on /opt/airflow/dags/dag_tp2_pokemon.py
[2026-06-09T11:54:01.824+0000] {processor.py:830} INFO - Processing file /opt/airflow/dags/dag_tp2_pokemon.py for tasks to queue
[2026-06-09T11:54:01.826+0000] {logging_mixin.py:188} INFO - [2026-06-09T11:54:01.825+0000] {dagbag.py:545} INFO - Filling up the DagBag from /opt/airflow/dags/dag_tp2_pokemon.py
[2026-06-09T11:54:01.845+0000] {processor.py:840} INFO - DAG(s) 'tp2_pokemon_pipeline' retrieved from /opt/airflow/dags/dag_tp2_pokemon.py
[2026-06-09T11:54:01.877+0000] {logging_mixin.py:188} INFO - [2026-06-09T11:54:01.876+0000] {dag.py:3096} INFO - Sync 1 DAGs
[2026-06-09T11:54:01.890+0000] {logging_mixin.py:188} INFO - [2026-06-09T11:54:01.889+0000] {dag.py:3954} INFO - Setting next_dagrun for tp2_pokemon_pipeline to None, run_after=None
[2026-06-09T11:54:01.910+0000] {processor.py:183} INFO - Processing /opt/airflow/dags/dag_tp2_pokemon.py took 0.091 seconds
[2026-06-09T11:54:32.115+0000] {processor.py:161} INFO - Started process (PID=3261) to work on /opt/airflow/dags/dag_tp2_pokemon.py
[2026-06-09T11:54:32.117+0000] {processor.py:830} INFO - Processing file /opt/airflow/dags/dag_tp2_pokemon.py for tasks to queue
[2026-06-09T11:54:32.118+0000] {logging_mixin.py:188} INFO - [2026-06-09T11:54:32.118+0000] {dagbag.py:545} INFO - Filling up the DagBag from /opt/airflow/dags/dag_tp2_pokemon.py
[2026-06-09T11:54:32.138+0000] {processor.py:840} INFO - DAG(s) 'tp2_pokemon_pipeline' retrieved from /opt/airflow/dags/dag_tp2_pokemon.py
[2026-06-09T11:54:32.169+0000] {logging_mixin.py:188} INFO - [2026-06-09T11:54:32.169+0000] {dag.py:3096} INFO - Sync 1 DAGs
[2026-06-09T11:54:32.183+0000] {logging_mixin.py:188} INFO - [2026-06-09T11:54:32.182+0000] {dag.py:3954} INFO - Setting next_dagrun for tp2_pokemon_pipeline to None, run_after=None
[2026-06-09T11:54:32.202+0000] {processor.py:183} INFO - Processing /opt/airflow/dags/dag_tp2_pokemon.py took 0.093 seconds
[2026-06-09T11:55:02.411+0000] {processor.py:161} INFO - Started process (PID=3271) to work on /opt/airflow/dags/dag_tp2_pokemon.py
[2026-06-09T11:55:02.412+0000] {processor.py:830} INFO - Processing file /opt/airflow/dags/dag_tp2_pokemon.py for tasks to queue
[2026-06-09T11:55:02.413+0000] {logging_mixin.py:188} INFO - [2026-06-09T11:55:02.413+0000] {dagbag.py:545} INFO - Filling up the DagBag from /opt/airflow/dags/dag_tp2_pokemon.py
[2026-06-09T11:55:02.432+0000] {processor.py:840} INFO - DAG(s) 'tp2_pokemon_pipeline' retrieved from /opt/airflow/dags/dag_tp2_pokemon.py
[2026-06-09T11:55:02.462+0000] {logging_mixin.py:188} INFO - [2026-06-09T11:55:02.462+0000] {dag.py:3096} INFO - Sync 1 DAGs
[2026-06-09T11:55:02.477+0000] {logging_mixin.py:188} INFO - [2026-06-09T11:55:02.476+0000] {dag.py:3954} INFO - Setting next_dagrun for tp2_pokemon_pipeline to None, run_after=None
[2026-06-09T11:55:02.500+0000] {processor.py:183} INFO - Processing /opt/airflow/dags/dag_tp2_pokemon.py took 0.094 seconds
[2026-06-09T11:55:32.709+0000] {processor.py:161} INFO - Started process (PID=3281) to work on /opt/airflow/dags/dag_tp2_pokemon.py
[2026-06-09T11:55:32.709+0000] {processor.py:830} INFO - Processing file /opt/airflow/dags/dag_tp2_pokemon.py for tasks to queue
[2026-06-09T11:55:32.711+0000] {logging_mixin.py:188} INFO - [2026-06-09T11:55:32.710+0000] {dagbag.py:545} INFO - Filling up the DagBag from /opt/airflow/dags/dag_tp2_pokemon.py
[2026-06-09T11:55:32.729+0000] {processor.py:840} INFO - DAG(s) 'tp2_pokemon_pipeline' retrieved from /opt/airflow/dags/dag_tp2_pokemon.py
[2026-06-09T11:55:32.759+0000] {logging_mixin.py:188} INFO - [2026-06-09T11:55:32.759+0000] {dag.py:3096} INFO - Sync 1 DAGs
[2026-06-09T11:55:32.772+0000] {logging_mixin.py:188} INFO - [2026-06-09T11:55:32.772+0000] {dag.py:3954} INFO - Setting next_dagrun for tp2_pokemon_pipeline to None, run_after=None
[2026-06-09T11:55:32.792+0000] {processor.py:183} INFO - Processing /opt/airflow/dags/dag_tp2_pokemon.py took 0.088 seconds
[2026-06-09T11:56:03.041+0000] {processor.py:161} INFO - Started process (PID=3291) to work on /opt/airflow/dags/dag_tp2_pokemon.py
[2026-06-09T11:56:03.042+0000] {processor.py:830} INFO - Processing file /opt/airflow/dags/dag_tp2_pokemon.py for tasks to queue
[2026-06-09T11:56:03.044+0000] {logging_mixin.py:188} INFO - [2026-06-09T11:56:03.043+0000] {dagbag.py:545} INFO - Filling up the DagBag from /opt/airflow/dags/dag_tp2_pokemon.py
[2026-06-09T11:56:03.062+0000] {processor.py:840} INFO - DAG(s) 'tp2_pokemon_pipeline' retrieved from /opt/airflow/dags/dag_tp2_pokemon.py
[2026-06-09T11:56:03.092+0000] {logging_mixin.py:188} INFO - [2026-06-09T11:56:03.092+0000] {dag.py:3096} INFO - Sync 1 DAGs
[2026-06-09T11:56:03.107+0000] {logging_mixin.py:188} INFO - [2026-06-09T11:56:03.107+0000] {dag.py:3954} INFO - Setting next_dagrun for tp2_pokemon_pipeline to None, run_after=None
[2026-06-09T11:56:03.127+0000] {processor.py:183} INFO - Processing /opt/airflow/dags/dag_tp2_pokemon.py took 0.090 seconds
[2026-06-09T11:56:33.332+0000] {processor.py:161} INFO - Started process (PID=3301) to work on /opt/airflow/dags/dag_tp2_pokemon.py
[2026-06-09T11:56:33.333+0000] {processor.py:830} INFO - Processing file /opt/airflow/dags/dag_tp2_pokemon.py for tasks to queue
[2026-06-09T11:56:33.335+0000] {logging_mixin.py:188} INFO - [2026-06-09T11:56:33.335+0000] {dagbag.py:545} INFO - Filling up the DagBag from /opt/airflow/dags/dag_tp2_pokemon.py
[2026-06-09T11:56:33.354+0000] {processor.py:840} INFO - DAG(s) 'tp2_pokemon_pipeline' retrieved from /opt/airflow/dags/dag_tp2_pokemon.py
[2026-06-09T11:56:33.383+0000] {logging_mixin.py:188} INFO - [2026-06-09T11:56:33.383+0000] {dag.py:3096} INFO - Sync 1 DAGs
[2026-06-09T11:56:33.394+0000] {logging_mixin.py:188} INFO - [2026-06-09T11:56:33.394+0000] {dag.py:3954} INFO - Setting next_dagrun for tp2_pokemon_pipeline to None, run_after=None
[2026-06-09T11:56:33.418+0000] {processor.py:183} INFO - Processing /opt/airflow/dags/dag_tp2_pokemon.py took 0.091 seconds
[2026-06-09T11:57:03.528+0000] {processor.py:161} INFO - Started process (PID=3311) to work on /opt/airflow/dags/dag_tp2_pokemon.py
[2026-06-09T11:57:03.529+0000] {processor.py:830} INFO - Processing file /opt/airflow/dags/dag_tp2_pokemon.py for tasks to queue
[2026-06-09T11:57:03.531+0000] {logging_mixin.py:188} INFO - [2026-06-09T11:57:03.531+0000] {dagbag.py:545} INFO - Filling up the DagBag from /opt/airflow/dags/dag_tp2_pokemon.py
[2026-06-09T11:57:03.548+0000] {processor.py:840} INFO - DAG(s) 'tp2_pokemon_pipeline' retrieved from /opt/airflow/dags/dag_tp2_pokemon.py
[2026-06-09T11:57:03.579+0000] {logging_mixin.py:188} INFO - [2026-06-09T11:57:03.579+0000] {dag.py:3096} INFO - Sync 1 DAGs
[2026-06-09T11:57:03.591+0000] {logging_mixin.py:188} INFO - [2026-06-09T11:57:03.591+0000] {dag.py:3954} INFO - Setting next_dagrun for tp2_pokemon_pipeline to None, run_after=None
[2026-06-09T11:57:03.610+0000] {processor.py:183} INFO - Processing /opt/airflow/dags/dag_tp2_pokemon.py took 0.087 seconds
[2026-06-09T11:57:33.805+0000] {processor.py:161} INFO - Started process (PID=3321) to work on /opt/airflow/dags/dag_tp2_pokemon.py
[2026-06-09T11:57:33.806+0000] {processor.py:830} INFO - Processing file /opt/airflow/dags/dag_tp2_pokemon.py for tasks to queue
[2026-06-09T11:57:33.807+0000] {logging_mixin.py:188} INFO - [2026-06-09T11:57:33.807+0000] {dagbag.py:545} INFO - Filling up the DagBag from /opt/airflow/dags/dag_tp2_pokemon.py
[2026-06-09T11:57:33.825+0000] {processor.py:840} INFO - DAG(s) 'tp2_pokemon_pipeline' retrieved from /opt/airflow/dags/dag_tp2_pokemon.py
[2026-06-09T11:57:33.853+0000] {logging_mixin.py:188} INFO - [2026-06-09T11:57:33.853+0000] {dag.py:3096} INFO - Sync 1 DAGs
[2026-06-09T11:57:33.866+0000] {logging_mixin.py:188} INFO - [2026-06-09T11:57:33.866+0000] {dag.py:3954} INFO - Setting next_dagrun for tp2_pokemon_pipeline to None, run_after=None
[2026-06-09T11:57:33.884+0000] {processor.py:183} INFO - Processing /opt/airflow/dags/dag_tp2_pokemon.py took 0.083 seconds
[2026-06-09T11:58:03.996+0000] {processor.py:161} INFO - Started process (PID=3331) to work on /opt/airflow/dags/dag_tp2_pokemon.py
[2026-06-09T11:58:03.997+0000] {processor.py:830} INFO - Processing file /opt/airflow/dags/dag_tp2_pokemon.py for tasks to queue
[2026-06-09T11:58:03.999+0000] {logging_mixin.py:188} INFO - [2026-06-09T11:58:03.998+0000] {dagbag.py:545} INFO - Filling up the DagBag from /opt/airflow/dags/dag_tp2_pokemon.py
[2026-06-09T11:58:04.021+0000] {processor.py:840} INFO - DAG(s) 'tp2_pokemon_pipeline' retrieved from /opt/airflow/dags/dag_tp2_pokemon.py
[2026-06-09T11:58:04.055+0000] {logging_mixin.py:188} INFO - [2026-06-09T11:58:04.055+0000] {dag.py:3096} INFO - Sync 1 DAGs
[2026-06-09T11:58:04.067+0000] {logging_mixin.py:188} INFO - [2026-06-09T11:58:04.067+0000] {dag.py:3954} INFO - Setting next_dagrun for tp2_pokemon_pipeline to None, run_after=None
[2026-06-09T11:58:04.086+0000] {processor.py:183} INFO - Processing /opt/airflow/dags/dag_tp2_pokemon.py took 0.096 seconds
[2026-06-09T11:58:34.301+0000] {processor.py:161} INFO - Started process (PID=3341) to work on /opt/airflow/dags/dag_tp2_pokemon.py
[2026-06-09T11:58:34.302+0000] {processor.py:830} INFO - Processing file /opt/airflow/dags/dag_tp2_pokemon.py for tasks to queue
[2026-06-09T11:58:34.304+0000] {logging_mixin.py:188} INFO - [2026-06-09T11:58:34.303+0000] {dagbag.py:545} INFO - Filling up the DagBag from /opt/airflow/dags/dag_tp2_pokemon.py
[2026-06-09T11:58:34.324+0000] {processor.py:840} INFO - DAG(s) 'tp2_pokemon_pipeline' retrieved from /opt/airflow/dags/dag_tp2_pokemon.py
[2026-06-09T11:58:34.356+0000] {logging_mixin.py:188} INFO - [2026-06-09T11:58:34.356+0000] {dag.py:3096} INFO - Sync 1 DAGs
[2026-06-09T11:58:34.368+0000] {logging_mixin.py:188} INFO - [2026-06-09T11:58:34.368+0000] {dag.py:3954} INFO - Setting next_dagrun for tp2_pokemon_pipeline to None, run_after=None
[2026-06-09T11:58:34.388+0000] {processor.py:183} INFO - Processing /opt/airflow/dags/dag_tp2_pokemon.py took 0.093 seconds
[2026-06-09T11:59:04.614+0000] {processor.py:161} INFO - Started process (PID=3351) to work on /opt/airflow/dags/dag_tp2_pokemon.py
[2026-06-09T11:59:04.615+0000] {processor.py:830} INFO - Processing file /opt/airflow/dags/dag_tp2_pokemon.py for tasks to queue
[2026-06-09T11:59:04.618+0000] {logging_mixin.py:188} INFO - [2026-06-09T11:59:04.617+0000] {dagbag.py:545} INFO - Filling up the DagBag from /opt/airflow/dags/dag_tp2_pokemon.py
[2026-06-09T11:59:04.642+0000] {processor.py:840} INFO - DAG(s) 'tp2_pokemon_pipeline' retrieved from /opt/airflow/dags/dag_tp2_pokemon.py
[2026-06-09T11:59:04.687+0000] {logging_mixin.py:188} INFO - [2026-06-09T11:59:04.687+0000] {dag.py:3096} INFO - Sync 1 DAGs
[2026-06-09T11:59:04.703+0000] {logging_mixin.py:188} INFO - [2026-06-09T11:59:04.702+0000] {dag.py:3954} INFO - Setting next_dagrun for tp2_pokemon_pipeline to None, run_after=None
[2026-06-09T11:59:04.728+0000] {processor.py:183} INFO - Processing /opt/airflow/dags/dag_tp2_pokemon.py took 0.120 seconds
[2026-06-09T11:59:34.809+0000] {processor.py:161} INFO - Started process (PID=3361) to work on /opt/airflow/dags/dag_tp2_pokemon.py
[2026-06-09T11:59:34.810+0000] {processor.py:830} INFO - Processing file /opt/airflow/dags/dag_tp2_pokemon.py for tasks to queue
[2026-06-09T11:59:34.812+0000] {logging_mixin.py:188} INFO - [2026-06-09T11:59:34.812+0000] {dagbag.py:545} INFO - Filling up the DagBag from /opt/airflow/dags/dag_tp2_pokemon.py
[2026-06-09T11:59:34.834+0000] {processor.py:840} INFO - DAG(s) 'tp2_pokemon_pipeline' retrieved from /opt/airflow/dags/dag_tp2_pokemon.py
[2026-06-09T11:59:34.868+0000] {logging_mixin.py:188} INFO - [2026-06-09T11:59:34.868+0000] {dag.py:3096} INFO - Sync 1 DAGs
[2026-06-09T11:59:34.881+0000] {logging_mixin.py:188} INFO - [2026-06-09T11:59:34.881+0000] {dag.py:3954} INFO - Setting next_dagrun for tp2_pokemon_pipeline to None, run_after=None
[2026-06-09T11:59:34.902+0000] {processor.py:183} INFO - Processing /opt/airflow/dags/dag_tp2_pokemon.py took 0.098 seconds
[2026-06-09T12:00:05.114+0000] {processor.py:161} INFO - Started process (PID=3371) to work on /opt/airflow/dags/dag_tp2_pokemon.py
[2026-06-09T12:00:05.115+0000] {processor.py:830} INFO - Processing file /opt/airflow/dags/dag_tp2_pokemon.py for tasks to queue
[2026-06-09T12:00:05.116+0000] {logging_mixin.py:188} INFO - [2026-06-09T12:00:05.116+0000] {dagbag.py:545} INFO - Filling up the DagBag from /opt/airflow/dags/dag_tp2_pokemon.py
[2026-06-09T12:00:05.133+0000] {processor.py:840} INFO - DAG(s) 'tp2_pokemon_pipeline' retrieved from /opt/airflow/dags/dag_tp2_pokemon.py
[2026-06-09T12:00:05.166+0000] {logging_mixin.py:188} INFO - [2026-06-09T12:00:05.166+0000] {dag.py:3096} INFO - Sync 1 DAGs
[2026-06-09T12:00:05.178+0000] {logging_mixin.py:188} INFO - [2026-06-09T12:00:05.178+0000] {dag.py:3954} INFO - Setting next_dagrun for tp2_pokemon_pipeline to None, run_after=None
[2026-06-09T12:00:05.197+0000] {processor.py:183} INFO - Processing /opt/airflow/dags/dag_tp2_pokemon.py took 0.088 seconds
[2026-06-09T12:00:35.408+0000] {processor.py:161} INFO - Started process (PID=3381) to work on /opt/airflow/dags/dag_tp2_pokemon.py
[2026-06-09T12:00:35.409+0000] {processor.py:830} INFO - Processing file /opt/airflow/dags/dag_tp2_pokemon.py for tasks to queue
[2026-06-09T12:00:35.410+0000] {logging_mixin.py:188} INFO - [2026-06-09T12:00:35.410+0000] {dagbag.py:545} INFO - Filling up the DagBag from /opt/airflow/dags/dag_tp2_pokemon.py
[2026-06-09T12:00:35.431+0000] {processor.py:840} INFO - DAG(s) 'tp2_pokemon_pipeline' retrieved from /opt/airflow/dags/dag_tp2_pokemon.py
[2026-06-09T12:00:35.465+0000] {logging_mixin.py:188} INFO - [2026-06-09T12:00:35.464+0000] {dag.py:3096} INFO - Sync 1 DAGs
[2026-06-09T12:00:35.479+0000] {logging_mixin.py:188} INFO - [2026-06-09T12:00:35.479+0000] {dag.py:3954} INFO - Setting next_dagrun for tp2_pokemon_pipeline to None, run_after=None
[2026-06-09T12:00:35.500+0000] {processor.py:183} INFO - Processing /opt/airflow/dags/dag_tp2_pokemon.py took 0.098 seconds
[2026-06-09T12:01:05.744+0000] {processor.py:161} INFO - Started process (PID=3391) to work on /opt/airflow/dags/dag_tp2_pokemon.py
[2026-06-09T12:01:05.744+0000] {processor.py:830} INFO - Processing file /opt/airflow/dags/dag_tp2_pokemon.py for tasks to queue
[2026-06-09T12:01:05.746+0000] {logging_mixin.py:188} INFO - [2026-06-09T12:01:05.746+0000] {dagbag.py:545} INFO - Filling up the DagBag from /opt/airflow/dags/dag_tp2_pokemon.py
[2026-06-09T12:01:05.764+0000] {processor.py:840} INFO - DAG(s) 'tp2_pokemon_pipeline' retrieved from /opt/airflow/dags/dag_tp2_pokemon.py
[2026-06-09T12:01:05.794+0000] {logging_mixin.py:188} INFO - [2026-06-09T12:01:05.794+0000] {dag.py:3096} INFO - Sync 1 DAGs
[2026-06-09T12:01:05.807+0000] {logging_mixin.py:188} INFO - [2026-06-09T12:01:05.807+0000] {dag.py:3954} INFO - Setting next_dagrun for tp2_pokemon_pipeline to None, run_after=None
[2026-06-09T12:01:05.826+0000] {processor.py:183} INFO - Processing /opt/airflow/dags/dag_tp2_pokemon.py took 0.087 seconds
[2026-06-09T12:01:35.939+0000] {processor.py:161} INFO - Started process (PID=3401) to work on /opt/airflow/dags/dag_tp2_pokemon.py
[2026-06-09T12:01:35.940+0000] {processor.py:830} INFO - Processing file /opt/airflow/dags/dag_tp2_pokemon.py for tasks to queue
[2026-06-09T12:01:35.942+0000] {logging_mixin.py:188} INFO - [2026-06-09T12:01:35.942+0000] {dagbag.py:545} INFO - Filling up the DagBag from /opt/airflow/dags/dag_tp2_pokemon.py
[2026-06-09T12:01:35.960+0000] {processor.py:840} INFO - DAG(s) 'tp2_pokemon_pipeline' retrieved from /opt/airflow/dags/dag_tp2_pokemon.py
[2026-06-09T12:01:35.991+0000] {logging_mixin.py:188} INFO - [2026-06-09T12:01:35.991+0000] {dag.py:3096} INFO - Sync 1 DAGs
[2026-06-09T12:01:36.003+0000] {logging_mixin.py:188} INFO - [2026-06-09T12:01:36.003+0000] {dag.py:3954} INFO - Setting next_dagrun for tp2_pokemon_pipeline to None, run_after=None
[2026-06-09T12:01:36.021+0000] {processor.py:183} INFO - Processing /opt/airflow/dags/dag_tp2_pokemon.py took 0.087 seconds
[2026-06-09T12:02:06.220+0000] {processor.py:161} INFO - Started process (PID=3411) to work on /opt/airflow/dags/dag_tp2_pokemon.py
[2026-06-09T12:02:06.221+0000] {processor.py:830} INFO - Processing file /opt/airflow/dags/dag_tp2_pokemon.py for tasks to queue
[2026-06-09T12:02:06.222+0000] {logging_mixin.py:188} INFO - [2026-06-09T12:02:06.222+0000] {dagbag.py:545} INFO - Filling up the DagBag from /opt/airflow/dags/dag_tp2_pokemon.py
[2026-06-09T12:02:06.239+0000] {processor.py:840} INFO - DAG(s) 'tp2_pokemon_pipeline' retrieved from /opt/airflow/dags/dag_tp2_pokemon.py
[2026-06-09T12:02:06.269+0000] {logging_mixin.py:188} INFO - [2026-06-09T12:02:06.268+0000] {dag.py:3096} INFO - Sync 1 DAGs
[2026-06-09T12:02:06.282+0000] {logging_mixin.py:188} INFO - [2026-06-09T12:02:06.282+0000] {dag.py:3954} INFO - Setting next_dagrun for tp2_pokemon_pipeline to None, run_after=None
[2026-06-09T12:02:06.306+0000] {processor.py:183} INFO - Processing /opt/airflow/dags/dag_tp2_pokemon.py took 0.090 seconds
[2026-06-09T12:02:36.510+0000] {processor.py:161} INFO - Started process (PID=3421) to work on /opt/airflow/dags/dag_tp2_pokemon.py
[2026-06-09T12:02:36.511+0000] {processor.py:830} INFO - Processing file /opt/airflow/dags/dag_tp2_pokemon.py for tasks to queue
[2026-06-09T12:02:36.512+0000] {logging_mixin.py:188} INFO - [2026-06-09T12:02:36.512+0000] {dagbag.py:545} INFO - Filling up the DagBag from /opt/airflow/dags/dag_tp2_pokemon.py
[2026-06-09T12:02:36.531+0000] {processor.py:840} INFO - DAG(s) 'tp2_pokemon_pipeline' retrieved from /opt/airflow/dags/dag_tp2_pokemon.py
[2026-06-09T12:02:36.563+0000] {logging_mixin.py:188} INFO - [2026-06-09T12:02:36.563+0000] {dag.py:3096} INFO - Sync 1 DAGs
[2026-06-09T12:02:36.577+0000] {logging_mixin.py:188} INFO - [2026-06-09T12:02:36.577+0000] {dag.py:3954} INFO - Setting next_dagrun for tp2_pokemon_pipeline to None, run_after=None
[2026-06-09T12:02:36.597+0000] {processor.py:183} INFO - Processing /opt/airflow/dags/dag_tp2_pokemon.py took 0.093 seconds
[2026-06-09T12:03:06.822+0000] {processor.py:161} INFO - Started process (PID=3431) to work on /opt/airflow/dags/dag_tp2_pokemon.py
[2026-06-09T12:03:06.824+0000] {processor.py:830} INFO - Processing file /opt/airflow/dags/dag_tp2_pokemon.py for tasks to queue
[2026-06-09T12:03:06.825+0000] {logging_mixin.py:188} INFO - [2026-06-09T12:03:06.825+0000] {dagbag.py:545} INFO - Filling up the DagBag from /opt/airflow/dags/dag_tp2_pokemon.py
[2026-06-09T12:03:06.846+0000] {processor.py:840} INFO - DAG(s) 'tp2_pokemon_pipeline' retrieved from /opt/airflow/dags/dag_tp2_pokemon.py
[2026-06-09T12:03:06.879+0000] {logging_mixin.py:188} INFO - [2026-06-09T12:03:06.879+0000] {dag.py:3096} INFO - Sync 1 DAGs
[2026-06-09T12:03:06.894+0000] {logging_mixin.py:188} INFO - [2026-06-09T12:03:06.893+0000] {dag.py:3954} INFO - Setting next_dagrun for tp2_pokemon_pipeline to None, run_after=None
[2026-06-09T12:03:06.916+0000] {processor.py:183} INFO - Processing /opt/airflow/dags/dag_tp2_pokemon.py took 0.099 seconds
[2026-06-09T12:03:37.126+0000] {processor.py:161} INFO - Started process (PID=3441) to work on /opt/airflow/dags/dag_tp2_pokemon.py
[2026-06-09T12:03:37.127+0000] {processor.py:830} INFO - Processing file /opt/airflow/dags/dag_tp2_pokemon.py for tasks to queue
[2026-06-09T12:03:37.129+0000] {logging_mixin.py:188} INFO - [2026-06-09T12:03:37.128+0000] {dagbag.py:545} INFO - Filling up the DagBag from /opt/airflow/dags/dag_tp2_pokemon.py
[2026-06-09T12:03:37.147+0000] {processor.py:840} INFO - DAG(s) 'tp2_pokemon_pipeline' retrieved from /opt/airflow/dags/dag_tp2_pokemon.py
[2026-06-09T12:03:37.178+0000] {logging_mixin.py:188} INFO - [2026-06-09T12:03:37.177+0000] {dag.py:3096} INFO - Sync 1 DAGs
[2026-06-09T12:03:37.189+0000] {logging_mixin.py:188} INFO - [2026-06-09T12:03:37.189+0000] {dag.py:3954} INFO - Setting next_dagrun for tp2_pokemon_pipeline to None, run_after=None
[2026-06-09T12:03:37.207+0000] {processor.py:183} INFO - Processing /opt/airflow/dags/dag_tp2_pokemon.py took 0.086 seconds
[2026-06-09T12:04:07.322+0000] {processor.py:161} INFO - Started process (PID=3451) to work on /opt/airflow/dags/dag_tp2_pokemon.py
[2026-06-09T12:04:07.323+0000] {processor.py:830} INFO - Processing file /opt/airflow/dags/dag_tp2_pokemon.py for tasks to queue
[2026-06-09T12:04:07.325+0000] {logging_mixin.py:188} INFO - [2026-06-09T12:04:07.324+0000] {dagbag.py:545} INFO - Filling up the DagBag from /opt/airflow/dags/dag_tp2_pokemon.py
[2026-06-09T12:04:07.344+0000] {processor.py:840} INFO - DAG(s) 'tp2_pokemon_pipeline' retrieved from /opt/airflow/dags/dag_tp2_pokemon.py
[2026-06-09T12:04:07.376+0000] {logging_mixin.py:188} INFO - [2026-06-09T12:04:07.376+0000] {dag.py:3096} INFO - Sync 1 DAGs
[2026-06-09T12:04:07.388+0000] {logging_mixin.py:188} INFO - [2026-06-09T12:04:07.388+0000] {dag.py:3954} INFO - Setting next_dagrun for tp2_pokemon_pipeline to None, run_after=None
[2026-06-09T12:04:07.406+0000] {processor.py:183} INFO - Processing /opt/airflow/dags/dag_tp2_pokemon.py took 0.089 seconds
[2026-06-09T12:04:37.612+0000] {processor.py:161} INFO - Started process (PID=3461) to work on /opt/airflow/dags/dag_tp2_pokemon.py
[2026-06-09T12:04:37.613+0000] {processor.py:830} INFO - Processing file /opt/airflow/dags/dag_tp2_pokemon.py for tasks to queue
[2026-06-09T12:04:37.614+0000] {logging_mixin.py:188} INFO - [2026-06-09T12:04:37.614+0000] {dagbag.py:545} INFO - Filling up the DagBag from /opt/airflow/dags/dag_tp2_pokemon.py
[2026-06-09T12:04:37.637+0000] {processor.py:840} INFO - DAG(s) 'tp2_pokemon_pipeline' retrieved from /opt/airflow/dags/dag_tp2_pokemon.py
[2026-06-09T12:04:37.672+0000] {logging_mixin.py:188} INFO - [2026-06-09T12:04:37.672+0000] {dag.py:3096} INFO - Sync 1 DAGs
[2026-06-09T12:04:37.686+0000] {logging_mixin.py:188} INFO - [2026-06-09T12:04:37.685+0000] {dag.py:3954} INFO - Setting next_dagrun for tp2_pokemon_pipeline to None, run_after=None
[2026-06-09T12:04:37.706+0000] {processor.py:183} INFO - Processing /opt/airflow/dags/dag_tp2_pokemon.py took 0.100 seconds
[2026-06-09T12:05:07.910+0000] {processor.py:161} INFO - Started process (PID=3471) to work on /opt/airflow/dags/dag_tp2_pokemon.py
[2026-06-09T12:05:07.911+0000] {processor.py:830} INFO - Processing file /opt/airflow/dags/dag_tp2_pokemon.py for tasks to queue
[2026-06-09T12:05:07.912+0000] {logging_mixin.py:188} INFO - [2026-06-09T12:05:07.912+0000] {dagbag.py:545} INFO - Filling up the DagBag from /opt/airflow/dags/dag_tp2_pokemon.py
[2026-06-09T12:05:07.930+0000] {processor.py:840} INFO - DAG(s) 'tp2_pokemon_pipeline' retrieved from /opt/airflow/dags/dag_tp2_pokemon.py
[2026-06-09T12:05:07.961+0000] {logging_mixin.py:188} INFO - [2026-06-09T12:05:07.960+0000] {dag.py:3096} INFO - Sync 1 DAGs
[2026-06-09T12:05:07.974+0000] {logging_mixin.py:188} INFO - [2026-06-09T12:05:07.973+0000] {dag.py:3954} INFO - Setting next_dagrun for tp2_pokemon_pipeline to None, run_after=None
[2026-06-09T12:05:07.998+0000] {processor.py:183} INFO - Processing /opt/airflow/dags/dag_tp2_pokemon.py took 0.092 seconds
[2026-06-09T12:05:38.096+0000] {processor.py:161} INFO - Started process (PID=3481) to work on /opt/airflow/dags/dag_tp2_pokemon.py
[2026-06-09T12:05:38.097+0000] {processor.py:830} INFO - Processing file /opt/airflow/dags/dag_tp2_pokemon.py for tasks to queue
[2026-06-09T12:05:38.099+0000] {logging_mixin.py:188} INFO - [2026-06-09T12:05:38.099+0000] {dagbag.py:545} INFO - Filling up the DagBag from /opt/airflow/dags/dag_tp2_pokemon.py
[2026-06-09T12:05:38.116+0000] {processor.py:840} INFO - DAG(s) 'tp2_pokemon_pipeline' retrieved from /opt/airflow/dags/dag_tp2_pokemon.py
[2026-06-09T12:05:38.145+0000] {logging_mixin.py:188} INFO - [2026-06-09T12:05:38.145+0000] {dag.py:3096} INFO - Sync 1 DAGs
[2026-06-09T12:05:38.158+0000] {logging_mixin.py:188} INFO - [2026-06-09T12:05:38.158+0000] {dag.py:3954} INFO - Setting next_dagrun for tp2_pokemon_pipeline to None, run_after=None
[2026-06-09T12:05:38.177+0000] {processor.py:183} INFO - Processing /opt/airflow/dags/dag_tp2_pokemon.py took 0.086 seconds
[2026-06-09T12:06:08.443+0000] {processor.py:161} INFO - Started process (PID=3491) to work on /opt/airflow/dags/dag_tp2_pokemon.py
[2026-06-09T12:06:08.444+0000] {processor.py:830} INFO - Processing file /opt/airflow/dags/dag_tp2_pokemon.py for tasks to queue
[2026-06-09T12:06:08.445+0000] {logging_mixin.py:188} INFO - [2026-06-09T12:06:08.445+0000] {dagbag.py:545} INFO - Filling up the DagBag from /opt/airflow/dags/dag_tp2_pokemon.py
[2026-06-09T12:06:08.467+0000] {processor.py:840} INFO - DAG(s) 'tp2_pokemon_pipeline' retrieved from /opt/airflow/dags/dag_tp2_pokemon.py
[2026-06-09T12:06:08.498+0000] {logging_mixin.py:188} INFO - [2026-06-09T12:06:08.498+0000] {dag.py:3096} INFO - Sync 1 DAGs
[2026-06-09T12:06:08.518+0000] {logging_mixin.py:188} INFO - [2026-06-09T12:06:08.518+0000] {dag.py:3954} INFO - Setting next_dagrun for tp2_pokemon_pipeline to None, run_after=None
[2026-06-09T12:06:08.539+0000] {processor.py:183} INFO - Processing /opt/airflow/dags/dag_tp2_pokemon.py took 0.102 seconds
[2026-06-09T12:06:38.736+0000] {processor.py:161} INFO - Started process (PID=3501) to work on /opt/airflow/dags/dag_tp2_pokemon.py
[2026-06-09T12:06:38.737+0000] {processor.py:830} INFO - Processing file /opt/airflow/dags/dag_tp2_pokemon.py for tasks to queue
[2026-06-09T12:06:38.739+0000] {logging_mixin.py:188} INFO - [2026-06-09T12:06:38.738+0000] {dagbag.py:545} INFO - Filling up the DagBag from /opt/airflow/dags/dag_tp2_pokemon.py
[2026-06-09T12:06:38.758+0000] {processor.py:840} INFO - DAG(s) 'tp2_pokemon_pipeline' retrieved from /opt/airflow/dags/dag_tp2_pokemon.py
[2026-06-09T12:06:38.787+0000] {logging_mixin.py:188} INFO - [2026-06-09T12:06:38.787+0000] {dag.py:3096} INFO - Sync 1 DAGs
[2026-06-09T12:06:38.799+0000] {logging_mixin.py:188} INFO - [2026-06-09T12:06:38.799+0000] {dag.py:3954} INFO - Setting next_dagrun for tp2_pokemon_pipeline to None, run_after=None
[2026-06-09T12:06:38.818+0000] {processor.py:183} INFO - Processing /opt/airflow/dags/dag_tp2_pokemon.py took 0.087 seconds
[2026-06-09T12:07:08.926+0000] {processor.py:161} INFO - Started process (PID=3511) to work on /opt/airflow/dags/dag_tp2_pokemon.py
[2026-06-09T12:07:08.927+0000] {processor.py:830} INFO - Processing file /opt/airflow/dags/dag_tp2_pokemon.py for tasks to queue
[2026-06-09T12:07:08.928+0000] {logging_mixin.py:188} INFO - [2026-06-09T12:07:08.928+0000] {dagbag.py:545} INFO - Filling up the DagBag from /opt/airflow/dags/dag_tp2_pokemon.py
[2026-06-09T12:07:08.948+0000] {processor.py:840} INFO - DAG(s) 'tp2_pokemon_pipeline' retrieved from /opt/airflow/dags/dag_tp2_pokemon.py
[2026-06-09T12:07:08.980+0000] {logging_mixin.py:188} INFO - [2026-06-09T12:07:08.979+0000] {dag.py:3096} INFO - Sync 1 DAGs
[2026-06-09T12:07:08.993+0000] {logging_mixin.py:188} INFO - [2026-06-09T12:07:08.992+0000] {dag.py:3954} INFO - Setting next_dagrun for tp2_pokemon_pipeline to None, run_after=None
[2026-06-09T12:07:09.011+0000] {processor.py:183} INFO - Processing /opt/airflow/dags/dag_tp2_pokemon.py took 0.090 seconds
[2026-06-09T12:07:39.216+0000] {processor.py:161} INFO - Started process (PID=3521) to work on /opt/airflow/dags/dag_tp2_pokemon.py
[2026-06-09T12:07:39.217+0000] {processor.py:830} INFO - Processing file /opt/airflow/dags/dag_tp2_pokemon.py for tasks to queue
[2026-06-09T12:07:39.218+0000] {logging_mixin.py:188} INFO - [2026-06-09T12:07:39.218+0000] {dagbag.py:545} INFO - Filling up the DagBag from /opt/airflow/dags/dag_tp2_pokemon.py
[2026-06-09T12:07:39.239+0000] {processor.py:840} INFO - DAG(s) 'tp2_pokemon_pipeline' retrieved from /opt/airflow/dags/dag_tp2_pokemon.py
[2026-06-09T12:07:39.270+0000] {logging_mixin.py:188} INFO - [2026-06-09T12:07:39.270+0000] {dag.py:3096} INFO - Sync 1 DAGs
[2026-06-09T12:07:39.282+0000] {logging_mixin.py:188} INFO - [2026-06-09T12:07:39.282+0000] {dag.py:3954} INFO - Setting next_dagrun for tp2_pokemon_pipeline to None, run_after=None
[2026-06-09T12:07:39.302+0000] {processor.py:183} INFO - Processing /opt/airflow/dags/dag_tp2_pokemon.py took 0.091 seconds
[2026-06-09T12:08:09.506+0000] {processor.py:161} INFO - Started process (PID=3531) to work on /opt/airflow/dags/dag_tp2_pokemon.py
[2026-06-09T12:08:09.508+0000] {processor.py:830} INFO - Processing file /opt/airflow/dags/dag_tp2_pokemon.py for tasks to queue
[2026-06-09T12:08:09.510+0000] {logging_mixin.py:188} INFO - [2026-06-09T12:08:09.509+0000] {dagbag.py:545} INFO - Filling up the DagBag from /opt/airflow/dags/dag_tp2_pokemon.py
[2026-06-09T12:08:09.530+0000] {processor.py:840} INFO - DAG(s) 'tp2_pokemon_pipeline' retrieved from /opt/airflow/dags/dag_tp2_pokemon.py
[2026-06-09T12:08:09.561+0000] {logging_mixin.py:188} INFO - [2026-06-09T12:08:09.561+0000] {dag.py:3096} INFO - Sync 1 DAGs
[2026-06-09T12:08:09.574+0000] {logging_mixin.py:188} INFO - [2026-06-09T12:08:09.573+0000] {dag.py:3954} INFO - Setting next_dagrun for tp2_pokemon_pipeline to None, run_after=None
[2026-06-09T12:08:09.593+0000] {processor.py:183} INFO - Processing /opt/airflow/dags/dag_tp2_pokemon.py took 0.093 seconds
[2026-06-09T12:08:39.796+0000] {processor.py:161} INFO - Started process (PID=3541) to work on /opt/airflow/dags/dag_tp2_pokemon.py
[2026-06-09T12:08:39.797+0000] {processor.py:830} INFO - Processing file /opt/airflow/dags/dag_tp2_pokemon.py for tasks to queue
[2026-06-09T12:08:39.799+0000] {logging_mixin.py:188} INFO - [2026-06-09T12:08:39.799+0000] {dagbag.py:545} INFO - Filling up the DagBag from /opt/airflow/dags/dag_tp2_pokemon.py
[2026-06-09T12:08:39.819+0000] {processor.py:840} INFO - DAG(s) 'tp2_pokemon_pipeline' retrieved from /opt/airflow/dags/dag_tp2_pokemon.py
[2026-06-09T12:08:39.849+0000] {logging_mixin.py:188} INFO - [2026-06-09T12:08:39.849+0000] {dag.py:3096} INFO - Sync 1 DAGs
[2026-06-09T12:08:39.862+0000] {logging_mixin.py:188} INFO - [2026-06-09T12:08:39.862+0000] {dag.py:3954} INFO - Setting next_dagrun for tp2_pokemon_pipeline to None, run_after=None
[2026-06-09T12:08:39.881+0000] {processor.py:183} INFO - Processing /opt/airflow/dags/dag_tp2_pokemon.py took 0.090 seconds
[2026-06-09T12:09:10.086+0000] {processor.py:161} INFO - Started process (PID=3551) to work on /opt/airflow/dags/dag_tp2_pokemon.py
[2026-06-09T12:09:10.086+0000] {processor.py:830} INFO - Processing file /opt/airflow/dags/dag_tp2_pokemon.py for tasks to queue
[2026-06-09T12:09:10.088+0000] {logging_mixin.py:188} INFO - [2026-06-09T12:09:10.088+0000] {dagbag.py:545} INFO - Filling up the DagBag from /opt/airflow/dags/dag_tp2_pokemon.py
[2026-06-09T12:09:10.107+0000] {processor.py:840} INFO - DAG(s) 'tp2_pokemon_pipeline' retrieved from /opt/airflow/dags/dag_tp2_pokemon.py
[2026-06-09T12:09:10.138+0000] {logging_mixin.py:188} INFO - [2026-06-09T12:09:10.138+0000] {dag.py:3096} INFO - Sync 1 DAGs
[2026-06-09T12:09:10.150+0000] {logging_mixin.py:188} INFO - [2026-06-09T12:09:10.149+0000] {dag.py:3954} INFO - Setting next_dagrun for tp2_pokemon_pipeline to None, run_after=None
[2026-06-09T12:09:10.170+0000] {processor.py:183} INFO - Processing /opt/airflow/dags/dag_tp2_pokemon.py took 0.089 seconds
[2026-06-09T12:09:40.384+0000] {processor.py:161} INFO - Started process (PID=3561) to work on /opt/airflow/dags/dag_tp2_pokemon.py
[2026-06-09T12:09:40.385+0000] {processor.py:830} INFO - Processing file /opt/airflow/dags/dag_tp2_pokemon.py for tasks to queue
[2026-06-09T12:09:40.387+0000] {logging_mixin.py:188} INFO - [2026-06-09T12:09:40.386+0000] {dagbag.py:545} INFO - Filling up the DagBag from /opt/airflow/dags/dag_tp2_pokemon.py
[2026-06-09T12:09:40.407+0000] {processor.py:840} INFO - DAG(s) 'tp2_pokemon_pipeline' retrieved from /opt/airflow/dags/dag_tp2_pokemon.py
[2026-06-09T12:09:40.439+0000] {logging_mixin.py:188} INFO - [2026-06-09T12:09:40.438+0000] {dag.py:3096} INFO - Sync 1 DAGs
[2026-06-09T12:09:40.452+0000] {logging_mixin.py:188} INFO - [2026-06-09T12:09:40.451+0000] {dag.py:3954} INFO - Setting next_dagrun for tp2_pokemon_pipeline to None, run_after=None
[2026-06-09T12:09:40.468+0000] {processor.py:183} INFO - Processing /opt/airflow/dags/dag_tp2_pokemon.py took 0.090 seconds
[2026-06-09T12:10:10.680+0000] {processor.py:161} INFO - Started process (PID=3571) to work on /opt/airflow/dags/dag_tp2_pokemon.py
[2026-06-09T12:10:10.681+0000] {processor.py:830} INFO - Processing file /opt/airflow/dags/dag_tp2_pokemon.py for tasks to queue
[2026-06-09T12:10:10.683+0000] {logging_mixin.py:188} INFO - [2026-06-09T12:10:10.683+0000] {dagbag.py:545} INFO - Filling up the DagBag from /opt/airflow/dags/dag_tp2_pokemon.py
[2026-06-09T12:10:10.703+0000] {processor.py:840} INFO - DAG(s) 'tp2_pokemon_pipeline' retrieved from /opt/airflow/dags/dag_tp2_pokemon.py
[2026-06-09T12:10:10.733+0000] {logging_mixin.py:188} INFO - [2026-06-09T12:10:10.733+0000] {dag.py:3096} INFO - Sync 1 DAGs
[2026-06-09T12:10:10.746+0000] {logging_mixin.py:188} INFO - [2026-06-09T12:10:10.746+0000] {dag.py:3954} INFO - Setting next_dagrun for tp2_pokemon_pipeline to None, run_after=None
[2026-06-09T12:10:10.765+0000] {processor.py:183} INFO - Processing /opt/airflow/dags/dag_tp2_pokemon.py took 0.091 seconds
[2026-06-09T12:10:40.995+0000] {processor.py:161} INFO - Started process (PID=3581) to work on /opt/airflow/dags/dag_tp2_pokemon.py
[2026-06-09T12:10:40.996+0000] {processor.py:830} INFO - Processing file /opt/airflow/dags/dag_tp2_pokemon.py for tasks to queue
[2026-06-09T12:10:40.998+0000] {logging_mixin.py:188} INFO - [2026-06-09T12:10:40.998+0000] {dagbag.py:545} INFO - Filling up the DagBag from /opt/airflow/dags/dag_tp2_pokemon.py
[2026-06-09T12:10:41.024+0000] {processor.py:840} INFO - DAG(s) 'tp2_pokemon_pipeline' retrieved from /opt/airflow/dags/dag_tp2_pokemon.py
[2026-06-09T12:10:41.053+0000] {logging_mixin.py:188} INFO - [2026-06-09T12:10:41.053+0000] {dag.py:3096} INFO - Sync 1 DAGs
[2026-06-09T12:10:41.067+0000] {logging_mixin.py:188} INFO - [2026-06-09T12:10:41.067+0000] {dag.py:3954} INFO - Setting next_dagrun for tp2_pokemon_pipeline to None, run_after=None
[2026-06-09T12:10:41.086+0000] {processor.py:183} INFO - Processing /opt/airflow/dags/dag_tp2_pokemon.py took 0.097 seconds
[2026-06-09T12:11:11.332+0000] {processor.py:161} INFO - Started process (PID=3591) to work on /opt/airflow/dags/dag_tp2_pokemon.py
[2026-06-09T12:11:11.332+0000] {processor.py:830} INFO - Processing file /opt/airflow/dags/dag_tp2_pokemon.py for tasks to queue
[2026-06-09T12:11:11.334+0000] {logging_mixin.py:188} INFO - [2026-06-09T12:11:11.334+0000] {dagbag.py:545} INFO - Filling up the DagBag from /opt/airflow/dags/dag_tp2_pokemon.py
[2026-06-09T12:11:11.355+0000] {processor.py:840} INFO - DAG(s) 'tp2_pokemon_pipeline' retrieved from /opt/airflow/dags/dag_tp2_pokemon.py
[2026-06-09T12:11:11.386+0000] {logging_mixin.py:188} INFO - [2026-06-09T12:11:11.386+0000] {dag.py:3096} INFO - Sync 1 DAGs
[2026-06-09T12:11:11.399+0000] {logging_mixin.py:188} INFO - [2026-06-09T12:11:11.399+0000] {dag.py:3954} INFO - Setting next_dagrun for tp2_pokemon_pipeline to None, run_after=None
[2026-06-09T12:11:11.421+0000] {processor.py:183} INFO - Processing /opt/airflow/dags/dag_tp2_pokemon.py took 0.095 seconds
[2026-06-09T12:11:41.515+0000] {processor.py:161} INFO - Started process (PID=3601) to work on /opt/airflow/dags/dag_tp2_pokemon.py
[2026-06-09T12:11:41.516+0000] {processor.py:830} INFO - Processing file /opt/airflow/dags/dag_tp2_pokemon.py for tasks to queue
[2026-06-09T12:11:41.518+0000] {logging_mixin.py:188} INFO - [2026-06-09T12:11:41.518+0000] {dagbag.py:545} INFO - Filling up the DagBag from /opt/airflow/dags/dag_tp2_pokemon.py
[2026-06-09T12:11:41.537+0000] {processor.py:840} INFO - DAG(s) 'tp2_pokemon_pipeline' retrieved from /opt/airflow/dags/dag_tp2_pokemon.py
[2026-06-09T12:11:41.565+0000] {logging_mixin.py:188} INFO - [2026-06-09T12:11:41.565+0000] {dag.py:3096} INFO - Sync 1 DAGs
[2026-06-09T12:11:41.578+0000] {logging_mixin.py:188} INFO - [2026-06-09T12:11:41.578+0000] {dag.py:3954} INFO - Setting next_dagrun for tp2_pokemon_pipeline to None, run_after=None
[2026-06-09T12:11:41.598+0000] {processor.py:183} INFO - Processing /opt/airflow/dags/dag_tp2_pokemon.py took 0.088 seconds
[2026-06-09T12:12:11.764+0000] {processor.py:161} INFO - Started process (PID=3611) to work on /opt/airflow/dags/dag_tp2_pokemon.py
[2026-06-09T12:12:11.765+0000] {processor.py:830} INFO - Processing file /opt/airflow/dags/dag_tp2_pokemon.py for tasks to queue
[2026-06-09T12:12:11.767+0000] {logging_mixin.py:188} INFO - [2026-06-09T12:12:11.766+0000] {dagbag.py:545} INFO - Filling up the DagBag from /opt/airflow/dags/dag_tp2_pokemon.py
[2026-06-09T12:12:11.792+0000] {processor.py:840} INFO - DAG(s) 'tp2_pokemon_pipeline' retrieved from /opt/airflow/dags/dag_tp2_pokemon.py
[2026-06-09T12:12:11.828+0000] {logging_mixin.py:188} INFO - [2026-06-09T12:12:11.828+0000] {dag.py:3096} INFO - Sync 1 DAGs
[2026-06-09T12:12:11.839+0000] {logging_mixin.py:188} INFO - [2026-06-09T12:12:11.839+0000] {dag.py:3954} INFO - Setting next_dagrun for tp2_pokemon_pipeline to None, run_after=None
[2026-06-09T12:12:11.862+0000] {processor.py:183} INFO - Processing /opt/airflow/dags/dag_tp2_pokemon.py took 0.105 seconds
[2026-06-09T12:12:42.073+0000] {processor.py:161} INFO - Started process (PID=3621) to work on /opt/airflow/dags/dag_tp2_pokemon.py
[2026-06-09T12:12:42.074+0000] {processor.py:830} INFO - Processing file /opt/airflow/dags/dag_tp2_pokemon.py for tasks to queue
[2026-06-09T12:12:42.076+0000] {logging_mixin.py:188} INFO - [2026-06-09T12:12:42.076+0000] {dagbag.py:545} INFO - Filling up the DagBag from /opt/airflow/dags/dag_tp2_pokemon.py
[2026-06-09T12:12:42.096+0000] {processor.py:840} INFO - DAG(s) 'tp2_pokemon_pipeline' retrieved from /opt/airflow/dags/dag_tp2_pokemon.py
[2026-06-09T12:12:42.125+0000] {logging_mixin.py:188} INFO - [2026-06-09T12:12:42.125+0000] {dag.py:3096} INFO - Sync 1 DAGs
[2026-06-09T12:12:42.137+0000] {logging_mixin.py:188} INFO - [2026-06-09T12:12:42.136+0000] {dag.py:3954} INFO - Setting next_dagrun for tp2_pokemon_pipeline to None, run_after=None
[2026-06-09T12:12:42.157+0000] {processor.py:183} INFO - Processing /opt/airflow/dags/dag_tp2_pokemon.py took 0.090 seconds
[2026-06-09T12:13:12.269+0000] {processor.py:161} INFO - Started process (PID=3631) to work on /opt/airflow/dags/dag_tp2_pokemon.py
[2026-06-09T12:13:12.270+0000] {processor.py:830} INFO - Processing file /opt/airflow/dags/dag_tp2_pokemon.py for tasks to queue
[2026-06-09T12:13:12.272+0000] {logging_mixin.py:188} INFO - [2026-06-09T12:13:12.271+0000] {dagbag.py:545} INFO - Filling up the DagBag from /opt/airflow/dags/dag_tp2_pokemon.py
[2026-06-09T12:13:12.291+0000] {processor.py:840} INFO - DAG(s) 'tp2_pokemon_pipeline' retrieved from /opt/airflow/dags/dag_tp2_pokemon.py
[2026-06-09T12:13:12.324+0000] {logging_mixin.py:188} INFO - [2026-06-09T12:13:12.324+0000] {dag.py:3096} INFO - Sync 1 DAGs
[2026-06-09T12:13:12.338+0000] {logging_mixin.py:188} INFO - [2026-06-09T12:13:12.338+0000] {dag.py:3954} INFO - Setting next_dagrun for tp2_pokemon_pipeline to None, run_after=None
[2026-06-09T12:13:12.363+0000] {processor.py:183} INFO - Processing /opt/airflow/dags/dag_tp2_pokemon.py took 0.101 seconds
[2026-06-09T12:13:42.574+0000] {processor.py:161} INFO - Started process (PID=3641) to work on /opt/airflow/dags/dag_tp2_pokemon.py
[2026-06-09T12:13:42.575+0000] {processor.py:830} INFO - Processing file /opt/airflow/dags/dag_tp2_pokemon.py for tasks to queue
[2026-06-09T12:13:42.578+0000] {logging_mixin.py:188} INFO - [2026-06-09T12:13:42.577+0000] {dagbag.py:545} INFO - Filling up the DagBag from /opt/airflow/dags/dag_tp2_pokemon.py
[2026-06-09T12:13:42.599+0000] {processor.py:840} INFO - DAG(s) 'tp2_pokemon_pipeline' retrieved from /opt/airflow/dags/dag_tp2_pokemon.py
[2026-06-09T12:13:42.629+0000] {logging_mixin.py:188} INFO - [2026-06-09T12:13:42.629+0000] {dag.py:3096} INFO - Sync 1 DAGs
[2026-06-09T12:13:42.640+0000] {logging_mixin.py:188} INFO - [2026-06-09T12:13:42.640+0000] {dag.py:3954} INFO - Setting next_dagrun for tp2_pokemon_pipeline to None, run_after=None
[2026-06-09T12:13:42.659+0000] {processor.py:183} INFO - Processing /opt/airflow/dags/dag_tp2_pokemon.py took 0.091 seconds
[2026-06-09T12:14:12.763+0000] {processor.py:161} INFO - Started process (PID=3651) to work on /opt/airflow/dags/dag_tp2_pokemon.py
[2026-06-09T12:14:12.764+0000] {processor.py:830} INFO - Processing file /opt/airflow/dags/dag_tp2_pokemon.py for tasks to queue
[2026-06-09T12:14:12.766+0000] {logging_mixin.py:188} INFO - [2026-06-09T12:14:12.766+0000] {dagbag.py:545} INFO - Filling up the DagBag from /opt/airflow/dags/dag_tp2_pokemon.py
[2026-06-09T12:14:12.787+0000] {processor.py:840} INFO - DAG(s) 'tp2_pokemon_pipeline' retrieved from /opt/airflow/dags/dag_tp2_pokemon.py
[2026-06-09T12:14:12.818+0000] {logging_mixin.py:188} INFO - [2026-06-09T12:14:12.818+0000] {dag.py:3096} INFO - Sync 1 DAGs
[2026-06-09T12:14:12.830+0000] {logging_mixin.py:188} INFO - [2026-06-09T12:14:12.829+0000] {dag.py:3954} INFO - Setting next_dagrun for tp2_pokemon_pipeline to None, run_after=None
[2026-06-09T12:14:12.849+0000] {processor.py:183} INFO - Processing /opt/airflow/dags/dag_tp2_pokemon.py took 0.092 seconds
[2026-06-09T12:14:43.058+0000] {processor.py:161} INFO - Started process (PID=3661) to work on /opt/airflow/dags/dag_tp2_pokemon.py
[2026-06-09T12:14:43.059+0000] {processor.py:830} INFO - Processing file /opt/airflow/dags/dag_tp2_pokemon.py for tasks to queue
[2026-06-09T12:14:43.061+0000] {logging_mixin.py:188} INFO - [2026-06-09T12:14:43.061+0000] {dagbag.py:545} INFO - Filling up the DagBag from /opt/airflow/dags/dag_tp2_pokemon.py
[2026-06-09T12:14:43.085+0000] {processor.py:840} INFO - DAG(s) 'tp2_pokemon_pipeline' retrieved from /opt/airflow/dags/dag_tp2_pokemon.py
[2026-06-09T12:14:43.117+0000] {logging_mixin.py:188} INFO - [2026-06-09T12:14:43.117+0000] {dag.py:3096} INFO - Sync 1 DAGs
[2026-06-09T12:14:43.133+0000] {logging_mixin.py:188} INFO - [2026-06-09T12:14:43.133+0000] {dag.py:3954} INFO - Setting next_dagrun for tp2_pokemon_pipeline to None, run_after=None
[2026-06-09T12:14:43.154+0000] {processor.py:183} INFO - Processing /opt/airflow/dags/dag_tp2_pokemon.py took 0.105 seconds
[2026-06-09T12:15:13.363+0000] {processor.py:161} INFO - Started process (PID=3671) to work on /opt/airflow/dags/dag_tp2_pokemon.py
[2026-06-09T12:15:13.364+0000] {processor.py:830} INFO - Processing file /opt/airflow/dags/dag_tp2_pokemon.py for tasks to queue
[2026-06-09T12:15:13.366+0000] {logging_mixin.py:188} INFO - [2026-06-09T12:15:13.366+0000] {dagbag.py:545} INFO - Filling up the DagBag from /opt/airflow/dags/dag_tp2_pokemon.py
[2026-06-09T12:15:13.390+0000] {processor.py:840} INFO - DAG(s) 'tp2_pokemon_pipeline' retrieved from /opt/airflow/dags/dag_tp2_pokemon.py
[2026-06-09T12:15:13.434+0000] {logging_mixin.py:188} INFO - [2026-06-09T12:15:13.433+0000] {dag.py:3096} INFO - Sync 1 DAGs
[2026-06-09T12:15:13.449+0000] {logging_mixin.py:188} INFO - [2026-06-09T12:15:13.448+0000] {dag.py:3954} INFO - Setting next_dagrun for tp2_pokemon_pipeline to None, run_after=None
[2026-06-09T12:15:13.470+0000] {processor.py:183} INFO - Processing /opt/airflow/dags/dag_tp2_pokemon.py took 0.113 seconds
[2026-06-09T12:15:43.667+0000] {processor.py:161} INFO - Started process (PID=3681) to work on /opt/airflow/dags/dag_tp2_pokemon.py
[2026-06-09T12:15:43.668+0000] {processor.py:830} INFO - Processing file /opt/airflow/dags/dag_tp2_pokemon.py for tasks to queue
[2026-06-09T12:15:43.670+0000] {logging_mixin.py:188} INFO - [2026-06-09T12:15:43.669+0000] {dagbag.py:545} INFO - Filling up the DagBag from /opt/airflow/dags/dag_tp2_pokemon.py
[2026-06-09T12:15:43.689+0000] {processor.py:840} INFO - DAG(s) 'tp2_pokemon_pipeline' retrieved from /opt/airflow/dags/dag_tp2_pokemon.py
[2026-06-09T12:15:43.719+0000] {logging_mixin.py:188} INFO - [2026-06-09T12:15:43.719+0000] {dag.py:3096} INFO - Sync 1 DAGs
[2026-06-09T12:15:43.731+0000] {logging_mixin.py:188} INFO - [2026-06-09T12:15:43.731+0000] {dag.py:3954} INFO - Setting next_dagrun for tp2_pokemon_pipeline to None, run_after=None
[2026-06-09T12:15:43.748+0000] {processor.py:183} INFO - Processing /opt/airflow/dags/dag_tp2_pokemon.py took 0.085 seconds
[2026-06-09T12:16:13.901+0000] {processor.py:161} INFO - Started process (PID=3691) to work on /opt/airflow/dags/dag_tp2_pokemon.py
[2026-06-09T12:16:13.902+0000] {processor.py:830} INFO - Processing file /opt/airflow/dags/dag_tp2_pokemon.py for tasks to queue
[2026-06-09T12:16:13.903+0000] {logging_mixin.py:188} INFO - [2026-06-09T12:16:13.903+0000] {dagbag.py:545} INFO - Filling up the DagBag from /opt/airflow/dags/dag_tp2_pokemon.py
[2026-06-09T12:16:13.923+0000] {processor.py:840} INFO - DAG(s) 'tp2_pokemon_pipeline' retrieved from /opt/airflow/dags/dag_tp2_pokemon.py
[2026-06-09T12:16:13.956+0000] {logging_mixin.py:188} INFO - [2026-06-09T12:16:13.956+0000] {dag.py:3096} INFO - Sync 1 DAGs
[2026-06-09T12:16:13.970+0000] {logging_mixin.py:188} INFO - [2026-06-09T12:16:13.970+0000] {dag.py:3954} INFO - Setting next_dagrun for tp2_pokemon_pipeline to None, run_after=None
[2026-06-09T12:16:13.990+0000] {processor.py:183} INFO - Processing /opt/airflow/dags/dag_tp2_pokemon.py took 0.094 seconds
[2026-06-09T12:16:44.184+0000] {processor.py:161} INFO - Started process (PID=3701) to work on /opt/airflow/dags/dag_tp2_pokemon.py
[2026-06-09T12:16:44.185+0000] {processor.py:830} INFO - Processing file /opt/airflow/dags/dag_tp2_pokemon.py for tasks to queue
[2026-06-09T12:16:44.186+0000] {logging_mixin.py:188} INFO - [2026-06-09T12:16:44.186+0000] {dagbag.py:545} INFO - Filling up the DagBag from /opt/airflow/dags/dag_tp2_pokemon.py
[2026-06-09T12:16:44.204+0000] {processor.py:840} INFO - DAG(s) 'tp2_pokemon_pipeline' retrieved from /opt/airflow/dags/dag_tp2_pokemon.py
[2026-06-09T12:16:44.232+0000] {logging_mixin.py:188} INFO - [2026-06-09T12:16:44.232+0000] {dag.py:3096} INFO - Sync 1 DAGs
[2026-06-09T12:16:44.243+0000] {logging_mixin.py:188} INFO - [2026-06-09T12:16:44.243+0000] {dag.py:3954} INFO - Setting next_dagrun for tp2_pokemon_pipeline to None, run_after=None
[2026-06-09T12:16:44.267+0000] {processor.py:183} INFO - Processing /opt/airflow/dags/dag_tp2_pokemon.py took 0.088 seconds
[2026-06-09T12:17:14.367+0000] {processor.py:161} INFO - Started process (PID=3711) to work on /opt/airflow/dags/dag_tp2_pokemon.py
[2026-06-09T12:17:14.368+0000] {processor.py:830} INFO - Processing file /opt/airflow/dags/dag_tp2_pokemon.py for tasks to queue
[2026-06-09T12:17:14.370+0000] {logging_mixin.py:188} INFO - [2026-06-09T12:17:14.369+0000] {dagbag.py:545} INFO - Filling up the DagBag from /opt/airflow/dags/dag_tp2_pokemon.py
[2026-06-09T12:17:14.388+0000] {processor.py:840} INFO - DAG(s) 'tp2_pokemon_pipeline' retrieved from /opt/airflow/dags/dag_tp2_pokemon.py
[2026-06-09T12:17:14.417+0000] {logging_mixin.py:188} INFO - [2026-06-09T12:17:14.417+0000] {dag.py:3096} INFO - Sync 1 DAGs
[2026-06-09T12:17:14.430+0000] {logging_mixin.py:188} INFO - [2026-06-09T12:17:14.429+0000] {dag.py:3954} INFO - Setting next_dagrun for tp2_pokemon_pipeline to None, run_after=None
[2026-06-09T12:17:14.448+0000] {processor.py:183} INFO - Processing /opt/airflow/dags/dag_tp2_pokemon.py took 0.085 seconds
[2026-06-09T12:17:44.643+0000] {processor.py:161} INFO - Started process (PID=3721) to work on /opt/airflow/dags/dag_tp2_pokemon.py
[2026-06-09T12:17:44.643+0000] {processor.py:830} INFO - Processing file /opt/airflow/dags/dag_tp2_pokemon.py for tasks to queue
[2026-06-09T12:17:44.645+0000] {logging_mixin.py:188} INFO - [2026-06-09T12:17:44.645+0000] {dagbag.py:545} INFO - Filling up the DagBag from /opt/airflow/dags/dag_tp2_pokemon.py
[2026-06-09T12:17:44.665+0000] {processor.py:840} INFO - DAG(s) 'tp2_pokemon_pipeline' retrieved from /opt/airflow/dags/dag_tp2_pokemon.py
[2026-06-09T12:17:44.694+0000] {logging_mixin.py:188} INFO - [2026-06-09T12:17:44.694+0000] {dag.py:3096} INFO - Sync 1 DAGs
[2026-06-09T12:17:44.706+0000] {logging_mixin.py:188} INFO - [2026-06-09T12:17:44.706+0000] {dag.py:3954} INFO - Setting next_dagrun for tp2_pokemon_pipeline to None, run_after=None
[2026-06-09T12:17:44.726+0000] {processor.py:183} INFO - Processing /opt/airflow/dags/dag_tp2_pokemon.py took 0.088 seconds
[2026-06-09T12:18:14.938+0000] {processor.py:161} INFO - Started process (PID=3731) to work on /opt/airflow/dags/dag_tp2_pokemon.py
[2026-06-09T12:18:14.939+0000] {processor.py:830} INFO - Processing file /opt/airflow/dags/dag_tp2_pokemon.py for tasks to queue
[2026-06-09T12:18:14.941+0000] {logging_mixin.py:188} INFO - [2026-06-09T12:18:14.940+0000] {dagbag.py:545} INFO - Filling up the DagBag from /opt/airflow/dags/dag_tp2_pokemon.py
[2026-06-09T12:18:14.959+0000] {processor.py:840} INFO - DAG(s) 'tp2_pokemon_pipeline' retrieved from /opt/airflow/dags/dag_tp2_pokemon.py
[2026-06-09T12:18:14.989+0000] {logging_mixin.py:188} INFO - [2026-06-09T12:18:14.988+0000] {dag.py:3096} INFO - Sync 1 DAGs
[2026-06-09T12:18:15.002+0000] {logging_mixin.py:188} INFO - [2026-06-09T12:18:15.001+0000] {dag.py:3954} INFO - Setting next_dagrun for tp2_pokemon_pipeline to None, run_after=None
[2026-06-09T12:18:15.020+0000] {processor.py:183} INFO - Processing /opt/airflow/dags/dag_tp2_pokemon.py took 0.087 seconds
[2026-06-09T12:18:45.229+0000] {processor.py:161} INFO - Started process (PID=3741) to work on /opt/airflow/dags/dag_tp2_pokemon.py
[2026-06-09T12:18:45.230+0000] {processor.py:830} INFO - Processing file /opt/airflow/dags/dag_tp2_pokemon.py for tasks to queue
[2026-06-09T12:18:45.232+0000] {logging_mixin.py:188} INFO - [2026-06-09T12:18:45.231+0000] {dagbag.py:545} INFO - Filling up the DagBag from /opt/airflow/dags/dag_tp2_pokemon.py
[2026-06-09T12:18:45.251+0000] {processor.py:840} INFO - DAG(s) 'tp2_pokemon_pipeline' retrieved from /opt/airflow/dags/dag_tp2_pokemon.py
[2026-06-09T12:18:45.285+0000] {logging_mixin.py:188} INFO - [2026-06-09T12:18:45.285+0000] {dag.py:3096} INFO - Sync 1 DAGs
[2026-06-09T12:18:45.300+0000] {logging_mixin.py:188} INFO - [2026-06-09T12:18:45.300+0000] {dag.py:3954} INFO - Setting next_dagrun for tp2_pokemon_pipeline to None, run_after=None
[2026-06-09T12:18:45.334+0000] {processor.py:183} INFO - Processing /opt/airflow/dags/dag_tp2_pokemon.py took 0.110 seconds
[2026-06-09T12:19:15.562+0000] {processor.py:161} INFO - Started process (PID=3751) to work on /opt/airflow/dags/dag_tp2_pokemon.py
[2026-06-09T12:19:15.564+0000] {processor.py:830} INFO - Processing file /opt/airflow/dags/dag_tp2_pokemon.py for tasks to queue
[2026-06-09T12:19:15.566+0000] {logging_mixin.py:188} INFO - [2026-06-09T12:19:15.566+0000] {dagbag.py:545} INFO - Filling up the DagBag from /opt/airflow/dags/dag_tp2_pokemon.py
[2026-06-09T12:19:15.589+0000] {processor.py:840} INFO - DAG(s) 'tp2_pokemon_pipeline' retrieved from /opt/airflow/dags/dag_tp2_pokemon.py
[2026-06-09T12:19:15.625+0000] {logging_mixin.py:188} INFO - [2026-06-09T12:19:15.625+0000] {dag.py:3096} INFO - Sync 1 DAGs
[2026-06-09T12:19:15.645+0000] {logging_mixin.py:188} INFO - [2026-06-09T12:19:15.645+0000] {dag.py:3954} INFO - Setting next_dagrun for tp2_pokemon_pipeline to None, run_after=None
[2026-06-09T12:19:15.667+0000] {processor.py:183} INFO - Processing /opt/airflow/dags/dag_tp2_pokemon.py took 0.111 seconds
[2026-06-09T12:19:45.888+0000] {processor.py:161} INFO - Started process (PID=3761) to work on /opt/airflow/dags/dag_tp2_pokemon.py
[2026-06-09T12:19:45.889+0000] {processor.py:830} INFO - Processing file /opt/airflow/dags/dag_tp2_pokemon.py for tasks to queue
[2026-06-09T12:19:45.891+0000] {logging_mixin.py:188} INFO - [2026-06-09T12:19:45.891+0000] {dagbag.py:545} INFO - Filling up the DagBag from /opt/airflow/dags/dag_tp2_pokemon.py
[2026-06-09T12:19:45.913+0000] {processor.py:840} INFO - DAG(s) 'tp2_pokemon_pipeline' retrieved from /opt/airflow/dags/dag_tp2_pokemon.py
[2026-06-09T12:19:45.947+0000] {logging_mixin.py:188} INFO - [2026-06-09T12:19:45.947+0000] {dag.py:3096} INFO - Sync 1 DAGs
[2026-06-09T12:19:45.960+0000] {logging_mixin.py:188} INFO - [2026-06-09T12:19:45.960+0000] {dag.py:3954} INFO - Setting next_dagrun for tp2_pokemon_pipeline to None, run_after=None
[2026-06-09T12:19:46.012+0000] {processor.py:183} INFO - Processing /opt/airflow/dags/dag_tp2_pokemon.py took 0.131 seconds
[2026-06-09T12:20:16.251+0000] {processor.py:161} INFO - Started process (PID=3771) to work on /opt/airflow/dags/dag_tp2_pokemon.py
[2026-06-09T12:20:16.252+0000] {processor.py:830} INFO - Processing file /opt/airflow/dags/dag_tp2_pokemon.py for tasks to queue
[2026-06-09T12:20:16.254+0000] {logging_mixin.py:188} INFO - [2026-06-09T12:20:16.254+0000] {dagbag.py:545} INFO - Filling up the DagBag from /opt/airflow/dags/dag_tp2_pokemon.py
[2026-06-09T12:20:16.278+0000] {processor.py:840} INFO - DAG(s) 'tp2_pokemon_pipeline' retrieved from /opt/airflow/dags/dag_tp2_pokemon.py
[2026-06-09T12:20:16.321+0000] {logging_mixin.py:188} INFO - [2026-06-09T12:20:16.320+0000] {dag.py:3096} INFO - Sync 1 DAGs
[2026-06-09T12:20:16.338+0000] {logging_mixin.py:188} INFO - [2026-06-09T12:20:16.337+0000] {dag.py:3954} INFO - Setting next_dagrun for tp2_pokemon_pipeline to None, run_after=None
[2026-06-09T12:20:16.363+0000] {processor.py:183} INFO - Processing /opt/airflow/dags/dag_tp2_pokemon.py took 0.119 seconds
[2026-06-09T12:20:46.457+0000] {processor.py:161} INFO - Started process (PID=3781) to work on /opt/airflow/dags/dag_tp2_pokemon.py
[2026-06-09T12:20:46.458+0000] {processor.py:830} INFO - Processing file /opt/airflow/dags/dag_tp2_pokemon.py for tasks to queue
[2026-06-09T12:20:46.459+0000] {logging_mixin.py:188} INFO - [2026-06-09T12:20:46.459+0000] {dagbag.py:545} INFO - Filling up the DagBag from /opt/airflow/dags/dag_tp2_pokemon.py
[2026-06-09T12:20:46.479+0000] {processor.py:840} INFO - DAG(s) 'tp2_pokemon_pipeline' retrieved from /opt/airflow/dags/dag_tp2_pokemon.py
[2026-06-09T12:20:46.519+0000] {logging_mixin.py:188} INFO - [2026-06-09T12:20:46.519+0000] {dag.py:3096} INFO - Sync 1 DAGs
[2026-06-09T12:20:46.532+0000] {logging_mixin.py:188} INFO - [2026-06-09T12:20:46.531+0000] {dag.py:3954} INFO - Setting next_dagrun for tp2_pokemon_pipeline to None, run_after=None
[2026-06-09T12:20:46.553+0000] {processor.py:183} INFO - Processing /opt/airflow/dags/dag_tp2_pokemon.py took 0.101 seconds
[2026-06-09T12:21:16.820+0000] {processor.py:161} INFO - Started process (PID=3791) to work on /opt/airflow/dags/dag_tp2_pokemon.py
[2026-06-09T12:21:16.821+0000] {processor.py:830} INFO - Processing file /opt/airflow/dags/dag_tp2_pokemon.py for tasks to queue
[2026-06-09T12:21:16.822+0000] {logging_mixin.py:188} INFO - [2026-06-09T12:21:16.822+0000] {dagbag.py:545} INFO - Filling up the DagBag from /opt/airflow/dags/dag_tp2_pokemon.py
[2026-06-09T12:21:16.842+0000] {processor.py:840} INFO - DAG(s) 'tp2_pokemon_pipeline' retrieved from /opt/airflow/dags/dag_tp2_pokemon.py
[2026-06-09T12:21:16.876+0000] {logging_mixin.py:188} INFO - [2026-06-09T12:21:16.875+0000] {dag.py:3096} INFO - Sync 1 DAGs
[2026-06-09T12:21:16.890+0000] {logging_mixin.py:188} INFO - [2026-06-09T12:21:16.890+0000] {dag.py:3954} INFO - Setting next_dagrun for tp2_pokemon_pipeline to None, run_after=None
[2026-06-09T12:21:16.913+0000] {processor.py:183} INFO - Processing /opt/airflow/dags/dag_tp2_pokemon.py took 0.098 seconds
[2026-06-09T12:21:47.132+0000] {processor.py:161} INFO - Started process (PID=3801) to work on /opt/airflow/dags/dag_tp2_pokemon.py
[2026-06-09T12:21:47.134+0000] {processor.py:830} INFO - Processing file /opt/airflow/dags/dag_tp2_pokemon.py for tasks to queue
[2026-06-09T12:21:47.136+0000] {logging_mixin.py:188} INFO - [2026-06-09T12:21:47.136+0000] {dagbag.py:545} INFO - Filling up the DagBag from /opt/airflow/dags/dag_tp2_pokemon.py
[2026-06-09T12:21:47.157+0000] {processor.py:840} INFO - DAG(s) 'tp2_pokemon_pipeline' retrieved from /opt/airflow/dags/dag_tp2_pokemon.py
[2026-06-09T12:21:47.188+0000] {logging_mixin.py:188} INFO - [2026-06-09T12:21:47.188+0000] {dag.py:3096} INFO - Sync 1 DAGs
[2026-06-09T12:21:47.201+0000] {logging_mixin.py:188} INFO - [2026-06-09T12:21:47.201+0000] {dag.py:3954} INFO - Setting next_dagrun for tp2_pokemon_pipeline to None, run_after=None
[2026-06-09T12:21:47.225+0000] {processor.py:183} INFO - Processing /opt/airflow/dags/dag_tp2_pokemon.py took 0.099 seconds
[2026-06-09T12:22:17.347+0000] {processor.py:161} INFO - Started process (PID=3811) to work on /opt/airflow/dags/dag_tp2_pokemon.py
[2026-06-09T12:22:17.348+0000] {processor.py:830} INFO - Processing file /opt/airflow/dags/dag_tp2_pokemon.py for tasks to queue
[2026-06-09T12:22:17.350+0000] {logging_mixin.py:188} INFO - [2026-06-09T12:22:17.350+0000] {dagbag.py:545} INFO - Filling up the DagBag from /opt/airflow/dags/dag_tp2_pokemon.py
[2026-06-09T12:22:17.370+0000] {processor.py:840} INFO - DAG(s) 'tp2_pokemon_pipeline' retrieved from /opt/airflow/dags/dag_tp2_pokemon.py
[2026-06-09T12:22:17.402+0000] {logging_mixin.py:188} INFO - [2026-06-09T12:22:17.402+0000] {dag.py:3096} INFO - Sync 1 DAGs
[2026-06-09T12:22:17.415+0000] {logging_mixin.py:188} INFO - [2026-06-09T12:22:17.415+0000] {dag.py:3954} INFO - Setting next_dagrun for tp2_pokemon_pipeline to None, run_after=None
[2026-06-09T12:22:17.435+0000] {processor.py:183} INFO - Processing /opt/airflow/dags/dag_tp2_pokemon.py took 0.094 seconds
[2026-06-09T12:22:47.583+0000] {processor.py:161} INFO - Started process (PID=3821) to work on /opt/airflow/dags/dag_tp2_pokemon.py
[2026-06-09T12:22:47.584+0000] {processor.py:830} INFO - Processing file /opt/airflow/dags/dag_tp2_pokemon.py for tasks to queue
[2026-06-09T12:22:47.586+0000] {logging_mixin.py:188} INFO - [2026-06-09T12:22:47.586+0000] {dagbag.py:545} INFO - Filling up the DagBag from /opt/airflow/dags/dag_tp2_pokemon.py
[2026-06-09T12:22:47.606+0000] {processor.py:840} INFO - DAG(s) 'tp2_pokemon_pipeline' retrieved from /opt/airflow/dags/dag_tp2_pokemon.py
[2026-06-09T12:22:47.646+0000] {logging_mixin.py:188} INFO - [2026-06-09T12:22:47.646+0000] {dag.py:3096} INFO - Sync 1 DAGs
[2026-06-09T12:22:47.660+0000] {logging_mixin.py:188} INFO - [2026-06-09T12:22:47.659+0000] {dag.py:3954} INFO - Setting next_dagrun for tp2_pokemon_pipeline to None, run_after=None
[2026-06-09T12:22:47.679+0000] {processor.py:183} INFO - Processing /opt/airflow/dags/dag_tp2_pokemon.py took 0.101 seconds
[2026-06-09T12:23:17.883+0000] {processor.py:161} INFO - Started process (PID=3831) to work on /opt/airflow/dags/dag_tp2_pokemon.py
[2026-06-09T12:23:17.884+0000] {processor.py:830} INFO - Processing file /opt/airflow/dags/dag_tp2_pokemon.py for tasks to queue
[2026-06-09T12:23:17.885+0000] {logging_mixin.py:188} INFO - [2026-06-09T12:23:17.885+0000] {dagbag.py:545} INFO - Filling up the DagBag from /opt/airflow/dags/dag_tp2_pokemon.py
[2026-06-09T12:23:17.904+0000] {processor.py:840} INFO - DAG(s) 'tp2_pokemon_pipeline' retrieved from /opt/airflow/dags/dag_tp2_pokemon.py
[2026-06-09T12:23:17.936+0000] {logging_mixin.py:188} INFO - [2026-06-09T12:23:17.936+0000] {dag.py:3096} INFO - Sync 1 DAGs
[2026-06-09T12:23:17.949+0000] {logging_mixin.py:188} INFO - [2026-06-09T12:23:17.948+0000] {dag.py:3954} INFO - Setting next_dagrun for tp2_pokemon_pipeline to None, run_after=None
[2026-06-09T12:23:17.969+0000] {processor.py:183} INFO - Processing /opt/airflow/dags/dag_tp2_pokemon.py took 0.091 seconds
[2026-06-09T12:23:48.184+0000] {processor.py:161} INFO - Started process (PID=3841) to work on /opt/airflow/dags/dag_tp2_pokemon.py
[2026-06-09T12:23:48.185+0000] {processor.py:830} INFO - Processing file /opt/airflow/dags/dag_tp2_pokemon.py for tasks to queue
[2026-06-09T12:23:48.187+0000] {logging_mixin.py:188} INFO - [2026-06-09T12:23:48.187+0000] {dagbag.py:545} INFO - Filling up the DagBag from /opt/airflow/dags/dag_tp2_pokemon.py
[2026-06-09T12:23:48.206+0000] {processor.py:840} INFO - DAG(s) 'tp2_pokemon_pipeline' retrieved from /opt/airflow/dags/dag_tp2_pokemon.py
[2026-06-09T12:23:48.237+0000] {logging_mixin.py:188} INFO - [2026-06-09T12:23:48.237+0000] {dag.py:3096} INFO - Sync 1 DAGs
[2026-06-09T12:23:48.250+0000] {logging_mixin.py:188} INFO - [2026-06-09T12:23:48.249+0000] {dag.py:3954} INFO - Setting next_dagrun for tp2_pokemon_pipeline to None, run_after=None
[2026-06-09T12:23:48.270+0000] {processor.py:183} INFO - Processing /opt/airflow/dags/dag_tp2_pokemon.py took 0.092 seconds
[2026-06-09T12:24:18.471+0000] {processor.py:161} INFO - Started process (PID=3851) to work on /opt/airflow/dags/dag_tp2_pokemon.py
[2026-06-09T12:24:18.472+0000] {processor.py:830} INFO - Processing file /opt/airflow/dags/dag_tp2_pokemon.py for tasks to queue
[2026-06-09T12:24:18.473+0000] {logging_mixin.py:188} INFO - [2026-06-09T12:24:18.473+0000] {dagbag.py:545} INFO - Filling up the DagBag from /opt/airflow/dags/dag_tp2_pokemon.py
[2026-06-09T12:24:18.492+0000] {processor.py:840} INFO - DAG(s) 'tp2_pokemon_pipeline' retrieved from /opt/airflow/dags/dag_tp2_pokemon.py
[2026-06-09T12:24:18.521+0000] {logging_mixin.py:188} INFO - [2026-06-09T12:24:18.521+0000] {dag.py:3096} INFO - Sync 1 DAGs
[2026-06-09T12:24:18.533+0000] {logging_mixin.py:188} INFO - [2026-06-09T12:24:18.532+0000] {dag.py:3954} INFO - Setting next_dagrun for tp2_pokemon_pipeline to None, run_after=None
[2026-06-09T12:24:18.554+0000] {processor.py:183} INFO - Processing /opt/airflow/dags/dag_tp2_pokemon.py took 0.088 seconds
[2026-06-09T12:24:48.661+0000] {processor.py:161} INFO - Started process (PID=3861) to work on /opt/airflow/dags/dag_tp2_pokemon.py
[2026-06-09T12:24:48.662+0000] {processor.py:830} INFO - Processing file /opt/airflow/dags/dag_tp2_pokemon.py for tasks to queue
[2026-06-09T12:24:48.664+0000] {logging_mixin.py:188} INFO - [2026-06-09T12:24:48.664+0000] {dagbag.py:545} INFO - Filling up the DagBag from /opt/airflow/dags/dag_tp2_pokemon.py
[2026-06-09T12:24:48.686+0000] {processor.py:840} INFO - DAG(s) 'tp2_pokemon_pipeline' retrieved from /opt/airflow/dags/dag_tp2_pokemon.py
[2026-06-09T12:24:48.719+0000] {logging_mixin.py:188} INFO - [2026-06-09T12:24:48.719+0000] {dag.py:3096} INFO - Sync 1 DAGs
[2026-06-09T12:24:48.731+0000] {logging_mixin.py:188} INFO - [2026-06-09T12:24:48.731+0000] {dag.py:3954} INFO - Setting next_dagrun for tp2_pokemon_pipeline to None, run_after=None
[2026-06-09T12:24:48.752+0000] {processor.py:183} INFO - Processing /opt/airflow/dags/dag_tp2_pokemon.py took 0.097 seconds
[2026-06-09T12:25:18.960+0000] {processor.py:161} INFO - Started process (PID=3871) to work on /opt/airflow/dags/dag_tp2_pokemon.py
[2026-06-09T12:25:18.961+0000] {processor.py:830} INFO - Processing file /opt/airflow/dags/dag_tp2_pokemon.py for tasks to queue
[2026-06-09T12:25:18.963+0000] {logging_mixin.py:188} INFO - [2026-06-09T12:25:18.963+0000] {dagbag.py:545} INFO - Filling up the DagBag from /opt/airflow/dags/dag_tp2_pokemon.py
[2026-06-09T12:25:18.984+0000] {processor.py:840} INFO - DAG(s) 'tp2_pokemon_pipeline' retrieved from /opt/airflow/dags/dag_tp2_pokemon.py
[2026-06-09T12:25:19.019+0000] {logging_mixin.py:188} INFO - [2026-06-09T12:25:19.019+0000] {dag.py:3096} INFO - Sync 1 DAGs
[2026-06-09T12:25:19.034+0000] {logging_mixin.py:188} INFO - [2026-06-09T12:25:19.033+0000] {dag.py:3954} INFO - Setting next_dagrun for tp2_pokemon_pipeline to None, run_after=None
[2026-06-09T12:25:19.054+0000] {processor.py:183} INFO - Processing /opt/airflow/dags/dag_tp2_pokemon.py took 0.100 seconds
[2026-06-09T12:25:49.266+0000] {processor.py:161} INFO - Started process (PID=3881) to work on /opt/airflow/dags/dag_tp2_pokemon.py
[2026-06-09T12:25:49.267+0000] {processor.py:830} INFO - Processing file /opt/airflow/dags/dag_tp2_pokemon.py for tasks to queue
[2026-06-09T12:25:49.269+0000] {logging_mixin.py:188} INFO - [2026-06-09T12:25:49.269+0000] {dagbag.py:545} INFO - Filling up the DagBag from /opt/airflow/dags/dag_tp2_pokemon.py
[2026-06-09T12:25:49.292+0000] {processor.py:840} INFO - DAG(s) 'tp2_pokemon_pipeline' retrieved from /opt/airflow/dags/dag_tp2_pokemon.py
[2026-06-09T12:25:49.324+0000] {logging_mixin.py:188} INFO - [2026-06-09T12:25:49.324+0000] {dag.py:3096} INFO - Sync 1 DAGs
[2026-06-09T12:25:49.336+0000] {logging_mixin.py:188} INFO - [2026-06-09T12:25:49.336+0000] {dag.py:3954} INFO - Setting next_dagrun for tp2_pokemon_pipeline to None, run_after=None
[2026-06-09T12:25:49.354+0000] {processor.py:183} INFO - Processing /opt/airflow/dags/dag_tp2_pokemon.py took 0.092 seconds
[2026-06-09T12:26:19.582+0000] {processor.py:161} INFO - Started process (PID=3891) to work on /opt/airflow/dags/dag_tp2_pokemon.py
[2026-06-09T12:26:19.583+0000] {processor.py:830} INFO - Processing file /opt/airflow/dags/dag_tp2_pokemon.py for tasks to queue
[2026-06-09T12:26:19.584+0000] {logging_mixin.py:188} INFO - [2026-06-09T12:26:19.584+0000] {dagbag.py:545} INFO - Filling up the DagBag from /opt/airflow/dags/dag_tp2_pokemon.py
[2026-06-09T12:26:19.602+0000] {processor.py:840} INFO - DAG(s) 'tp2_pokemon_pipeline' retrieved from /opt/airflow/dags/dag_tp2_pokemon.py
[2026-06-09T12:26:19.629+0000] {logging_mixin.py:188} INFO - [2026-06-09T12:26:19.629+0000] {dag.py:3096} INFO - Sync 1 DAGs
[2026-06-09T12:26:19.641+0000] {logging_mixin.py:188} INFO - [2026-06-09T12:26:19.640+0000] {dag.py:3954} INFO - Setting next_dagrun for tp2_pokemon_pipeline to None, run_after=None
[2026-06-09T12:26:19.657+0000] {processor.py:183} INFO - Processing /opt/airflow/dags/dag_tp2_pokemon.py took 0.080 seconds
[2026-06-09T12:26:49.863+0000] {processor.py:161} INFO - Started process (PID=3901) to work on /opt/airflow/dags/dag_tp2_pokemon.py
[2026-06-09T12:26:49.864+0000] {processor.py:830} INFO - Processing file /opt/airflow/dags/dag_tp2_pokemon.py for tasks to queue
[2026-06-09T12:26:49.866+0000] {logging_mixin.py:188} INFO - [2026-06-09T12:26:49.865+0000] {dagbag.py:545} INFO - Filling up the DagBag from /opt/airflow/dags/dag_tp2_pokemon.py
[2026-06-09T12:26:49.886+0000] {processor.py:840} INFO - DAG(s) 'tp2_pokemon_pipeline' retrieved from /opt/airflow/dags/dag_tp2_pokemon.py
[2026-06-09T12:26:49.919+0000] {logging_mixin.py:188} INFO - [2026-06-09T12:26:49.919+0000] {dag.py:3096} INFO - Sync 1 DAGs
[2026-06-09T12:26:49.932+0000] {logging_mixin.py:188} INFO - [2026-06-09T12:26:49.932+0000] {dag.py:3954} INFO - Setting next_dagrun for tp2_pokemon_pipeline to None, run_after=None
[2026-06-09T12:26:49.952+0000] {processor.py:183} INFO - Processing /opt/airflow/dags/dag_tp2_pokemon.py took 0.094 seconds
[2026-06-09T12:27:20.274+0000] {processor.py:161} INFO - Started process (PID=3911) to work on /opt/airflow/dags/dag_tp2_pokemon.py
[2026-06-09T12:27:20.276+0000] {processor.py:830} INFO - Processing file /opt/airflow/dags/dag_tp2_pokemon.py for tasks to queue
[2026-06-09T12:27:20.285+0000] {logging_mixin.py:188} INFO - [2026-06-09T12:27:20.285+0000] {dagbag.py:545} INFO - Filling up the DagBag from /opt/airflow/dags/dag_tp2_pokemon.py
[2026-06-09T12:27:20.350+0000] {processor.py:840} INFO - DAG(s) 'tp2_pokemon_pipeline' retrieved from /opt/airflow/dags/dag_tp2_pokemon.py
[2026-06-09T12:27:20.424+0000] {logging_mixin.py:188} INFO - [2026-06-09T12:27:20.424+0000] {dag.py:3096} INFO - Sync 1 DAGs
[2026-06-09T12:27:20.459+0000] {logging_mixin.py:188} INFO - [2026-06-09T12:27:20.459+0000] {dag.py:3954} INFO - Setting next_dagrun for tp2_pokemon_pipeline to None, run_after=None
[2026-06-09T12:27:20.510+0000] {processor.py:183} INFO - Processing /opt/airflow/dags/dag_tp2_pokemon.py took 0.253 seconds
[2026-06-09T12:27:50.626+0000] {processor.py:161} INFO - Started process (PID=3921) to work on /opt/airflow/dags/dag_tp2_pokemon.py
[2026-06-09T12:27:50.626+0000] {processor.py:830} INFO - Processing file /opt/airflow/dags/dag_tp2_pokemon.py for tasks to queue
[2026-06-09T12:27:50.628+0000] {logging_mixin.py:188} INFO - [2026-06-09T12:27:50.628+0000] {dagbag.py:545} INFO - Filling up the DagBag from /opt/airflow/dags/dag_tp2_pokemon.py
[2026-06-09T12:27:50.651+0000] {processor.py:840} INFO - DAG(s) 'tp2_pokemon_pipeline' retrieved from /opt/airflow/dags/dag_tp2_pokemon.py
[2026-06-09T12:27:50.687+0000] {logging_mixin.py:188} INFO - [2026-06-09T12:27:50.687+0000] {dag.py:3096} INFO - Sync 1 DAGs
[2026-06-09T12:27:50.703+0000] {logging_mixin.py:188} INFO - [2026-06-09T12:27:50.703+0000] {dag.py:3954} INFO - Setting next_dagrun for tp2_pokemon_pipeline to None, run_after=None
[2026-06-09T12:27:50.727+0000] {processor.py:183} INFO - Processing /opt/airflow/dags/dag_tp2_pokemon.py took 0.107 seconds
[2026-06-09T12:28:20.950+0000] {processor.py:161} INFO - Started process (PID=3931) to work on /opt/airflow/dags/dag_tp2_pokemon.py
[2026-06-09T12:28:20.951+0000] {processor.py:830} INFO - Processing file /opt/airflow/dags/dag_tp2_pokemon.py for tasks to queue
[2026-06-09T12:28:20.952+0000] {logging_mixin.py:188} INFO - [2026-06-09T12:28:20.952+0000] {dagbag.py:545} INFO - Filling up the DagBag from /opt/airflow/dags/dag_tp2_pokemon.py
[2026-06-09T12:28:20.973+0000] {processor.py:840} INFO - DAG(s) 'tp2_pokemon_pipeline' retrieved from /opt/airflow/dags/dag_tp2_pokemon.py
[2026-06-09T12:28:21.006+0000] {logging_mixin.py:188} INFO - [2026-06-09T12:28:21.005+0000] {dag.py:3096} INFO - Sync 1 DAGs
[2026-06-09T12:28:21.019+0000] {logging_mixin.py:188} INFO - [2026-06-09T12:28:21.019+0000] {dag.py:3954} INFO - Setting next_dagrun for tp2_pokemon_pipeline to None, run_after=None
[2026-06-09T12:28:21.039+0000] {processor.py:183} INFO - Processing /opt/airflow/dags/dag_tp2_pokemon.py took 0.094 seconds
[2026-06-09T12:28:51.258+0000] {processor.py:161} INFO - Started process (PID=3941) to work on /opt/airflow/dags/dag_tp2_pokemon.py
[2026-06-09T12:28:51.259+0000] {processor.py:830} INFO - Processing file /opt/airflow/dags/dag_tp2_pokemon.py for tasks to queue
[2026-06-09T12:28:51.261+0000] {logging_mixin.py:188} INFO - [2026-06-09T12:28:51.261+0000] {dagbag.py:545} INFO - Filling up the DagBag from /opt/airflow/dags/dag_tp2_pokemon.py
[2026-06-09T12:28:51.282+0000] {processor.py:840} INFO - DAG(s) 'tp2_pokemon_pipeline' retrieved from /opt/airflow/dags/dag_tp2_pokemon.py
[2026-06-09T12:28:51.313+0000] {logging_mixin.py:188} INFO - [2026-06-09T12:28:51.312+0000] {dag.py:3096} INFO - Sync 1 DAGs
[2026-06-09T12:28:51.325+0000] {logging_mixin.py:188} INFO - [2026-06-09T12:28:51.325+0000] {dag.py:3954} INFO - Setting next_dagrun for tp2_pokemon_pipeline to None, run_after=None
[2026-06-09T12:28:51.347+0000] {processor.py:183} INFO - Processing /opt/airflow/dags/dag_tp2_pokemon.py took 0.094 seconds
[2026-06-09T12:29:21.460+0000] {processor.py:161} INFO - Started process (PID=3951) to work on /opt/airflow/dags/dag_tp2_pokemon.py
[2026-06-09T12:29:21.461+0000] {processor.py:830} INFO - Processing file /opt/airflow/dags/dag_tp2_pokemon.py for tasks to queue
[2026-06-09T12:29:21.463+0000] {logging_mixin.py:188} INFO - [2026-06-09T12:29:21.463+0000] {dagbag.py:545} INFO - Filling up the DagBag from /opt/airflow/dags/dag_tp2_pokemon.py
[2026-06-09T12:29:21.483+0000] {processor.py:840} INFO - DAG(s) 'tp2_pokemon_pipeline' retrieved from /opt/airflow/dags/dag_tp2_pokemon.py
[2026-06-09T12:29:21.516+0000] {logging_mixin.py:188} INFO - [2026-06-09T12:29:21.515+0000] {dag.py:3096} INFO - Sync 1 DAGs
[2026-06-09T12:29:21.529+0000] {logging_mixin.py:188} INFO - [2026-06-09T12:29:21.529+0000] {dag.py:3954} INFO - Setting next_dagrun for tp2_pokemon_pipeline to None, run_after=None
[2026-06-09T12:29:21.549+0000] {processor.py:183} INFO - Processing /opt/airflow/dags/dag_tp2_pokemon.py took 0.094 seconds
[2026-06-09T12:29:51.804+0000] {processor.py:161} INFO - Started process (PID=3961) to work on /opt/airflow/dags/dag_tp2_pokemon.py
[2026-06-09T12:29:51.805+0000] {processor.py:830} INFO - Processing file /opt/airflow/dags/dag_tp2_pokemon.py for tasks to queue
[2026-06-09T12:29:51.807+0000] {logging_mixin.py:188} INFO - [2026-06-09T12:29:51.807+0000] {dagbag.py:545} INFO - Filling up the DagBag from /opt/airflow/dags/dag_tp2_pokemon.py
[2026-06-09T12:29:51.832+0000] {processor.py:840} INFO - DAG(s) 'tp2_pokemon_pipeline' retrieved from /opt/airflow/dags/dag_tp2_pokemon.py
[2026-06-09T12:29:51.870+0000] {logging_mixin.py:188} INFO - [2026-06-09T12:29:51.870+0000] {dag.py:3096} INFO - Sync 1 DAGs
[2026-06-09T12:29:51.888+0000] {logging_mixin.py:188} INFO - [2026-06-09T12:29:51.887+0000] {dag.py:3954} INFO - Setting next_dagrun for tp2_pokemon_pipeline to None, run_after=None
[2026-06-09T12:29:51.921+0000] {processor.py:183} INFO - Processing /opt/airflow/dags/dag_tp2_pokemon.py took 0.122 seconds
[2026-06-09T12:30:22.004+0000] {processor.py:161} INFO - Started process (PID=3971) to work on /opt/airflow/dags/dag_tp2_pokemon.py
[2026-06-09T12:30:22.005+0000] {processor.py:830} INFO - Processing file /opt/airflow/dags/dag_tp2_pokemon.py for tasks to queue
[2026-06-09T12:30:22.007+0000] {logging_mixin.py:188} INFO - [2026-06-09T12:30:22.007+0000] {dagbag.py:545} INFO - Filling up the DagBag from /opt/airflow/dags/dag_tp2_pokemon.py
[2026-06-09T12:30:22.027+0000] {processor.py:840} INFO - DAG(s) 'tp2_pokemon_pipeline' retrieved from /opt/airflow/dags/dag_tp2_pokemon.py
[2026-06-09T12:30:22.059+0000] {logging_mixin.py:188} INFO - [2026-06-09T12:30:22.059+0000] {dag.py:3096} INFO - Sync 1 DAGs
[2026-06-09T12:30:22.071+0000] {logging_mixin.py:188} INFO - [2026-06-09T12:30:22.071+0000] {dag.py:3954} INFO - Setting next_dagrun for tp2_pokemon_pipeline to None, run_after=None
[2026-06-09T12:30:22.091+0000] {processor.py:183} INFO - Processing /opt/airflow/dags/dag_tp2_pokemon.py took 0.092 seconds
[2026-06-09T12:30:52.297+0000] {processor.py:161} INFO - Started process (PID=3981) to work on /opt/airflow/dags/dag_tp2_pokemon.py
[2026-06-09T12:30:52.297+0000] {processor.py:830} INFO - Processing file /opt/airflow/dags/dag_tp2_pokemon.py for tasks to queue
[2026-06-09T12:30:52.299+0000] {logging_mixin.py:188} INFO - [2026-06-09T12:30:52.299+0000] {dagbag.py:545} INFO - Filling up the DagBag from /opt/airflow/dags/dag_tp2_pokemon.py
[2026-06-09T12:30:52.318+0000] {processor.py:840} INFO - DAG(s) 'tp2_pokemon_pipeline' retrieved from /opt/airflow/dags/dag_tp2_pokemon.py
[2026-06-09T12:30:52.350+0000] {logging_mixin.py:188} INFO - [2026-06-09T12:30:52.350+0000] {dag.py:3096} INFO - Sync 1 DAGs
[2026-06-09T12:30:52.363+0000] {logging_mixin.py:188} INFO - [2026-06-09T12:30:52.363+0000] {dag.py:3954} INFO - Setting next_dagrun for tp2_pokemon_pipeline to None, run_after=None
[2026-06-09T12:30:52.383+0000] {processor.py:183} INFO - Processing /opt/airflow/dags/dag_tp2_pokemon.py took 0.091 seconds
[2026-06-09T12:31:22.639+0000] {processor.py:161} INFO - Started process (PID=3991) to work on /opt/airflow/dags/dag_tp2_pokemon.py
[2026-06-09T12:31:22.640+0000] {processor.py:830} INFO - Processing file /opt/airflow/dags/dag_tp2_pokemon.py for tasks to queue
[2026-06-09T12:31:22.642+0000] {logging_mixin.py:188} INFO - [2026-06-09T12:31:22.641+0000] {dagbag.py:545} INFO - Filling up the DagBag from /opt/airflow/dags/dag_tp2_pokemon.py
[2026-06-09T12:31:22.663+0000] {processor.py:840} INFO - DAG(s) 'tp2_pokemon_pipeline' retrieved from /opt/airflow/dags/dag_tp2_pokemon.py
[2026-06-09T12:31:22.695+0000] {logging_mixin.py:188} INFO - [2026-06-09T12:31:22.695+0000] {dag.py:3096} INFO - Sync 1 DAGs
[2026-06-09T12:31:22.708+0000] {logging_mixin.py:188} INFO - [2026-06-09T12:31:22.708+0000] {dag.py:3954} INFO - Setting next_dagrun for tp2_pokemon_pipeline to None, run_after=None
[2026-06-09T12:31:22.728+0000] {processor.py:183} INFO - Processing /opt/airflow/dags/dag_tp2_pokemon.py took 0.093 seconds
[2026-06-09T12:31:52.938+0000] {processor.py:161} INFO - Started process (PID=4001) to work on /opt/airflow/dags/dag_tp2_pokemon.py
[2026-06-09T12:31:52.939+0000] {processor.py:830} INFO - Processing file /opt/airflow/dags/dag_tp2_pokemon.py for tasks to queue
[2026-06-09T12:31:52.941+0000] {logging_mixin.py:188} INFO - [2026-06-09T12:31:52.941+0000] {dagbag.py:545} INFO - Filling up the DagBag from /opt/airflow/dags/dag_tp2_pokemon.py
[2026-06-09T12:31:52.963+0000] {processor.py:840} INFO - DAG(s) 'tp2_pokemon_pipeline' retrieved from /opt/airflow/dags/dag_tp2_pokemon.py
[2026-06-09T12:31:52.995+0000] {logging_mixin.py:188} INFO - [2026-06-09T12:31:52.995+0000] {dag.py:3096} INFO - Sync 1 DAGs
[2026-06-09T12:31:53.007+0000] {logging_mixin.py:188} INFO - [2026-06-09T12:31:53.007+0000] {dag.py:3954} INFO - Setting next_dagrun for tp2_pokemon_pipeline to None, run_after=None
[2026-06-09T12:31:53.027+0000] {processor.py:183} INFO - Processing /opt/airflow/dags/dag_tp2_pokemon.py took 0.094 seconds
[2026-06-09T12:32:23.241+0000] {processor.py:161} INFO - Started process (PID=4011) to work on /opt/airflow/dags/dag_tp2_pokemon.py
[2026-06-09T12:32:23.241+0000] {processor.py:830} INFO - Processing file /opt/airflow/dags/dag_tp2_pokemon.py for tasks to queue
[2026-06-09T12:32:23.243+0000] {logging_mixin.py:188} INFO - [2026-06-09T12:32:23.243+0000] {dagbag.py:545} INFO - Filling up the DagBag from /opt/airflow/dags/dag_tp2_pokemon.py
[2026-06-09T12:32:23.262+0000] {processor.py:840} INFO - DAG(s) 'tp2_pokemon_pipeline' retrieved from /opt/airflow/dags/dag_tp2_pokemon.py
[2026-06-09T12:32:23.296+0000] {logging_mixin.py:188} INFO - [2026-06-09T12:32:23.295+0000] {dag.py:3096} INFO - Sync 1 DAGs
[2026-06-09T12:32:23.309+0000] {logging_mixin.py:188} INFO - [2026-06-09T12:32:23.309+0000] {dag.py:3954} INFO - Setting next_dagrun for tp2_pokemon_pipeline to None, run_after=None
[2026-06-09T12:32:23.330+0000] {processor.py:183} INFO - Processing /opt/airflow/dags/dag_tp2_pokemon.py took 0.094 seconds
[2026-06-09T12:32:53.538+0000] {processor.py:161} INFO - Started process (PID=4021) to work on /opt/airflow/dags/dag_tp2_pokemon.py
[2026-06-09T12:32:53.539+0000] {processor.py:830} INFO - Processing file /opt/airflow/dags/dag_tp2_pokemon.py for tasks to queue
[2026-06-09T12:32:53.541+0000] {logging_mixin.py:188} INFO - [2026-06-09T12:32:53.541+0000] {dagbag.py:545} INFO - Filling up the DagBag from /opt/airflow/dags/dag_tp2_pokemon.py
[2026-06-09T12:32:53.562+0000] {processor.py:840} INFO - DAG(s) 'tp2_pokemon_pipeline' retrieved from /opt/airflow/dags/dag_tp2_pokemon.py
[2026-06-09T12:32:53.594+0000] {logging_mixin.py:188} INFO - [2026-06-09T12:32:53.593+0000] {dag.py:3096} INFO - Sync 1 DAGs
[2026-06-09T12:32:53.606+0000] {logging_mixin.py:188} INFO - [2026-06-09T12:32:53.606+0000] {dag.py:3954} INFO - Setting next_dagrun for tp2_pokemon_pipeline to None, run_after=None
[2026-06-09T12:32:53.625+0000] {processor.py:183} INFO - Processing /opt/airflow/dags/dag_tp2_pokemon.py took 0.094 seconds
[2026-06-09T12:33:23.837+0000] {processor.py:161} INFO - Started process (PID=4031) to work on /opt/airflow/dags/dag_tp2_pokemon.py
[2026-06-09T12:33:23.838+0000] {processor.py:830} INFO - Processing file /opt/airflow/dags/dag_tp2_pokemon.py for tasks to queue
[2026-06-09T12:33:23.839+0000] {logging_mixin.py:188} INFO - [2026-06-09T12:33:23.839+0000] {dagbag.py:545} INFO - Filling up the DagBag from /opt/airflow/dags/dag_tp2_pokemon.py
[2026-06-09T12:33:23.858+0000] {processor.py:840} INFO - DAG(s) 'tp2_pokemon_pipeline' retrieved from /opt/airflow/dags/dag_tp2_pokemon.py
[2026-06-09T12:33:23.889+0000] {logging_mixin.py:188} INFO - [2026-06-09T12:33:23.888+0000] {dag.py:3096} INFO - Sync 1 DAGs
[2026-06-09T12:33:23.901+0000] {logging_mixin.py:188} INFO - [2026-06-09T12:33:23.901+0000] {dag.py:3954} INFO - Setting next_dagrun for tp2_pokemon_pipeline to None, run_after=None
[2026-06-09T12:33:23.919+0000] {processor.py:183} INFO - Processing /opt/airflow/dags/dag_tp2_pokemon.py took 0.088 seconds
[2026-06-09T12:33:54.131+0000] {processor.py:161} INFO - Started process (PID=4041) to work on /opt/airflow/dags/dag_tp2_pokemon.py
[2026-06-09T12:33:54.132+0000] {processor.py:830} INFO - Processing file /opt/airflow/dags/dag_tp2_pokemon.py for tasks to queue
[2026-06-09T12:33:54.133+0000] {logging_mixin.py:188} INFO - [2026-06-09T12:33:54.133+0000] {dagbag.py:545} INFO - Filling up the DagBag from /opt/airflow/dags/dag_tp2_pokemon.py
[2026-06-09T12:33:54.153+0000] {processor.py:840} INFO - DAG(s) 'tp2_pokemon_pipeline' retrieved from /opt/airflow/dags/dag_tp2_pokemon.py
[2026-06-09T12:33:54.185+0000] {logging_mixin.py:188} INFO - [2026-06-09T12:33:54.185+0000] {dag.py:3096} INFO - Sync 1 DAGs
[2026-06-09T12:33:54.198+0000] {logging_mixin.py:188} INFO - [2026-06-09T12:33:54.198+0000] {dag.py:3954} INFO - Setting next_dagrun for tp2_pokemon_pipeline to None, run_after=None
[2026-06-09T12:33:54.217+0000] {processor.py:183} INFO - Processing /opt/airflow/dags/dag_tp2_pokemon.py took 0.091 seconds
[2026-06-09T12:34:24.436+0000] {processor.py:161} INFO - Started process (PID=4051) to work on /opt/airflow/dags/dag_tp2_pokemon.py
[2026-06-09T12:34:24.438+0000] {processor.py:830} INFO - Processing file /opt/airflow/dags/dag_tp2_pokemon.py for tasks to queue
[2026-06-09T12:34:24.440+0000] {logging_mixin.py:188} INFO - [2026-06-09T12:34:24.440+0000] {dagbag.py:545} INFO - Filling up the DagBag from /opt/airflow/dags/dag_tp2_pokemon.py
[2026-06-09T12:34:24.465+0000] {processor.py:840} INFO - DAG(s) 'tp2_pokemon_pipeline' retrieved from /opt/airflow/dags/dag_tp2_pokemon.py
[2026-06-09T12:34:24.498+0000] {logging_mixin.py:188} INFO - [2026-06-09T12:34:24.498+0000] {dag.py:3096} INFO - Sync 1 DAGs
[2026-06-09T12:34:24.510+0000] {logging_mixin.py:188} INFO - [2026-06-09T12:34:24.510+0000] {dag.py:3954} INFO - Setting next_dagrun for tp2_pokemon_pipeline to None, run_after=None
[2026-06-09T12:34:24.530+0000] {processor.py:183} INFO - Processing /opt/airflow/dags/dag_tp2_pokemon.py took 0.102 seconds
[2026-06-09T12:34:54.728+0000] {processor.py:161} INFO - Started process (PID=4061) to work on /opt/airflow/dags/dag_tp2_pokemon.py
[2026-06-09T12:34:54.729+0000] {processor.py:830} INFO - Processing file /opt/airflow/dags/dag_tp2_pokemon.py for tasks to queue
[2026-06-09T12:34:54.731+0000] {logging_mixin.py:188} INFO - [2026-06-09T12:34:54.730+0000] {dagbag.py:545} INFO - Filling up the DagBag from /opt/airflow/dags/dag_tp2_pokemon.py
[2026-06-09T12:34:54.751+0000] {processor.py:840} INFO - DAG(s) 'tp2_pokemon_pipeline' retrieved from /opt/airflow/dags/dag_tp2_pokemon.py
[2026-06-09T12:34:54.782+0000] {logging_mixin.py:188} INFO - [2026-06-09T12:34:54.782+0000] {dag.py:3096} INFO - Sync 1 DAGs
[2026-06-09T12:34:54.794+0000] {logging_mixin.py:188} INFO - [2026-06-09T12:34:54.794+0000] {dag.py:3954} INFO - Setting next_dagrun for tp2_pokemon_pipeline to None, run_after=None
[2026-06-09T12:34:54.814+0000] {processor.py:183} INFO - Processing /opt/airflow/dags/dag_tp2_pokemon.py took 0.090 seconds
[2026-06-09T12:35:24.924+0000] {processor.py:161} INFO - Started process (PID=4071) to work on /opt/airflow/dags/dag_tp2_pokemon.py
[2026-06-09T12:35:24.925+0000] {processor.py:830} INFO - Processing file /opt/airflow/dags/dag_tp2_pokemon.py for tasks to queue
[2026-06-09T12:35:24.927+0000] {logging_mixin.py:188} INFO - [2026-06-09T12:35:24.926+0000] {dagbag.py:545} INFO - Filling up the DagBag from /opt/airflow/dags/dag_tp2_pokemon.py
[2026-06-09T12:35:24.946+0000] {processor.py:840} INFO - DAG(s) 'tp2_pokemon_pipeline' retrieved from /opt/airflow/dags/dag_tp2_pokemon.py
[2026-06-09T12:35:24.978+0000] {logging_mixin.py:188} INFO - [2026-06-09T12:35:24.978+0000] {dag.py:3096} INFO - Sync 1 DAGs
[2026-06-09T12:35:24.990+0000] {logging_mixin.py:188} INFO - [2026-06-09T12:35:24.990+0000] {dag.py:3954} INFO - Setting next_dagrun for tp2_pokemon_pipeline to None, run_after=None
[2026-06-09T12:35:25.011+0000] {processor.py:183} INFO - Processing /opt/airflow/dags/dag_tp2_pokemon.py took 0.092 seconds
[2026-06-09T12:35:55.217+0000] {processor.py:161} INFO - Started process (PID=4081) to work on /opt/airflow/dags/dag_tp2_pokemon.py
[2026-06-09T12:35:55.218+0000] {processor.py:830} INFO - Processing file /opt/airflow/dags/dag_tp2_pokemon.py for tasks to queue
[2026-06-09T12:35:55.219+0000] {logging_mixin.py:188} INFO - [2026-06-09T12:35:55.219+0000] {dagbag.py:545} INFO - Filling up the DagBag from /opt/airflow/dags/dag_tp2_pokemon.py
[2026-06-09T12:35:55.240+0000] {processor.py:840} INFO - DAG(s) 'tp2_pokemon_pipeline' retrieved from /opt/airflow/dags/dag_tp2_pokemon.py
[2026-06-09T12:35:55.274+0000] {logging_mixin.py:188} INFO - [2026-06-09T12:35:55.274+0000] {dag.py:3096} INFO - Sync 1 DAGs
[2026-06-09T12:35:55.287+0000] {logging_mixin.py:188} INFO - [2026-06-09T12:35:55.287+0000] {dag.py:3954} INFO - Setting next_dagrun for tp2_pokemon_pipeline to None, run_after=None
[2026-06-09T12:35:55.307+0000] {processor.py:183} INFO - Processing /opt/airflow/dags/dag_tp2_pokemon.py took 0.095 seconds
[2026-06-09T12:36:25.554+0000] {processor.py:161} INFO - Started process (PID=4091) to work on /opt/airflow/dags/dag_tp2_pokemon.py
[2026-06-09T12:36:25.555+0000] {processor.py:830} INFO - Processing file /opt/airflow/dags/dag_tp2_pokemon.py for tasks to queue
[2026-06-09T12:36:25.557+0000] {logging_mixin.py:188} INFO - [2026-06-09T12:36:25.557+0000] {dagbag.py:545} INFO - Filling up the DagBag from /opt/airflow/dags/dag_tp2_pokemon.py
[2026-06-09T12:36:25.578+0000] {processor.py:840} INFO - DAG(s) 'tp2_pokemon_pipeline' retrieved from /opt/airflow/dags/dag_tp2_pokemon.py
[2026-06-09T12:36:25.610+0000] {logging_mixin.py:188} INFO - [2026-06-09T12:36:25.609+0000] {dag.py:3096} INFO - Sync 1 DAGs
[2026-06-09T12:36:25.623+0000] {logging_mixin.py:188} INFO - [2026-06-09T12:36:25.622+0000] {dag.py:3954} INFO - Setting next_dagrun for tp2_pokemon_pipeline to None, run_after=None
[2026-06-09T12:36:25.643+0000] {processor.py:183} INFO - Processing /opt/airflow/dags/dag_tp2_pokemon.py took 0.094 seconds
[2026-06-09T12:36:55.851+0000] {processor.py:161} INFO - Started process (PID=4101) to work on /opt/airflow/dags/dag_tp2_pokemon.py
[2026-06-09T12:36:55.852+0000] {processor.py:830} INFO - Processing file /opt/airflow/dags/dag_tp2_pokemon.py for tasks to queue
[2026-06-09T12:36:55.854+0000] {logging_mixin.py:188} INFO - [2026-06-09T12:36:55.854+0000] {dagbag.py:545} INFO - Filling up the DagBag from /opt/airflow/dags/dag_tp2_pokemon.py
[2026-06-09T12:36:55.875+0000] {processor.py:840} INFO - DAG(s) 'tp2_pokemon_pipeline' retrieved from /opt/airflow/dags/dag_tp2_pokemon.py
[2026-06-09T12:36:55.906+0000] {logging_mixin.py:188} INFO - [2026-06-09T12:36:55.906+0000] {dag.py:3096} INFO - Sync 1 DAGs
[2026-06-09T12:36:55.919+0000] {logging_mixin.py:188} INFO - [2026-06-09T12:36:55.918+0000] {dag.py:3954} INFO - Setting next_dagrun for tp2_pokemon_pipeline to None, run_after=None
[2026-06-09T12:36:55.938+0000] {processor.py:183} INFO - Processing /opt/airflow/dags/dag_tp2_pokemon.py took 0.092 seconds
[2026-06-09T12:37:26.153+0000] {processor.py:161} INFO - Started process (PID=4111) to work on /opt/airflow/dags/dag_tp2_pokemon.py
[2026-06-09T12:37:26.154+0000] {processor.py:830} INFO - Processing file /opt/airflow/dags/dag_tp2_pokemon.py for tasks to queue
[2026-06-09T12:37:26.155+0000] {logging_mixin.py:188} INFO - [2026-06-09T12:37:26.155+0000] {dagbag.py:545} INFO - Filling up the DagBag from /opt/airflow/dags/dag_tp2_pokemon.py
[2026-06-09T12:37:26.174+0000] {processor.py:840} INFO - DAG(s) 'tp2_pokemon_pipeline' retrieved from /opt/airflow/dags/dag_tp2_pokemon.py
[2026-06-09T12:37:26.206+0000] {logging_mixin.py:188} INFO - [2026-06-09T12:37:26.206+0000] {dag.py:3096} INFO - Sync 1 DAGs
[2026-06-09T12:37:26.220+0000] {logging_mixin.py:188} INFO - [2026-06-09T12:37:26.219+0000] {dag.py:3954} INFO - Setting next_dagrun for tp2_pokemon_pipeline to None, run_after=None
[2026-06-09T12:37:26.240+0000] {processor.py:183} INFO - Processing /opt/airflow/dags/dag_tp2_pokemon.py took 0.092 seconds
[2026-06-09T12:37:56.454+0000] {processor.py:161} INFO - Started process (PID=4121) to work on /opt/airflow/dags/dag_tp2_pokemon.py
[2026-06-09T12:37:56.455+0000] {processor.py:830} INFO - Processing file /opt/airflow/dags/dag_tp2_pokemon.py for tasks to queue
[2026-06-09T12:37:56.457+0000] {logging_mixin.py:188} INFO - [2026-06-09T12:37:56.457+0000] {dagbag.py:545} INFO - Filling up the DagBag from /opt/airflow/dags/dag_tp2_pokemon.py
[2026-06-09T12:37:56.477+0000] {processor.py:840} INFO - DAG(s) 'tp2_pokemon_pipeline' retrieved from /opt/airflow/dags/dag_tp2_pokemon.py
[2026-06-09T12:37:56.509+0000] {logging_mixin.py:188} INFO - [2026-06-09T12:37:56.508+0000] {dag.py:3096} INFO - Sync 1 DAGs
[2026-06-09T12:37:56.523+0000] {logging_mixin.py:188} INFO - [2026-06-09T12:37:56.522+0000] {dag.py:3954} INFO - Setting next_dagrun for tp2_pokemon_pipeline to None, run_after=None
[2026-06-09T12:37:56.543+0000] {processor.py:183} INFO - Processing /opt/airflow/dags/dag_tp2_pokemon.py took 0.095 seconds
[2026-06-09T12:38:26.748+0000] {processor.py:161} INFO - Started process (PID=4131) to work on /opt/airflow/dags/dag_tp2_pokemon.py
[2026-06-09T12:38:26.749+0000] {processor.py:830} INFO - Processing file /opt/airflow/dags/dag_tp2_pokemon.py for tasks to queue
[2026-06-09T12:38:26.751+0000] {logging_mixin.py:188} INFO - [2026-06-09T12:38:26.750+0000] {dagbag.py:545} INFO - Filling up the DagBag from /opt/airflow/dags/dag_tp2_pokemon.py
[2026-06-09T12:38:26.769+0000] {processor.py:840} INFO - DAG(s) 'tp2_pokemon_pipeline' retrieved from /opt/airflow/dags/dag_tp2_pokemon.py
[2026-06-09T12:38:26.799+0000] {logging_mixin.py:188} INFO - [2026-06-09T12:38:26.799+0000] {dag.py:3096} INFO - Sync 1 DAGs
[2026-06-09T12:38:26.812+0000] {logging_mixin.py:188} INFO - [2026-06-09T12:38:26.812+0000] {dag.py:3954} INFO - Setting next_dagrun for tp2_pokemon_pipeline to None, run_after=None
[2026-06-09T12:38:26.831+0000] {processor.py:183} INFO - Processing /opt/airflow/dags/dag_tp2_pokemon.py took 0.088 seconds
[2026-06-09T12:38:57.043+0000] {processor.py:161} INFO - Started process (PID=4141) to work on /opt/airflow/dags/dag_tp2_pokemon.py
[2026-06-09T12:38:57.044+0000] {processor.py:830} INFO - Processing file /opt/airflow/dags/dag_tp2_pokemon.py for tasks to queue
[2026-06-09T12:38:57.045+0000] {logging_mixin.py:188} INFO - [2026-06-09T12:38:57.045+0000] {dagbag.py:545} INFO - Filling up the DagBag from /opt/airflow/dags/dag_tp2_pokemon.py
[2026-06-09T12:38:57.068+0000] {processor.py:840} INFO - DAG(s) 'tp2_pokemon_pipeline' retrieved from /opt/airflow/dags/dag_tp2_pokemon.py
[2026-06-09T12:38:57.099+0000] {logging_mixin.py:188} INFO - [2026-06-09T12:38:57.099+0000] {dag.py:3096} INFO - Sync 1 DAGs
[2026-06-09T12:38:57.112+0000] {logging_mixin.py:188} INFO - [2026-06-09T12:38:57.112+0000] {dag.py:3954} INFO - Setting next_dagrun for tp2_pokemon_pipeline to None, run_after=None
[2026-06-09T12:38:57.132+0000] {processor.py:183} INFO - Processing /opt/airflow/dags/dag_tp2_pokemon.py took 0.096 seconds
[2026-06-09T12:39:27.344+0000] {processor.py:161} INFO - Started process (PID=4151) to work on /opt/airflow/dags/dag_tp2_pokemon.py
[2026-06-09T12:39:27.345+0000] {processor.py:830} INFO - Processing file /opt/airflow/dags/dag_tp2_pokemon.py for tasks to queue
[2026-06-09T12:39:27.347+0000] {logging_mixin.py:188} INFO - [2026-06-09T12:39:27.347+0000] {dagbag.py:545} INFO - Filling up the DagBag from /opt/airflow/dags/dag_tp2_pokemon.py
[2026-06-09T12:39:27.368+0000] {processor.py:840} INFO - DAG(s) 'tp2_pokemon_pipeline' retrieved from /opt/airflow/dags/dag_tp2_pokemon.py
[2026-06-09T12:39:27.401+0000] {logging_mixin.py:188} INFO - [2026-06-09T12:39:27.400+0000] {dag.py:3096} INFO - Sync 1 DAGs
[2026-06-09T12:39:27.413+0000] {logging_mixin.py:188} INFO - [2026-06-09T12:39:27.413+0000] {dag.py:3954} INFO - Setting next_dagrun for tp2_pokemon_pipeline to None, run_after=None
[2026-06-09T12:39:27.434+0000] {processor.py:183} INFO - Processing /opt/airflow/dags/dag_tp2_pokemon.py took 0.096 seconds
[2026-06-09T12:39:57.645+0000] {processor.py:161} INFO - Started process (PID=4161) to work on /opt/airflow/dags/dag_tp2_pokemon.py
[2026-06-09T12:39:57.646+0000] {processor.py:830} INFO - Processing file /opt/airflow/dags/dag_tp2_pokemon.py for tasks to queue
[2026-06-09T12:39:57.647+0000] {logging_mixin.py:188} INFO - [2026-06-09T12:39:57.647+0000] {dagbag.py:545} INFO - Filling up the DagBag from /opt/airflow/dags/dag_tp2_pokemon.py
[2026-06-09T12:39:57.667+0000] {processor.py:840} INFO - DAG(s) 'tp2_pokemon_pipeline' retrieved from /opt/airflow/dags/dag_tp2_pokemon.py
[2026-06-09T12:39:57.701+0000] {logging_mixin.py:188} INFO - [2026-06-09T12:39:57.701+0000] {dag.py:3096} INFO - Sync 1 DAGs
[2026-06-09T12:39:57.714+0000] {logging_mixin.py:188} INFO - [2026-06-09T12:39:57.714+0000] {dag.py:3954} INFO - Setting next_dagrun for tp2_pokemon_pipeline to None, run_after=None
[2026-06-09T12:39:57.734+0000] {processor.py:183} INFO - Processing /opt/airflow/dags/dag_tp2_pokemon.py took 0.095 seconds
[2026-06-09T12:40:27.941+0000] {processor.py:161} INFO - Started process (PID=4171) to work on /opt/airflow/dags/dag_tp2_pokemon.py
[2026-06-09T12:40:27.942+0000] {processor.py:830} INFO - Processing file /opt/airflow/dags/dag_tp2_pokemon.py for tasks to queue
[2026-06-09T12:40:27.944+0000] {logging_mixin.py:188} INFO - [2026-06-09T12:40:27.944+0000] {dagbag.py:545} INFO - Filling up the DagBag from /opt/airflow/dags/dag_tp2_pokemon.py
[2026-06-09T12:40:27.962+0000] {processor.py:840} INFO - DAG(s) 'tp2_pokemon_pipeline' retrieved from /opt/airflow/dags/dag_tp2_pokemon.py
[2026-06-09T12:40:27.990+0000] {logging_mixin.py:188} INFO - [2026-06-09T12:40:27.990+0000] {dag.py:3096} INFO - Sync 1 DAGs
[2026-06-09T12:40:28.003+0000] {logging_mixin.py:188} INFO - [2026-06-09T12:40:28.003+0000] {dag.py:3954} INFO - Setting next_dagrun for tp2_pokemon_pipeline to None, run_after=None
[2026-06-09T12:40:28.022+0000] {processor.py:183} INFO - Processing /opt/airflow/dags/dag_tp2_pokemon.py took 0.085 seconds
[2026-06-09T12:40:58.132+0000] {processor.py:161} INFO - Started process (PID=4181) to work on /opt/airflow/dags/dag_tp2_pokemon.py
[2026-06-09T12:40:58.133+0000] {processor.py:830} INFO - Processing file /opt/airflow/dags/dag_tp2_pokemon.py for tasks to queue
[2026-06-09T12:40:58.135+0000] {logging_mixin.py:188} INFO - [2026-06-09T12:40:58.135+0000] {dagbag.py:545} INFO - Filling up the DagBag from /opt/airflow/dags/dag_tp2_pokemon.py
[2026-06-09T12:40:58.156+0000] {processor.py:840} INFO - DAG(s) 'tp2_pokemon_pipeline' retrieved from /opt/airflow/dags/dag_tp2_pokemon.py
[2026-06-09T12:40:58.187+0000] {logging_mixin.py:188} INFO - [2026-06-09T12:40:58.186+0000] {dag.py:3096} INFO - Sync 1 DAGs
[2026-06-09T12:40:58.199+0000] {logging_mixin.py:188} INFO - [2026-06-09T12:40:58.199+0000] {dag.py:3954} INFO - Setting next_dagrun for tp2_pokemon_pipeline to None, run_after=None
[2026-06-09T12:40:58.216+0000] {processor.py:183} INFO - Processing /opt/airflow/dags/dag_tp2_pokemon.py took 0.089 seconds
[2026-06-09T12:41:28.465+0000] {processor.py:161} INFO - Started process (PID=4191) to work on /opt/airflow/dags/dag_tp2_pokemon.py
[2026-06-09T12:41:28.466+0000] {processor.py:830} INFO - Processing file /opt/airflow/dags/dag_tp2_pokemon.py for tasks to queue
[2026-06-09T12:41:28.467+0000] {logging_mixin.py:188} INFO - [2026-06-09T12:41:28.467+0000] {dagbag.py:545} INFO - Filling up the DagBag from /opt/airflow/dags/dag_tp2_pokemon.py
[2026-06-09T12:41:28.488+0000] {processor.py:840} INFO - DAG(s) 'tp2_pokemon_pipeline' retrieved from /opt/airflow/dags/dag_tp2_pokemon.py
[2026-06-09T12:41:28.517+0000] {logging_mixin.py:188} INFO - [2026-06-09T12:41:28.517+0000] {dag.py:3096} INFO - Sync 1 DAGs
[2026-06-09T12:41:28.530+0000] {logging_mixin.py:188} INFO - [2026-06-09T12:41:28.529+0000] {dag.py:3954} INFO - Setting next_dagrun for tp2_pokemon_pipeline to None, run_after=None
[2026-06-09T12:41:28.549+0000] {processor.py:183} INFO - Processing /opt/airflow/dags/dag_tp2_pokemon.py took 0.090 seconds
[2026-06-09T12:41:58.656+0000] {processor.py:161} INFO - Started process (PID=4201) to work on /opt/airflow/dags/dag_tp2_pokemon.py
[2026-06-09T12:41:58.657+0000] {processor.py:830} INFO - Processing file /opt/airflow/dags/dag_tp2_pokemon.py for tasks to queue
[2026-06-09T12:41:58.660+0000] {logging_mixin.py:188} INFO - [2026-06-09T12:41:58.659+0000] {dagbag.py:545} INFO - Filling up the DagBag from /opt/airflow/dags/dag_tp2_pokemon.py
[2026-06-09T12:41:58.679+0000] {processor.py:840} INFO - DAG(s) 'tp2_pokemon_pipeline' retrieved from /opt/airflow/dags/dag_tp2_pokemon.py
[2026-06-09T12:41:58.712+0000] {logging_mixin.py:188} INFO - [2026-06-09T12:41:58.712+0000] {dag.py:3096} INFO - Sync 1 DAGs
[2026-06-09T12:41:58.726+0000] {logging_mixin.py:188} INFO - [2026-06-09T12:41:58.726+0000] {dag.py:3954} INFO - Setting next_dagrun for tp2_pokemon_pipeline to None, run_after=None
[2026-06-09T12:41:58.747+0000] {processor.py:183} INFO - Processing /opt/airflow/dags/dag_tp2_pokemon.py took 0.096 seconds
[2026-06-09T12:42:28.951+0000] {processor.py:161} INFO - Started process (PID=4211) to work on /opt/airflow/dags/dag_tp2_pokemon.py
[2026-06-09T12:42:28.952+0000] {processor.py:830} INFO - Processing file /opt/airflow/dags/dag_tp2_pokemon.py for tasks to queue
[2026-06-09T12:42:28.954+0000] {logging_mixin.py:188} INFO - [2026-06-09T12:42:28.953+0000] {dagbag.py:545} INFO - Filling up the DagBag from /opt/airflow/dags/dag_tp2_pokemon.py
[2026-06-09T12:42:28.975+0000] {processor.py:840} INFO - DAG(s) 'tp2_pokemon_pipeline' retrieved from /opt/airflow/dags/dag_tp2_pokemon.py
[2026-06-09T12:42:29.004+0000] {logging_mixin.py:188} INFO - [2026-06-09T12:42:29.004+0000] {dag.py:3096} INFO - Sync 1 DAGs
[2026-06-09T12:42:29.017+0000] {logging_mixin.py:188} INFO - [2026-06-09T12:42:29.017+0000] {dag.py:3954} INFO - Setting next_dagrun for tp2_pokemon_pipeline to None, run_after=None
[2026-06-09T12:42:29.038+0000] {processor.py:183} INFO - Processing /opt/airflow/dags/dag_tp2_pokemon.py took 0.091 seconds
[2026-06-09T12:42:59.141+0000] {processor.py:161} INFO - Started process (PID=4221) to work on /opt/airflow/dags/dag_tp2_pokemon.py
[2026-06-09T12:42:59.142+0000] {processor.py:830} INFO - Processing file /opt/airflow/dags/dag_tp2_pokemon.py for tasks to queue
[2026-06-09T12:42:59.144+0000] {logging_mixin.py:188} INFO - [2026-06-09T12:42:59.144+0000] {dagbag.py:545} INFO - Filling up the DagBag from /opt/airflow/dags/dag_tp2_pokemon.py
[2026-06-09T12:42:59.162+0000] {processor.py:840} INFO - DAG(s) 'tp2_pokemon_pipeline' retrieved from /opt/airflow/dags/dag_tp2_pokemon.py
[2026-06-09T12:42:59.194+0000] {logging_mixin.py:188} INFO - [2026-06-09T12:42:59.194+0000] {dag.py:3096} INFO - Sync 1 DAGs
[2026-06-09T12:42:59.208+0000] {logging_mixin.py:188} INFO - [2026-06-09T12:42:59.208+0000] {dag.py:3954} INFO - Setting next_dagrun for tp2_pokemon_pipeline to None, run_after=None
[2026-06-09T12:42:59.228+0000] {processor.py:183} INFO - Processing /opt/airflow/dags/dag_tp2_pokemon.py took 0.093 seconds
[2026-06-09T12:43:29.432+0000] {processor.py:161} INFO - Started process (PID=4231) to work on /opt/airflow/dags/dag_tp2_pokemon.py
[2026-06-09T12:43:29.433+0000] {processor.py:830} INFO - Processing file /opt/airflow/dags/dag_tp2_pokemon.py for tasks to queue
[2026-06-09T12:43:29.434+0000] {logging_mixin.py:188} INFO - [2026-06-09T12:43:29.434+0000] {dagbag.py:545} INFO - Filling up the DagBag from /opt/airflow/dags/dag_tp2_pokemon.py
[2026-06-09T12:43:29.454+0000] {processor.py:840} INFO - DAG(s) 'tp2_pokemon_pipeline' retrieved from /opt/airflow/dags/dag_tp2_pokemon.py
[2026-06-09T12:43:29.485+0000] {logging_mixin.py:188} INFO - [2026-06-09T12:43:29.485+0000] {dag.py:3096} INFO - Sync 1 DAGs
[2026-06-09T12:43:29.499+0000] {logging_mixin.py:188} INFO - [2026-06-09T12:43:29.499+0000] {dag.py:3954} INFO - Setting next_dagrun for tp2_pokemon_pipeline to None, run_after=None
[2026-06-09T12:43:29.520+0000] {processor.py:183} INFO - Processing /opt/airflow/dags/dag_tp2_pokemon.py took 0.093 seconds
[2026-06-09T12:43:59.726+0000] {processor.py:161} INFO - Started process (PID=4241) to work on /opt/airflow/dags/dag_tp2_pokemon.py
[2026-06-09T12:43:59.727+0000] {processor.py:830} INFO - Processing file /opt/airflow/dags/dag_tp2_pokemon.py for tasks to queue
[2026-06-09T12:43:59.728+0000] {logging_mixin.py:188} INFO - [2026-06-09T12:43:59.728+0000] {dagbag.py:545} INFO - Filling up the DagBag from /opt/airflow/dags/dag_tp2_pokemon.py
[2026-06-09T12:43:59.747+0000] {processor.py:840} INFO - DAG(s) 'tp2_pokemon_pipeline' retrieved from /opt/airflow/dags/dag_tp2_pokemon.py
[2026-06-09T12:43:59.778+0000] {logging_mixin.py:188} INFO - [2026-06-09T12:43:59.778+0000] {dag.py:3096} INFO - Sync 1 DAGs
[2026-06-09T12:43:59.792+0000] {logging_mixin.py:188} INFO - [2026-06-09T12:43:59.792+0000] {dag.py:3954} INFO - Setting next_dagrun for tp2_pokemon_pipeline to None, run_after=None
[2026-06-09T12:43:59.812+0000] {processor.py:183} INFO - Processing /opt/airflow/dags/dag_tp2_pokemon.py took 0.092 seconds
[2026-06-09T12:44:30.024+0000] {processor.py:161} INFO - Started process (PID=4251) to work on /opt/airflow/dags/dag_tp2_pokemon.py
[2026-06-09T12:44:30.025+0000] {processor.py:830} INFO - Processing file /opt/airflow/dags/dag_tp2_pokemon.py for tasks to queue
[2026-06-09T12:44:30.026+0000] {logging_mixin.py:188} INFO - [2026-06-09T12:44:30.026+0000] {dagbag.py:545} INFO - Filling up the DagBag from /opt/airflow/dags/dag_tp2_pokemon.py
[2026-06-09T12:44:30.048+0000] {processor.py:840} INFO - DAG(s) 'tp2_pokemon_pipeline' retrieved from /opt/airflow/dags/dag_tp2_pokemon.py
[2026-06-09T12:44:30.082+0000] {logging_mixin.py:188} INFO - [2026-06-09T12:44:30.082+0000] {dag.py:3096} INFO - Sync 1 DAGs
[2026-06-09T12:44:30.096+0000] {logging_mixin.py:188} INFO - [2026-06-09T12:44:30.095+0000] {dag.py:3954} INFO - Setting next_dagrun for tp2_pokemon_pipeline to None, run_after=None
[2026-06-09T12:44:30.118+0000] {processor.py:183} INFO - Processing /opt/airflow/dags/dag_tp2_pokemon.py took 0.099 seconds
[2026-06-09T12:45:00.325+0000] {processor.py:161} INFO - Started process (PID=4261) to work on /opt/airflow/dags/dag_tp2_pokemon.py
[2026-06-09T12:45:00.326+0000] {processor.py:830} INFO - Processing file /opt/airflow/dags/dag_tp2_pokemon.py for tasks to queue
[2026-06-09T12:45:00.327+0000] {logging_mixin.py:188} INFO - [2026-06-09T12:45:00.327+0000] {dagbag.py:545} INFO - Filling up the DagBag from /opt/airflow/dags/dag_tp2_pokemon.py
[2026-06-09T12:45:00.346+0000] {processor.py:840} INFO - DAG(s) 'tp2_pokemon_pipeline' retrieved from /opt/airflow/dags/dag_tp2_pokemon.py
[2026-06-09T12:45:00.377+0000] {logging_mixin.py:188} INFO - [2026-06-09T12:45:00.376+0000] {dag.py:3096} INFO - Sync 1 DAGs
[2026-06-09T12:45:00.389+0000] {logging_mixin.py:188} INFO - [2026-06-09T12:45:00.389+0000] {dag.py:3954} INFO - Setting next_dagrun for tp2_pokemon_pipeline to None, run_after=None
[2026-06-09T12:45:00.409+0000] {processor.py:183} INFO - Processing /opt/airflow/dags/dag_tp2_pokemon.py took 0.089 seconds
[2026-06-09T12:45:30.624+0000] {processor.py:161} INFO - Started process (PID=4271) to work on /opt/airflow/dags/dag_tp2_pokemon.py
[2026-06-09T12:45:30.625+0000] {processor.py:830} INFO - Processing file /opt/airflow/dags/dag_tp2_pokemon.py for tasks to queue
[2026-06-09T12:45:30.627+0000] {logging_mixin.py:188} INFO - [2026-06-09T12:45:30.627+0000] {dagbag.py:545} INFO - Filling up the DagBag from /opt/airflow/dags/dag_tp2_pokemon.py
[2026-06-09T12:45:30.646+0000] {processor.py:840} INFO - DAG(s) 'tp2_pokemon_pipeline' retrieved from /opt/airflow/dags/dag_tp2_pokemon.py
[2026-06-09T12:45:30.677+0000] {logging_mixin.py:188} INFO - [2026-06-09T12:45:30.677+0000] {dag.py:3096} INFO - Sync 1 DAGs
[2026-06-09T12:45:30.688+0000] {logging_mixin.py:188} INFO - [2026-06-09T12:45:30.688+0000] {dag.py:3954} INFO - Setting next_dagrun for tp2_pokemon_pipeline to None, run_after=None
[2026-06-09T12:45:30.707+0000] {processor.py:183} INFO - Processing /opt/airflow/dags/dag_tp2_pokemon.py took 0.088 seconds
[2026-06-09T12:46:00.824+0000] {processor.py:161} INFO - Started process (PID=4282) to work on /opt/airflow/dags/dag_tp2_pokemon.py
[2026-06-09T12:46:00.825+0000] {processor.py:830} INFO - Processing file /opt/airflow/dags/dag_tp2_pokemon.py for tasks to queue
[2026-06-09T12:46:00.827+0000] {logging_mixin.py:188} INFO - [2026-06-09T12:46:00.827+0000] {dagbag.py:545} INFO - Filling up the DagBag from /opt/airflow/dags/dag_tp2_pokemon.py
[2026-06-09T12:46:00.848+0000] {processor.py:840} INFO - DAG(s) 'tp2_pokemon_pipeline' retrieved from /opt/airflow/dags/dag_tp2_pokemon.py
[2026-06-09T12:46:00.884+0000] {logging_mixin.py:188} INFO - [2026-06-09T12:46:00.883+0000] {dag.py:3096} INFO - Sync 1 DAGs
[2026-06-09T12:46:00.902+0000] {logging_mixin.py:188} INFO - [2026-06-09T12:46:00.902+0000] {dag.py:3954} INFO - Setting next_dagrun for tp2_pokemon_pipeline to None, run_after=None
[2026-06-09T12:46:00.925+0000] {processor.py:183} INFO - Processing /opt/airflow/dags/dag_tp2_pokemon.py took 0.114 seconds
[2026-06-09T12:46:31.172+0000] {processor.py:161} INFO - Started process (PID=4292) to work on /opt/airflow/dags/dag_tp2_pokemon.py
[2026-06-09T12:46:31.173+0000] {processor.py:830} INFO - Processing file /opt/airflow/dags/dag_tp2_pokemon.py for tasks to queue
[2026-06-09T12:46:31.175+0000] {logging_mixin.py:188} INFO - [2026-06-09T12:46:31.175+0000] {dagbag.py:545} INFO - Filling up the DagBag from /opt/airflow/dags/dag_tp2_pokemon.py
[2026-06-09T12:46:31.196+0000] {processor.py:840} INFO - DAG(s) 'tp2_pokemon_pipeline' retrieved from /opt/airflow/dags/dag_tp2_pokemon.py
[2026-06-09T12:46:31.234+0000] {logging_mixin.py:188} INFO - [2026-06-09T12:46:31.233+0000] {dag.py:3096} INFO - Sync 1 DAGs
[2026-06-09T12:46:31.247+0000] {logging_mixin.py:188} INFO - [2026-06-09T12:46:31.247+0000] {dag.py:3954} INFO - Setting next_dagrun for tp2_pokemon_pipeline to None, run_after=None
[2026-06-09T12:46:31.270+0000] {processor.py:183} INFO - Processing /opt/airflow/dags/dag_tp2_pokemon.py took 0.103 seconds
[2026-06-09T12:47:01.504+0000] {processor.py:161} INFO - Started process (PID=4302) to work on /opt/airflow/dags/dag_tp2_pokemon.py
[2026-06-09T12:47:01.506+0000] {processor.py:830} INFO - Processing file /opt/airflow/dags/dag_tp2_pokemon.py for tasks to queue
[2026-06-09T12:47:01.507+0000] {logging_mixin.py:188} INFO - [2026-06-09T12:47:01.507+0000] {dagbag.py:545} INFO - Filling up the DagBag from /opt/airflow/dags/dag_tp2_pokemon.py
[2026-06-09T12:47:01.530+0000] {processor.py:840} INFO - DAG(s) 'tp2_pokemon_pipeline' retrieved from /opt/airflow/dags/dag_tp2_pokemon.py
[2026-06-09T12:47:01.564+0000] {logging_mixin.py:188} INFO - [2026-06-09T12:47:01.564+0000] {dag.py:3096} INFO - Sync 1 DAGs
[2026-06-09T12:47:01.579+0000] {logging_mixin.py:188} INFO - [2026-06-09T12:47:01.579+0000] {dag.py:3954} INFO - Setting next_dagrun for tp2_pokemon_pipeline to None, run_after=None
[2026-06-09T12:47:01.602+0000] {processor.py:183} INFO - Processing /opt/airflow/dags/dag_tp2_pokemon.py took 0.104 seconds
[2026-06-09T12:47:31.705+0000] {processor.py:161} INFO - Started process (PID=4312) to work on /opt/airflow/dags/dag_tp2_pokemon.py
[2026-06-09T12:47:31.706+0000] {processor.py:830} INFO - Processing file /opt/airflow/dags/dag_tp2_pokemon.py for tasks to queue
[2026-06-09T12:47:31.708+0000] {logging_mixin.py:188} INFO - [2026-06-09T12:47:31.708+0000] {dagbag.py:545} INFO - Filling up the DagBag from /opt/airflow/dags/dag_tp2_pokemon.py
[2026-06-09T12:47:31.726+0000] {processor.py:840} INFO - DAG(s) 'tp2_pokemon_pipeline' retrieved from /opt/airflow/dags/dag_tp2_pokemon.py
[2026-06-09T12:47:31.758+0000] {logging_mixin.py:188} INFO - [2026-06-09T12:47:31.757+0000] {dag.py:3096} INFO - Sync 1 DAGs
[2026-06-09T12:47:31.770+0000] {logging_mixin.py:188} INFO - [2026-06-09T12:47:31.769+0000] {dag.py:3954} INFO - Setting next_dagrun for tp2_pokemon_pipeline to None, run_after=None
[2026-06-09T12:47:31.791+0000] {processor.py:183} INFO - Processing /opt/airflow/dags/dag_tp2_pokemon.py took 0.090 seconds
[2026-06-09T12:48:02.017+0000] {processor.py:161} INFO - Started process (PID=4322) to work on /opt/airflow/dags/dag_tp2_pokemon.py
[2026-06-09T12:48:02.018+0000] {processor.py:830} INFO - Processing file /opt/airflow/dags/dag_tp2_pokemon.py for tasks to queue
[2026-06-09T12:48:02.019+0000] {logging_mixin.py:188} INFO - [2026-06-09T12:48:02.019+0000] {dagbag.py:545} INFO - Filling up the DagBag from /opt/airflow/dags/dag_tp2_pokemon.py
[2026-06-09T12:48:02.039+0000] {processor.py:840} INFO - DAG(s) 'tp2_pokemon_pipeline' retrieved from /opt/airflow/dags/dag_tp2_pokemon.py
[2026-06-09T12:48:02.074+0000] {logging_mixin.py:188} INFO - [2026-06-09T12:48:02.074+0000] {dag.py:3096} INFO - Sync 1 DAGs
[2026-06-09T12:48:02.087+0000] {logging_mixin.py:188} INFO - [2026-06-09T12:48:02.087+0000] {dag.py:3954} INFO - Setting next_dagrun for tp2_pokemon_pipeline to None, run_after=None
[2026-06-09T12:48:02.111+0000] {processor.py:183} INFO - Processing /opt/airflow/dags/dag_tp2_pokemon.py took 0.100 seconds
[2026-06-09T12:48:32.213+0000] {processor.py:161} INFO - Started process (PID=4332) to work on /opt/airflow/dags/dag_tp2_pokemon.py
[2026-06-09T12:48:32.214+0000] {processor.py:830} INFO - Processing file /opt/airflow/dags/dag_tp2_pokemon.py for tasks to queue
[2026-06-09T12:48:32.216+0000] {logging_mixin.py:188} INFO - [2026-06-09T12:48:32.216+0000] {dagbag.py:545} INFO - Filling up the DagBag from /opt/airflow/dags/dag_tp2_pokemon.py
[2026-06-09T12:48:32.234+0000] {processor.py:840} INFO - DAG(s) 'tp2_pokemon_pipeline' retrieved from /opt/airflow/dags/dag_tp2_pokemon.py
[2026-06-09T12:48:32.266+0000] {logging_mixin.py:188} INFO - [2026-06-09T12:48:32.266+0000] {dag.py:3096} INFO - Sync 1 DAGs
[2026-06-09T12:48:32.280+0000] {logging_mixin.py:188} INFO - [2026-06-09T12:48:32.279+0000] {dag.py:3954} INFO - Setting next_dagrun for tp2_pokemon_pipeline to None, run_after=None
[2026-06-09T12:48:32.300+0000] {processor.py:183} INFO - Processing /opt/airflow/dags/dag_tp2_pokemon.py took 0.091 seconds
[2026-06-09T12:49:02.516+0000] {processor.py:161} INFO - Started process (PID=4342) to work on /opt/airflow/dags/dag_tp2_pokemon.py
[2026-06-09T12:49:02.517+0000] {processor.py:830} INFO - Processing file /opt/airflow/dags/dag_tp2_pokemon.py for tasks to queue
[2026-06-09T12:49:02.518+0000] {logging_mixin.py:188} INFO - [2026-06-09T12:49:02.518+0000] {dagbag.py:545} INFO - Filling up the DagBag from /opt/airflow/dags/dag_tp2_pokemon.py
[2026-06-09T12:49:02.538+0000] {processor.py:840} INFO - DAG(s) 'tp2_pokemon_pipeline' retrieved from /opt/airflow/dags/dag_tp2_pokemon.py
[2026-06-09T12:49:02.570+0000] {logging_mixin.py:188} INFO - [2026-06-09T12:49:02.570+0000] {dag.py:3096} INFO - Sync 1 DAGs
[2026-06-09T12:49:02.583+0000] {logging_mixin.py:188} INFO - [2026-06-09T12:49:02.582+0000] {dag.py:3954} INFO - Setting next_dagrun for tp2_pokemon_pipeline to None, run_after=None
[2026-06-09T12:49:02.601+0000] {processor.py:183} INFO - Processing /opt/airflow/dags/dag_tp2_pokemon.py took 0.090 seconds
[2026-06-09T12:49:32.845+0000] {processor.py:161} INFO - Started process (PID=4352) to work on /opt/airflow/dags/dag_tp2_pokemon.py
[2026-06-09T12:49:32.846+0000] {processor.py:830} INFO - Processing file /opt/airflow/dags/dag_tp2_pokemon.py for tasks to queue
[2026-06-09T12:49:32.847+0000] {logging_mixin.py:188} INFO - [2026-06-09T12:49:32.847+0000] {dagbag.py:545} INFO - Filling up the DagBag from /opt/airflow/dags/dag_tp2_pokemon.py
[2026-06-09T12:49:32.866+0000] {processor.py:840} INFO - DAG(s) 'tp2_pokemon_pipeline' retrieved from /opt/airflow/dags/dag_tp2_pokemon.py
[2026-06-09T12:49:32.897+0000] {logging_mixin.py:188} INFO - [2026-06-09T12:49:32.897+0000] {dag.py:3096} INFO - Sync 1 DAGs
[2026-06-09T12:49:32.910+0000] {logging_mixin.py:188} INFO - [2026-06-09T12:49:32.910+0000] {dag.py:3954} INFO - Setting next_dagrun for tp2_pokemon_pipeline to None, run_after=None
[2026-06-09T12:49:32.931+0000] {processor.py:183} INFO - Processing /opt/airflow/dags/dag_tp2_pokemon.py took 0.091 seconds
[2026-06-09T12:50:03.146+0000] {processor.py:161} INFO - Started process (PID=4362) to work on /opt/airflow/dags/dag_tp2_pokemon.py
[2026-06-09T12:50:03.147+0000] {processor.py:830} INFO - Processing file /opt/airflow/dags/dag_tp2_pokemon.py for tasks to queue
[2026-06-09T12:50:03.149+0000] {logging_mixin.py:188} INFO - [2026-06-09T12:50:03.148+0000] {dagbag.py:545} INFO - Filling up the DagBag from /opt/airflow/dags/dag_tp2_pokemon.py
[2026-06-09T12:50:03.166+0000] {processor.py:840} INFO - DAG(s) 'tp2_pokemon_pipeline' retrieved from /opt/airflow/dags/dag_tp2_pokemon.py
[2026-06-09T12:50:03.197+0000] {logging_mixin.py:188} INFO - [2026-06-09T12:50:03.197+0000] {dag.py:3096} INFO - Sync 1 DAGs
[2026-06-09T12:50:03.211+0000] {logging_mixin.py:188} INFO - [2026-06-09T12:50:03.211+0000] {dag.py:3954} INFO - Setting next_dagrun for tp2_pokemon_pipeline to None, run_after=None
[2026-06-09T12:50:03.231+0000] {processor.py:183} INFO - Processing /opt/airflow/dags/dag_tp2_pokemon.py took 0.090 seconds
[2026-06-09T12:50:33.441+0000] {processor.py:161} INFO - Started process (PID=4372) to work on /opt/airflow/dags/dag_tp2_pokemon.py
[2026-06-09T12:50:33.442+0000] {processor.py:830} INFO - Processing file /opt/airflow/dags/dag_tp2_pokemon.py for tasks to queue
[2026-06-09T12:50:33.444+0000] {logging_mixin.py:188} INFO - [2026-06-09T12:50:33.444+0000] {dagbag.py:545} INFO - Filling up the DagBag from /opt/airflow/dags/dag_tp2_pokemon.py
[2026-06-09T12:50:33.464+0000] {processor.py:840} INFO - DAG(s) 'tp2_pokemon_pipeline' retrieved from /opt/airflow/dags/dag_tp2_pokemon.py
[2026-06-09T12:50:33.495+0000] {logging_mixin.py:188} INFO - [2026-06-09T12:50:33.495+0000] {dag.py:3096} INFO - Sync 1 DAGs
[2026-06-09T12:50:33.508+0000] {logging_mixin.py:188} INFO - [2026-06-09T12:50:33.508+0000] {dag.py:3954} INFO - Setting next_dagrun for tp2_pokemon_pipeline to None, run_after=None
[2026-06-09T12:50:33.527+0000] {processor.py:183} INFO - Processing /opt/airflow/dags/dag_tp2_pokemon.py took 0.092 seconds
[2026-06-09T12:51:03.634+0000] {processor.py:161} INFO - Started process (PID=4382) to work on /opt/airflow/dags/dag_tp2_pokemon.py
[2026-06-09T12:51:03.635+0000] {processor.py:830} INFO - Processing file /opt/airflow/dags/dag_tp2_pokemon.py for tasks to queue
[2026-06-09T12:51:03.637+0000] {logging_mixin.py:188} INFO - [2026-06-09T12:51:03.636+0000] {dagbag.py:545} INFO - Filling up the DagBag from /opt/airflow/dags/dag_tp2_pokemon.py
[2026-06-09T12:51:03.656+0000] {processor.py:840} INFO - DAG(s) 'tp2_pokemon_pipeline' retrieved from /opt/airflow/dags/dag_tp2_pokemon.py
[2026-06-09T12:51:03.688+0000] {logging_mixin.py:188} INFO - [2026-06-09T12:51:03.688+0000] {dag.py:3096} INFO - Sync 1 DAGs
[2026-06-09T12:51:03.700+0000] {logging_mixin.py:188} INFO - [2026-06-09T12:51:03.700+0000] {dag.py:3954} INFO - Setting next_dagrun for tp2_pokemon_pipeline to None, run_after=None
[2026-06-09T12:51:03.721+0000] {processor.py:183} INFO - Processing /opt/airflow/dags/dag_tp2_pokemon.py took 0.092 seconds
[2026-06-09T12:51:33.979+0000] {processor.py:161} INFO - Started process (PID=4392) to work on /opt/airflow/dags/dag_tp2_pokemon.py
[2026-06-09T12:51:33.980+0000] {processor.py:830} INFO - Processing file /opt/airflow/dags/dag_tp2_pokemon.py for tasks to queue
[2026-06-09T12:51:33.981+0000] {logging_mixin.py:188} INFO - [2026-06-09T12:51:33.981+0000] {dagbag.py:545} INFO - Filling up the DagBag from /opt/airflow/dags/dag_tp2_pokemon.py
[2026-06-09T12:51:33.999+0000] {processor.py:840} INFO - DAG(s) 'tp2_pokemon_pipeline' retrieved from /opt/airflow/dags/dag_tp2_pokemon.py
[2026-06-09T12:51:34.031+0000] {logging_mixin.py:188} INFO - [2026-06-09T12:51:34.031+0000] {dag.py:3096} INFO - Sync 1 DAGs
[2026-06-09T12:51:34.045+0000] {logging_mixin.py:188} INFO - [2026-06-09T12:51:34.044+0000] {dag.py:3954} INFO - Setting next_dagrun for tp2_pokemon_pipeline to None, run_after=None
[2026-06-09T12:51:34.066+0000] {processor.py:183} INFO - Processing /opt/airflow/dags/dag_tp2_pokemon.py took 0.092 seconds
[2026-06-09T12:52:04.281+0000] {processor.py:161} INFO - Started process (PID=4402) to work on /opt/airflow/dags/dag_tp2_pokemon.py
[2026-06-09T12:52:04.282+0000] {processor.py:830} INFO - Processing file /opt/airflow/dags/dag_tp2_pokemon.py for tasks to queue
[2026-06-09T12:52:04.284+0000] {logging_mixin.py:188} INFO - [2026-06-09T12:52:04.283+0000] {dagbag.py:545} INFO - Filling up the DagBag from /opt/airflow/dags/dag_tp2_pokemon.py
[2026-06-09T12:52:04.304+0000] {processor.py:840} INFO - DAG(s) 'tp2_pokemon_pipeline' retrieved from /opt/airflow/dags/dag_tp2_pokemon.py
[2026-06-09T12:52:04.338+0000] {logging_mixin.py:188} INFO - [2026-06-09T12:52:04.337+0000] {dag.py:3096} INFO - Sync 1 DAGs
[2026-06-09T12:52:04.352+0000] {logging_mixin.py:188} INFO - [2026-06-09T12:52:04.351+0000] {dag.py:3954} INFO - Setting next_dagrun for tp2_pokemon_pipeline to None, run_after=None
[2026-06-09T12:52:04.372+0000] {processor.py:183} INFO - Processing /opt/airflow/dags/dag_tp2_pokemon.py took 0.096 seconds
[2026-06-09T12:52:34.582+0000] {processor.py:161} INFO - Started process (PID=4412) to work on /opt/airflow/dags/dag_tp2_pokemon.py
[2026-06-09T12:52:34.583+0000] {processor.py:830} INFO - Processing file /opt/airflow/dags/dag_tp2_pokemon.py for tasks to queue
[2026-06-09T12:52:34.584+0000] {logging_mixin.py:188} INFO - [2026-06-09T12:52:34.584+0000] {dagbag.py:545} INFO - Filling up the DagBag from /opt/airflow/dags/dag_tp2_pokemon.py
[2026-06-09T12:52:34.602+0000] {processor.py:840} INFO - DAG(s) 'tp2_pokemon_pipeline' retrieved from /opt/airflow/dags/dag_tp2_pokemon.py
[2026-06-09T12:52:34.632+0000] {logging_mixin.py:188} INFO - [2026-06-09T12:52:34.632+0000] {dag.py:3096} INFO - Sync 1 DAGs
[2026-06-09T12:52:34.645+0000] {logging_mixin.py:188} INFO - [2026-06-09T12:52:34.645+0000] {dag.py:3954} INFO - Setting next_dagrun for tp2_pokemon_pipeline to None, run_after=None
[2026-06-09T12:52:34.664+0000] {processor.py:183} INFO - Processing /opt/airflow/dags/dag_tp2_pokemon.py took 0.087 seconds
[2026-06-09T12:53:04.874+0000] {processor.py:161} INFO - Started process (PID=4422) to work on /opt/airflow/dags/dag_tp2_pokemon.py
[2026-06-09T12:53:04.875+0000] {processor.py:830} INFO - Processing file /opt/airflow/dags/dag_tp2_pokemon.py for tasks to queue
[2026-06-09T12:53:04.876+0000] {logging_mixin.py:188} INFO - [2026-06-09T12:53:04.876+0000] {dagbag.py:545} INFO - Filling up the DagBag from /opt/airflow/dags/dag_tp2_pokemon.py
[2026-06-09T12:53:04.897+0000] {processor.py:840} INFO - DAG(s) 'tp2_pokemon_pipeline' retrieved from /opt/airflow/dags/dag_tp2_pokemon.py
[2026-06-09T12:53:04.929+0000] {logging_mixin.py:188} INFO - [2026-06-09T12:53:04.929+0000] {dag.py:3096} INFO - Sync 1 DAGs
[2026-06-09T12:53:04.942+0000] {logging_mixin.py:188} INFO - [2026-06-09T12:53:04.942+0000] {dag.py:3954} INFO - Setting next_dagrun for tp2_pokemon_pipeline to None, run_after=None
[2026-06-09T12:53:04.962+0000] {processor.py:183} INFO - Processing /opt/airflow/dags/dag_tp2_pokemon.py took 0.093 seconds
[2026-06-09T12:53:35.179+0000] {processor.py:161} INFO - Started process (PID=4432) to work on /opt/airflow/dags/dag_tp2_pokemon.py
[2026-06-09T12:53:35.180+0000] {processor.py:830} INFO - Processing file /opt/airflow/dags/dag_tp2_pokemon.py for tasks to queue
[2026-06-09T12:53:35.181+0000] {logging_mixin.py:188} INFO - [2026-06-09T12:53:35.181+0000] {dagbag.py:545} INFO - Filling up the DagBag from /opt/airflow/dags/dag_tp2_pokemon.py
[2026-06-09T12:53:35.200+0000] {processor.py:840} INFO - DAG(s) 'tp2_pokemon_pipeline' retrieved from /opt/airflow/dags/dag_tp2_pokemon.py
[2026-06-09T12:53:35.232+0000] {logging_mixin.py:188} INFO - [2026-06-09T12:53:35.232+0000] {dag.py:3096} INFO - Sync 1 DAGs
[2026-06-09T12:53:35.247+0000] {logging_mixin.py:188} INFO - [2026-06-09T12:53:35.247+0000] {dag.py:3954} INFO - Setting next_dagrun for tp2_pokemon_pipeline to None, run_after=None
[2026-06-09T12:53:35.269+0000] {processor.py:183} INFO - Processing /opt/airflow/dags/dag_tp2_pokemon.py took 0.096 seconds
[2026-06-09T12:54:05.479+0000] {processor.py:161} INFO - Started process (PID=4442) to work on /opt/airflow/dags/dag_tp2_pokemon.py
[2026-06-09T12:54:05.480+0000] {processor.py:830} INFO - Processing file /opt/airflow/dags/dag_tp2_pokemon.py for tasks to queue
[2026-06-09T12:54:05.482+0000] {logging_mixin.py:188} INFO - [2026-06-09T12:54:05.482+0000] {dagbag.py:545} INFO - Filling up the DagBag from /opt/airflow/dags/dag_tp2_pokemon.py
[2026-06-09T12:54:05.503+0000] {processor.py:840} INFO - DAG(s) 'tp2_pokemon_pipeline' retrieved from /opt/airflow/dags/dag_tp2_pokemon.py
[2026-06-09T12:54:05.533+0000] {logging_mixin.py:188} INFO - [2026-06-09T12:54:05.533+0000] {dag.py:3096} INFO - Sync 1 DAGs
[2026-06-09T12:54:05.546+0000] {logging_mixin.py:188} INFO - [2026-06-09T12:54:05.546+0000] {dag.py:3954} INFO - Setting next_dagrun for tp2_pokemon_pipeline to None, run_after=None
[2026-06-09T12:54:05.566+0000] {processor.py:183} INFO - Processing /opt/airflow/dags/dag_tp2_pokemon.py took 0.091 seconds
[2026-06-09T12:54:35.786+0000] {processor.py:161} INFO - Started process (PID=4452) to work on /opt/airflow/dags/dag_tp2_pokemon.py
[2026-06-09T12:54:35.787+0000] {processor.py:830} INFO - Processing file /opt/airflow/dags/dag_tp2_pokemon.py for tasks to queue
[2026-06-09T12:54:35.789+0000] {logging_mixin.py:188} INFO - [2026-06-09T12:54:35.788+0000] {dagbag.py:545} INFO - Filling up the DagBag from /opt/airflow/dags/dag_tp2_pokemon.py
[2026-06-09T12:54:35.808+0000] {processor.py:840} INFO - DAG(s) 'tp2_pokemon_pipeline' retrieved from /opt/airflow/dags/dag_tp2_pokemon.py
[2026-06-09T12:54:35.840+0000] {logging_mixin.py:188} INFO - [2026-06-09T12:54:35.840+0000] {dag.py:3096} INFO - Sync 1 DAGs
[2026-06-09T12:54:35.853+0000] {logging_mixin.py:188} INFO - [2026-06-09T12:54:35.853+0000] {dag.py:3954} INFO - Setting next_dagrun for tp2_pokemon_pipeline to None, run_after=None
[2026-06-09T12:54:35.872+0000] {processor.py:183} INFO - Processing /opt/airflow/dags/dag_tp2_pokemon.py took 0.092 seconds
[2026-06-09T12:55:06.087+0000] {processor.py:161} INFO - Started process (PID=4462) to work on /opt/airflow/dags/dag_tp2_pokemon.py
[2026-06-09T12:55:06.088+0000] {processor.py:830} INFO - Processing file /opt/airflow/dags/dag_tp2_pokemon.py for tasks to queue
[2026-06-09T12:55:06.090+0000] {logging_mixin.py:188} INFO - [2026-06-09T12:55:06.090+0000] {dagbag.py:545} INFO - Filling up the DagBag from /opt/airflow/dags/dag_tp2_pokemon.py
[2026-06-09T12:55:06.110+0000] {processor.py:840} INFO - DAG(s) 'tp2_pokemon_pipeline' retrieved from /opt/airflow/dags/dag_tp2_pokemon.py
[2026-06-09T12:55:06.141+0000] {logging_mixin.py:188} INFO - [2026-06-09T12:55:06.141+0000] {dag.py:3096} INFO - Sync 1 DAGs
[2026-06-09T12:55:06.154+0000] {logging_mixin.py:188} INFO - [2026-06-09T12:55:06.153+0000] {dag.py:3954} INFO - Setting next_dagrun for tp2_pokemon_pipeline to None, run_after=None
[2026-06-09T12:55:06.172+0000] {processor.py:183} INFO - Processing /opt/airflow/dags/dag_tp2_pokemon.py took 0.090 seconds
[2026-06-09T12:55:36.282+0000] {processor.py:161} INFO - Started process (PID=4472) to work on /opt/airflow/dags/dag_tp2_pokemon.py
[2026-06-09T12:55:36.283+0000] {processor.py:830} INFO - Processing file /opt/airflow/dags/dag_tp2_pokemon.py for tasks to queue
[2026-06-09T12:55:36.285+0000] {logging_mixin.py:188} INFO - [2026-06-09T12:55:36.285+0000] {dagbag.py:545} INFO - Filling up the DagBag from /opt/airflow/dags/dag_tp2_pokemon.py
[2026-06-09T12:55:36.306+0000] {processor.py:840} INFO - DAG(s) 'tp2_pokemon_pipeline' retrieved from /opt/airflow/dags/dag_tp2_pokemon.py
[2026-06-09T12:55:36.338+0000] {logging_mixin.py:188} INFO - [2026-06-09T12:55:36.338+0000] {dag.py:3096} INFO - Sync 1 DAGs
[2026-06-09T12:55:36.351+0000] {logging_mixin.py:188} INFO - [2026-06-09T12:55:36.351+0000] {dag.py:3954} INFO - Setting next_dagrun for tp2_pokemon_pipeline to None, run_after=None
[2026-06-09T12:55:36.370+0000] {processor.py:183} INFO - Processing /opt/airflow/dags/dag_tp2_pokemon.py took 0.093 seconds
[2026-06-09T12:56:06.633+0000] {processor.py:161} INFO - Started process (PID=4482) to work on /opt/airflow/dags/dag_tp2_pokemon.py
[2026-06-09T12:56:06.634+0000] {processor.py:830} INFO - Processing file /opt/airflow/dags/dag_tp2_pokemon.py for tasks to queue
[2026-06-09T12:56:06.635+0000] {logging_mixin.py:188} INFO - [2026-06-09T12:56:06.635+0000] {dagbag.py:545} INFO - Filling up the DagBag from /opt/airflow/dags/dag_tp2_pokemon.py
[2026-06-09T12:56:06.654+0000] {processor.py:840} INFO - DAG(s) 'tp2_pokemon_pipeline' retrieved from /opt/airflow/dags/dag_tp2_pokemon.py
[2026-06-09T12:56:06.684+0000] {logging_mixin.py:188} INFO - [2026-06-09T12:56:06.684+0000] {dag.py:3096} INFO - Sync 1 DAGs
[2026-06-09T12:56:06.697+0000] {logging_mixin.py:188} INFO - [2026-06-09T12:56:06.696+0000] {dag.py:3954} INFO - Setting next_dagrun for tp2_pokemon_pipeline to None, run_after=None
[2026-06-09T12:56:06.717+0000] {processor.py:183} INFO - Processing /opt/airflow/dags/dag_tp2_pokemon.py took 0.089 seconds
[2026-06-09T12:56:36.930+0000] {processor.py:161} INFO - Started process (PID=4492) to work on /opt/airflow/dags/dag_tp2_pokemon.py
[2026-06-09T12:56:36.931+0000] {processor.py:830} INFO - Processing file /opt/airflow/dags/dag_tp2_pokemon.py for tasks to queue
[2026-06-09T12:56:36.932+0000] {logging_mixin.py:188} INFO - [2026-06-09T12:56:36.932+0000] {dagbag.py:545} INFO - Filling up the DagBag from /opt/airflow/dags/dag_tp2_pokemon.py
[2026-06-09T12:56:36.951+0000] {processor.py:840} INFO - DAG(s) 'tp2_pokemon_pipeline' retrieved from /opt/airflow/dags/dag_tp2_pokemon.py
[2026-06-09T12:56:36.982+0000] {logging_mixin.py:188} INFO - [2026-06-09T12:56:36.982+0000] {dag.py:3096} INFO - Sync 1 DAGs
[2026-06-09T12:56:36.994+0000] {logging_mixin.py:188} INFO - [2026-06-09T12:56:36.994+0000] {dag.py:3954} INFO - Setting next_dagrun for tp2_pokemon_pipeline to None, run_after=None
[2026-06-09T12:56:37.015+0000] {processor.py:183} INFO - Processing /opt/airflow/dags/dag_tp2_pokemon.py took 0.090 seconds
[2026-06-09T12:57:07.127+0000] {processor.py:161} INFO - Started process (PID=4502) to work on /opt/airflow/dags/dag_tp2_pokemon.py
[2026-06-09T12:57:07.128+0000] {processor.py:830} INFO - Processing file /opt/airflow/dags/dag_tp2_pokemon.py for tasks to queue
[2026-06-09T12:57:07.129+0000] {logging_mixin.py:188} INFO - [2026-06-09T12:57:07.129+0000] {dagbag.py:545} INFO - Filling up the DagBag from /opt/airflow/dags/dag_tp2_pokemon.py
[2026-06-09T12:57:07.147+0000] {processor.py:840} INFO - DAG(s) 'tp2_pokemon_pipeline' retrieved from /opt/airflow/dags/dag_tp2_pokemon.py
[2026-06-09T12:57:07.179+0000] {logging_mixin.py:188} INFO - [2026-06-09T12:57:07.179+0000] {dag.py:3096} INFO - Sync 1 DAGs
[2026-06-09T12:57:07.192+0000] {logging_mixin.py:188} INFO - [2026-06-09T12:57:07.191+0000] {dag.py:3954} INFO - Setting next_dagrun for tp2_pokemon_pipeline to None, run_after=None
[2026-06-09T12:57:07.211+0000] {processor.py:183} INFO - Processing /opt/airflow/dags/dag_tp2_pokemon.py took 0.090 seconds
[2026-06-09T12:57:37.428+0000] {processor.py:161} INFO - Started process (PID=4512) to work on /opt/airflow/dags/dag_tp2_pokemon.py
[2026-06-09T12:57:37.429+0000] {processor.py:830} INFO - Processing file /opt/airflow/dags/dag_tp2_pokemon.py for tasks to queue
[2026-06-09T12:57:37.430+0000] {logging_mixin.py:188} INFO - [2026-06-09T12:57:37.430+0000] {dagbag.py:545} INFO - Filling up the DagBag from /opt/airflow/dags/dag_tp2_pokemon.py
[2026-06-09T12:57:37.449+0000] {processor.py:840} INFO - DAG(s) 'tp2_pokemon_pipeline' retrieved from /opt/airflow/dags/dag_tp2_pokemon.py
[2026-06-09T12:57:37.479+0000] {logging_mixin.py:188} INFO - [2026-06-09T12:57:37.479+0000] {dag.py:3096} INFO - Sync 1 DAGs
[2026-06-09T12:57:37.491+0000] {logging_mixin.py:188} INFO - [2026-06-09T12:57:37.491+0000] {dag.py:3954} INFO - Setting next_dagrun for tp2_pokemon_pipeline to None, run_after=None
[2026-06-09T12:57:37.511+0000] {processor.py:183} INFO - Processing /opt/airflow/dags/dag_tp2_pokemon.py took 0.088 seconds
[2026-06-09T12:58:07.621+0000] {processor.py:161} INFO - Started process (PID=4522) to work on /opt/airflow/dags/dag_tp2_pokemon.py
[2026-06-09T12:58:07.622+0000] {processor.py:830} INFO - Processing file /opt/airflow/dags/dag_tp2_pokemon.py for tasks to queue
[2026-06-09T12:58:07.624+0000] {logging_mixin.py:188} INFO - [2026-06-09T12:58:07.623+0000] {dagbag.py:545} INFO - Filling up the DagBag from /opt/airflow/dags/dag_tp2_pokemon.py
[2026-06-09T12:58:07.643+0000] {processor.py:840} INFO - DAG(s) 'tp2_pokemon_pipeline' retrieved from /opt/airflow/dags/dag_tp2_pokemon.py
[2026-06-09T12:58:07.674+0000] {logging_mixin.py:188} INFO - [2026-06-09T12:58:07.674+0000] {dag.py:3096} INFO - Sync 1 DAGs
[2026-06-09T12:58:07.687+0000] {logging_mixin.py:188} INFO - [2026-06-09T12:58:07.687+0000] {dag.py:3954} INFO - Setting next_dagrun for tp2_pokemon_pipeline to None, run_after=None
[2026-06-09T12:58:07.706+0000] {processor.py:183} INFO - Processing /opt/airflow/dags/dag_tp2_pokemon.py took 0.090 seconds
[2026-06-09T12:58:37.869+0000] {processor.py:161} INFO - Started process (PID=4532) to work on /opt/airflow/dags/dag_tp2_pokemon.py
[2026-06-09T12:58:37.870+0000] {processor.py:830} INFO - Processing file /opt/airflow/dags/dag_tp2_pokemon.py for tasks to queue
[2026-06-09T12:58:37.871+0000] {logging_mixin.py:188} INFO - [2026-06-09T12:58:37.871+0000] {dagbag.py:545} INFO - Filling up the DagBag from /opt/airflow/dags/dag_tp2_pokemon.py
[2026-06-09T12:58:37.891+0000] {processor.py:840} INFO - DAG(s) 'tp2_pokemon_pipeline' retrieved from /opt/airflow/dags/dag_tp2_pokemon.py
[2026-06-09T12:58:37.923+0000] {logging_mixin.py:188} INFO - [2026-06-09T12:58:37.923+0000] {dag.py:3096} INFO - Sync 1 DAGs
[2026-06-09T12:58:37.935+0000] {logging_mixin.py:188} INFO - [2026-06-09T12:58:37.934+0000] {dag.py:3954} INFO - Setting next_dagrun for tp2_pokemon_pipeline to None, run_after=None
[2026-06-09T12:58:37.955+0000] {processor.py:183} INFO - Processing /opt/airflow/dags/dag_tp2_pokemon.py took 0.092 seconds
[2026-06-09T12:59:08.068+0000] {processor.py:161} INFO - Started process (PID=4542) to work on /opt/airflow/dags/dag_tp2_pokemon.py
[2026-06-09T12:59:08.069+0000] {processor.py:830} INFO - Processing file /opt/airflow/dags/dag_tp2_pokemon.py for tasks to queue
[2026-06-09T12:59:08.070+0000] {logging_mixin.py:188} INFO - [2026-06-09T12:59:08.070+0000] {dagbag.py:545} INFO - Filling up the DagBag from /opt/airflow/dags/dag_tp2_pokemon.py
[2026-06-09T12:59:08.090+0000] {processor.py:840} INFO - DAG(s) 'tp2_pokemon_pipeline' retrieved from /opt/airflow/dags/dag_tp2_pokemon.py
[2026-06-09T12:59:08.123+0000] {logging_mixin.py:188} INFO - [2026-06-09T12:59:08.123+0000] {dag.py:3096} INFO - Sync 1 DAGs
[2026-06-09T12:59:08.136+0000] {logging_mixin.py:188} INFO - [2026-06-09T12:59:08.136+0000] {dag.py:3954} INFO - Setting next_dagrun for tp2_pokemon_pipeline to None, run_after=None
[2026-06-09T12:59:08.157+0000] {processor.py:183} INFO - Processing /opt/airflow/dags/dag_tp2_pokemon.py took 0.094 seconds
[2026-06-09T12:59:38.376+0000] {processor.py:161} INFO - Started process (PID=4552) to work on /opt/airflow/dags/dag_tp2_pokemon.py
[2026-06-09T12:59:38.377+0000] {processor.py:830} INFO - Processing file /opt/airflow/dags/dag_tp2_pokemon.py for tasks to queue
[2026-06-09T12:59:38.379+0000] {logging_mixin.py:188} INFO - [2026-06-09T12:59:38.379+0000] {dagbag.py:545} INFO - Filling up the DagBag from /opt/airflow/dags/dag_tp2_pokemon.py
[2026-06-09T12:59:38.399+0000] {processor.py:840} INFO - DAG(s) 'tp2_pokemon_pipeline' retrieved from /opt/airflow/dags/dag_tp2_pokemon.py
[2026-06-09T12:59:38.432+0000] {logging_mixin.py:188} INFO - [2026-06-09T12:59:38.432+0000] {dag.py:3096} INFO - Sync 1 DAGs
[2026-06-09T12:59:38.446+0000] {logging_mixin.py:188} INFO - [2026-06-09T12:59:38.446+0000] {dag.py:3954} INFO - Setting next_dagrun for tp2_pokemon_pipeline to None, run_after=None
[2026-06-09T12:59:38.466+0000] {processor.py:183} INFO - Processing /opt/airflow/dags/dag_tp2_pokemon.py took 0.095 seconds
[2026-06-09T13:00:08.675+0000] {processor.py:161} INFO - Started process (PID=4562) to work on /opt/airflow/dags/dag_tp2_pokemon.py
[2026-06-09T13:00:08.676+0000] {processor.py:830} INFO - Processing file /opt/airflow/dags/dag_tp2_pokemon.py for tasks to queue
[2026-06-09T13:00:08.678+0000] {logging_mixin.py:188} INFO - [2026-06-09T13:00:08.677+0000] {dagbag.py:545} INFO - Filling up the DagBag from /opt/airflow/dags/dag_tp2_pokemon.py
[2026-06-09T13:00:08.699+0000] {processor.py:840} INFO - DAG(s) 'tp2_pokemon_pipeline' retrieved from /opt/airflow/dags/dag_tp2_pokemon.py
[2026-06-09T13:00:08.730+0000] {logging_mixin.py:188} INFO - [2026-06-09T13:00:08.730+0000] {dag.py:3096} INFO - Sync 1 DAGs
[2026-06-09T13:00:08.742+0000] {logging_mixin.py:188} INFO - [2026-06-09T13:00:08.742+0000] {dag.py:3954} INFO - Setting next_dagrun for tp2_pokemon_pipeline to None, run_after=None
[2026-06-09T13:00:08.761+0000] {processor.py:183} INFO - Processing /opt/airflow/dags/dag_tp2_pokemon.py took 0.092 seconds
[2026-06-09T13:00:38.970+0000] {processor.py:161} INFO - Started process (PID=4572) to work on /opt/airflow/dags/dag_tp2_pokemon.py
[2026-06-09T13:00:38.970+0000] {processor.py:830} INFO - Processing file /opt/airflow/dags/dag_tp2_pokemon.py for tasks to queue
[2026-06-09T13:00:38.972+0000] {logging_mixin.py:188} INFO - [2026-06-09T13:00:38.972+0000] {dagbag.py:545} INFO - Filling up the DagBag from /opt/airflow/dags/dag_tp2_pokemon.py
[2026-06-09T13:00:38.990+0000] {processor.py:840} INFO - DAG(s) 'tp2_pokemon_pipeline' retrieved from /opt/airflow/dags/dag_tp2_pokemon.py
[2026-06-09T13:00:39.020+0000] {logging_mixin.py:188} INFO - [2026-06-09T13:00:39.020+0000] {dag.py:3096} INFO - Sync 1 DAGs
[2026-06-09T13:00:39.033+0000] {logging_mixin.py:188} INFO - [2026-06-09T13:00:39.033+0000] {dag.py:3954} INFO - Setting next_dagrun for tp2_pokemon_pipeline to None, run_after=None
[2026-06-09T13:00:39.051+0000] {processor.py:183} INFO - Processing /opt/airflow/dags/dag_tp2_pokemon.py took 0.087 seconds
[2026-06-09T13:01:09.204+0000] {processor.py:161} INFO - Started process (PID=4582) to work on /opt/airflow/dags/dag_tp2_pokemon.py
[2026-06-09T13:01:09.205+0000] {processor.py:830} INFO - Processing file /opt/airflow/dags/dag_tp2_pokemon.py for tasks to queue
[2026-06-09T13:01:09.206+0000] {logging_mixin.py:188} INFO - [2026-06-09T13:01:09.206+0000] {dagbag.py:545} INFO - Filling up the DagBag from /opt/airflow/dags/dag_tp2_pokemon.py
[2026-06-09T13:01:09.227+0000] {processor.py:840} INFO - DAG(s) 'tp2_pokemon_pipeline' retrieved from /opt/airflow/dags/dag_tp2_pokemon.py
[2026-06-09T13:01:09.257+0000] {logging_mixin.py:188} INFO - [2026-06-09T13:01:09.257+0000] {dag.py:3096} INFO - Sync 1 DAGs
[2026-06-09T13:01:09.273+0000] {logging_mixin.py:188} INFO - [2026-06-09T13:01:09.272+0000] {dag.py:3954} INFO - Setting next_dagrun for tp2_pokemon_pipeline to None, run_after=None
[2026-06-09T13:01:09.292+0000] {processor.py:183} INFO - Processing /opt/airflow/dags/dag_tp2_pokemon.py took 0.093 seconds
[2026-06-09T13:01:39.508+0000] {processor.py:161} INFO - Started process (PID=4592) to work on /opt/airflow/dags/dag_tp2_pokemon.py
[2026-06-09T13:01:39.508+0000] {processor.py:830} INFO - Processing file /opt/airflow/dags/dag_tp2_pokemon.py for tasks to queue
[2026-06-09T13:01:39.510+0000] {logging_mixin.py:188} INFO - [2026-06-09T13:01:39.510+0000] {dagbag.py:545} INFO - Filling up the DagBag from /opt/airflow/dags/dag_tp2_pokemon.py
[2026-06-09T13:01:39.528+0000] {processor.py:840} INFO - DAG(s) 'tp2_pokemon_pipeline' retrieved from /opt/airflow/dags/dag_tp2_pokemon.py
[2026-06-09T13:01:39.561+0000] {logging_mixin.py:188} INFO - [2026-06-09T13:01:39.560+0000] {dag.py:3096} INFO - Sync 1 DAGs
[2026-06-09T13:01:39.573+0000] {logging_mixin.py:188} INFO - [2026-06-09T13:01:39.573+0000] {dag.py:3954} INFO - Setting next_dagrun for tp2_pokemon_pipeline to None, run_after=None
[2026-06-09T13:01:39.591+0000] {processor.py:183} INFO - Processing /opt/airflow/dags/dag_tp2_pokemon.py took 0.090 seconds
[2026-06-09T13:02:09.812+0000] {processor.py:161} INFO - Started process (PID=4602) to work on /opt/airflow/dags/dag_tp2_pokemon.py
[2026-06-09T13:02:09.813+0000] {processor.py:830} INFO - Processing file /opt/airflow/dags/dag_tp2_pokemon.py for tasks to queue
[2026-06-09T13:02:09.814+0000] {logging_mixin.py:188} INFO - [2026-06-09T13:02:09.814+0000] {dagbag.py:545} INFO - Filling up the DagBag from /opt/airflow/dags/dag_tp2_pokemon.py
[2026-06-09T13:02:09.833+0000] {processor.py:840} INFO - DAG(s) 'tp2_pokemon_pipeline' retrieved from /opt/airflow/dags/dag_tp2_pokemon.py
[2026-06-09T13:02:09.864+0000] {logging_mixin.py:188} INFO - [2026-06-09T13:02:09.864+0000] {dag.py:3096} INFO - Sync 1 DAGs
[2026-06-09T13:02:09.878+0000] {logging_mixin.py:188} INFO - [2026-06-09T13:02:09.878+0000] {dag.py:3954} INFO - Setting next_dagrun for tp2_pokemon_pipeline to None, run_after=None
[2026-06-09T13:02:09.898+0000] {processor.py:183} INFO - Processing /opt/airflow/dags/dag_tp2_pokemon.py took 0.092 seconds
[2026-06-09T13:02:40.005+0000] {processor.py:161} INFO - Started process (PID=4612) to work on /opt/airflow/dags/dag_tp2_pokemon.py
[2026-06-09T13:02:40.006+0000] {processor.py:830} INFO - Processing file /opt/airflow/dags/dag_tp2_pokemon.py for tasks to queue
[2026-06-09T13:02:40.008+0000] {logging_mixin.py:188} INFO - [2026-06-09T13:02:40.007+0000] {dagbag.py:545} INFO - Filling up the DagBag from /opt/airflow/dags/dag_tp2_pokemon.py
[2026-06-09T13:02:40.026+0000] {processor.py:840} INFO - DAG(s) 'tp2_pokemon_pipeline' retrieved from /opt/airflow/dags/dag_tp2_pokemon.py
[2026-06-09T13:02:40.057+0000] {logging_mixin.py:188} INFO - [2026-06-09T13:02:40.056+0000] {dag.py:3096} INFO - Sync 1 DAGs
[2026-06-09T13:02:40.070+0000] {logging_mixin.py:188} INFO - [2026-06-09T13:02:40.070+0000] {dag.py:3954} INFO - Setting next_dagrun for tp2_pokemon_pipeline to None, run_after=None
[2026-06-09T13:02:40.092+0000] {processor.py:183} INFO - Processing /opt/airflow/dags/dag_tp2_pokemon.py took 0.093 seconds
[2026-06-09T13:03:10.252+0000] {processor.py:161} INFO - Started process (PID=4622) to work on /opt/airflow/dags/dag_tp2_pokemon.py
[2026-06-09T13:03:10.253+0000] {processor.py:830} INFO - Processing file /opt/airflow/dags/dag_tp2_pokemon.py for tasks to queue
[2026-06-09T13:03:10.254+0000] {logging_mixin.py:188} INFO - [2026-06-09T13:03:10.254+0000] {dagbag.py:545} INFO - Filling up the DagBag from /opt/airflow/dags/dag_tp2_pokemon.py
[2026-06-09T13:03:10.275+0000] {processor.py:840} INFO - DAG(s) 'tp2_pokemon_pipeline' retrieved from /opt/airflow/dags/dag_tp2_pokemon.py
[2026-06-09T13:03:10.307+0000] {logging_mixin.py:188} INFO - [2026-06-09T13:03:10.307+0000] {dag.py:3096} INFO - Sync 1 DAGs
[2026-06-09T13:03:10.319+0000] {logging_mixin.py:188} INFO - [2026-06-09T13:03:10.319+0000] {dag.py:3954} INFO - Setting next_dagrun for tp2_pokemon_pipeline to None, run_after=None
[2026-06-09T13:03:10.338+0000] {processor.py:183} INFO - Processing /opt/airflow/dags/dag_tp2_pokemon.py took 0.091 seconds
[2026-06-09T13:03:40.547+0000] {processor.py:161} INFO - Started process (PID=4632) to work on /opt/airflow/dags/dag_tp2_pokemon.py
[2026-06-09T13:03:40.548+0000] {processor.py:830} INFO - Processing file /opt/airflow/dags/dag_tp2_pokemon.py for tasks to queue
[2026-06-09T13:03:40.550+0000] {logging_mixin.py:188} INFO - [2026-06-09T13:03:40.549+0000] {dagbag.py:545} INFO - Filling up the DagBag from /opt/airflow/dags/dag_tp2_pokemon.py
[2026-06-09T13:03:40.569+0000] {processor.py:840} INFO - DAG(s) 'tp2_pokemon_pipeline' retrieved from /opt/airflow/dags/dag_tp2_pokemon.py
[2026-06-09T13:03:40.599+0000] {logging_mixin.py:188} INFO - [2026-06-09T13:03:40.599+0000] {dag.py:3096} INFO - Sync 1 DAGs
[2026-06-09T13:03:40.612+0000] {logging_mixin.py:188} INFO - [2026-06-09T13:03:40.611+0000] {dag.py:3954} INFO - Setting next_dagrun for tp2_pokemon_pipeline to None, run_after=None
[2026-06-09T13:03:40.632+0000] {processor.py:183} INFO - Processing /opt/airflow/dags/dag_tp2_pokemon.py took 0.090 seconds
[2026-06-09T13:04:10.841+0000] {processor.py:161} INFO - Started process (PID=4642) to work on /opt/airflow/dags/dag_tp2_pokemon.py
[2026-06-09T13:04:10.842+0000] {processor.py:830} INFO - Processing file /opt/airflow/dags/dag_tp2_pokemon.py for tasks to queue
[2026-06-09T13:04:10.844+0000] {logging_mixin.py:188} INFO - [2026-06-09T13:04:10.843+0000] {dagbag.py:545} INFO - Filling up the DagBag from /opt/airflow/dags/dag_tp2_pokemon.py
[2026-06-09T13:04:10.863+0000] {processor.py:840} INFO - DAG(s) 'tp2_pokemon_pipeline' retrieved from /opt/airflow/dags/dag_tp2_pokemon.py
[2026-06-09T13:04:10.893+0000] {logging_mixin.py:188} INFO - [2026-06-09T13:04:10.893+0000] {dag.py:3096} INFO - Sync 1 DAGs
[2026-06-09T13:04:10.905+0000] {logging_mixin.py:188} INFO - [2026-06-09T13:04:10.905+0000] {dag.py:3954} INFO - Setting next_dagrun for tp2_pokemon_pipeline to None, run_after=None
[2026-06-09T13:04:10.925+0000] {processor.py:183} INFO - Processing /opt/airflow/dags/dag_tp2_pokemon.py took 0.088 seconds
[2026-06-09T13:04:41.162+0000] {processor.py:161} INFO - Started process (PID=4652) to work on /opt/airflow/dags/dag_tp2_pokemon.py
[2026-06-09T13:04:41.163+0000] {processor.py:830} INFO - Processing file /opt/airflow/dags/dag_tp2_pokemon.py for tasks to queue
[2026-06-09T13:04:41.164+0000] {logging_mixin.py:188} INFO - [2026-06-09T13:04:41.164+0000] {dagbag.py:545} INFO - Filling up the DagBag from /opt/airflow/dags/dag_tp2_pokemon.py
[2026-06-09T13:04:41.184+0000] {processor.py:840} INFO - DAG(s) 'tp2_pokemon_pipeline' retrieved from /opt/airflow/dags/dag_tp2_pokemon.py
[2026-06-09T13:04:41.217+0000] {logging_mixin.py:188} INFO - [2026-06-09T13:04:41.217+0000] {dag.py:3096} INFO - Sync 1 DAGs
[2026-06-09T13:04:41.231+0000] {logging_mixin.py:188} INFO - [2026-06-09T13:04:41.230+0000] {dag.py:3954} INFO - Setting next_dagrun for tp2_pokemon_pipeline to None, run_after=None
[2026-06-09T13:04:41.252+0000] {processor.py:183} INFO - Processing /opt/airflow/dags/dag_tp2_pokemon.py took 0.095 seconds
[2026-06-09T13:05:11.488+0000] {processor.py:161} INFO - Started process (PID=4662) to work on /opt/airflow/dags/dag_tp2_pokemon.py
[2026-06-09T13:05:11.489+0000] {processor.py:830} INFO - Processing file /opt/airflow/dags/dag_tp2_pokemon.py for tasks to queue
[2026-06-09T13:05:11.491+0000] {logging_mixin.py:188} INFO - [2026-06-09T13:05:11.490+0000] {dagbag.py:545} INFO - Filling up the DagBag from /opt/airflow/dags/dag_tp2_pokemon.py
[2026-06-09T13:05:11.512+0000] {processor.py:840} INFO - DAG(s) 'tp2_pokemon_pipeline' retrieved from /opt/airflow/dags/dag_tp2_pokemon.py
[2026-06-09T13:05:11.544+0000] {logging_mixin.py:188} INFO - [2026-06-09T13:05:11.543+0000] {dag.py:3096} INFO - Sync 1 DAGs
[2026-06-09T13:05:11.557+0000] {logging_mixin.py:188} INFO - [2026-06-09T13:05:11.557+0000] {dag.py:3954} INFO - Setting next_dagrun for tp2_pokemon_pipeline to None, run_after=None
[2026-06-09T13:05:11.668+0000] {processor.py:183} INFO - Processing /opt/airflow/dags/dag_tp2_pokemon.py took 0.186 seconds
[2026-06-09T13:05:41.888+0000] {processor.py:161} INFO - Started process (PID=4672) to work on /opt/airflow/dags/dag_tp2_pokemon.py
[2026-06-09T13:05:41.889+0000] {processor.py:830} INFO - Processing file /opt/airflow/dags/dag_tp2_pokemon.py for tasks to queue
[2026-06-09T13:05:41.891+0000] {logging_mixin.py:188} INFO - [2026-06-09T13:05:41.891+0000] {dagbag.py:545} INFO - Filling up the DagBag from /opt/airflow/dags/dag_tp2_pokemon.py
[2026-06-09T13:05:41.914+0000] {processor.py:840} INFO - DAG(s) 'tp2_pokemon_pipeline' retrieved from /opt/airflow/dags/dag_tp2_pokemon.py
[2026-06-09T13:05:41.949+0000] {logging_mixin.py:188} INFO - [2026-06-09T13:05:41.949+0000] {dag.py:3096} INFO - Sync 1 DAGs
[2026-06-09T13:05:41.965+0000] {logging_mixin.py:188} INFO - [2026-06-09T13:05:41.965+0000] {dag.py:3954} INFO - Setting next_dagrun for tp2_pokemon_pipeline to None, run_after=None
[2026-06-09T13:05:41.999+0000] {processor.py:183} INFO - Processing /opt/airflow/dags/dag_tp2_pokemon.py took 0.116 seconds
[2026-06-09T13:06:12.293+0000] {processor.py:161} INFO - Started process (PID=4682) to work on /opt/airflow/dags/dag_tp2_pokemon.py
[2026-06-09T13:06:12.294+0000] {processor.py:830} INFO - Processing file /opt/airflow/dags/dag_tp2_pokemon.py for tasks to queue
[2026-06-09T13:06:12.296+0000] {logging_mixin.py:188} INFO - [2026-06-09T13:06:12.296+0000] {dagbag.py:545} INFO - Filling up the DagBag from /opt/airflow/dags/dag_tp2_pokemon.py
[2026-06-09T13:06:12.318+0000] {processor.py:840} INFO - DAG(s) 'tp2_pokemon_pipeline' retrieved from /opt/airflow/dags/dag_tp2_pokemon.py
[2026-06-09T13:06:12.351+0000] {logging_mixin.py:188} INFO - [2026-06-09T13:06:12.350+0000] {dag.py:3096} INFO - Sync 1 DAGs
[2026-06-09T13:06:12.364+0000] {logging_mixin.py:188} INFO - [2026-06-09T13:06:12.364+0000] {dag.py:3954} INFO - Setting next_dagrun for tp2_pokemon_pipeline to None, run_after=None
[2026-06-09T13:06:12.385+0000] {processor.py:183} INFO - Processing /opt/airflow/dags/dag_tp2_pokemon.py took 0.096 seconds
[2026-06-09T13:06:42.595+0000] {processor.py:161} INFO - Started process (PID=4692) to work on /opt/airflow/dags/dag_tp2_pokemon.py
[2026-06-09T13:06:42.597+0000] {processor.py:830} INFO - Processing file /opt/airflow/dags/dag_tp2_pokemon.py for tasks to queue
[2026-06-09T13:06:42.599+0000] {logging_mixin.py:188} INFO - [2026-06-09T13:06:42.598+0000] {dagbag.py:545} INFO - Filling up the DagBag from /opt/airflow/dags/dag_tp2_pokemon.py
[2026-06-09T13:06:42.617+0000] {processor.py:840} INFO - DAG(s) 'tp2_pokemon_pipeline' retrieved from /opt/airflow/dags/dag_tp2_pokemon.py
[2026-06-09T13:06:42.646+0000] {logging_mixin.py:188} INFO - [2026-06-09T13:06:42.646+0000] {dag.py:3096} INFO - Sync 1 DAGs
[2026-06-09T13:06:42.659+0000] {logging_mixin.py:188} INFO - [2026-06-09T13:06:42.658+0000] {dag.py:3954} INFO - Setting next_dagrun for tp2_pokemon_pipeline to None, run_after=None
[2026-06-09T13:06:42.678+0000] {processor.py:183} INFO - Processing /opt/airflow/dags/dag_tp2_pokemon.py took 0.088 seconds
[2026-06-09T13:07:12.899+0000] {processor.py:161} INFO - Started process (PID=4702) to work on /opt/airflow/dags/dag_tp2_pokemon.py
[2026-06-09T13:07:12.901+0000] {processor.py:830} INFO - Processing file /opt/airflow/dags/dag_tp2_pokemon.py for tasks to queue
[2026-06-09T13:07:12.904+0000] {logging_mixin.py:188} INFO - [2026-06-09T13:07:12.903+0000] {dagbag.py:545} INFO - Filling up the DagBag from /opt/airflow/dags/dag_tp2_pokemon.py
[2026-06-09T13:07:12.928+0000] {processor.py:840} INFO - DAG(s) 'tp2_pokemon_pipeline' retrieved from /opt/airflow/dags/dag_tp2_pokemon.py
[2026-06-09T13:07:12.975+0000] {logging_mixin.py:188} INFO - [2026-06-09T13:07:12.975+0000] {dag.py:3096} INFO - Sync 1 DAGs
[2026-06-09T13:07:12.996+0000] {logging_mixin.py:188} INFO - [2026-06-09T13:07:12.996+0000] {dag.py:3954} INFO - Setting next_dagrun for tp2_pokemon_pipeline to None, run_after=None
[2026-06-09T13:07:13.026+0000] {processor.py:183} INFO - Processing /opt/airflow/dags/dag_tp2_pokemon.py took 0.134 seconds
[2026-06-09T13:07:43.283+0000] {processor.py:161} INFO - Started process (PID=4712) to work on /opt/airflow/dags/dag_tp2_pokemon.py
[2026-06-09T13:07:43.284+0000] {processor.py:830} INFO - Processing file /opt/airflow/dags/dag_tp2_pokemon.py for tasks to queue
[2026-06-09T13:07:43.286+0000] {logging_mixin.py:188} INFO - [2026-06-09T13:07:43.286+0000] {dagbag.py:545} INFO - Filling up the DagBag from /opt/airflow/dags/dag_tp2_pokemon.py
[2026-06-09T13:07:43.309+0000] {processor.py:840} INFO - DAG(s) 'tp2_pokemon_pipeline' retrieved from /opt/airflow/dags/dag_tp2_pokemon.py
[2026-06-09T13:07:43.348+0000] {logging_mixin.py:188} INFO - [2026-06-09T13:07:43.348+0000] {dag.py:3096} INFO - Sync 1 DAGs
[2026-06-09T13:07:43.363+0000] {logging_mixin.py:188} INFO - [2026-06-09T13:07:43.363+0000] {dag.py:3954} INFO - Setting next_dagrun for tp2_pokemon_pipeline to None, run_after=None
[2026-06-09T13:07:43.383+0000] {processor.py:183} INFO - Processing /opt/airflow/dags/dag_tp2_pokemon.py took 0.108 seconds
[2026-06-09T13:08:13.614+0000] {processor.py:161} INFO - Started process (PID=4722) to work on /opt/airflow/dags/dag_tp2_pokemon.py
[2026-06-09T13:08:13.615+0000] {processor.py:830} INFO - Processing file /opt/airflow/dags/dag_tp2_pokemon.py for tasks to queue
[2026-06-09T13:08:13.617+0000] {logging_mixin.py:188} INFO - [2026-06-09T13:08:13.617+0000] {dagbag.py:545} INFO - Filling up the DagBag from /opt/airflow/dags/dag_tp2_pokemon.py
[2026-06-09T13:08:13.635+0000] {processor.py:840} INFO - DAG(s) 'tp2_pokemon_pipeline' retrieved from /opt/airflow/dags/dag_tp2_pokemon.py
[2026-06-09T13:08:13.669+0000] {logging_mixin.py:188} INFO - [2026-06-09T13:08:13.668+0000] {dag.py:3096} INFO - Sync 1 DAGs
[2026-06-09T13:08:13.684+0000] {logging_mixin.py:188} INFO - [2026-06-09T13:08:13.684+0000] {dag.py:3954} INFO - Setting next_dagrun for tp2_pokemon_pipeline to None, run_after=None
[2026-06-09T13:08:13.710+0000] {processor.py:183} INFO - Processing /opt/airflow/dags/dag_tp2_pokemon.py took 0.101 seconds
[2026-06-09T13:08:44.431+0000] {processor.py:161} INFO - Started process (PID=4732) to work on /opt/airflow/dags/dag_tp2_pokemon.py
[2026-06-09T13:08:44.432+0000] {processor.py:830} INFO - Processing file /opt/airflow/dags/dag_tp2_pokemon.py for tasks to queue
[2026-06-09T13:08:44.434+0000] {logging_mixin.py:188} INFO - [2026-06-09T13:08:44.434+0000] {dagbag.py:545} INFO - Filling up the DagBag from /opt/airflow/dags/dag_tp2_pokemon.py
[2026-06-09T13:08:44.460+0000] {processor.py:840} INFO - DAG(s) 'tp2_pokemon_pipeline' retrieved from /opt/airflow/dags/dag_tp2_pokemon.py
[2026-06-09T13:08:44.493+0000] {logging_mixin.py:188} INFO - [2026-06-09T13:08:44.492+0000] {dag.py:3096} INFO - Sync 1 DAGs
[2026-06-09T13:08:44.535+0000] {logging_mixin.py:188} INFO - [2026-06-09T13:08:44.534+0000] {dag.py:3954} INFO - Setting next_dagrun for tp2_pokemon_pipeline to None, run_after=None
[2026-06-09T13:08:44.568+0000] {processor.py:183} INFO - Processing /opt/airflow/dags/dag_tp2_pokemon.py took 0.143 seconds
[2026-06-09T13:09:14.784+0000] {processor.py:161} INFO - Started process (PID=4742) to work on /opt/airflow/dags/dag_tp2_pokemon.py
[2026-06-09T13:09:14.785+0000] {processor.py:830} INFO - Processing file /opt/airflow/dags/dag_tp2_pokemon.py for tasks to queue
[2026-06-09T13:09:14.787+0000] {logging_mixin.py:188} INFO - [2026-06-09T13:09:14.786+0000] {dagbag.py:545} INFO - Filling up the DagBag from /opt/airflow/dags/dag_tp2_pokemon.py
[2026-06-09T13:09:14.809+0000] {processor.py:840} INFO - DAG(s) 'tp2_pokemon_pipeline' retrieved from /opt/airflow/dags/dag_tp2_pokemon.py
[2026-06-09T13:09:14.852+0000] {logging_mixin.py:188} INFO - [2026-06-09T13:09:14.851+0000] {dag.py:3096} INFO - Sync 1 DAGs
[2026-06-09T13:09:14.870+0000] {logging_mixin.py:188} INFO - [2026-06-09T13:09:14.870+0000] {dag.py:3954} INFO - Setting next_dagrun for tp2_pokemon_pipeline to None, run_after=None
[2026-06-09T13:09:14.897+0000] {processor.py:183} INFO - Processing /opt/airflow/dags/dag_tp2_pokemon.py took 0.118 seconds
[2026-06-09T13:09:45.688+0000] {processor.py:161} INFO - Started process (PID=4752) to work on /opt/airflow/dags/dag_tp2_pokemon.py
[2026-06-09T13:09:45.689+0000] {processor.py:830} INFO - Processing file /opt/airflow/dags/dag_tp2_pokemon.py for tasks to queue
[2026-06-09T13:09:45.691+0000] {logging_mixin.py:188} INFO - [2026-06-09T13:09:45.691+0000] {dagbag.py:545} INFO - Filling up the DagBag from /opt/airflow/dags/dag_tp2_pokemon.py
[2026-06-09T13:09:45.903+0000] {processor.py:840} INFO - DAG(s) 'tp2_pokemon_pipeline' retrieved from /opt/airflow/dags/dag_tp2_pokemon.py
[2026-06-09T13:09:45.941+0000] {logging_mixin.py:188} INFO - [2026-06-09T13:09:45.941+0000] {dag.py:3096} INFO - Sync 1 DAGs
[2026-06-09T13:09:45.957+0000] {logging_mixin.py:188} INFO - [2026-06-09T13:09:45.957+0000] {dag.py:3954} INFO - Setting next_dagrun for tp2_pokemon_pipeline to None, run_after=None
[2026-06-09T13:09:45.983+0000] {processor.py:183} INFO - Processing /opt/airflow/dags/dag_tp2_pokemon.py took 0.309 seconds
[2026-06-09T13:10:16.136+0000] {processor.py:161} INFO - Started process (PID=4762) to work on /opt/airflow/dags/dag_tp2_pokemon.py
[2026-06-09T13:10:16.137+0000] {processor.py:830} INFO - Processing file /opt/airflow/dags/dag_tp2_pokemon.py for tasks to queue
[2026-06-09T13:10:16.139+0000] {logging_mixin.py:188} INFO - [2026-06-09T13:10:16.138+0000] {dagbag.py:545} INFO - Filling up the DagBag from /opt/airflow/dags/dag_tp2_pokemon.py
[2026-06-09T13:10:16.157+0000] {processor.py:840} INFO - DAG(s) 'tp2_pokemon_pipeline' retrieved from /opt/airflow/dags/dag_tp2_pokemon.py
[2026-06-09T13:10:16.189+0000] {logging_mixin.py:188} INFO - [2026-06-09T13:10:16.188+0000] {dag.py:3096} INFO - Sync 1 DAGs
[2026-06-09T13:10:16.204+0000] {logging_mixin.py:188} INFO - [2026-06-09T13:10:16.203+0000] {dag.py:3954} INFO - Setting next_dagrun for tp2_pokemon_pipeline to None, run_after=None
[2026-06-09T13:10:16.232+0000] {processor.py:183} INFO - Processing /opt/airflow/dags/dag_tp2_pokemon.py took 0.102 seconds
[2026-06-09T13:10:46.792+0000] {processor.py:161} INFO - Started process (PID=4772) to work on /opt/airflow/dags/dag_tp2_pokemon.py
[2026-06-09T13:10:46.793+0000] {processor.py:830} INFO - Processing file /opt/airflow/dags/dag_tp2_pokemon.py for tasks to queue
[2026-06-09T13:10:46.796+0000] {logging_mixin.py:188} INFO - [2026-06-09T13:10:46.796+0000] {dagbag.py:545} INFO - Filling up the DagBag from /opt/airflow/dags/dag_tp2_pokemon.py
[2026-06-09T13:10:46.873+0000] {processor.py:840} INFO - DAG(s) 'tp2_pokemon_pipeline' retrieved from /opt/airflow/dags/dag_tp2_pokemon.py
[2026-06-09T13:10:46.930+0000] {logging_mixin.py:188} INFO - [2026-06-09T13:10:46.929+0000] {dag.py:3096} INFO - Sync 1 DAGs
[2026-06-09T13:10:46.945+0000] {logging_mixin.py:188} INFO - [2026-06-09T13:10:46.945+0000] {dag.py:3954} INFO - Setting next_dagrun for tp2_pokemon_pipeline to None, run_after=None
[2026-06-09T13:10:46.967+0000] {processor.py:183} INFO - Processing /opt/airflow/dags/dag_tp2_pokemon.py took 0.187 seconds
[2026-06-09T13:11:17.444+0000] {processor.py:161} INFO - Started process (PID=4782) to work on /opt/airflow/dags/dag_tp2_pokemon.py
[2026-06-09T13:11:17.444+0000] {processor.py:830} INFO - Processing file /opt/airflow/dags/dag_tp2_pokemon.py for tasks to queue
[2026-06-09T13:11:17.446+0000] {logging_mixin.py:188} INFO - [2026-06-09T13:11:17.446+0000] {dagbag.py:545} INFO - Filling up the DagBag from /opt/airflow/dags/dag_tp2_pokemon.py
[2026-06-09T13:11:17.464+0000] {processor.py:840} INFO - DAG(s) 'tp2_pokemon_pipeline' retrieved from /opt/airflow/dags/dag_tp2_pokemon.py
[2026-06-09T13:11:17.496+0000] {logging_mixin.py:188} INFO - [2026-06-09T13:11:17.496+0000] {dag.py:3096} INFO - Sync 1 DAGs
[2026-06-09T13:11:17.510+0000] {logging_mixin.py:188} INFO - [2026-06-09T13:11:17.509+0000] {dag.py:3954} INFO - Setting next_dagrun for tp2_pokemon_pipeline to None, run_after=None
[2026-06-09T13:11:17.529+0000] {processor.py:183} INFO - Processing /opt/airflow/dags/dag_tp2_pokemon.py took 0.091 seconds
[2026-06-09T13:11:48.254+0000] {processor.py:161} INFO - Started process (PID=4792) to work on /opt/airflow/dags/dag_tp2_pokemon.py
[2026-06-09T13:11:48.255+0000] {processor.py:830} INFO - Processing file /opt/airflow/dags/dag_tp2_pokemon.py for tasks to queue
[2026-06-09T13:11:48.257+0000] {logging_mixin.py:188} INFO - [2026-06-09T13:11:48.256+0000] {dagbag.py:545} INFO - Filling up the DagBag from /opt/airflow/dags/dag_tp2_pokemon.py
[2026-06-09T13:11:48.274+0000] {processor.py:840} INFO - DAG(s) 'tp2_pokemon_pipeline' retrieved from /opt/airflow/dags/dag_tp2_pokemon.py
[2026-06-09T13:11:48.305+0000] {logging_mixin.py:188} INFO - [2026-06-09T13:11:48.305+0000] {dag.py:3096} INFO - Sync 1 DAGs
[2026-06-09T13:11:48.317+0000] {logging_mixin.py:188} INFO - [2026-06-09T13:11:48.317+0000] {dag.py:3954} INFO - Setting next_dagrun for tp2_pokemon_pipeline to None, run_after=None
[2026-06-09T13:11:48.335+0000] {processor.py:183} INFO - Processing /opt/airflow/dags/dag_tp2_pokemon.py took 0.085 seconds
[2026-06-09T13:12:18.617+0000] {processor.py:161} INFO - Started process (PID=4802) to work on /opt/airflow/dags/dag_tp2_pokemon.py
[2026-06-09T13:12:18.618+0000] {processor.py:830} INFO - Processing file /opt/airflow/dags/dag_tp2_pokemon.py for tasks to queue
[2026-06-09T13:12:18.620+0000] {logging_mixin.py:188} INFO - [2026-06-09T13:12:18.620+0000] {dagbag.py:545} INFO - Filling up the DagBag from /opt/airflow/dags/dag_tp2_pokemon.py
[2026-06-09T13:12:18.653+0000] {processor.py:840} INFO - DAG(s) 'tp2_pokemon_pipeline' retrieved from /opt/airflow/dags/dag_tp2_pokemon.py
[2026-06-09T13:12:18.708+0000] {logging_mixin.py:188} INFO - [2026-06-09T13:12:18.707+0000] {dag.py:3096} INFO - Sync 1 DAGs
[2026-06-09T13:12:18.729+0000] {logging_mixin.py:188} INFO - [2026-06-09T13:12:18.729+0000] {dag.py:3954} INFO - Setting next_dagrun for tp2_pokemon_pipeline to None, run_after=None
[2026-06-09T13:12:18.763+0000] {processor.py:183} INFO - Processing /opt/airflow/dags/dag_tp2_pokemon.py took 0.155 seconds
[2026-06-09T13:12:49.108+0000] {processor.py:161} INFO - Started process (PID=4812) to work on /opt/airflow/dags/dag_tp2_pokemon.py
[2026-06-09T13:12:49.110+0000] {processor.py:830} INFO - Processing file /opt/airflow/dags/dag_tp2_pokemon.py for tasks to queue
[2026-06-09T13:12:49.112+0000] {logging_mixin.py:188} INFO - [2026-06-09T13:12:49.112+0000] {dagbag.py:545} INFO - Filling up the DagBag from /opt/airflow/dags/dag_tp2_pokemon.py
[2026-06-09T13:12:49.138+0000] {processor.py:840} INFO - DAG(s) 'tp2_pokemon_pipeline' retrieved from /opt/airflow/dags/dag_tp2_pokemon.py
[2026-06-09T13:12:49.188+0000] {logging_mixin.py:188} INFO - [2026-06-09T13:12:49.187+0000] {dag.py:3096} INFO - Sync 1 DAGs
[2026-06-09T13:12:49.214+0000] {logging_mixin.py:188} INFO - [2026-06-09T13:12:49.214+0000] {dag.py:3954} INFO - Setting next_dagrun for tp2_pokemon_pipeline to None, run_after=None
[2026-06-09T13:12:49.246+0000] {processor.py:183} INFO - Processing /opt/airflow/dags/dag_tp2_pokemon.py took 0.146 seconds
[2026-06-09T13:13:19.641+0000] {processor.py:161} INFO - Started process (PID=4822) to work on /opt/airflow/dags/dag_tp2_pokemon.py
[2026-06-09T13:13:19.643+0000] {processor.py:830} INFO - Processing file /opt/airflow/dags/dag_tp2_pokemon.py for tasks to queue
[2026-06-09T13:13:19.646+0000] {logging_mixin.py:188} INFO - [2026-06-09T13:13:19.646+0000] {dagbag.py:545} INFO - Filling up the DagBag from /opt/airflow/dags/dag_tp2_pokemon.py
[2026-06-09T13:13:19.680+0000] {processor.py:840} INFO - DAG(s) 'tp2_pokemon_pipeline' retrieved from /opt/airflow/dags/dag_tp2_pokemon.py
[2026-06-09T13:13:19.751+0000] {logging_mixin.py:188} INFO - [2026-06-09T13:13:19.751+0000] {dag.py:3096} INFO - Sync 1 DAGs
[2026-06-09T13:13:19.780+0000] {logging_mixin.py:188} INFO - [2026-06-09T13:13:19.779+0000] {dag.py:3954} INFO - Setting next_dagrun for tp2_pokemon_pipeline to None, run_after=None
[2026-06-09T13:13:19.843+0000] {processor.py:183} INFO - Processing /opt/airflow/dags/dag_tp2_pokemon.py took 0.211 seconds
[2026-06-09T13:13:50.025+0000] {processor.py:161} INFO - Started process (PID=4832) to work on /opt/airflow/dags/dag_tp2_pokemon.py
[2026-06-09T13:13:50.026+0000] {processor.py:830} INFO - Processing file /opt/airflow/dags/dag_tp2_pokemon.py for tasks to queue
[2026-06-09T13:13:50.028+0000] {logging_mixin.py:188} INFO - [2026-06-09T13:13:50.027+0000] {dagbag.py:545} INFO - Filling up the DagBag from /opt/airflow/dags/dag_tp2_pokemon.py
[2026-06-09T13:13:50.047+0000] {processor.py:840} INFO - DAG(s) 'tp2_pokemon_pipeline' retrieved from /opt/airflow/dags/dag_tp2_pokemon.py
[2026-06-09T13:13:50.083+0000] {logging_mixin.py:188} INFO - [2026-06-09T13:13:50.082+0000] {dag.py:3096} INFO - Sync 1 DAGs
[2026-06-09T13:13:50.100+0000] {logging_mixin.py:188} INFO - [2026-06-09T13:13:50.100+0000] {dag.py:3954} INFO - Setting next_dagrun for tp2_pokemon_pipeline to None, run_after=None
[2026-06-09T13:13:50.126+0000] {processor.py:183} INFO - Processing /opt/airflow/dags/dag_tp2_pokemon.py took 0.106 seconds
[2026-06-09T13:14:20.443+0000] {processor.py:161} INFO - Started process (PID=4842) to work on /opt/airflow/dags/dag_tp2_pokemon.py
[2026-06-09T13:14:20.444+0000] {processor.py:830} INFO - Processing file /opt/airflow/dags/dag_tp2_pokemon.py for tasks to queue
[2026-06-09T13:14:20.446+0000] {logging_mixin.py:188} INFO - [2026-06-09T13:14:20.445+0000] {dagbag.py:545} INFO - Filling up the DagBag from /opt/airflow/dags/dag_tp2_pokemon.py
[2026-06-09T13:14:20.470+0000] {processor.py:840} INFO - DAG(s) 'tp2_pokemon_pipeline' retrieved from /opt/airflow/dags/dag_tp2_pokemon.py
[2026-06-09T13:14:20.513+0000] {logging_mixin.py:188} INFO - [2026-06-09T13:14:20.513+0000] {dag.py:3096} INFO - Sync 1 DAGs
[2026-06-09T13:14:20.531+0000] {logging_mixin.py:188} INFO - [2026-06-09T13:14:20.530+0000] {dag.py:3954} INFO - Setting next_dagrun for tp2_pokemon_pipeline to None, run_after=None
[2026-06-09T13:14:20.559+0000] {processor.py:183} INFO - Processing /opt/airflow/dags/dag_tp2_pokemon.py took 0.122 seconds
[2026-06-09T13:14:51.088+0000] {processor.py:161} INFO - Started process (PID=4852) to work on /opt/airflow/dags/dag_tp2_pokemon.py
[2026-06-09T13:14:51.091+0000] {processor.py:830} INFO - Processing file /opt/airflow/dags/dag_tp2_pokemon.py for tasks to queue
[2026-06-09T13:14:51.096+0000] {logging_mixin.py:188} INFO - [2026-06-09T13:14:51.095+0000] {dagbag.py:545} INFO - Filling up the DagBag from /opt/airflow/dags/dag_tp2_pokemon.py
[2026-06-09T13:14:51.135+0000] {processor.py:840} INFO - DAG(s) 'tp2_pokemon_pipeline' retrieved from /opt/airflow/dags/dag_tp2_pokemon.py
[2026-06-09T13:14:51.214+0000] {logging_mixin.py:188} INFO - [2026-06-09T13:14:51.214+0000] {dag.py:3096} INFO - Sync 1 DAGs
[2026-06-09T13:14:51.237+0000] {logging_mixin.py:188} INFO - [2026-06-09T13:14:51.237+0000] {dag.py:3954} INFO - Setting next_dagrun for tp2_pokemon_pipeline to None, run_after=None
[2026-06-09T13:14:51.274+0000] {processor.py:183} INFO - Processing /opt/airflow/dags/dag_tp2_pokemon.py took 0.195 seconds
[2026-06-09T13:15:21.708+0000] {processor.py:161} INFO - Started process (PID=4862) to work on /opt/airflow/dags/dag_tp2_pokemon.py
[2026-06-09T13:15:21.712+0000] {processor.py:830} INFO - Processing file /opt/airflow/dags/dag_tp2_pokemon.py for tasks to queue
[2026-06-09T13:15:21.723+0000] {logging_mixin.py:188} INFO - [2026-06-09T13:15:21.720+0000] {dagbag.py:545} INFO - Filling up the DagBag from /opt/airflow/dags/dag_tp2_pokemon.py
[2026-06-09T13:15:21.812+0000] {processor.py:840} INFO - DAG(s) 'tp2_pokemon_pipeline' retrieved from /opt/airflow/dags/dag_tp2_pokemon.py
[2026-06-09T13:15:21.854+0000] {logging_mixin.py:188} INFO - [2026-06-09T13:15:21.854+0000] {dag.py:3096} INFO - Sync 1 DAGs
[2026-06-09T13:15:21.867+0000] {logging_mixin.py:188} INFO - [2026-06-09T13:15:21.867+0000] {dag.py:3954} INFO - Setting next_dagrun for tp2_pokemon_pipeline to None, run_after=None
[2026-06-09T13:15:21.890+0000] {processor.py:183} INFO - Processing /opt/airflow/dags/dag_tp2_pokemon.py took 0.199 seconds
[2026-06-09T13:15:52.170+0000] {processor.py:161} INFO - Started process (PID=4872) to work on /opt/airflow/dags/dag_tp2_pokemon.py
[2026-06-09T13:15:52.171+0000] {processor.py:830} INFO - Processing file /opt/airflow/dags/dag_tp2_pokemon.py for tasks to queue
[2026-06-09T13:15:52.174+0000] {logging_mixin.py:188} INFO - [2026-06-09T13:15:52.173+0000] {dagbag.py:545} INFO - Filling up the DagBag from /opt/airflow/dags/dag_tp2_pokemon.py
[2026-06-09T13:15:52.193+0000] {processor.py:840} INFO - DAG(s) 'tp2_pokemon_pipeline' retrieved from /opt/airflow/dags/dag_tp2_pokemon.py
[2026-06-09T13:15:52.227+0000] {logging_mixin.py:188} INFO - [2026-06-09T13:15:52.227+0000] {dag.py:3096} INFO - Sync 1 DAGs
[2026-06-09T13:15:52.239+0000] {logging_mixin.py:188} INFO - [2026-06-09T13:15:52.239+0000] {dag.py:3954} INFO - Setting next_dagrun for tp2_pokemon_pipeline to None, run_after=None
[2026-06-09T13:15:52.260+0000] {processor.py:183} INFO - Processing /opt/airflow/dags/dag_tp2_pokemon.py took 0.097 seconds
[2026-06-09T13:16:22.374+0000] {processor.py:161} INFO - Started process (PID=4882) to work on /opt/airflow/dags/dag_tp2_pokemon.py
[2026-06-09T13:16:22.375+0000] {processor.py:830} INFO - Processing file /opt/airflow/dags/dag_tp2_pokemon.py for tasks to queue
[2026-06-09T13:16:22.377+0000] {logging_mixin.py:188} INFO - [2026-06-09T13:16:22.377+0000] {dagbag.py:545} INFO - Filling up the DagBag from /opt/airflow/dags/dag_tp2_pokemon.py
[2026-06-09T13:16:22.397+0000] {processor.py:840} INFO - DAG(s) 'tp2_pokemon_pipeline' retrieved from /opt/airflow/dags/dag_tp2_pokemon.py
[2026-06-09T13:16:22.432+0000] {logging_mixin.py:188} INFO - [2026-06-09T13:16:22.432+0000] {dag.py:3096} INFO - Sync 1 DAGs
[2026-06-09T13:16:22.447+0000] {logging_mixin.py:188} INFO - [2026-06-09T13:16:22.446+0000] {dag.py:3954} INFO - Setting next_dagrun for tp2_pokemon_pipeline to None, run_after=None
[2026-06-09T13:16:22.468+0000] {processor.py:183} INFO - Processing /opt/airflow/dags/dag_tp2_pokemon.py took 0.100 seconds
[2026-06-09T13:16:52.690+0000] {processor.py:161} INFO - Started process (PID=4892) to work on /opt/airflow/dags/dag_tp2_pokemon.py
[2026-06-09T13:16:52.691+0000] {processor.py:830} INFO - Processing file /opt/airflow/dags/dag_tp2_pokemon.py for tasks to queue
[2026-06-09T13:16:52.693+0000] {logging_mixin.py:188} INFO - [2026-06-09T13:16:52.693+0000] {dagbag.py:545} INFO - Filling up the DagBag from /opt/airflow/dags/dag_tp2_pokemon.py
[2026-06-09T13:16:52.717+0000] {processor.py:840} INFO - DAG(s) 'tp2_pokemon_pipeline' retrieved from /opt/airflow/dags/dag_tp2_pokemon.py
[2026-06-09T13:16:52.755+0000] {logging_mixin.py:188} INFO - [2026-06-09T13:16:52.755+0000] {dag.py:3096} INFO - Sync 1 DAGs
[2026-06-09T13:16:52.768+0000] {logging_mixin.py:188} INFO - [2026-06-09T13:16:52.768+0000] {dag.py:3954} INFO - Setting next_dagrun for tp2_pokemon_pipeline to None, run_after=None
[2026-06-09T13:16:52.794+0000] {processor.py:183} INFO - Processing /opt/airflow/dags/dag_tp2_pokemon.py took 0.110 seconds
[2026-06-09T13:17:23.115+0000] {processor.py:161} INFO - Started process (PID=4902) to work on /opt/airflow/dags/dag_tp2_pokemon.py
[2026-06-09T13:17:23.117+0000] {processor.py:830} INFO - Processing file /opt/airflow/dags/dag_tp2_pokemon.py for tasks to queue
[2026-06-09T13:17:23.121+0000] {logging_mixin.py:188} INFO - [2026-06-09T13:17:23.121+0000] {dagbag.py:545} INFO - Filling up the DagBag from /opt/airflow/dags/dag_tp2_pokemon.py
[2026-06-09T13:17:23.153+0000] {processor.py:840} INFO - DAG(s) 'tp2_pokemon_pipeline' retrieved from /opt/airflow/dags/dag_tp2_pokemon.py
[2026-06-09T13:17:23.208+0000] {logging_mixin.py:188} INFO - [2026-06-09T13:17:23.208+0000] {dag.py:3096} INFO - Sync 1 DAGs
[2026-06-09T13:17:23.228+0000] {logging_mixin.py:188} INFO - [2026-06-09T13:17:23.228+0000] {dag.py:3954} INFO - Setting next_dagrun for tp2_pokemon_pipeline to None, run_after=None
[2026-06-09T13:17:23.260+0000] {processor.py:183} INFO - Processing /opt/airflow/dags/dag_tp2_pokemon.py took 0.160 seconds
[2026-06-09T13:17:53.607+0000] {processor.py:161} INFO - Started process (PID=4912) to work on /opt/airflow/dags/dag_tp2_pokemon.py
[2026-06-09T13:17:53.608+0000] {processor.py:830} INFO - Processing file /opt/airflow/dags/dag_tp2_pokemon.py for tasks to queue
[2026-06-09T13:17:53.610+0000] {logging_mixin.py:188} INFO - [2026-06-09T13:17:53.610+0000] {dagbag.py:545} INFO - Filling up the DagBag from /opt/airflow/dags/dag_tp2_pokemon.py
[2026-06-09T13:17:53.632+0000] {processor.py:840} INFO - DAG(s) 'tp2_pokemon_pipeline' retrieved from /opt/airflow/dags/dag_tp2_pokemon.py
[2026-06-09T13:17:53.667+0000] {logging_mixin.py:188} INFO - [2026-06-09T13:17:53.667+0000] {dag.py:3096} INFO - Sync 1 DAGs
[2026-06-09T13:17:53.682+0000] {logging_mixin.py:188} INFO - [2026-06-09T13:17:53.682+0000] {dag.py:3954} INFO - Setting next_dagrun for tp2_pokemon_pipeline to None, run_after=None
[2026-06-09T13:17:53.710+0000] {processor.py:183} INFO - Processing /opt/airflow/dags/dag_tp2_pokemon.py took 0.110 seconds
[2026-06-09T13:18:23.839+0000] {processor.py:161} INFO - Started process (PID=4922) to work on /opt/airflow/dags/dag_tp2_pokemon.py
[2026-06-09T13:18:23.841+0000] {processor.py:830} INFO - Processing file /opt/airflow/dags/dag_tp2_pokemon.py for tasks to queue
[2026-06-09T13:18:23.843+0000] {logging_mixin.py:188} INFO - [2026-06-09T13:18:23.842+0000] {dagbag.py:545} INFO - Filling up the DagBag from /opt/airflow/dags/dag_tp2_pokemon.py
[2026-06-09T13:18:23.867+0000] {processor.py:840} INFO - DAG(s) 'tp2_pokemon_pipeline' retrieved from /opt/airflow/dags/dag_tp2_pokemon.py
[2026-06-09T13:18:23.903+0000] {logging_mixin.py:188} INFO - [2026-06-09T13:18:23.902+0000] {dag.py:3096} INFO - Sync 1 DAGs
[2026-06-09T13:18:23.919+0000] {logging_mixin.py:188} INFO - [2026-06-09T13:18:23.918+0000] {dag.py:3954} INFO - Setting next_dagrun for tp2_pokemon_pipeline to None, run_after=None
[2026-06-09T13:18:23.951+0000] {processor.py:183} INFO - Processing /opt/airflow/dags/dag_tp2_pokemon.py took 0.121 seconds
[2026-06-09T13:18:55.477+0000] {processor.py:161} INFO - Started process (PID=4932) to work on /opt/airflow/dags/dag_tp2_pokemon.py
[2026-06-09T13:18:55.479+0000] {processor.py:830} INFO - Processing file /opt/airflow/dags/dag_tp2_pokemon.py for tasks to queue
[2026-06-09T13:18:55.482+0000] {logging_mixin.py:188} INFO - [2026-06-09T13:18:55.482+0000] {dagbag.py:545} INFO - Filling up the DagBag from /opt/airflow/dags/dag_tp2_pokemon.py
[2026-06-09T13:18:55.514+0000] {processor.py:840} INFO - DAG(s) 'tp2_pokemon_pipeline' retrieved from /opt/airflow/dags/dag_tp2_pokemon.py
[2026-06-09T13:18:55.578+0000] {logging_mixin.py:188} INFO - [2026-06-09T13:18:55.578+0000] {dag.py:3096} INFO - Sync 1 DAGs
[2026-06-09T13:18:55.598+0000] {logging_mixin.py:188} INFO - [2026-06-09T13:18:55.597+0000] {dag.py:3954} INFO - Setting next_dagrun for tp2_pokemon_pipeline to None, run_after=None
[2026-06-09T13:18:55.634+0000] {processor.py:183} INFO - Processing /opt/airflow/dags/dag_tp2_pokemon.py took 0.167 seconds
[2026-06-09T13:19:26.010+0000] {processor.py:161} INFO - Started process (PID=4942) to work on /opt/airflow/dags/dag_tp2_pokemon.py
[2026-06-09T13:19:26.011+0000] {processor.py:830} INFO - Processing file /opt/airflow/dags/dag_tp2_pokemon.py for tasks to queue
[2026-06-09T13:19:26.013+0000] {logging_mixin.py:188} INFO - [2026-06-09T13:19:26.013+0000] {dagbag.py:545} INFO - Filling up the DagBag from /opt/airflow/dags/dag_tp2_pokemon.py
[2026-06-09T13:19:26.037+0000] {processor.py:840} INFO - DAG(s) 'tp2_pokemon_pipeline' retrieved from /opt/airflow/dags/dag_tp2_pokemon.py
[2026-06-09T13:19:26.076+0000] {logging_mixin.py:188} INFO - [2026-06-09T13:19:26.076+0000] {dag.py:3096} INFO - Sync 1 DAGs
[2026-06-09T13:19:26.094+0000] {logging_mixin.py:188} INFO - [2026-06-09T13:19:26.093+0000] {dag.py:3954} INFO - Setting next_dagrun for tp2_pokemon_pipeline to None, run_after=None
[2026-06-09T13:19:26.121+0000] {processor.py:183} INFO - Processing /opt/airflow/dags/dag_tp2_pokemon.py took 0.119 seconds
[2026-06-09T13:19:56.387+0000] {processor.py:161} INFO - Started process (PID=4952) to work on /opt/airflow/dags/dag_tp2_pokemon.py
[2026-06-09T13:19:56.388+0000] {processor.py:830} INFO - Processing file /opt/airflow/dags/dag_tp2_pokemon.py for tasks to queue
[2026-06-09T13:19:56.390+0000] {logging_mixin.py:188} INFO - [2026-06-09T13:19:56.390+0000] {dagbag.py:545} INFO - Filling up the DagBag from /opt/airflow/dags/dag_tp2_pokemon.py
[2026-06-09T13:19:56.411+0000] {processor.py:840} INFO - DAG(s) 'tp2_pokemon_pipeline' retrieved from /opt/airflow/dags/dag_tp2_pokemon.py
[2026-06-09T13:19:56.444+0000] {logging_mixin.py:188} INFO - [2026-06-09T13:19:56.444+0000] {dag.py:3096} INFO - Sync 1 DAGs
[2026-06-09T13:19:56.460+0000] {logging_mixin.py:188} INFO - [2026-06-09T13:19:56.460+0000] {dag.py:3954} INFO - Setting next_dagrun for tp2_pokemon_pipeline to None, run_after=None
[2026-06-09T13:19:56.489+0000] {processor.py:183} INFO - Processing /opt/airflow/dags/dag_tp2_pokemon.py took 0.107 seconds
[2026-06-09T13:20:26.747+0000] {processor.py:161} INFO - Started process (PID=4964) to work on /opt/airflow/dags/dag_tp2_pokemon.py
[2026-06-09T13:20:26.748+0000] {processor.py:830} INFO - Processing file /opt/airflow/dags/dag_tp2_pokemon.py for tasks to queue
[2026-06-09T13:20:26.750+0000] {logging_mixin.py:188} INFO - [2026-06-09T13:20:26.749+0000] {dagbag.py:545} INFO - Filling up the DagBag from /opt/airflow/dags/dag_tp2_pokemon.py
[2026-06-09T13:20:26.769+0000] {processor.py:840} INFO - DAG(s) 'tp2_pokemon_pipeline' retrieved from /opt/airflow/dags/dag_tp2_pokemon.py
[2026-06-09T13:20:26.801+0000] {logging_mixin.py:188} INFO - [2026-06-09T13:20:26.800+0000] {dag.py:3096} INFO - Sync 1 DAGs
[2026-06-09T13:20:26.814+0000] {logging_mixin.py:188} INFO - [2026-06-09T13:20:26.814+0000] {dag.py:3954} INFO - Setting next_dagrun for tp2_pokemon_pipeline to None, run_after=None
[2026-06-09T13:20:26.838+0000] {processor.py:183} INFO - Processing /opt/airflow/dags/dag_tp2_pokemon.py took 0.097 seconds
[2026-06-09T13:20:56.976+0000] {processor.py:161} INFO - Started process (PID=4972) to work on /opt/airflow/dags/dag_tp2_pokemon.py
[2026-06-09T13:20:56.978+0000] {processor.py:830} INFO - Processing file /opt/airflow/dags/dag_tp2_pokemon.py for tasks to queue
[2026-06-09T13:20:56.981+0000] {logging_mixin.py:188} INFO - [2026-06-09T13:20:56.980+0000] {dagbag.py:545} INFO - Filling up the DagBag from /opt/airflow/dags/dag_tp2_pokemon.py
[2026-06-09T13:20:57.004+0000] {processor.py:840} INFO - DAG(s) 'tp2_pokemon_pipeline' retrieved from /opt/airflow/dags/dag_tp2_pokemon.py
[2026-06-09T13:20:57.047+0000] {logging_mixin.py:188} INFO - [2026-06-09T13:20:57.047+0000] {dag.py:3096} INFO - Sync 1 DAGs
[2026-06-09T13:20:57.067+0000] {logging_mixin.py:188} INFO - [2026-06-09T13:20:57.067+0000] {dag.py:3954} INFO - Setting next_dagrun for tp2_pokemon_pipeline to None, run_after=None
[2026-06-09T13:20:57.094+0000] {processor.py:183} INFO - Processing /opt/airflow/dags/dag_tp2_pokemon.py took 0.128 seconds
[2026-06-09T13:21:27.333+0000] {processor.py:161} INFO - Started process (PID=4982) to work on /opt/airflow/dags/dag_tp2_pokemon.py
[2026-06-09T13:21:27.334+0000] {processor.py:830} INFO - Processing file /opt/airflow/dags/dag_tp2_pokemon.py for tasks to queue
[2026-06-09T13:21:27.336+0000] {logging_mixin.py:188} INFO - [2026-06-09T13:21:27.336+0000] {dagbag.py:545} INFO - Filling up the DagBag from /opt/airflow/dags/dag_tp2_pokemon.py
[2026-06-09T13:21:27.356+0000] {processor.py:840} INFO - DAG(s) 'tp2_pokemon_pipeline' retrieved from /opt/airflow/dags/dag_tp2_pokemon.py
[2026-06-09T13:21:27.395+0000] {logging_mixin.py:188} INFO - [2026-06-09T13:21:27.394+0000] {dag.py:3096} INFO - Sync 1 DAGs
[2026-06-09T13:21:27.416+0000] {logging_mixin.py:188} INFO - [2026-06-09T13:21:27.416+0000] {dag.py:3954} INFO - Setting next_dagrun for tp2_pokemon_pipeline to None, run_after=None
[2026-06-09T13:21:27.441+0000] {processor.py:183} INFO - Processing /opt/airflow/dags/dag_tp2_pokemon.py took 0.114 seconds
[2026-06-09T13:21:57.698+0000] {processor.py:161} INFO - Started process (PID=4992) to work on /opt/airflow/dags/dag_tp2_pokemon.py
[2026-06-09T13:21:57.699+0000] {processor.py:830} INFO - Processing file /opt/airflow/dags/dag_tp2_pokemon.py for tasks to queue
[2026-06-09T13:21:57.701+0000] {logging_mixin.py:188} INFO - [2026-06-09T13:21:57.700+0000] {dagbag.py:545} INFO - Filling up the DagBag from /opt/airflow/dags/dag_tp2_pokemon.py
[2026-06-09T13:21:57.722+0000] {processor.py:840} INFO - DAG(s) 'tp2_pokemon_pipeline' retrieved from /opt/airflow/dags/dag_tp2_pokemon.py
[2026-06-09T13:21:57.758+0000] {logging_mixin.py:188} INFO - [2026-06-09T13:21:57.758+0000] {dag.py:3096} INFO - Sync 1 DAGs
[2026-06-09T13:21:57.775+0000] {logging_mixin.py:188} INFO - [2026-06-09T13:21:57.775+0000] {dag.py:3954} INFO - Setting next_dagrun for tp2_pokemon_pipeline to None, run_after=None
[2026-06-09T13:21:57.800+0000] {processor.py:183} INFO - Processing /opt/airflow/dags/dag_tp2_pokemon.py took 0.108 seconds
[2026-06-09T13:22:27.934+0000] {processor.py:161} INFO - Started process (PID=5002) to work on /opt/airflow/dags/dag_tp2_pokemon.py
[2026-06-09T13:22:27.935+0000] {processor.py:830} INFO - Processing file /opt/airflow/dags/dag_tp2_pokemon.py for tasks to queue
[2026-06-09T13:22:27.937+0000] {logging_mixin.py:188} INFO - [2026-06-09T13:22:27.937+0000] {dagbag.py:545} INFO - Filling up the DagBag from /opt/airflow/dags/dag_tp2_pokemon.py
[2026-06-09T13:22:27.959+0000] {processor.py:840} INFO - DAG(s) 'tp2_pokemon_pipeline' retrieved from /opt/airflow/dags/dag_tp2_pokemon.py
[2026-06-09T13:22:27.998+0000] {logging_mixin.py:188} INFO - [2026-06-09T13:22:27.998+0000] {dag.py:3096} INFO - Sync 1 DAGs
[2026-06-09T13:22:28.013+0000] {logging_mixin.py:188} INFO - [2026-06-09T13:22:28.013+0000] {dag.py:3954} INFO - Setting next_dagrun for tp2_pokemon_pipeline to None, run_after=None
[2026-06-09T13:22:28.041+0000] {processor.py:183} INFO - Processing /opt/airflow/dags/dag_tp2_pokemon.py took 0.115 seconds
[2026-06-09T13:22:58.288+0000] {processor.py:161} INFO - Started process (PID=5012) to work on /opt/airflow/dags/dag_tp2_pokemon.py
[2026-06-09T13:22:58.289+0000] {processor.py:830} INFO - Processing file /opt/airflow/dags/dag_tp2_pokemon.py for tasks to queue
[2026-06-09T13:22:58.291+0000] {logging_mixin.py:188} INFO - [2026-06-09T13:22:58.290+0000] {dagbag.py:545} INFO - Filling up the DagBag from /opt/airflow/dags/dag_tp2_pokemon.py
[2026-06-09T13:22:58.312+0000] {processor.py:840} INFO - DAG(s) 'tp2_pokemon_pipeline' retrieved from /opt/airflow/dags/dag_tp2_pokemon.py
[2026-06-09T13:22:58.346+0000] {logging_mixin.py:188} INFO - [2026-06-09T13:22:58.346+0000] {dag.py:3096} INFO - Sync 1 DAGs
[2026-06-09T13:22:58.366+0000] {logging_mixin.py:188} INFO - [2026-06-09T13:22:58.366+0000] {dag.py:3954} INFO - Setting next_dagrun for tp2_pokemon_pipeline to None, run_after=None
[2026-06-09T13:22:58.390+0000] {processor.py:183} INFO - Processing /opt/airflow/dags/dag_tp2_pokemon.py took 0.108 seconds
[2026-06-09T13:23:28.638+0000] {processor.py:161} INFO - Started process (PID=5022) to work on /opt/airflow/dags/dag_tp2_pokemon.py
[2026-06-09T13:23:28.639+0000] {processor.py:830} INFO - Processing file /opt/airflow/dags/dag_tp2_pokemon.py for tasks to queue
[2026-06-09T13:23:28.642+0000] {logging_mixin.py:188} INFO - [2026-06-09T13:23:28.641+0000] {dagbag.py:545} INFO - Filling up the DagBag from /opt/airflow/dags/dag_tp2_pokemon.py
[2026-06-09T13:23:28.663+0000] {processor.py:840} INFO - DAG(s) 'tp2_pokemon_pipeline' retrieved from /opt/airflow/dags/dag_tp2_pokemon.py
[2026-06-09T13:23:28.703+0000] {logging_mixin.py:188} INFO - [2026-06-09T13:23:28.702+0000] {dag.py:3096} INFO - Sync 1 DAGs
[2026-06-09T13:23:28.717+0000] {logging_mixin.py:188} INFO - [2026-06-09T13:23:28.717+0000] {dag.py:3954} INFO - Setting next_dagrun for tp2_pokemon_pipeline to None, run_after=None
[2026-06-09T13:23:28.739+0000] {processor.py:183} INFO - Processing /opt/airflow/dags/dag_tp2_pokemon.py took 0.109 seconds
[2026-06-09T13:23:58.978+0000] {processor.py:161} INFO - Started process (PID=5032) to work on /opt/airflow/dags/dag_tp2_pokemon.py
[2026-06-09T13:23:58.979+0000] {processor.py:830} INFO - Processing file /opt/airflow/dags/dag_tp2_pokemon.py for tasks to queue
[2026-06-09T13:23:58.982+0000] {logging_mixin.py:188} INFO - [2026-06-09T13:23:58.981+0000] {dagbag.py:545} INFO - Filling up the DagBag from /opt/airflow/dags/dag_tp2_pokemon.py
[2026-06-09T13:23:59.003+0000] {processor.py:840} INFO - DAG(s) 'tp2_pokemon_pipeline' retrieved from /opt/airflow/dags/dag_tp2_pokemon.py
[2026-06-09T13:23:59.036+0000] {logging_mixin.py:188} INFO - [2026-06-09T13:23:59.036+0000] {dag.py:3096} INFO - Sync 1 DAGs
[2026-06-09T13:23:59.051+0000] {logging_mixin.py:188} INFO - [2026-06-09T13:23:59.051+0000] {dag.py:3954} INFO - Setting next_dagrun for tp2_pokemon_pipeline to None, run_after=None
[2026-06-09T13:23:59.074+0000] {processor.py:183} INFO - Processing /opt/airflow/dags/dag_tp2_pokemon.py took 0.103 seconds
[2026-06-09T13:24:29.193+0000] {processor.py:161} INFO - Started process (PID=5042) to work on /opt/airflow/dags/dag_tp2_pokemon.py
[2026-06-09T13:24:29.194+0000] {processor.py:830} INFO - Processing file /opt/airflow/dags/dag_tp2_pokemon.py for tasks to queue
[2026-06-09T13:24:29.196+0000] {logging_mixin.py:188} INFO - [2026-06-09T13:24:29.196+0000] {dagbag.py:545} INFO - Filling up the DagBag from /opt/airflow/dags/dag_tp2_pokemon.py
[2026-06-09T13:24:29.220+0000] {processor.py:840} INFO - DAG(s) 'tp2_pokemon_pipeline' retrieved from /opt/airflow/dags/dag_tp2_pokemon.py
[2026-06-09T13:24:29.252+0000] {logging_mixin.py:188} INFO - [2026-06-09T13:24:29.252+0000] {dag.py:3096} INFO - Sync 1 DAGs
[2026-06-09T13:24:29.272+0000] {logging_mixin.py:188} INFO - [2026-06-09T13:24:29.272+0000] {dag.py:3954} INFO - Setting next_dagrun for tp2_pokemon_pipeline to None, run_after=None
[2026-06-09T13:24:29.296+0000] {processor.py:183} INFO - Processing /opt/airflow/dags/dag_tp2_pokemon.py took 0.111 seconds
[2026-06-09T13:24:59.550+0000] {processor.py:161} INFO - Started process (PID=5052) to work on /opt/airflow/dags/dag_tp2_pokemon.py
[2026-06-09T13:24:59.551+0000] {processor.py:830} INFO - Processing file /opt/airflow/dags/dag_tp2_pokemon.py for tasks to queue
[2026-06-09T13:24:59.554+0000] {logging_mixin.py:188} INFO - [2026-06-09T13:24:59.553+0000] {dagbag.py:545} INFO - Filling up the DagBag from /opt/airflow/dags/dag_tp2_pokemon.py
[2026-06-09T13:24:59.577+0000] {processor.py:840} INFO - DAG(s) 'tp2_pokemon_pipeline' retrieved from /opt/airflow/dags/dag_tp2_pokemon.py
[2026-06-09T13:24:59.612+0000] {logging_mixin.py:188} INFO - [2026-06-09T13:24:59.612+0000] {dag.py:3096} INFO - Sync 1 DAGs
[2026-06-09T13:24:59.626+0000] {logging_mixin.py:188} INFO - [2026-06-09T13:24:59.626+0000] {dag.py:3954} INFO - Setting next_dagrun for tp2_pokemon_pipeline to None, run_after=None
[2026-06-09T13:24:59.887+0000] {processor.py:183} INFO - Processing /opt/airflow/dags/dag_tp2_pokemon.py took 0.345 seconds
[2026-06-09T13:25:30.122+0000] {processor.py:161} INFO - Started process (PID=5062) to work on /opt/airflow/dags/dag_tp2_pokemon.py
[2026-06-09T13:25:30.123+0000] {processor.py:830} INFO - Processing file /opt/airflow/dags/dag_tp2_pokemon.py for tasks to queue
[2026-06-09T13:25:30.125+0000] {logging_mixin.py:188} INFO - [2026-06-09T13:25:30.124+0000] {dagbag.py:545} INFO - Filling up the DagBag from /opt/airflow/dags/dag_tp2_pokemon.py
[2026-06-09T13:25:30.146+0000] {processor.py:840} INFO - DAG(s) 'tp2_pokemon_pipeline' retrieved from /opt/airflow/dags/dag_tp2_pokemon.py
[2026-06-09T13:25:30.181+0000] {logging_mixin.py:188} INFO - [2026-06-09T13:25:30.181+0000] {dag.py:3096} INFO - Sync 1 DAGs
[2026-06-09T13:25:30.197+0000] {logging_mixin.py:188} INFO - [2026-06-09T13:25:30.196+0000] {dag.py:3954} INFO - Setting next_dagrun for tp2_pokemon_pipeline to None, run_after=None
[2026-06-09T13:25:30.218+0000] {processor.py:183} INFO - Processing /opt/airflow/dags/dag_tp2_pokemon.py took 0.103 seconds
[2026-06-09T13:26:00.459+0000] {processor.py:161} INFO - Started process (PID=5072) to work on /opt/airflow/dags/dag_tp2_pokemon.py
[2026-06-09T13:26:00.460+0000] {processor.py:830} INFO - Processing file /opt/airflow/dags/dag_tp2_pokemon.py for tasks to queue
[2026-06-09T13:26:00.463+0000] {logging_mixin.py:188} INFO - [2026-06-09T13:26:00.462+0000] {dagbag.py:545} INFO - Filling up the DagBag from /opt/airflow/dags/dag_tp2_pokemon.py
[2026-06-09T13:26:00.485+0000] {processor.py:840} INFO - DAG(s) 'tp2_pokemon_pipeline' retrieved from /opt/airflow/dags/dag_tp2_pokemon.py
[2026-06-09T13:26:00.518+0000] {logging_mixin.py:188} INFO - [2026-06-09T13:26:00.517+0000] {dag.py:3096} INFO - Sync 1 DAGs
[2026-06-09T13:26:00.532+0000] {logging_mixin.py:188} INFO - [2026-06-09T13:26:00.531+0000] {dag.py:3954} INFO - Setting next_dagrun for tp2_pokemon_pipeline to None, run_after=None
[2026-06-09T13:26:00.555+0000] {processor.py:183} INFO - Processing /opt/airflow/dags/dag_tp2_pokemon.py took 0.103 seconds
[2026-06-09T13:26:30.866+0000] {processor.py:161} INFO - Started process (PID=5082) to work on /opt/airflow/dags/dag_tp2_pokemon.py
[2026-06-09T13:26:30.868+0000] {processor.py:830} INFO - Processing file /opt/airflow/dags/dag_tp2_pokemon.py for tasks to queue
[2026-06-09T13:26:30.870+0000] {logging_mixin.py:188} INFO - [2026-06-09T13:26:30.869+0000] {dagbag.py:545} INFO - Filling up the DagBag from /opt/airflow/dags/dag_tp2_pokemon.py
[2026-06-09T13:26:30.893+0000] {processor.py:840} INFO - DAG(s) 'tp2_pokemon_pipeline' retrieved from /opt/airflow/dags/dag_tp2_pokemon.py
[2026-06-09T13:26:30.926+0000] {logging_mixin.py:188} INFO - [2026-06-09T13:26:30.926+0000] {dag.py:3096} INFO - Sync 1 DAGs
[2026-06-09T13:26:30.939+0000] {logging_mixin.py:188} INFO - [2026-06-09T13:26:30.939+0000] {dag.py:3954} INFO - Setting next_dagrun for tp2_pokemon_pipeline to None, run_after=None
[2026-06-09T13:26:30.961+0000] {processor.py:183} INFO - Processing /opt/airflow/dags/dag_tp2_pokemon.py took 0.101 seconds
[2026-06-09T13:27:01.198+0000] {processor.py:161} INFO - Started process (PID=5092) to work on /opt/airflow/dags/dag_tp2_pokemon.py
[2026-06-09T13:27:01.199+0000] {processor.py:830} INFO - Processing file /opt/airflow/dags/dag_tp2_pokemon.py for tasks to queue
[2026-06-09T13:27:01.201+0000] {logging_mixin.py:188} INFO - [2026-06-09T13:27:01.200+0000] {dagbag.py:545} INFO - Filling up the DagBag from /opt/airflow/dags/dag_tp2_pokemon.py
[2026-06-09T13:27:01.220+0000] {processor.py:840} INFO - DAG(s) 'tp2_pokemon_pipeline' retrieved from /opt/airflow/dags/dag_tp2_pokemon.py
[2026-06-09T13:27:01.254+0000] {logging_mixin.py:188} INFO - [2026-06-09T13:27:01.254+0000] {dag.py:3096} INFO - Sync 1 DAGs
[2026-06-09T13:27:01.271+0000] {logging_mixin.py:188} INFO - [2026-06-09T13:27:01.270+0000] {dag.py:3954} INFO - Setting next_dagrun for tp2_pokemon_pipeline to None, run_after=None
[2026-06-09T13:27:01.303+0000] {processor.py:183} INFO - Processing /opt/airflow/dags/dag_tp2_pokemon.py took 0.111 seconds
[2026-06-09T13:27:31.538+0000] {processor.py:161} INFO - Started process (PID=5102) to work on /opt/airflow/dags/dag_tp2_pokemon.py
[2026-06-09T13:27:31.539+0000] {processor.py:830} INFO - Processing file /opt/airflow/dags/dag_tp2_pokemon.py for tasks to queue
[2026-06-09T13:27:31.541+0000] {logging_mixin.py:188} INFO - [2026-06-09T13:27:31.541+0000] {dagbag.py:545} INFO - Filling up the DagBag from /opt/airflow/dags/dag_tp2_pokemon.py
[2026-06-09T13:27:31.562+0000] {processor.py:840} INFO - DAG(s) 'tp2_pokemon_pipeline' retrieved from /opt/airflow/dags/dag_tp2_pokemon.py
[2026-06-09T13:27:31.593+0000] {logging_mixin.py:188} INFO - [2026-06-09T13:27:31.593+0000] {dag.py:3096} INFO - Sync 1 DAGs
[2026-06-09T13:27:31.607+0000] {logging_mixin.py:188} INFO - [2026-06-09T13:27:31.607+0000] {dag.py:3954} INFO - Setting next_dagrun for tp2_pokemon_pipeline to None, run_after=None
[2026-06-09T13:27:31.632+0000] {processor.py:183} INFO - Processing /opt/airflow/dags/dag_tp2_pokemon.py took 0.100 seconds
[2026-06-09T13:28:01.750+0000] {processor.py:161} INFO - Started process (PID=5112) to work on /opt/airflow/dags/dag_tp2_pokemon.py
[2026-06-09T13:28:01.751+0000] {processor.py:830} INFO - Processing file /opt/airflow/dags/dag_tp2_pokemon.py for tasks to queue
[2026-06-09T13:28:01.753+0000] {logging_mixin.py:188} INFO - [2026-06-09T13:28:01.753+0000] {dagbag.py:545} INFO - Filling up the DagBag from /opt/airflow/dags/dag_tp2_pokemon.py
[2026-06-09T13:28:01.774+0000] {processor.py:840} INFO - DAG(s) 'tp2_pokemon_pipeline' retrieved from /opt/airflow/dags/dag_tp2_pokemon.py
[2026-06-09T13:28:01.812+0000] {logging_mixin.py:188} INFO - [2026-06-09T13:28:01.811+0000] {dag.py:3096} INFO - Sync 1 DAGs
[2026-06-09T13:28:01.825+0000] {logging_mixin.py:188} INFO - [2026-06-09T13:28:01.825+0000] {dag.py:3954} INFO - Setting next_dagrun for tp2_pokemon_pipeline to None, run_after=None
[2026-06-09T13:28:01.848+0000] {processor.py:183} INFO - Processing /opt/airflow/dags/dag_tp2_pokemon.py took 0.104 seconds
[2026-06-09T13:28:32.081+0000] {processor.py:161} INFO - Started process (PID=5122) to work on /opt/airflow/dags/dag_tp2_pokemon.py
[2026-06-09T13:28:32.082+0000] {processor.py:830} INFO - Processing file /opt/airflow/dags/dag_tp2_pokemon.py for tasks to queue
[2026-06-09T13:28:32.084+0000] {logging_mixin.py:188} INFO - [2026-06-09T13:28:32.083+0000] {dagbag.py:545} INFO - Filling up the DagBag from /opt/airflow/dags/dag_tp2_pokemon.py
[2026-06-09T13:28:32.104+0000] {processor.py:840} INFO - DAG(s) 'tp2_pokemon_pipeline' retrieved from /opt/airflow/dags/dag_tp2_pokemon.py
[2026-06-09T13:28:32.137+0000] {logging_mixin.py:188} INFO - [2026-06-09T13:28:32.137+0000] {dag.py:3096} INFO - Sync 1 DAGs
[2026-06-09T13:28:32.152+0000] {logging_mixin.py:188} INFO - [2026-06-09T13:28:32.152+0000] {dag.py:3954} INFO - Setting next_dagrun for tp2_pokemon_pipeline to None, run_after=None
[2026-06-09T13:28:32.173+0000] {processor.py:183} INFO - Processing /opt/airflow/dags/dag_tp2_pokemon.py took 0.097 seconds
[2026-06-09T13:29:02.303+0000] {processor.py:161} INFO - Started process (PID=5132) to work on /opt/airflow/dags/dag_tp2_pokemon.py
[2026-06-09T13:29:02.304+0000] {processor.py:830} INFO - Processing file /opt/airflow/dags/dag_tp2_pokemon.py for tasks to queue
[2026-06-09T13:29:02.306+0000] {logging_mixin.py:188} INFO - [2026-06-09T13:29:02.306+0000] {dagbag.py:545} INFO - Filling up the DagBag from /opt/airflow/dags/dag_tp2_pokemon.py
[2026-06-09T13:29:02.328+0000] {processor.py:840} INFO - DAG(s) 'tp2_pokemon_pipeline' retrieved from /opt/airflow/dags/dag_tp2_pokemon.py
[2026-06-09T13:29:02.360+0000] {logging_mixin.py:188} INFO - [2026-06-09T13:29:02.360+0000] {dag.py:3096} INFO - Sync 1 DAGs
[2026-06-09T13:29:02.379+0000] {logging_mixin.py:188} INFO - [2026-06-09T13:29:02.379+0000] {dag.py:3954} INFO - Setting next_dagrun for tp2_pokemon_pipeline to None, run_after=None
[2026-06-09T13:29:02.405+0000] {processor.py:183} INFO - Processing /opt/airflow/dags/dag_tp2_pokemon.py took 0.108 seconds
[2026-06-09T13:29:32.631+0000] {processor.py:161} INFO - Started process (PID=5142) to work on /opt/airflow/dags/dag_tp2_pokemon.py
[2026-06-09T13:29:32.632+0000] {processor.py:830} INFO - Processing file /opt/airflow/dags/dag_tp2_pokemon.py for tasks to queue
[2026-06-09T13:29:32.635+0000] {logging_mixin.py:188} INFO - [2026-06-09T13:29:32.634+0000] {dagbag.py:545} INFO - Filling up the DagBag from /opt/airflow/dags/dag_tp2_pokemon.py
[2026-06-09T13:29:32.657+0000] {processor.py:840} INFO - DAG(s) 'tp2_pokemon_pipeline' retrieved from /opt/airflow/dags/dag_tp2_pokemon.py
[2026-06-09T13:29:32.688+0000] {logging_mixin.py:188} INFO - [2026-06-09T13:29:32.688+0000] {dag.py:3096} INFO - Sync 1 DAGs
[2026-06-09T13:29:32.701+0000] {logging_mixin.py:188} INFO - [2026-06-09T13:29:32.701+0000] {dag.py:3954} INFO - Setting next_dagrun for tp2_pokemon_pipeline to None, run_after=None
[2026-06-09T13:29:32.728+0000] {processor.py:183} INFO - Processing /opt/airflow/dags/dag_tp2_pokemon.py took 0.103 seconds
[2026-06-09T13:30:02.828+0000] {processor.py:161} INFO - Started process (PID=5152) to work on /opt/airflow/dags/dag_tp2_pokemon.py
[2026-06-09T13:30:02.829+0000] {processor.py:830} INFO - Processing file /opt/airflow/dags/dag_tp2_pokemon.py for tasks to queue
[2026-06-09T13:30:02.830+0000] {logging_mixin.py:188} INFO - [2026-06-09T13:30:02.830+0000] {dagbag.py:545} INFO - Filling up the DagBag from /opt/airflow/dags/dag_tp2_pokemon.py
[2026-06-09T13:30:02.854+0000] {processor.py:840} INFO - DAG(s) 'tp2_pokemon_pipeline' retrieved from /opt/airflow/dags/dag_tp2_pokemon.py
[2026-06-09T13:30:02.899+0000] {logging_mixin.py:188} INFO - [2026-06-09T13:30:02.899+0000] {dag.py:3096} INFO - Sync 1 DAGs
[2026-06-09T13:30:02.915+0000] {logging_mixin.py:188} INFO - [2026-06-09T13:30:02.915+0000] {dag.py:3954} INFO - Setting next_dagrun for tp2_pokemon_pipeline to None, run_after=None
[2026-06-09T13:30:02.940+0000] {processor.py:183} INFO - Processing /opt/airflow/dags/dag_tp2_pokemon.py took 0.117 seconds
[2026-06-09T13:30:33.156+0000] {processor.py:161} INFO - Started process (PID=5162) to work on /opt/airflow/dags/dag_tp2_pokemon.py
[2026-06-09T13:30:33.157+0000] {processor.py:830} INFO - Processing file /opt/airflow/dags/dag_tp2_pokemon.py for tasks to queue
[2026-06-09T13:30:33.159+0000] {logging_mixin.py:188} INFO - [2026-06-09T13:30:33.159+0000] {dagbag.py:545} INFO - Filling up the DagBag from /opt/airflow/dags/dag_tp2_pokemon.py
[2026-06-09T13:30:33.182+0000] {processor.py:840} INFO - DAG(s) 'tp2_pokemon_pipeline' retrieved from /opt/airflow/dags/dag_tp2_pokemon.py
[2026-06-09T13:30:33.221+0000] {logging_mixin.py:188} INFO - [2026-06-09T13:30:33.220+0000] {dag.py:3096} INFO - Sync 1 DAGs
[2026-06-09T13:30:33.233+0000] {logging_mixin.py:188} INFO - [2026-06-09T13:30:33.233+0000] {dag.py:3954} INFO - Setting next_dagrun for tp2_pokemon_pipeline to None, run_after=None
[2026-06-09T13:30:33.257+0000] {processor.py:183} INFO - Processing /opt/airflow/dags/dag_tp2_pokemon.py took 0.106 seconds
[2026-06-09T13:31:03.475+0000] {processor.py:161} INFO - Started process (PID=5172) to work on /opt/airflow/dags/dag_tp2_pokemon.py
[2026-06-09T13:31:03.476+0000] {processor.py:830} INFO - Processing file /opt/airflow/dags/dag_tp2_pokemon.py for tasks to queue
[2026-06-09T13:31:03.478+0000] {logging_mixin.py:188} INFO - [2026-06-09T13:31:03.477+0000] {dagbag.py:545} INFO - Filling up the DagBag from /opt/airflow/dags/dag_tp2_pokemon.py
[2026-06-09T13:31:03.499+0000] {processor.py:840} INFO - DAG(s) 'tp2_pokemon_pipeline' retrieved from /opt/airflow/dags/dag_tp2_pokemon.py
[2026-06-09T13:31:03.530+0000] {logging_mixin.py:188} INFO - [2026-06-09T13:31:03.530+0000] {dag.py:3096} INFO - Sync 1 DAGs
[2026-06-09T13:31:03.544+0000] {logging_mixin.py:188} INFO - [2026-06-09T13:31:03.544+0000] {dag.py:3954} INFO - Setting next_dagrun for tp2_pokemon_pipeline to None, run_after=None
[2026-06-09T13:31:03.568+0000] {processor.py:183} INFO - Processing /opt/airflow/dags/dag_tp2_pokemon.py took 0.099 seconds
[2026-06-09T13:31:33.817+0000] {processor.py:161} INFO - Started process (PID=5182) to work on /opt/airflow/dags/dag_tp2_pokemon.py
[2026-06-09T13:31:33.818+0000] {processor.py:830} INFO - Processing file /opt/airflow/dags/dag_tp2_pokemon.py for tasks to queue
[2026-06-09T13:31:33.819+0000] {logging_mixin.py:188} INFO - [2026-06-09T13:31:33.819+0000] {dagbag.py:545} INFO - Filling up the DagBag from /opt/airflow/dags/dag_tp2_pokemon.py
[2026-06-09T13:31:33.835+0000] {processor.py:840} INFO - DAG(s) 'tp2_pokemon_pipeline' retrieved from /opt/airflow/dags/dag_tp2_pokemon.py
[2026-06-09T13:31:33.862+0000] {logging_mixin.py:188} INFO - [2026-06-09T13:31:33.862+0000] {dag.py:3096} INFO - Sync 1 DAGs
[2026-06-09T13:31:33.873+0000] {logging_mixin.py:188} INFO - [2026-06-09T13:31:33.873+0000] {dag.py:3954} INFO - Setting next_dagrun for tp2_pokemon_pipeline to None, run_after=None
[2026-06-09T13:31:33.890+0000] {processor.py:183} INFO - Processing /opt/airflow/dags/dag_tp2_pokemon.py took 0.077 seconds
[2026-06-09T13:32:04.088+0000] {processor.py:161} INFO - Started process (PID=5192) to work on /opt/airflow/dags/dag_tp2_pokemon.py
[2026-06-09T13:32:04.089+0000] {processor.py:830} INFO - Processing file /opt/airflow/dags/dag_tp2_pokemon.py for tasks to queue
[2026-06-09T13:32:04.090+0000] {logging_mixin.py:188} INFO - [2026-06-09T13:32:04.090+0000] {dagbag.py:545} INFO - Filling up the DagBag from /opt/airflow/dags/dag_tp2_pokemon.py
[2026-06-09T13:32:04.108+0000] {processor.py:840} INFO - DAG(s) 'tp2_pokemon_pipeline' retrieved from /opt/airflow/dags/dag_tp2_pokemon.py
[2026-06-09T13:32:04.140+0000] {logging_mixin.py:188} INFO - [2026-06-09T13:32:04.139+0000] {dag.py:3096} INFO - Sync 1 DAGs
[2026-06-09T13:32:04.152+0000] {logging_mixin.py:188} INFO - [2026-06-09T13:32:04.152+0000] {dag.py:3954} INFO - Setting next_dagrun for tp2_pokemon_pipeline to None, run_after=None
[2026-06-09T13:32:04.171+0000] {processor.py:183} INFO - Processing /opt/airflow/dags/dag_tp2_pokemon.py took 0.088 seconds
[2026-06-09T13:32:34.365+0000] {processor.py:161} INFO - Started process (PID=5202) to work on /opt/airflow/dags/dag_tp2_pokemon.py
[2026-06-09T13:32:34.365+0000] {processor.py:830} INFO - Processing file /opt/airflow/dags/dag_tp2_pokemon.py for tasks to queue
[2026-06-09T13:32:34.367+0000] {logging_mixin.py:188} INFO - [2026-06-09T13:32:34.367+0000] {dagbag.py:545} INFO - Filling up the DagBag from /opt/airflow/dags/dag_tp2_pokemon.py
[2026-06-09T13:32:34.385+0000] {processor.py:840} INFO - DAG(s) 'tp2_pokemon_pipeline' retrieved from /opt/airflow/dags/dag_tp2_pokemon.py
[2026-06-09T13:32:34.416+0000] {logging_mixin.py:188} INFO - [2026-06-09T13:32:34.416+0000] {dag.py:3096} INFO - Sync 1 DAGs
[2026-06-09T13:32:34.428+0000] {logging_mixin.py:188} INFO - [2026-06-09T13:32:34.427+0000] {dag.py:3954} INFO - Setting next_dagrun for tp2_pokemon_pipeline to None, run_after=None
[2026-06-09T13:32:34.445+0000] {processor.py:183} INFO - Processing /opt/airflow/dags/dag_tp2_pokemon.py took 0.085 seconds
[2026-06-09T13:33:04.549+0000] {processor.py:161} INFO - Started process (PID=5212) to work on /opt/airflow/dags/dag_tp2_pokemon.py
[2026-06-09T13:33:04.550+0000] {processor.py:830} INFO - Processing file /opt/airflow/dags/dag_tp2_pokemon.py for tasks to queue
[2026-06-09T13:33:04.551+0000] {logging_mixin.py:188} INFO - [2026-06-09T13:33:04.551+0000] {dagbag.py:545} INFO - Filling up the DagBag from /opt/airflow/dags/dag_tp2_pokemon.py
[2026-06-09T13:33:04.569+0000] {processor.py:840} INFO - DAG(s) 'tp2_pokemon_pipeline' retrieved from /opt/airflow/dags/dag_tp2_pokemon.py
[2026-06-09T13:33:04.600+0000] {logging_mixin.py:188} INFO - [2026-06-09T13:33:04.600+0000] {dag.py:3096} INFO - Sync 1 DAGs
[2026-06-09T13:33:04.616+0000] {logging_mixin.py:188} INFO - [2026-06-09T13:33:04.616+0000] {dag.py:3954} INFO - Setting next_dagrun for tp2_pokemon_pipeline to None, run_after=None
[2026-06-09T13:33:04.638+0000] {processor.py:183} INFO - Processing /opt/airflow/dags/dag_tp2_pokemon.py took 0.094 seconds
[2026-06-09T13:33:34.849+0000] {processor.py:161} INFO - Started process (PID=5222) to work on /opt/airflow/dags/dag_tp2_pokemon.py
[2026-06-09T13:33:34.850+0000] {processor.py:830} INFO - Processing file /opt/airflow/dags/dag_tp2_pokemon.py for tasks to queue
[2026-06-09T13:33:34.851+0000] {logging_mixin.py:188} INFO - [2026-06-09T13:33:34.851+0000] {dagbag.py:545} INFO - Filling up the DagBag from /opt/airflow/dags/dag_tp2_pokemon.py
[2026-06-09T13:33:34.870+0000] {processor.py:840} INFO - DAG(s) 'tp2_pokemon_pipeline' retrieved from /opt/airflow/dags/dag_tp2_pokemon.py
[2026-06-09T13:33:34.902+0000] {logging_mixin.py:188} INFO - [2026-06-09T13:33:34.902+0000] {dag.py:3096} INFO - Sync 1 DAGs
[2026-06-09T13:33:34.915+0000] {logging_mixin.py:188} INFO - [2026-06-09T13:33:34.915+0000] {dag.py:3954} INFO - Setting next_dagrun for tp2_pokemon_pipeline to None, run_after=None
[2026-06-09T13:33:34.934+0000] {processor.py:183} INFO - Processing /opt/airflow/dags/dag_tp2_pokemon.py took 0.090 seconds
[2026-06-09T13:34:05.138+0000] {processor.py:161} INFO - Started process (PID=5232) to work on /opt/airflow/dags/dag_tp2_pokemon.py
[2026-06-09T13:34:05.139+0000] {processor.py:830} INFO - Processing file /opt/airflow/dags/dag_tp2_pokemon.py for tasks to queue
[2026-06-09T13:34:05.140+0000] {logging_mixin.py:188} INFO - [2026-06-09T13:34:05.140+0000] {dagbag.py:545} INFO - Filling up the DagBag from /opt/airflow/dags/dag_tp2_pokemon.py
[2026-06-09T13:34:05.159+0000] {processor.py:840} INFO - DAG(s) 'tp2_pokemon_pipeline' retrieved from /opt/airflow/dags/dag_tp2_pokemon.py
[2026-06-09T13:34:05.188+0000] {logging_mixin.py:188} INFO - [2026-06-09T13:34:05.187+0000] {dag.py:3096} INFO - Sync 1 DAGs
[2026-06-09T13:34:05.200+0000] {logging_mixin.py:188} INFO - [2026-06-09T13:34:05.199+0000] {dag.py:3954} INFO - Setting next_dagrun for tp2_pokemon_pipeline to None, run_after=None
[2026-06-09T13:34:05.219+0000] {processor.py:183} INFO - Processing /opt/airflow/dags/dag_tp2_pokemon.py took 0.086 seconds
[2026-06-09T13:34:35.421+0000] {processor.py:161} INFO - Started process (PID=5242) to work on /opt/airflow/dags/dag_tp2_pokemon.py
[2026-06-09T13:34:35.422+0000] {processor.py:830} INFO - Processing file /opt/airflow/dags/dag_tp2_pokemon.py for tasks to queue
[2026-06-09T13:34:35.423+0000] {logging_mixin.py:188} INFO - [2026-06-09T13:34:35.423+0000] {dagbag.py:545} INFO - Filling up the DagBag from /opt/airflow/dags/dag_tp2_pokemon.py
[2026-06-09T13:34:35.441+0000] {processor.py:840} INFO - DAG(s) 'tp2_pokemon_pipeline' retrieved from /opt/airflow/dags/dag_tp2_pokemon.py
[2026-06-09T13:34:35.471+0000] {logging_mixin.py:188} INFO - [2026-06-09T13:34:35.471+0000] {dag.py:3096} INFO - Sync 1 DAGs
[2026-06-09T13:34:35.485+0000] {logging_mixin.py:188} INFO - [2026-06-09T13:34:35.484+0000] {dag.py:3954} INFO - Setting next_dagrun for tp2_pokemon_pipeline to None, run_after=None
[2026-06-09T13:34:35.505+0000] {processor.py:183} INFO - Processing /opt/airflow/dags/dag_tp2_pokemon.py took 0.088 seconds
[2026-06-09T13:35:05.714+0000] {processor.py:161} INFO - Started process (PID=5252) to work on /opt/airflow/dags/dag_tp2_pokemon.py
[2026-06-09T13:35:05.714+0000] {processor.py:830} INFO - Processing file /opt/airflow/dags/dag_tp2_pokemon.py for tasks to queue
[2026-06-09T13:35:05.716+0000] {logging_mixin.py:188} INFO - [2026-06-09T13:35:05.716+0000] {dagbag.py:545} INFO - Filling up the DagBag from /opt/airflow/dags/dag_tp2_pokemon.py
[2026-06-09T13:35:05.735+0000] {processor.py:840} INFO - DAG(s) 'tp2_pokemon_pipeline' retrieved from /opt/airflow/dags/dag_tp2_pokemon.py
[2026-06-09T13:35:05.764+0000] {logging_mixin.py:188} INFO - [2026-06-09T13:35:05.764+0000] {dag.py:3096} INFO - Sync 1 DAGs
[2026-06-09T13:35:05.776+0000] {logging_mixin.py:188} INFO - [2026-06-09T13:35:05.776+0000] {dag.py:3954} INFO - Setting next_dagrun for tp2_pokemon_pipeline to None, run_after=None
[2026-06-09T13:35:05.796+0000] {processor.py:183} INFO - Processing /opt/airflow/dags/dag_tp2_pokemon.py took 0.087 seconds
[2026-06-09T13:35:35.899+0000] {processor.py:161} INFO - Started process (PID=5262) to work on /opt/airflow/dags/dag_tp2_pokemon.py
[2026-06-09T13:35:35.900+0000] {processor.py:830} INFO - Processing file /opt/airflow/dags/dag_tp2_pokemon.py for tasks to queue
[2026-06-09T13:35:35.902+0000] {logging_mixin.py:188} INFO - [2026-06-09T13:35:35.902+0000] {dagbag.py:545} INFO - Filling up the DagBag from /opt/airflow/dags/dag_tp2_pokemon.py
[2026-06-09T13:35:35.924+0000] {processor.py:840} INFO - DAG(s) 'tp2_pokemon_pipeline' retrieved from /opt/airflow/dags/dag_tp2_pokemon.py
[2026-06-09T13:35:35.956+0000] {logging_mixin.py:188} INFO - [2026-06-09T13:35:35.956+0000] {dag.py:3096} INFO - Sync 1 DAGs
[2026-06-09T13:35:35.970+0000] {logging_mixin.py:188} INFO - [2026-06-09T13:35:35.970+0000] {dag.py:3954} INFO - Setting next_dagrun for tp2_pokemon_pipeline to None, run_after=None
[2026-06-09T13:35:35.991+0000] {processor.py:183} INFO - Processing /opt/airflow/dags/dag_tp2_pokemon.py took 0.097 seconds
[2026-06-09T13:36:06.184+0000] {processor.py:161} INFO - Started process (PID=5272) to work on /opt/airflow/dags/dag_tp2_pokemon.py
[2026-06-09T13:36:06.185+0000] {processor.py:830} INFO - Processing file /opt/airflow/dags/dag_tp2_pokemon.py for tasks to queue
[2026-06-09T13:36:06.187+0000] {logging_mixin.py:188} INFO - [2026-06-09T13:36:06.186+0000] {dagbag.py:545} INFO - Filling up the DagBag from /opt/airflow/dags/dag_tp2_pokemon.py
[2026-06-09T13:36:06.205+0000] {processor.py:840} INFO - DAG(s) 'tp2_pokemon_pipeline' retrieved from /opt/airflow/dags/dag_tp2_pokemon.py
[2026-06-09T13:36:06.235+0000] {logging_mixin.py:188} INFO - [2026-06-09T13:36:06.235+0000] {dag.py:3096} INFO - Sync 1 DAGs
[2026-06-09T13:36:06.248+0000] {logging_mixin.py:188} INFO - [2026-06-09T13:36:06.247+0000] {dag.py:3954} INFO - Setting next_dagrun for tp2_pokemon_pipeline to None, run_after=None
[2026-06-09T13:36:06.267+0000] {processor.py:183} INFO - Processing /opt/airflow/dags/dag_tp2_pokemon.py took 0.088 seconds
[2026-06-09T13:36:36.497+0000] {processor.py:161} INFO - Started process (PID=5282) to work on /opt/airflow/dags/dag_tp2_pokemon.py
[2026-06-09T13:36:36.497+0000] {processor.py:830} INFO - Processing file /opt/airflow/dags/dag_tp2_pokemon.py for tasks to queue
[2026-06-09T13:36:36.499+0000] {logging_mixin.py:188} INFO - [2026-06-09T13:36:36.498+0000] {dagbag.py:545} INFO - Filling up the DagBag from /opt/airflow/dags/dag_tp2_pokemon.py
[2026-06-09T13:36:36.515+0000] {processor.py:840} INFO - DAG(s) 'tp2_pokemon_pipeline' retrieved from /opt/airflow/dags/dag_tp2_pokemon.py
[2026-06-09T13:36:36.545+0000] {logging_mixin.py:188} INFO - [2026-06-09T13:36:36.545+0000] {dag.py:3096} INFO - Sync 1 DAGs
[2026-06-09T13:36:36.557+0000] {logging_mixin.py:188} INFO - [2026-06-09T13:36:36.557+0000] {dag.py:3954} INFO - Setting next_dagrun for tp2_pokemon_pipeline to None, run_after=None
[2026-06-09T13:36:36.574+0000] {processor.py:183} INFO - Processing /opt/airflow/dags/dag_tp2_pokemon.py took 0.081 seconds
[2026-06-09T13:37:06.789+0000] {processor.py:161} INFO - Started process (PID=5292) to work on /opt/airflow/dags/dag_tp2_pokemon.py
[2026-06-09T13:37:06.790+0000] {processor.py:830} INFO - Processing file /opt/airflow/dags/dag_tp2_pokemon.py for tasks to queue
[2026-06-09T13:37:06.792+0000] {logging_mixin.py:188} INFO - [2026-06-09T13:37:06.792+0000] {dagbag.py:545} INFO - Filling up the DagBag from /opt/airflow/dags/dag_tp2_pokemon.py
[2026-06-09T13:37:06.813+0000] {processor.py:840} INFO - DAG(s) 'tp2_pokemon_pipeline' retrieved from /opt/airflow/dags/dag_tp2_pokemon.py
[2026-06-09T13:37:06.843+0000] {logging_mixin.py:188} INFO - [2026-06-09T13:37:06.843+0000] {dag.py:3096} INFO - Sync 1 DAGs
[2026-06-09T13:37:06.854+0000] {logging_mixin.py:188} INFO - [2026-06-09T13:37:06.854+0000] {dag.py:3954} INFO - Setting next_dagrun for tp2_pokemon_pipeline to None, run_after=None
[2026-06-09T13:37:06.872+0000] {processor.py:183} INFO - Processing /opt/airflow/dags/dag_tp2_pokemon.py took 0.089 seconds
[2026-06-09T13:37:36.964+0000] {processor.py:161} INFO - Started process (PID=5302) to work on /opt/airflow/dags/dag_tp2_pokemon.py
[2026-06-09T13:37:36.965+0000] {processor.py:830} INFO - Processing file /opt/airflow/dags/dag_tp2_pokemon.py for tasks to queue
[2026-06-09T13:37:36.967+0000] {logging_mixin.py:188} INFO - [2026-06-09T13:37:36.967+0000] {dagbag.py:545} INFO - Filling up the DagBag from /opt/airflow/dags/dag_tp2_pokemon.py
[2026-06-09T13:37:36.983+0000] {processor.py:840} INFO - DAG(s) 'tp2_pokemon_pipeline' retrieved from /opt/airflow/dags/dag_tp2_pokemon.py
[2026-06-09T13:37:37.011+0000] {logging_mixin.py:188} INFO - [2026-06-09T13:37:37.011+0000] {dag.py:3096} INFO - Sync 1 DAGs
[2026-06-09T13:37:37.022+0000] {logging_mixin.py:188} INFO - [2026-06-09T13:37:37.022+0000] {dag.py:3954} INFO - Setting next_dagrun for tp2_pokemon_pipeline to None, run_after=None
[2026-06-09T13:37:37.038+0000] {processor.py:183} INFO - Processing /opt/airflow/dags/dag_tp2_pokemon.py took 0.080 seconds
[2026-06-09T13:38:07.230+0000] {processor.py:161} INFO - Started process (PID=5312) to work on /opt/airflow/dags/dag_tp2_pokemon.py
[2026-06-09T13:38:07.231+0000] {processor.py:830} INFO - Processing file /opt/airflow/dags/dag_tp2_pokemon.py for tasks to queue
[2026-06-09T13:38:07.233+0000] {logging_mixin.py:188} INFO - [2026-06-09T13:38:07.232+0000] {dagbag.py:545} INFO - Filling up the DagBag from /opt/airflow/dags/dag_tp2_pokemon.py
[2026-06-09T13:38:07.251+0000] {processor.py:840} INFO - DAG(s) 'tp2_pokemon_pipeline' retrieved from /opt/airflow/dags/dag_tp2_pokemon.py
[2026-06-09T13:38:07.282+0000] {logging_mixin.py:188} INFO - [2026-06-09T13:38:07.282+0000] {dag.py:3096} INFO - Sync 1 DAGs
[2026-06-09T13:38:07.294+0000] {logging_mixin.py:188} INFO - [2026-06-09T13:38:07.294+0000] {dag.py:3954} INFO - Setting next_dagrun for tp2_pokemon_pipeline to None, run_after=None
[2026-06-09T13:38:07.314+0000] {processor.py:183} INFO - Processing /opt/airflow/dags/dag_tp2_pokemon.py took 0.088 seconds
[2026-06-09T13:38:37.507+0000] {processor.py:161} INFO - Started process (PID=5322) to work on /opt/airflow/dags/dag_tp2_pokemon.py
[2026-06-09T13:38:37.508+0000] {processor.py:830} INFO - Processing file /opt/airflow/dags/dag_tp2_pokemon.py for tasks to queue
[2026-06-09T13:38:37.509+0000] {logging_mixin.py:188} INFO - [2026-06-09T13:38:37.509+0000] {dagbag.py:545} INFO - Filling up the DagBag from /opt/airflow/dags/dag_tp2_pokemon.py
[2026-06-09T13:38:37.526+0000] {processor.py:840} INFO - DAG(s) 'tp2_pokemon_pipeline' retrieved from /opt/airflow/dags/dag_tp2_pokemon.py
[2026-06-09T13:38:37.552+0000] {logging_mixin.py:188} INFO - [2026-06-09T13:38:37.552+0000] {dag.py:3096} INFO - Sync 1 DAGs
[2026-06-09T13:38:37.563+0000] {logging_mixin.py:188} INFO - [2026-06-09T13:38:37.563+0000] {dag.py:3954} INFO - Setting next_dagrun for tp2_pokemon_pipeline to None, run_after=None
[2026-06-09T13:38:37.580+0000] {processor.py:183} INFO - Processing /opt/airflow/dags/dag_tp2_pokemon.py took 0.077 seconds
[2026-06-09T13:39:07.681+0000] {processor.py:161} INFO - Started process (PID=5332) to work on /opt/airflow/dags/dag_tp2_pokemon.py
[2026-06-09T13:39:07.682+0000] {processor.py:830} INFO - Processing file /opt/airflow/dags/dag_tp2_pokemon.py for tasks to queue
[2026-06-09T13:39:07.683+0000] {logging_mixin.py:188} INFO - [2026-06-09T13:39:07.683+0000] {dagbag.py:545} INFO - Filling up the DagBag from /opt/airflow/dags/dag_tp2_pokemon.py
[2026-06-09T13:39:07.701+0000] {processor.py:840} INFO - DAG(s) 'tp2_pokemon_pipeline' retrieved from /opt/airflow/dags/dag_tp2_pokemon.py
[2026-06-09T13:39:07.730+0000] {logging_mixin.py:188} INFO - [2026-06-09T13:39:07.730+0000] {dag.py:3096} INFO - Sync 1 DAGs
[2026-06-09T13:39:07.741+0000] {logging_mixin.py:188} INFO - [2026-06-09T13:39:07.741+0000] {dag.py:3954} INFO - Setting next_dagrun for tp2_pokemon_pipeline to None, run_after=None
[2026-06-09T13:39:07.759+0000] {processor.py:183} INFO - Processing /opt/airflow/dags/dag_tp2_pokemon.py took 0.083 seconds
[2026-06-09T13:39:37.950+0000] {processor.py:161} INFO - Started process (PID=5342) to work on /opt/airflow/dags/dag_tp2_pokemon.py
[2026-06-09T13:39:37.950+0000] {processor.py:830} INFO - Processing file /opt/airflow/dags/dag_tp2_pokemon.py for tasks to queue
[2026-06-09T13:39:37.952+0000] {logging_mixin.py:188} INFO - [2026-06-09T13:39:37.952+0000] {dagbag.py:545} INFO - Filling up the DagBag from /opt/airflow/dags/dag_tp2_pokemon.py
[2026-06-09T13:39:37.969+0000] {processor.py:840} INFO - DAG(s) 'tp2_pokemon_pipeline' retrieved from /opt/airflow/dags/dag_tp2_pokemon.py
[2026-06-09T13:39:37.995+0000] {logging_mixin.py:188} INFO - [2026-06-09T13:39:37.995+0000] {dag.py:3096} INFO - Sync 1 DAGs
[2026-06-09T13:39:38.006+0000] {logging_mixin.py:188} INFO - [2026-06-09T13:39:38.006+0000] {dag.py:3954} INFO - Setting next_dagrun for tp2_pokemon_pipeline to None, run_after=None
[2026-06-09T13:39:38.023+0000] {processor.py:183} INFO - Processing /opt/airflow/dags/dag_tp2_pokemon.py took 0.078 seconds
[2026-06-09T13:40:08.121+0000] {processor.py:161} INFO - Started process (PID=5352) to work on /opt/airflow/dags/dag_tp2_pokemon.py
[2026-06-09T13:40:08.121+0000] {processor.py:830} INFO - Processing file /opt/airflow/dags/dag_tp2_pokemon.py for tasks to queue
[2026-06-09T13:40:08.123+0000] {logging_mixin.py:188} INFO - [2026-06-09T13:40:08.122+0000] {dagbag.py:545} INFO - Filling up the DagBag from /opt/airflow/dags/dag_tp2_pokemon.py
[2026-06-09T13:40:08.139+0000] {processor.py:840} INFO - DAG(s) 'tp2_pokemon_pipeline' retrieved from /opt/airflow/dags/dag_tp2_pokemon.py
[2026-06-09T13:40:08.165+0000] {logging_mixin.py:188} INFO - [2026-06-09T13:40:08.165+0000] {dag.py:3096} INFO - Sync 1 DAGs
[2026-06-09T13:40:08.175+0000] {logging_mixin.py:188} INFO - [2026-06-09T13:40:08.175+0000] {dag.py:3954} INFO - Setting next_dagrun for tp2_pokemon_pipeline to None, run_after=None
[2026-06-09T13:40:08.193+0000] {processor.py:183} INFO - Processing /opt/airflow/dags/dag_tp2_pokemon.py took 0.077 seconds
[2026-06-09T13:40:38.389+0000] {processor.py:161} INFO - Started process (PID=5362) to work on /opt/airflow/dags/dag_tp2_pokemon.py
[2026-06-09T13:40:38.389+0000] {processor.py:830} INFO - Processing file /opt/airflow/dags/dag_tp2_pokemon.py for tasks to queue
[2026-06-09T13:40:38.391+0000] {logging_mixin.py:188} INFO - [2026-06-09T13:40:38.390+0000] {dagbag.py:545} INFO - Filling up the DagBag from /opt/airflow/dags/dag_tp2_pokemon.py
[2026-06-09T13:40:38.407+0000] {processor.py:840} INFO - DAG(s) 'tp2_pokemon_pipeline' retrieved from /opt/airflow/dags/dag_tp2_pokemon.py
[2026-06-09T13:40:38.435+0000] {logging_mixin.py:188} INFO - [2026-06-09T13:40:38.435+0000] {dag.py:3096} INFO - Sync 1 DAGs
[2026-06-09T13:40:38.447+0000] {logging_mixin.py:188} INFO - [2026-06-09T13:40:38.447+0000] {dag.py:3954} INFO - Setting next_dagrun for tp2_pokemon_pipeline to None, run_after=None
[2026-06-09T13:40:38.464+0000] {processor.py:183} INFO - Processing /opt/airflow/dags/dag_tp2_pokemon.py took 0.080 seconds
[2026-06-09T13:41:08.660+0000] {processor.py:161} INFO - Started process (PID=5372) to work on /opt/airflow/dags/dag_tp2_pokemon.py
[2026-06-09T13:41:08.660+0000] {processor.py:830} INFO - Processing file /opt/airflow/dags/dag_tp2_pokemon.py for tasks to queue
[2026-06-09T13:41:08.662+0000] {logging_mixin.py:188} INFO - [2026-06-09T13:41:08.662+0000] {dagbag.py:545} INFO - Filling up the DagBag from /opt/airflow/dags/dag_tp2_pokemon.py
[2026-06-09T13:41:08.679+0000] {processor.py:840} INFO - DAG(s) 'tp2_pokemon_pipeline' retrieved from /opt/airflow/dags/dag_tp2_pokemon.py
[2026-06-09T13:41:08.706+0000] {logging_mixin.py:188} INFO - [2026-06-09T13:41:08.706+0000] {dag.py:3096} INFO - Sync 1 DAGs
[2026-06-09T13:41:08.717+0000] {logging_mixin.py:188} INFO - [2026-06-09T13:41:08.717+0000] {dag.py:3954} INFO - Setting next_dagrun for tp2_pokemon_pipeline to None, run_after=None
[2026-06-09T13:41:08.733+0000] {processor.py:183} INFO - Processing /opt/airflow/dags/dag_tp2_pokemon.py took 0.078 seconds
[2026-06-09T13:41:38.871+0000] {processor.py:161} INFO - Started process (PID=5382) to work on /opt/airflow/dags/dag_tp2_pokemon.py
[2026-06-09T13:41:38.872+0000] {processor.py:830} INFO - Processing file /opt/airflow/dags/dag_tp2_pokemon.py for tasks to queue
[2026-06-09T13:41:38.873+0000] {logging_mixin.py:188} INFO - [2026-06-09T13:41:38.873+0000] {dagbag.py:545} INFO - Filling up the DagBag from /opt/airflow/dags/dag_tp2_pokemon.py
[2026-06-09T13:41:38.889+0000] {processor.py:840} INFO - DAG(s) 'tp2_pokemon_pipeline' retrieved from /opt/airflow/dags/dag_tp2_pokemon.py
[2026-06-09T13:41:38.916+0000] {logging_mixin.py:188} INFO - [2026-06-09T13:41:38.916+0000] {dag.py:3096} INFO - Sync 1 DAGs
[2026-06-09T13:41:38.927+0000] {logging_mixin.py:188} INFO - [2026-06-09T13:41:38.927+0000] {dag.py:3954} INFO - Setting next_dagrun for tp2_pokemon_pipeline to None, run_after=None
[2026-06-09T13:41:38.943+0000] {processor.py:183} INFO - Processing /opt/airflow/dags/dag_tp2_pokemon.py took 0.076 seconds
[2026-06-09T13:42:09.047+0000] {processor.py:161} INFO - Started process (PID=5392) to work on /opt/airflow/dags/dag_tp2_pokemon.py
[2026-06-09T13:42:09.048+0000] {processor.py:830} INFO - Processing file /opt/airflow/dags/dag_tp2_pokemon.py for tasks to queue
[2026-06-09T13:42:09.049+0000] {logging_mixin.py:188} INFO - [2026-06-09T13:42:09.049+0000] {dagbag.py:545} INFO - Filling up the DagBag from /opt/airflow/dags/dag_tp2_pokemon.py
[2026-06-09T13:42:09.066+0000] {processor.py:840} INFO - DAG(s) 'tp2_pokemon_pipeline' retrieved from /opt/airflow/dags/dag_tp2_pokemon.py
[2026-06-09T13:42:09.093+0000] {logging_mixin.py:188} INFO - [2026-06-09T13:42:09.092+0000] {dag.py:3096} INFO - Sync 1 DAGs
[2026-06-09T13:42:09.103+0000] {logging_mixin.py:188} INFO - [2026-06-09T13:42:09.103+0000] {dag.py:3954} INFO - Setting next_dagrun for tp2_pokemon_pipeline to None, run_after=None
[2026-06-09T13:42:09.120+0000] {processor.py:183} INFO - Processing /opt/airflow/dags/dag_tp2_pokemon.py took 0.078 seconds
[2026-06-09T13:42:39.258+0000] {processor.py:161} INFO - Started process (PID=5402) to work on /opt/airflow/dags/dag_tp2_pokemon.py
[2026-06-09T13:42:39.259+0000] {processor.py:830} INFO - Processing file /opt/airflow/dags/dag_tp2_pokemon.py for tasks to queue
[2026-06-09T13:42:39.260+0000] {logging_mixin.py:188} INFO - [2026-06-09T13:42:39.260+0000] {dagbag.py:545} INFO - Filling up the DagBag from /opt/airflow/dags/dag_tp2_pokemon.py
[2026-06-09T13:42:39.278+0000] {processor.py:840} INFO - DAG(s) 'tp2_pokemon_pipeline' retrieved from /opt/airflow/dags/dag_tp2_pokemon.py
[2026-06-09T13:42:39.309+0000] {logging_mixin.py:188} INFO - [2026-06-09T13:42:39.309+0000] {dag.py:3096} INFO - Sync 1 DAGs
[2026-06-09T13:42:39.321+0000] {logging_mixin.py:188} INFO - [2026-06-09T13:42:39.321+0000] {dag.py:3954} INFO - Setting next_dagrun for tp2_pokemon_pipeline to None, run_after=None
[2026-06-09T13:42:39.340+0000] {processor.py:183} INFO - Processing /opt/airflow/dags/dag_tp2_pokemon.py took 0.087 seconds
[2026-06-09T13:43:09.532+0000] {processor.py:161} INFO - Started process (PID=5412) to work on /opt/airflow/dags/dag_tp2_pokemon.py
[2026-06-09T13:43:09.533+0000] {processor.py:830} INFO - Processing file /opt/airflow/dags/dag_tp2_pokemon.py for tasks to queue
[2026-06-09T13:43:09.534+0000] {logging_mixin.py:188} INFO - [2026-06-09T13:43:09.534+0000] {dagbag.py:545} INFO - Filling up the DagBag from /opt/airflow/dags/dag_tp2_pokemon.py
[2026-06-09T13:43:09.551+0000] {processor.py:840} INFO - DAG(s) 'tp2_pokemon_pipeline' retrieved from /opt/airflow/dags/dag_tp2_pokemon.py
[2026-06-09T13:43:09.578+0000] {logging_mixin.py:188} INFO - [2026-06-09T13:43:09.578+0000] {dag.py:3096} INFO - Sync 1 DAGs
[2026-06-09T13:43:09.590+0000] {logging_mixin.py:188} INFO - [2026-06-09T13:43:09.590+0000] {dag.py:3954} INFO - Setting next_dagrun for tp2_pokemon_pipeline to None, run_after=None
[2026-06-09T13:43:09.609+0000] {processor.py:183} INFO - Processing /opt/airflow/dags/dag_tp2_pokemon.py took 0.082 seconds
[2026-06-09T13:43:39.709+0000] {processor.py:161} INFO - Started process (PID=5422) to work on /opt/airflow/dags/dag_tp2_pokemon.py
[2026-06-09T13:43:39.710+0000] {processor.py:830} INFO - Processing file /opt/airflow/dags/dag_tp2_pokemon.py for tasks to queue
[2026-06-09T13:43:39.711+0000] {logging_mixin.py:188} INFO - [2026-06-09T13:43:39.711+0000] {dagbag.py:545} INFO - Filling up the DagBag from /opt/airflow/dags/dag_tp2_pokemon.py
[2026-06-09T13:43:39.728+0000] {processor.py:840} INFO - DAG(s) 'tp2_pokemon_pipeline' retrieved from /opt/airflow/dags/dag_tp2_pokemon.py
[2026-06-09T13:43:39.756+0000] {logging_mixin.py:188} INFO - [2026-06-09T13:43:39.755+0000] {dag.py:3096} INFO - Sync 1 DAGs
[2026-06-09T13:43:39.766+0000] {logging_mixin.py:188} INFO - [2026-06-09T13:43:39.766+0000] {dag.py:3954} INFO - Setting next_dagrun for tp2_pokemon_pipeline to None, run_after=None
[2026-06-09T13:43:39.783+0000] {processor.py:183} INFO - Processing /opt/airflow/dags/dag_tp2_pokemon.py took 0.079 seconds
[2026-06-09T13:44:09.922+0000] {processor.py:161} INFO - Started process (PID=5432) to work on /opt/airflow/dags/dag_tp2_pokemon.py
[2026-06-09T13:44:09.923+0000] {processor.py:830} INFO - Processing file /opt/airflow/dags/dag_tp2_pokemon.py for tasks to queue
[2026-06-09T13:44:09.924+0000] {logging_mixin.py:188} INFO - [2026-06-09T13:44:09.924+0000] {dagbag.py:545} INFO - Filling up the DagBag from /opt/airflow/dags/dag_tp2_pokemon.py
[2026-06-09T13:44:09.941+0000] {processor.py:840} INFO - DAG(s) 'tp2_pokemon_pipeline' retrieved from /opt/airflow/dags/dag_tp2_pokemon.py
[2026-06-09T13:44:09.968+0000] {logging_mixin.py:188} INFO - [2026-06-09T13:44:09.968+0000] {dag.py:3096} INFO - Sync 1 DAGs
[2026-06-09T13:44:09.979+0000] {logging_mixin.py:188} INFO - [2026-06-09T13:44:09.979+0000] {dag.py:3954} INFO - Setting next_dagrun for tp2_pokemon_pipeline to None, run_after=None
[2026-06-09T13:44:09.996+0000] {processor.py:183} INFO - Processing /opt/airflow/dags/dag_tp2_pokemon.py took 0.078 seconds
[2026-06-09T13:44:40.104+0000] {processor.py:161} INFO - Started process (PID=5442) to work on /opt/airflow/dags/dag_tp2_pokemon.py
[2026-06-09T13:44:40.105+0000] {processor.py:830} INFO - Processing file /opt/airflow/dags/dag_tp2_pokemon.py for tasks to queue
[2026-06-09T13:44:40.107+0000] {logging_mixin.py:188} INFO - [2026-06-09T13:44:40.107+0000] {dagbag.py:545} INFO - Filling up the DagBag from /opt/airflow/dags/dag_tp2_pokemon.py
[2026-06-09T13:44:40.125+0000] {processor.py:840} INFO - DAG(s) 'tp2_pokemon_pipeline' retrieved from /opt/airflow/dags/dag_tp2_pokemon.py
[2026-06-09T13:44:40.155+0000] {logging_mixin.py:188} INFO - [2026-06-09T13:44:40.155+0000] {dag.py:3096} INFO - Sync 1 DAGs
[2026-06-09T13:44:40.169+0000] {logging_mixin.py:188} INFO - [2026-06-09T13:44:40.169+0000] {dag.py:3954} INFO - Setting next_dagrun for tp2_pokemon_pipeline to None, run_after=None
[2026-06-09T13:44:40.189+0000] {processor.py:183} INFO - Processing /opt/airflow/dags/dag_tp2_pokemon.py took 0.091 seconds
