[2026-06-09T09:25:42.031+0000] {manager.py:470} INFO - Processing files using up to 2 processes at a time 
[2026-06-09T09:25:42.032+0000] {manager.py:471} INFO - Process each file at most once every 30 seconds
[2026-06-09T09:25:42.032+0000] {manager.py:472} INFO - Checking for new files in /opt/airflow/dags every 300 seconds
[2026-06-09T09:25:42.033+0000] {manager.py:737} INFO - Searching for files in /opt/airflow/dags
[2026-06-09T09:25:42.064+0000] {manager.py:740} INFO - There are 2 files in /opt/airflow/dags
[2026-06-09T09:25:42.168+0000] {manager.py:878} INFO - 
================================================================================
DAG File Processing Stats

File Path                                          PID  Runtime      # DAGs    # Errors  Last Runtime    Last Run
-----------------------------------------------  -----  ---------  --------  ----------  --------------  ----------
/opt/airflow/dags/dag_tp2a_pokemon_ingestion.py    264  0.05s             0           0
/opt/airflow/dags/dag_tp2_pokemon.py               267  0.04s             0           0
================================================================================
[2026-06-09T09:26:12.341+0000] {manager.py:878} INFO - 
================================================================================
DAG File Processing Stats

File Path                                          PID  Runtime      # DAGs    # Errors  Last Runtime    Last Run
-----------------------------------------------  -----  ---------  --------  ----------  --------------  -------------------
/opt/airflow/dags/dag_tp2a_pokemon_ingestion.py    317  0.02s             1           0  0.13s           2026-06-09T09:25:42
/opt/airflow/dags/dag_tp2_pokemon.py               320  0.00s             1           0  0.12s           2026-06-09T09:25:42
================================================================================
[2026-06-09T09:26:42.506+0000] {manager.py:878} INFO - 
================================================================================
DAG File Processing Stats

File Path                                        PID    Runtime      # DAGs    # Errors  Last Runtime    Last Run
-----------------------------------------------  -----  ---------  --------  ----------  --------------  -------------------
/opt/airflow/dags/dag_tp2a_pokemon_ingestion.py                           1           0  0.18s           2026-06-09T09:26:12
/opt/airflow/dags/dag_tp2_pokemon.py                                      1           0  0.18s           2026-06-09T09:26:12
================================================================================
[2026-06-09T09:27:12.812+0000] {manager.py:878} INFO - 
================================================================================
DAG File Processing Stats

File Path                                          PID  Runtime      # DAGs    # Errors  Last Runtime    Last Run
-----------------------------------------------  -----  ---------  --------  ----------  --------------  -------------------
/opt/airflow/dags/dag_tp2a_pokemon_ingestion.py    337  0.02s             1           0  0.11s           2026-06-09T09:26:42
/opt/airflow/dags/dag_tp2_pokemon.py               340  0.01s             1           0  0.10s           2026-06-09T09:26:42
================================================================================
[2026-06-09T09:27:43.081+0000] {manager.py:878} INFO - 
================================================================================
DAG File Processing Stats

File Path                                          PID  Runtime      # DAGs    # Errors  Last Runtime    Last Run
-----------------------------------------------  -----  ---------  --------  ----------  --------------  -------------------
/opt/airflow/dags/dag_tp2a_pokemon_ingestion.py    347  0.01s             1           0  0.13s           2026-06-09T09:27:12
/opt/airflow/dags/dag_tp2_pokemon.py               350  0.00s             1           0  0.12s           2026-06-09T09:27:12
================================================================================
[2026-06-09T09:28:13.328+0000] {manager.py:878} INFO - 
================================================================================
DAG File Processing Stats

File Path                                          PID  Runtime      # DAGs    # Errors  Last Runtime    Last Run
-----------------------------------------------  -----  ---------  --------  ----------  --------------  -------------------
/opt/airflow/dags/dag_tp2a_pokemon_ingestion.py    357  0.01s             1           0  0.10s           2026-06-09T09:27:43
/opt/airflow/dags/dag_tp2_pokemon.py               360  0.00s             1           0  0.10s           2026-06-09T09:27:43
================================================================================
[2026-06-09T09:28:43.485+0000] {manager.py:878} INFO - 
================================================================================
DAG File Processing Stats

File Path                                          PID  Runtime      # DAGs    # Errors  Last Runtime    Last Run
-----------------------------------------------  -----  ---------  --------  ----------  --------------  -------------------
/opt/airflow/dags/dag_tp2a_pokemon_ingestion.py    367  0.01s             1           0  0.10s           2026-06-09T09:28:13
/opt/airflow/dags/dag_tp2_pokemon.py               370  0.00s             1           0  0.10s           2026-06-09T09:28:13
================================================================================
[2026-06-09T09:29:13.731+0000] {manager.py:878} INFO - 
================================================================================
DAG File Processing Stats

File Path                                          PID  Runtime      # DAGs    # Errors  Last Runtime    Last Run
-----------------------------------------------  -----  ---------  --------  ----------  --------------  -------------------
/opt/airflow/dags/dag_tp2a_pokemon_ingestion.py    377  0.01s             1           0  0.10s           2026-06-09T09:28:43
/opt/airflow/dags/dag_tp2_pokemon.py               380  0.00s             1           0  0.10s           2026-06-09T09:28:43
================================================================================
[2026-06-09T09:29:43.887+0000] {manager.py:878} INFO - 
================================================================================
DAG File Processing Stats

File Path                                          PID  Runtime      # DAGs    # Errors  Last Runtime    Last Run
-----------------------------------------------  -----  ---------  --------  ----------  --------------  -------------------
/opt/airflow/dags/dag_tp2a_pokemon_ingestion.py    387  0.01s             1           0  0.11s           2026-06-09T09:29:13
/opt/airflow/dags/dag_tp2_pokemon.py               390  0.00s             1           0  0.10s           2026-06-09T09:29:13
================================================================================
[2026-06-09T09:30:14.133+0000] {manager.py:878} INFO - 
================================================================================
DAG File Processing Stats

File Path                                          PID  Runtime      # DAGs    # Errors  Last Runtime    Last Run
-----------------------------------------------  -----  ---------  --------  ----------  --------------  -------------------
/opt/airflow/dags/dag_tp2a_pokemon_ingestion.py    397  0.01s             1           0  0.11s           2026-06-09T09:29:43
/opt/airflow/dags/dag_tp2_pokemon.py               400  0.00s             1           0  0.10s           2026-06-09T09:29:43
================================================================================
[2026-06-09T09:30:42.262+0000] {manager.py:737} INFO - Searching for files in /opt/airflow/dags
[2026-06-09T09:30:42.288+0000] {manager.py:740} INFO - There are 2 files in /opt/airflow/dags
[2026-06-09T09:30:44.330+0000] {manager.py:878} INFO - 
================================================================================
DAG File Processing Stats

File Path                                          PID  Runtime      # DAGs    # Errors  Last Runtime    Last Run
-----------------------------------------------  -----  ---------  --------  ----------  --------------  -------------------
/opt/airflow/dags/dag_tp2a_pokemon_ingestion.py    407  0.01s             1           0  0.11s           2026-06-09T09:30:14
/opt/airflow/dags/dag_tp2_pokemon.py               410  0.00s             1           0  0.10s           2026-06-09T09:30:14
================================================================================
[2026-06-09T09:31:14.492+0000] {manager.py:878} INFO - 
================================================================================
DAG File Processing Stats

File Path                                          PID  Runtime      # DAGs    # Errors  Last Runtime    Last Run
-----------------------------------------------  -----  ---------  --------  ----------  --------------  -------------------
/opt/airflow/dags/dag_tp2a_pokemon_ingestion.py    417  0.02s             1           0  0.11s           2026-06-09T09:30:44
/opt/airflow/dags/dag_tp2_pokemon.py               420  0.00s             1           0  0.10s           2026-06-09T09:30:44
================================================================================
[2026-06-09T09:31:44.747+0000] {manager.py:878} INFO - 
================================================================================
DAG File Processing Stats

File Path                                          PID  Runtime      # DAGs    # Errors  Last Runtime    Last Run
-----------------------------------------------  -----  ---------  --------  ----------  --------------  -------------------
/opt/airflow/dags/dag_tp2a_pokemon_ingestion.py    427  0.02s             1           0  0.11s           2026-06-09T09:31:14
/opt/airflow/dags/dag_tp2_pokemon.py               430  0.00s             1           0  0.10s           2026-06-09T09:31:14
================================================================================
[2026-06-09T09:32:14.909+0000] {manager.py:878} INFO - 
================================================================================
DAG File Processing Stats

File Path                                          PID  Runtime      # DAGs    # Errors  Last Runtime    Last Run
-----------------------------------------------  -----  ---------  --------  ----------  --------------  -------------------
/opt/airflow/dags/dag_tp2a_pokemon_ingestion.py    437  0.01s             1           0  0.11s           2026-06-09T09:31:44
/opt/airflow/dags/dag_tp2_pokemon.py               440  0.00s             1           0  0.10s           2026-06-09T09:31:44
================================================================================
[2026-06-09T09:32:45.160+0000] {manager.py:878} INFO - 
================================================================================
DAG File Processing Stats

File Path                                          PID  Runtime      # DAGs    # Errors  Last Runtime    Last Run
-----------------------------------------------  -----  ---------  --------  ----------  --------------  -------------------
/opt/airflow/dags/dag_tp2a_pokemon_ingestion.py    447  0.01s             1           0  0.10s           2026-06-09T09:32:14
/opt/airflow/dags/dag_tp2_pokemon.py               450  0.00s             1           0  0.10s           2026-06-09T09:32:15
================================================================================
[2026-06-09T09:33:15.324+0000] {manager.py:878} INFO - 
================================================================================
DAG File Processing Stats

File Path                                          PID  Runtime      # DAGs    # Errors  Last Runtime    Last Run
-----------------------------------------------  -----  ---------  --------  ----------  --------------  -------------------
/opt/airflow/dags/dag_tp2a_pokemon_ingestion.py    457  0.02s             1           0  0.11s           2026-06-09T09:32:45
/opt/airflow/dags/dag_tp2_pokemon.py               460  0.01s             1           0  0.10s           2026-06-09T09:32:45
================================================================================
[2026-06-09T09:33:45.523+0000] {manager.py:878} INFO - 
================================================================================
DAG File Processing Stats

File Path                                          PID  Runtime      # DAGs    # Errors  Last Runtime    Last Run
-----------------------------------------------  -----  ---------  --------  ----------  --------------  -------------------
/opt/airflow/dags/dag_tp2a_pokemon_ingestion.py    467  0.01s             1           0  0.12s           2026-06-09T09:33:15
/opt/airflow/dags/dag_tp2_pokemon.py               470  0.00s             1           0  0.11s           2026-06-09T09:33:15
================================================================================
[2026-06-09T09:34:15.692+0000] {manager.py:878} INFO - 
================================================================================
DAG File Processing Stats

File Path                                          PID  Runtime      # DAGs    # Errors  Last Runtime    Last Run
-----------------------------------------------  -----  ---------  --------  ----------  --------------  -------------------
/opt/airflow/dags/dag_tp2a_pokemon_ingestion.py    477  0.01s             1           0  0.10s           2026-06-09T09:33:45
/opt/airflow/dags/dag_tp2_pokemon.py               480  0.00s             1           0  0.10s           2026-06-09T09:33:45
================================================================================
[2026-06-09T09:34:45.950+0000] {manager.py:878} INFO - 
================================================================================
DAG File Processing Stats

File Path                                          PID  Runtime      # DAGs    # Errors  Last Runtime    Last Run
-----------------------------------------------  -----  ---------  --------  ----------  --------------  -------------------
/opt/airflow/dags/dag_tp2a_pokemon_ingestion.py    487  0.02s             1           0  0.10s           2026-06-09T09:34:15
/opt/airflow/dags/dag_tp2_pokemon.py               490  0.01s             1           0  0.09s           2026-06-09T09:34:15
================================================================================
[2026-06-09T09:35:16.117+0000] {manager.py:878} INFO - 
================================================================================
DAG File Processing Stats

File Path                                          PID  Runtime      # DAGs    # Errors  Last Runtime    Last Run
-----------------------------------------------  -----  ---------  --------  ----------  --------------  -------------------
/opt/airflow/dags/dag_tp2a_pokemon_ingestion.py    497  0.02s             1           0  0.13s           2026-06-09T09:34:46
/opt/airflow/dags/dag_tp2_pokemon.py               500  0.00s             1           0  0.11s           2026-06-09T09:34:46
================================================================================
[2026-06-09T09:35:42.318+0000] {manager.py:737} INFO - Searching for files in /opt/airflow/dags
[2026-06-09T09:35:42.345+0000] {manager.py:740} INFO - There are 2 files in /opt/airflow/dags
[2026-06-09T09:35:46.395+0000] {manager.py:878} INFO - 
================================================================================
DAG File Processing Stats

File Path                                          PID  Runtime      # DAGs    # Errors  Last Runtime    Last Run
-----------------------------------------------  -----  ---------  --------  ----------  --------------  -------------------
/opt/airflow/dags/dag_tp2a_pokemon_ingestion.py    507  0.01s             1           0  0.10s           2026-06-09T09:35:16
/opt/airflow/dags/dag_tp2_pokemon.py               510  0.00s             1           0  0.09s           2026-06-09T09:35:16
================================================================================
[2026-06-09T09:36:16.562+0000] {manager.py:878} INFO - 
================================================================================
DAG File Processing Stats

File Path                                          PID  Runtime      # DAGs    # Errors  Last Runtime    Last Run
-----------------------------------------------  -----  ---------  --------  ----------  --------------  -------------------
/opt/airflow/dags/dag_tp2a_pokemon_ingestion.py    517  0.01s             1           0  0.10s           2026-06-09T09:35:46
/opt/airflow/dags/dag_tp2_pokemon.py               520  0.00s             1           0  0.09s           2026-06-09T09:35:46
================================================================================
[2026-06-09T09:36:46.805+0000] {manager.py:878} INFO - 
================================================================================
DAG File Processing Stats

File Path                                          PID  Runtime      # DAGs    # Errors  Last Runtime    Last Run
-----------------------------------------------  -----  ---------  --------  ----------  --------------  -------------------
/opt/airflow/dags/dag_tp2a_pokemon_ingestion.py    527  0.01s             1           0  0.10s           2026-06-09T09:36:16
/opt/airflow/dags/dag_tp2_pokemon.py               530  0.00s             1           0  0.09s           2026-06-09T09:36:16
================================================================================
[2026-06-09T09:37:17.047+0000] {manager.py:878} INFO - 
================================================================================
DAG File Processing Stats

File Path                                          PID  Runtime      # DAGs    # Errors  Last Runtime    Last Run
-----------------------------------------------  -----  ---------  --------  ----------  --------------  -------------------
/opt/airflow/dags/dag_tp2a_pokemon_ingestion.py    537  0.01s             1           0  0.10s           2026-06-09T09:36:46
/opt/airflow/dags/dag_tp2_pokemon.py               540  0.00s             1           0  0.10s           2026-06-09T09:36:46
================================================================================
[2026-06-09T09:37:47.209+0000] {manager.py:878} INFO - 
================================================================================
DAG File Processing Stats

File Path                                          PID  Runtime      # DAGs    # Errors  Last Runtime    Last Run
-----------------------------------------------  -----  ---------  --------  ----------  --------------  -------------------
/opt/airflow/dags/dag_tp2a_pokemon_ingestion.py    547  0.01s             1           0  0.11s           2026-06-09T09:37:17
/opt/airflow/dags/dag_tp2_pokemon.py               550  0.00s             1           0  0.09s           2026-06-09T09:37:17
================================================================================
[2026-06-09T09:38:17.406+0000] {manager.py:878} INFO - 
================================================================================
DAG File Processing Stats

File Path                                          PID  Runtime      # DAGs    # Errors  Last Runtime    Last Run
-----------------------------------------------  -----  ---------  --------  ----------  --------------  -------------------
/opt/airflow/dags/dag_tp2a_pokemon_ingestion.py    557  0.01s             1           0  0.10s           2026-06-09T09:37:47
/opt/airflow/dags/dag_tp2_pokemon.py               560  0.00s             1           0  0.10s           2026-06-09T09:37:47
================================================================================
[2026-06-09T09:38:47.650+0000] {manager.py:878} INFO - 
================================================================================
DAG File Processing Stats

File Path                                          PID  Runtime      # DAGs    # Errors  Last Runtime    Last Run
-----------------------------------------------  -----  ---------  --------  ----------  --------------  -------------------
/opt/airflow/dags/dag_tp2a_pokemon_ingestion.py    567  0.01s             1           0  0.10s           2026-06-09T09:38:17
/opt/airflow/dags/dag_tp2_pokemon.py               570  0.00s             1           0  0.09s           2026-06-09T09:38:17
================================================================================
[2026-06-09T09:39:17.901+0000] {manager.py:878} INFO - 
================================================================================
DAG File Processing Stats

File Path                                          PID  Runtime      # DAGs    # Errors  Last Runtime    Last Run
-----------------------------------------------  -----  ---------  --------  ----------  --------------  -------------------
/opt/airflow/dags/dag_tp2_pokemon.py               580  0.00s             1           0  0.10s           2026-06-09T09:38:47
/opt/airflow/dags/dag_tp2a_pokemon_ingestion.py    577  0.01s             1           0  0.10s           2026-06-09T09:38:47
================================================================================
[2026-06-09T09:39:48.083+0000] {manager.py:878} INFO - 
================================================================================
DAG File Processing Stats

File Path                                          PID  Runtime      # DAGs    # Errors  Last Runtime    Last Run
-----------------------------------------------  -----  ---------  --------  ----------  --------------  -------------------
/opt/airflow/dags/dag_tp2a_pokemon_ingestion.py    587  0.02s             1           0  0.10s           2026-06-09T09:39:17
/opt/airflow/dags/dag_tp2_pokemon.py               590  0.00s             1           0  0.09s           2026-06-09T09:39:17
================================================================================
[2026-06-09T09:40:18.238+0000] {manager.py:878} INFO - 
================================================================================
DAG File Processing Stats

File Path                                        PID    Runtime      # DAGs    # Errors  Last Runtime    Last Run
-----------------------------------------------  -----  ---------  --------  ----------  --------------  -------------------
/opt/airflow/dags/dag_tp2a_pokemon_ingestion.py                           1           0  0.52s           2026-06-09T09:39:48
/opt/airflow/dags/dag_tp2_pokemon.py                                      1           0  0.51s           2026-06-09T09:39:48
================================================================================
[2026-06-09T09:40:42.844+0000] {manager.py:737} INFO - Searching for files in /opt/airflow/dags
[2026-06-09T09:40:42.870+0000] {manager.py:740} INFO - There are 2 files in /opt/airflow/dags
[2026-06-09T09:40:48.932+0000] {manager.py:878} INFO - 
================================================================================
DAG File Processing Stats

File Path                                          PID  Runtime      # DAGs    # Errors  Last Runtime    Last Run
-----------------------------------------------  -----  ---------  --------  ----------  --------------  -------------------
/opt/airflow/dags/dag_tp2a_pokemon_ingestion.py    607  0.01s             1           0  0.11s           2026-06-09T09:40:18
/opt/airflow/dags/dag_tp2_pokemon.py               610  0.00s             1           0  0.10s           2026-06-09T09:40:18
================================================================================
[2026-06-09T09:41:19.095+0000] {manager.py:878} INFO - 
================================================================================
DAG File Processing Stats

File Path                                          PID  Runtime      # DAGs    # Errors  Last Runtime    Last Run
-----------------------------------------------  -----  ---------  --------  ----------  --------------  -------------------
/opt/airflow/dags/dag_tp2a_pokemon_ingestion.py    617  0.02s             1           0  0.10s           2026-06-09T09:40:49
/opt/airflow/dags/dag_tp2_pokemon.py               620  0.00s             1           0  0.09s           2026-06-09T09:40:49
================================================================================
[2026-06-09T09:41:49.280+0000] {manager.py:878} INFO - 
================================================================================
DAG File Processing Stats

File Path                                          PID  Runtime      # DAGs    # Errors  Last Runtime    Last Run
-----------------------------------------------  -----  ---------  --------  ----------  --------------  -------------------
/opt/airflow/dags/dag_tp2a_pokemon_ingestion.py    627  0.01s             1           0  0.10s           2026-06-09T09:41:19
/opt/airflow/dags/dag_tp2_pokemon.py               630  0.00s             1           0  0.09s           2026-06-09T09:41:19
================================================================================
[2026-06-09T09:42:19.451+0000] {manager.py:878} INFO - 
================================================================================
DAG File Processing Stats

File Path                                          PID  Runtime      # DAGs    # Errors  Last Runtime    Last Run
-----------------------------------------------  -----  ---------  --------  ----------  --------------  -------------------
/opt/airflow/dags/dag_tp2a_pokemon_ingestion.py    637  0.02s             1           0  0.10s           2026-06-09T09:41:49
/opt/airflow/dags/dag_tp2_pokemon.py               640  0.00s             1           0  0.09s           2026-06-09T09:41:49
================================================================================
[2026-06-09T09:42:49.631+0000] {manager.py:878} INFO - 
================================================================================
DAG File Processing Stats

File Path                                          PID  Runtime      # DAGs    # Errors  Last Runtime    Last Run
-----------------------------------------------  -----  ---------  --------  ----------  --------------  -------------------
/opt/airflow/dags/dag_tp2a_pokemon_ingestion.py    647  0.01s             1           0  0.11s           2026-06-09T09:42:19
/opt/airflow/dags/dag_tp2_pokemon.py               650  0.00s             1           0  0.10s           2026-06-09T09:42:19
================================================================================
[2026-06-09T09:43:19.812+0000] {manager.py:878} INFO - 
================================================================================
DAG File Processing Stats

File Path                                          PID  Runtime      # DAGs    # Errors  Last Runtime    Last Run
-----------------------------------------------  -----  ---------  --------  ----------  --------------  -------------------
/opt/airflow/dags/dag_tp2a_pokemon_ingestion.py    657  0.02s             1           0  0.10s           2026-06-09T09:42:49
/opt/airflow/dags/dag_tp2_pokemon.py               660  0.00s             1           0  0.10s           2026-06-09T09:42:49
================================================================================
[2026-06-09T09:43:50.079+0000] {manager.py:878} INFO - 
================================================================================
DAG File Processing Stats

File Path                                          PID  Runtime      # DAGs    # Errors  Last Runtime    Last Run
-----------------------------------------------  -----  ---------  --------  ----------  --------------  -------------------
/opt/airflow/dags/dag_tp2a_pokemon_ingestion.py    667  0.02s             1           0  0.11s           2026-06-09T09:43:19
/opt/airflow/dags/dag_tp2_pokemon.py               670  0.00s             1           0  0.10s           2026-06-09T09:43:19
================================================================================
[2026-06-09T09:44:20.239+0000] {manager.py:878} INFO - 
================================================================================
DAG File Processing Stats

File Path                                          PID  Runtime      # DAGs    # Errors  Last Runtime    Last Run
-----------------------------------------------  -----  ---------  --------  ----------  --------------  -------------------
/opt/airflow/dags/dag_tp2a_pokemon_ingestion.py    677  0.01s             1           0  0.13s           2026-06-09T09:43:50
/opt/airflow/dags/dag_tp2_pokemon.py               680  0.00s             1           0  0.11s           2026-06-09T09:43:50
================================================================================
[2026-06-09T09:44:50.482+0000] {manager.py:878} INFO - 
================================================================================
DAG File Processing Stats

File Path                                          PID  Runtime      # DAGs    # Errors  Last Runtime    Last Run
-----------------------------------------------  -----  ---------  --------  ----------  --------------  -------------------
/opt/airflow/dags/dag_tp2a_pokemon_ingestion.py    687  0.01s             1           0  0.10s           2026-06-09T09:44:20
/opt/airflow/dags/dag_tp2_pokemon.py               690  0.00s             1           0  0.09s           2026-06-09T09:44:20
================================================================================
[2026-06-09T09:45:20.644+0000] {manager.py:878} INFO - 
================================================================================
DAG File Processing Stats

File Path                                          PID  Runtime      # DAGs    # Errors  Last Runtime    Last Run
-----------------------------------------------  -----  ---------  --------  ----------  --------------  -------------------
/opt/airflow/dags/dag_tp2a_pokemon_ingestion.py    697  0.02s             1           0  0.11s           2026-06-09T09:44:50
/opt/airflow/dags/dag_tp2_pokemon.py               700  0.00s             1           0  0.10s           2026-06-09T09:44:50
================================================================================
[2026-06-09T09:45:43.835+0000] {manager.py:737} INFO - Searching for files in /opt/airflow/dags
[2026-06-09T09:45:43.862+0000] {manager.py:740} INFO - There are 2 files in /opt/airflow/dags
[2026-06-09T09:45:50.927+0000] {manager.py:878} INFO - 
================================================================================
DAG File Processing Stats

File Path                                          PID  Runtime      # DAGs    # Errors  Last Runtime    Last Run
-----------------------------------------------  -----  ---------  --------  ----------  --------------  -------------------
/opt/airflow/dags/dag_tp2a_pokemon_ingestion.py    707  0.02s             1           0  0.10s           2026-06-09T09:45:20
/opt/airflow/dags/dag_tp2_pokemon.py               710  0.00s             1           0  0.10s           2026-06-09T09:45:20
================================================================================
[2026-06-09T09:46:21.183+0000] {manager.py:878} INFO - 
================================================================================
DAG File Processing Stats

File Path                                          PID  Runtime      # DAGs    # Errors  Last Runtime    Last Run
-----------------------------------------------  -----  ---------  --------  ----------  --------------  -------------------
/opt/airflow/dags/dag_tp2a_pokemon_ingestion.py    717  0.02s             1           0  0.10s           2026-06-09T09:45:51
/opt/airflow/dags/dag_tp2_pokemon.py               720  0.00s             1           0  0.10s           2026-06-09T09:45:51
================================================================================
[2026-06-09T09:46:51.349+0000] {manager.py:878} INFO - 
================================================================================
DAG File Processing Stats

File Path                                          PID  Runtime      # DAGs    # Errors  Last Runtime    Last Run
-----------------------------------------------  -----  ---------  --------  ----------  --------------  -------------------
/opt/airflow/dags/dag_tp2a_pokemon_ingestion.py    727  0.01s             1           0  0.10s           2026-06-09T09:46:21
/opt/airflow/dags/dag_tp2_pokemon.py               730  0.00s             1           0  0.10s           2026-06-09T09:46:21
================================================================================
[2026-06-09T09:47:21.593+0000] {manager.py:878} INFO - 
================================================================================
DAG File Processing Stats

File Path                                          PID  Runtime      # DAGs    # Errors  Last Runtime    Last Run
-----------------------------------------------  -----  ---------  --------  ----------  --------------  -------------------
/opt/airflow/dags/dag_tp2a_pokemon_ingestion.py    737  0.02s             1           0  0.10s           2026-06-09T09:46:51
/opt/airflow/dags/dag_tp2_pokemon.py               740  0.00s             1           0  0.10s           2026-06-09T09:46:51
================================================================================
[2026-06-09T09:47:51.764+0000] {manager.py:878} INFO - 
================================================================================
DAG File Processing Stats

File Path                                          PID  Runtime      # DAGs    # Errors  Last Runtime    Last Run
-----------------------------------------------  -----  ---------  --------  ----------  --------------  -------------------
/opt/airflow/dags/dag_tp2a_pokemon_ingestion.py    747  0.01s             1           0  0.12s           2026-06-09T09:47:21
/opt/airflow/dags/dag_tp2_pokemon.py               750  0.00s             1           0  0.11s           2026-06-09T09:47:21
================================================================================
[2026-06-09T09:48:21.985+0000] {manager.py:878} INFO - 
================================================================================
DAG File Processing Stats

File Path                                          PID  Runtime      # DAGs    # Errors  Last Runtime    Last Run
-----------------------------------------------  -----  ---------  --------  ----------  --------------  -------------------
/opt/airflow/dags/dag_tp2a_pokemon_ingestion.py    757  0.02s             1           0  0.10s           2026-06-09T09:47:51
/opt/airflow/dags/dag_tp2_pokemon.py               760  0.00s             1           0  0.10s           2026-06-09T09:47:51
================================================================================
[2026-06-09T09:48:52.158+0000] {manager.py:878} INFO - 
================================================================================
DAG File Processing Stats

File Path                                          PID  Runtime      # DAGs    # Errors  Last Runtime    Last Run
-----------------------------------------------  -----  ---------  --------  ----------  --------------  -------------------
/opt/airflow/dags/dag_tp2a_pokemon_ingestion.py    767  0.02s             1           0  0.11s           2026-06-09T09:48:22
/opt/airflow/dags/dag_tp2_pokemon.py               770  0.00s             1           0  0.10s           2026-06-09T09:48:22
================================================================================
[2026-06-09T09:49:22.373+0000] {manager.py:878} INFO - 
================================================================================
DAG File Processing Stats

File Path                                          PID  Runtime      # DAGs    # Errors  Last Runtime    Last Run
-----------------------------------------------  -----  ---------  --------  ----------  --------------  -------------------
/opt/airflow/dags/dag_tp2a_pokemon_ingestion.py    777  0.02s             1           0  0.11s           2026-06-09T09:48:52
/opt/airflow/dags/dag_tp2_pokemon.py               780  0.00s             1           0  0.10s           2026-06-09T09:48:52
================================================================================
[2026-06-09T09:49:52.643+0000] {manager.py:878} INFO - 
================================================================================
DAG File Processing Stats

File Path                                          PID  Runtime      # DAGs    # Errors  Last Runtime    Last Run
-----------------------------------------------  -----  ---------  --------  ----------  --------------  -------------------
/opt/airflow/dags/dag_tp2a_pokemon_ingestion.py    787  0.01s             1           0  0.11s           2026-06-09T09:49:22
/opt/airflow/dags/dag_tp2_pokemon.py               790  0.00s             1           0  0.11s           2026-06-09T09:49:22
================================================================================
[2026-06-09T09:50:22.818+0000] {manager.py:878} INFO - 
================================================================================
DAG File Processing Stats

File Path                                          PID  Runtime      # DAGs    # Errors  Last Runtime    Last Run
-----------------------------------------------  -----  ---------  --------  ----------  --------------  -------------------
/opt/airflow/dags/dag_tp2a_pokemon_ingestion.py    797  0.02s             1           0  0.10s           2026-06-09T09:49:52
/opt/airflow/dags/dag_tp2_pokemon.py               800  0.00s             1           0  0.10s           2026-06-09T09:49:52
================================================================================
[2026-06-09T09:50:44.024+0000] {manager.py:737} INFO - Searching for files in /opt/airflow/dags
[2026-06-09T09:50:44.053+0000] {manager.py:740} INFO - There are 2 files in /opt/airflow/dags
[2026-06-09T09:50:53.134+0000] {manager.py:878} INFO - 
================================================================================
DAG File Processing Stats

File Path                                          PID  Runtime      # DAGs    # Errors  Last Runtime    Last Run
-----------------------------------------------  -----  ---------  --------  ----------  --------------  -------------------
/opt/airflow/dags/dag_tp2a_pokemon_ingestion.py    807  0.02s             1           0  0.12s           2026-06-09T09:50:22
/opt/airflow/dags/dag_tp2_pokemon.py               810  0.00s             1           0  0.11s           2026-06-09T09:50:22
================================================================================
[2026-06-09T09:51:23.306+0000] {manager.py:878} INFO - 
================================================================================
DAG File Processing Stats

File Path                                          PID  Runtime      # DAGs    # Errors  Last Runtime    Last Run
-----------------------------------------------  -----  ---------  --------  ----------  --------------  -------------------
/opt/airflow/dags/dag_tp2a_pokemon_ingestion.py    817  0.02s             1           0  0.12s           2026-06-09T09:50:53
/opt/airflow/dags/dag_tp2_pokemon.py               820  0.00s             1           0  0.11s           2026-06-09T09:50:53
================================================================================
[2026-06-09T09:51:53.522+0000] {manager.py:878} INFO - 
================================================================================
DAG File Processing Stats

File Path                                          PID  Runtime      # DAGs    # Errors  Last Runtime    Last Run
-----------------------------------------------  -----  ---------  --------  ----------  --------------  -------------------
/opt/airflow/dags/dag_tp2a_pokemon_ingestion.py    827  0.02s             1           0  0.11s           2026-06-09T09:51:23
/opt/airflow/dags/dag_tp2_pokemon.py               830  0.01s             1           0  0.10s           2026-06-09T09:51:23
================================================================================
[2026-06-09T09:52:23.791+0000] {manager.py:878} INFO - 
================================================================================
DAG File Processing Stats

File Path                                          PID  Runtime      # DAGs    # Errors  Last Runtime    Last Run
-----------------------------------------------  -----  ---------  --------  ----------  --------------  -------------------
/opt/airflow/dags/dag_tp2a_pokemon_ingestion.py    837  0.01s             1           0  0.12s           2026-06-09T09:51:53
/opt/airflow/dags/dag_tp2_pokemon.py               840  0.00s             1           0  0.12s           2026-06-09T09:51:53
================================================================================
[2026-06-09T09:52:54.054+0000] {manager.py:878} INFO - 
================================================================================
DAG File Processing Stats

File Path                                          PID  Runtime      # DAGs    # Errors  Last Runtime    Last Run
-----------------------------------------------  -----  ---------  --------  ----------  --------------  -------------------
/opt/airflow/dags/dag_tp2a_pokemon_ingestion.py    847  0.02s             1           0  0.11s           2026-06-09T09:52:23
/opt/airflow/dags/dag_tp2_pokemon.py               850  0.00s             1           0  0.10s           2026-06-09T09:52:23
================================================================================
[2026-06-09T09:53:24.222+0000] {manager.py:878} INFO - 
================================================================================
DAG File Processing Stats

File Path                                          PID  Runtime      # DAGs    # Errors  Last Runtime    Last Run
-----------------------------------------------  -----  ---------  --------  ----------  --------------  -------------------
/opt/airflow/dags/dag_tp2a_pokemon_ingestion.py    857  0.02s             1           0  0.15s           2026-06-09T09:52:54
/opt/airflow/dags/dag_tp2_pokemon.py               860  0.00s             1           0  0.14s           2026-06-09T09:52:54
================================================================================
[2026-06-09T09:53:54.494+0000] {manager.py:878} INFO - 
================================================================================
DAG File Processing Stats

File Path                                          PID  Runtime      # DAGs    # Errors  Last Runtime    Last Run
-----------------------------------------------  -----  ---------  --------  ----------  --------------  -------------------
/opt/airflow/dags/dag_tp2a_pokemon_ingestion.py    867  0.02s             1           0  0.11s           2026-06-09T09:53:24
/opt/airflow/dags/dag_tp2_pokemon.py               870  0.00s             1           0  0.11s           2026-06-09T09:53:24
================================================================================
[2026-06-09T09:54:24.665+0000] {manager.py:878} INFO - 
================================================================================
DAG File Processing Stats

File Path                                          PID  Runtime      # DAGs    # Errors  Last Runtime    Last Run
-----------------------------------------------  -----  ---------  --------  ----------  --------------  -------------------
/opt/airflow/dags/dag_tp2a_pokemon_ingestion.py    877  0.02s             1           0  0.12s           2026-06-09T09:53:54
/opt/airflow/dags/dag_tp2_pokemon.py               880  0.00s             1           0  0.11s           2026-06-09T09:53:54
================================================================================
[2026-06-09T09:54:54.877+0000] {manager.py:878} INFO - 
================================================================================
DAG File Processing Stats

File Path                                          PID  Runtime      # DAGs    # Errors  Last Runtime    Last Run
-----------------------------------------------  -----  ---------  --------  ----------  --------------  -------------------
/opt/airflow/dags/dag_tp2a_pokemon_ingestion.py    887  0.01s             1           0  0.11s           2026-06-09T09:54:24
/opt/airflow/dags/dag_tp2_pokemon.py               890  0.00s             1           0  0.10s           2026-06-09T09:54:24
================================================================================
[2026-06-09T09:55:25.149+0000] {manager.py:878} INFO - 
================================================================================
DAG File Processing Stats

File Path                                          PID  Runtime      # DAGs    # Errors  Last Runtime    Last Run
-----------------------------------------------  -----  ---------  --------  ----------  --------------  -------------------
/opt/airflow/dags/dag_tp2a_pokemon_ingestion.py    897  0.02s             1           0  0.11s           2026-06-09T09:54:54
/opt/airflow/dags/dag_tp2_pokemon.py               900  0.00s             1           0  0.11s           2026-06-09T09:54:54
================================================================================
[2026-06-09T09:55:44.253+0000] {manager.py:737} INFO - Searching for files in /opt/airflow/dags
[2026-06-09T09:55:44.281+0000] {manager.py:740} INFO - There are 2 files in /opt/airflow/dags
[2026-06-09T09:55:55.371+0000] {manager.py:878} INFO - 
================================================================================
DAG File Processing Stats

File Path                                          PID  Runtime      # DAGs    # Errors  Last Runtime    Last Run
-----------------------------------------------  -----  ---------  --------  ----------  --------------  -------------------
/opt/airflow/dags/dag_tp2a_pokemon_ingestion.py    907  0.02s             1           0  0.14s           2026-06-09T09:55:25
/opt/airflow/dags/dag_tp2_pokemon.py               910  0.01s             1           0  0.13s           2026-06-09T09:55:25
================================================================================
[2026-06-09T09:56:25.660+0000] {manager.py:878} INFO - 
================================================================================
DAG File Processing Stats

File Path                                          PID  Runtime      # DAGs    # Errors  Last Runtime    Last Run
-----------------------------------------------  -----  ---------  --------  ----------  --------------  -------------------
/opt/airflow/dags/dag_tp2_pokemon.py               920  0.01s             1           0  0.12s           2026-06-09T09:55:55
/opt/airflow/dags/dag_tp2a_pokemon_ingestion.py    917  0.02s             1           0  0.11s           2026-06-09T09:55:55
================================================================================
[2026-06-09T09:56:55.842+0000] {manager.py:878} INFO - 
================================================================================
DAG File Processing Stats

File Path                                          PID  Runtime      # DAGs    # Errors  Last Runtime    Last Run
-----------------------------------------------  -----  ---------  --------  ----------  --------------  -------------------
/opt/airflow/dags/dag_tp2a_pokemon_ingestion.py    927  0.02s             1           0  0.13s           2026-06-09T09:56:25
/opt/airflow/dags/dag_tp2_pokemon.py               930  0.01s             1           0  0.12s           2026-06-09T09:56:25
================================================================================
[2026-06-09T09:57:26.064+0000] {manager.py:878} INFO - 
================================================================================
DAG File Processing Stats

File Path                                          PID  Runtime      # DAGs    # Errors  Last Runtime    Last Run
-----------------------------------------------  -----  ---------  --------  ----------  --------------  -------------------
/opt/airflow/dags/dag_tp2a_pokemon_ingestion.py    937  0.02s             1           0  0.13s           2026-06-09T09:56:55
/opt/airflow/dags/dag_tp2_pokemon.py               940  0.00s             1           0  0.12s           2026-06-09T09:56:55
================================================================================
[2026-06-09T09:57:56.239+0000] {manager.py:878} INFO - 
================================================================================
DAG File Processing Stats

File Path                                          PID  Runtime      # DAGs    # Errors  Last Runtime    Last Run
-----------------------------------------------  -----  ---------  --------  ----------  --------------  -------------------
/opt/airflow/dags/dag_tp2a_pokemon_ingestion.py    947  0.02s             1           0  0.11s           2026-06-09T09:57:26
/opt/airflow/dags/dag_tp2_pokemon.py               950  0.00s             1           0  0.10s           2026-06-09T09:57:26
================================================================================
[2026-06-09T09:58:26.448+0000] {manager.py:878} INFO - 
================================================================================
DAG File Processing Stats

File Path                                          PID  Runtime      # DAGs    # Errors  Last Runtime    Last Run
-----------------------------------------------  -----  ---------  --------  ----------  --------------  -------------------
/opt/airflow/dags/dag_tp2a_pokemon_ingestion.py    957  0.02s             1           0  0.12s           2026-06-09T09:57:56
/opt/airflow/dags/dag_tp2_pokemon.py               960  0.01s             1           0  0.11s           2026-06-09T09:57:56
================================================================================
[2026-06-09T09:58:56.623+0000] {manager.py:878} INFO - 
================================================================================
DAG File Processing Stats

File Path                                          PID  Runtime      # DAGs    # Errors  Last Runtime    Last Run
-----------------------------------------------  -----  ---------  --------  ----------  --------------  -------------------
/opt/airflow/dags/dag_tp2a_pokemon_ingestion.py    967  0.02s             1           0  0.13s           2026-06-09T09:58:26
/opt/airflow/dags/dag_tp2_pokemon.py               970  0.00s             1           0  0.12s           2026-06-09T09:58:26
================================================================================
[2026-06-09T09:59:26.889+0000] {manager.py:878} INFO - 
================================================================================
DAG File Processing Stats

File Path                                          PID  Runtime      # DAGs    # Errors  Last Runtime    Last Run
-----------------------------------------------  -----  ---------  --------  ----------  --------------  -------------------
/opt/airflow/dags/dag_tp2a_pokemon_ingestion.py    977  0.02s             1           0  0.11s           2026-06-09T09:58:56
/opt/airflow/dags/dag_tp2_pokemon.py               980  0.00s             1           0  0.11s           2026-06-09T09:58:56
================================================================================
[2026-06-09T09:59:57.062+0000] {manager.py:878} INFO - 
================================================================================
DAG File Processing Stats

File Path                                          PID  Runtime      # DAGs    # Errors  Last Runtime    Last Run
-----------------------------------------------  -----  ---------  --------  ----------  --------------  -------------------
/opt/airflow/dags/dag_tp2a_pokemon_ingestion.py    987  0.02s             1           0  0.11s           2026-06-09T09:59:26
/opt/airflow/dags/dag_tp2_pokemon.py               990  0.00s             1           0  0.11s           2026-06-09T09:59:26
================================================================================
[2026-06-09T10:00:27.329+0000] {manager.py:878} INFO - 
================================================================================
DAG File Processing Stats

File Path                                          PID  Runtime      # DAGs    # Errors  Last Runtime    Last Run
-----------------------------------------------  -----  ---------  --------  ----------  --------------  -------------------
/opt/airflow/dags/dag_tp2a_pokemon_ingestion.py    997  0.01s             1           0  0.12s           2026-06-09T09:59:57
/opt/airflow/dags/dag_tp2_pokemon.py              1000  0.00s             1           0  0.10s           2026-06-09T09:59:57
================================================================================
[2026-06-09T10:00:44.411+0000] {manager.py:737} INFO - Searching for files in /opt/airflow/dags
[2026-06-09T10:00:44.439+0000] {manager.py:740} INFO - There are 2 files in /opt/airflow/dags
[2026-06-09T10:00:57.536+0000] {manager.py:878} INFO - 
================================================================================
DAG File Processing Stats

File Path                                          PID  Runtime      # DAGs    # Errors  Last Runtime    Last Run
-----------------------------------------------  -----  ---------  --------  ----------  --------------  -------------------
/opt/airflow/dags/dag_tp2a_pokemon_ingestion.py   1007  0.02s             1           0  0.11s           2026-06-09T10:00:27
/opt/airflow/dags/dag_tp2_pokemon.py              1010  0.00s             1           0  0.11s           2026-06-09T10:00:27
================================================================================
[2026-06-09T10:01:27.802+0000] {manager.py:878} INFO - 
================================================================================
DAG File Processing Stats

File Path                                          PID  Runtime      # DAGs    # Errors  Last Runtime    Last Run
-----------------------------------------------  -----  ---------  --------  ----------  --------------  -------------------
/opt/airflow/dags/dag_tp2a_pokemon_ingestion.py   1017  0.02s             1           0  0.11s           2026-06-09T10:00:57
/opt/airflow/dags/dag_tp2_pokemon.py              1020  0.00s             1           0  0.10s           2026-06-09T10:00:57
================================================================================
[2026-06-09T10:01:57.977+0000] {manager.py:878} INFO - 
================================================================================
DAG File Processing Stats

File Path                                          PID  Runtime      # DAGs    # Errors  Last Runtime    Last Run
-----------------------------------------------  -----  ---------  --------  ----------  --------------  -------------------
/opt/airflow/dags/dag_tp2a_pokemon_ingestion.py   1027  0.02s             1           0  0.12s           2026-06-09T10:01:27
/opt/airflow/dags/dag_tp2_pokemon.py              1030  0.00s             1           0  0.10s           2026-06-09T10:01:27
================================================================================
[2026-06-09T10:02:28.190+0000] {manager.py:878} INFO - 
================================================================================
DAG File Processing Stats

File Path                                          PID  Runtime      # DAGs    # Errors  Last Runtime    Last Run
-----------------------------------------------  -----  ---------  --------  ----------  --------------  -------------------
/opt/airflow/dags/dag_tp2a_pokemon_ingestion.py   1037  0.02s             1           0  0.12s           2026-06-09T10:01:58
/opt/airflow/dags/dag_tp2_pokemon.py              1040  0.00s             1           0  0.11s           2026-06-09T10:01:58
================================================================================
[2026-06-09T10:02:58.460+0000] {manager.py:878} INFO - 
================================================================================
DAG File Processing Stats

File Path                                          PID  Runtime      # DAGs    # Errors  Last Runtime    Last Run
-----------------------------------------------  -----  ---------  --------  ----------  --------------  -------------------
/opt/airflow/dags/dag_tp2a_pokemon_ingestion.py   1047  0.02s             1           0  0.11s           2026-06-09T10:02:28
/opt/airflow/dags/dag_tp2_pokemon.py              1050  0.00s             1           0  0.11s           2026-06-09T10:02:28
================================================================================
[2026-06-09T10:03:28.732+0000] {manager.py:878} INFO - 
================================================================================
DAG File Processing Stats

File Path                                          PID  Runtime      # DAGs    # Errors  Last Runtime    Last Run
-----------------------------------------------  -----  ---------  --------  ----------  --------------  -------------------
/opt/airflow/dags/dag_tp2a_pokemon_ingestion.py   1057  0.02s             1           0  0.11s           2026-06-09T10:02:58
/opt/airflow/dags/dag_tp2_pokemon.py              1060  0.00s             1           0  0.11s           2026-06-09T10:02:58
================================================================================
[2026-06-09T10:03:58.902+0000] {manager.py:878} INFO - 
================================================================================
DAG File Processing Stats

File Path                                          PID  Runtime      # DAGs    # Errors  Last Runtime    Last Run
-----------------------------------------------  -----  ---------  --------  ----------  --------------  -------------------
/opt/airflow/dags/dag_tp2a_pokemon_ingestion.py   1067  0.02s             1           0  0.11s           2026-06-09T10:03:28
/opt/airflow/dags/dag_tp2_pokemon.py              1070  0.00s             1           0  0.10s           2026-06-09T10:03:28
================================================================================
[2026-06-09T10:04:29.109+0000] {manager.py:878} INFO - 
================================================================================
DAG File Processing Stats

File Path                                          PID  Runtime      # DAGs    # Errors  Last Runtime    Last Run
-----------------------------------------------  -----  ---------  --------  ----------  --------------  -------------------
/opt/airflow/dags/dag_tp2a_pokemon_ingestion.py   1077  0.02s             1           0  0.13s           2026-06-09T10:03:59
/opt/airflow/dags/dag_tp2_pokemon.py              1080  0.00s             1           0  0.11s           2026-06-09T10:03:59
================================================================================
[2026-06-09T10:04:59.382+0000] {manager.py:878} INFO - 
================================================================================
DAG File Processing Stats

File Path                                          PID  Runtime      # DAGs    # Errors  Last Runtime    Last Run
-----------------------------------------------  -----  ---------  --------  ----------  --------------  -------------------
/opt/airflow/dags/dag_tp2a_pokemon_ingestion.py   1087  0.02s             1           0  0.11s           2026-06-09T10:04:29
/opt/airflow/dags/dag_tp2_pokemon.py              1090  0.01s             1           0  0.11s           2026-06-09T10:04:29
================================================================================
[2026-06-09T10:05:29.556+0000] {manager.py:878} INFO - 
================================================================================
DAG File Processing Stats

File Path                                          PID  Runtime      # DAGs    # Errors  Last Runtime    Last Run
-----------------------------------------------  -----  ---------  --------  ----------  --------------  -------------------
/opt/airflow/dags/dag_tp2a_pokemon_ingestion.py   1097  0.02s             1           0  0.12s           2026-06-09T10:04:59
/opt/airflow/dags/dag_tp2_pokemon.py              1100  0.01s             1           0  0.11s           2026-06-09T10:04:59
================================================================================
[2026-06-09T10:05:44.718+0000] {manager.py:737} INFO - Searching for files in /opt/airflow/dags
[2026-06-09T10:05:44.745+0000] {manager.py:740} INFO - There are 2 files in /opt/airflow/dags
[2026-06-09T10:05:59.845+0000] {manager.py:878} INFO - 
================================================================================
DAG File Processing Stats

File Path                                          PID  Runtime      # DAGs    # Errors  Last Runtime    Last Run
-----------------------------------------------  -----  ---------  --------  ----------  --------------  -------------------
/opt/airflow/dags/dag_tp2a_pokemon_ingestion.py   1107  0.01s             1           0  0.11s           2026-06-09T10:05:29
/opt/airflow/dags/dag_tp2_pokemon.py              1110  0.00s             1           0  0.11s           2026-06-09T10:05:29
================================================================================
[2026-06-09T10:06:30.021+0000] {manager.py:878} INFO - 
================================================================================
DAG File Processing Stats

File Path                                          PID  Runtime      # DAGs    # Errors  Last Runtime    Last Run
-----------------------------------------------  -----  ---------  --------  ----------  --------------  -------------------
/opt/airflow/dags/dag_tp2a_pokemon_ingestion.py   1117  0.02s             1           0  0.11s           2026-06-09T10:05:59
/opt/airflow/dags/dag_tp2_pokemon.py              1120  0.00s             1           0  0.10s           2026-06-09T10:05:59
================================================================================
[2026-06-09T10:07:00.228+0000] {manager.py:878} INFO - 
================================================================================
DAG File Processing Stats

File Path                                          PID  Runtime      # DAGs    # Errors  Last Runtime    Last Run
-----------------------------------------------  -----  ---------  --------  ----------  --------------  -------------------
/opt/airflow/dags/dag_tp2a_pokemon_ingestion.py   1127  0.02s             1           0  0.13s           2026-06-09T10:06:30
/opt/airflow/dags/dag_tp2_pokemon.py              1130  0.00s             1           0  0.12s           2026-06-09T10:06:30
================================================================================
[2026-06-09T10:07:30.491+0000] {manager.py:878} INFO - 
================================================================================
DAG File Processing Stats

File Path                                          PID  Runtime      # DAGs    # Errors  Last Runtime    Last Run
-----------------------------------------------  -----  ---------  --------  ----------  --------------  -------------------
/opt/airflow/dags/dag_tp2_pokemon.py              1140  0.00s             1           0  0.11s           2026-06-09T10:07:00
/opt/airflow/dags/dag_tp2a_pokemon_ingestion.py   1137  0.02s             1           0  0.11s           2026-06-09T10:07:00
================================================================================
[2026-06-09T10:08:00.749+0000] {manager.py:878} INFO - 
================================================================================
DAG File Processing Stats

File Path                                          PID  Runtime      # DAGs    # Errors  Last Runtime    Last Run
-----------------------------------------------  -----  ---------  --------  ----------  --------------  -------------------
/opt/airflow/dags/dag_tp2a_pokemon_ingestion.py   1147  0.01s             1           0  0.11s           2026-06-09T10:07:30
/opt/airflow/dags/dag_tp2_pokemon.py              1150  0.00s             1           0  0.10s           2026-06-09T10:07:30
================================================================================
[2026-06-09T10:08:31.006+0000] {manager.py:878} INFO - 
================================================================================
DAG File Processing Stats

File Path                                          PID  Runtime      # DAGs    # Errors  Last Runtime    Last Run
-----------------------------------------------  -----  ---------  --------  ----------  --------------  -------------------
/opt/airflow/dags/dag_tp2a_pokemon_ingestion.py   1157  0.02s             1           0  0.11s           2026-06-09T10:08:00
/opt/airflow/dags/dag_tp2_pokemon.py              1160  0.01s             1           0  0.10s           2026-06-09T10:08:00
================================================================================
[2026-06-09T10:09:01.179+0000] {manager.py:878} INFO - 
================================================================================
DAG File Processing Stats

File Path                                          PID  Runtime      # DAGs    # Errors  Last Runtime    Last Run
-----------------------------------------------  -----  ---------  --------  ----------  --------------  -------------------
/opt/airflow/dags/dag_tp2a_pokemon_ingestion.py   1167  0.02s             1           0  0.11s           2026-06-09T10:08:31
/opt/airflow/dags/dag_tp2_pokemon.py              1170  0.01s             1           0  0.11s           2026-06-09T10:08:31
================================================================================
[2026-06-09T10:09:31.450+0000] {manager.py:878} INFO - 
================================================================================
DAG File Processing Stats

File Path                                          PID  Runtime      # DAGs    # Errors  Last Runtime    Last Run
-----------------------------------------------  -----  ---------  --------  ----------  --------------  -------------------
/opt/airflow/dags/dag_tp2a_pokemon_ingestion.py   1177  0.02s             1           0  0.11s           2026-06-09T10:09:01
/opt/airflow/dags/dag_tp2_pokemon.py              1180  0.01s             1           0  0.11s           2026-06-09T10:09:01
================================================================================
[2026-06-09T10:10:01.699+0000] {manager.py:878} INFO - 
================================================================================
DAG File Processing Stats

File Path                                          PID  Runtime      # DAGs    # Errors  Last Runtime    Last Run
-----------------------------------------------  -----  ---------  --------  ----------  --------------  -------------------
/opt/airflow/dags/dag_tp2_pokemon.py              1190  0.00s             1           0  0.11s           2026-06-09T10:09:31
/opt/airflow/dags/dag_tp2a_pokemon_ingestion.py   1187  0.01s             1           0  0.11s           2026-06-09T10:09:31
================================================================================
[2026-06-09T10:10:31.873+0000] {manager.py:878} INFO - 
================================================================================
DAG File Processing Stats

File Path                                          PID  Runtime      # DAGs    # Errors  Last Runtime    Last Run
-----------------------------------------------  -----  ---------  --------  ----------  --------------  -------------------
/opt/airflow/dags/dag_tp2a_pokemon_ingestion.py   1197  0.02s             1           0  0.10s           2026-06-09T10:10:01
/opt/airflow/dags/dag_tp2_pokemon.py              1200  0.00s             1           0  0.09s           2026-06-09T10:10:01
================================================================================
[2026-06-09T10:10:44.967+0000] {manager.py:737} INFO - Searching for files in /opt/airflow/dags
[2026-06-09T10:10:44.996+0000] {manager.py:740} INFO - There are 2 files in /opt/airflow/dags
[2026-06-09T10:11:02.117+0000] {manager.py:878} INFO - 
================================================================================
DAG File Processing Stats

File Path                                          PID  Runtime      # DAGs    # Errors  Last Runtime    Last Run
-----------------------------------------------  -----  ---------  --------  ----------  --------------  -------------------
/opt/airflow/dags/dag_tp2a_pokemon_ingestion.py   1207  0.02s             1           0  0.12s           2026-06-09T10:10:31
/opt/airflow/dags/dag_tp2_pokemon.py              1210  0.01s             1           0  0.11s           2026-06-09T10:10:31
================================================================================
[2026-06-09T10:11:32.293+0000] {manager.py:878} INFO - 
================================================================================
DAG File Processing Stats

File Path                                          PID  Runtime      # DAGs    # Errors  Last Runtime    Last Run
-----------------------------------------------  -----  ---------  --------  ----------  --------------  -------------------
/opt/airflow/dags/dag_tp2a_pokemon_ingestion.py   1217  0.02s             1           0  0.13s           2026-06-09T10:11:02
/opt/airflow/dags/dag_tp2_pokemon.py              1220  0.00s             1           0  0.11s           2026-06-09T10:11:02
================================================================================
[2026-06-09T10:12:02.568+0000] {manager.py:878} INFO - 
================================================================================
DAG File Processing Stats

File Path                                          PID  Runtime      # DAGs    # Errors  Last Runtime    Last Run
-----------------------------------------------  -----  ---------  --------  ----------  --------------  -------------------
/opt/airflow/dags/dag_tp2a_pokemon_ingestion.py   1227  0.02s             1           0  0.12s           2026-06-09T10:11:32
/opt/airflow/dags/dag_tp2_pokemon.py              1230  0.00s             1           0  0.11s           2026-06-09T10:11:32
================================================================================
[2026-06-09T10:12:32.741+0000] {manager.py:878} INFO - 
================================================================================
DAG File Processing Stats

File Path                                          PID  Runtime      # DAGs    # Errors  Last Runtime    Last Run
-----------------------------------------------  -----  ---------  --------  ----------  --------------  -------------------
/opt/airflow/dags/dag_tp2a_pokemon_ingestion.py   1237  0.02s             1           0  0.12s           2026-06-09T10:12:02
/opt/airflow/dags/dag_tp2_pokemon.py              1240  0.00s             1           0  0.11s           2026-06-09T10:12:02
================================================================================
[2026-06-09T10:13:02.952+0000] {manager.py:878} INFO - 
================================================================================
DAG File Processing Stats

File Path                                          PID  Runtime      # DAGs    # Errors  Last Runtime    Last Run
-----------------------------------------------  -----  ---------  --------  ----------  --------------  -------------------
/opt/airflow/dags/dag_tp2a_pokemon_ingestion.py   1247  0.02s             1           0  0.12s           2026-06-09T10:12:32
/opt/airflow/dags/dag_tp2_pokemon.py              1250  0.00s             1           0  0.11s           2026-06-09T10:12:32
================================================================================
[2026-06-09T10:13:33.124+0000] {manager.py:878} INFO - 
================================================================================
DAG File Processing Stats

File Path                                          PID  Runtime      # DAGs    # Errors  Last Runtime    Last Run
-----------------------------------------------  -----  ---------  --------  ----------  --------------  -------------------
/opt/airflow/dags/dag_tp2a_pokemon_ingestion.py   1257  0.02s             1           0  0.12s           2026-06-09T10:13:03
/opt/airflow/dags/dag_tp2_pokemon.py              1260  0.00s             1           0  0.11s           2026-06-09T10:13:03
================================================================================
[2026-06-09T10:14:03.390+0000] {manager.py:878} INFO - 
================================================================================
DAG File Processing Stats

File Path                                          PID  Runtime      # DAGs    # Errors  Last Runtime    Last Run
-----------------------------------------------  -----  ---------  --------  ----------  --------------  -------------------
/opt/airflow/dags/dag_tp2a_pokemon_ingestion.py   1267  0.02s             1           0  0.11s           2026-06-09T10:13:33
/opt/airflow/dags/dag_tp2_pokemon.py              1270  0.00s             1           0  0.11s           2026-06-09T10:13:33
================================================================================
[2026-06-09T10:14:33.660+0000] {manager.py:878} INFO - 
================================================================================
DAG File Processing Stats

File Path                                          PID  Runtime      # DAGs    # Errors  Last Runtime    Last Run
-----------------------------------------------  -----  ---------  --------  ----------  --------------  -------------------
/opt/airflow/dags/dag_tp2a_pokemon_ingestion.py   1277  0.02s             1           0  0.11s           2026-06-09T10:14:03
/opt/airflow/dags/dag_tp2_pokemon.py              1280  0.00s             1           0  0.11s           2026-06-09T10:14:03
================================================================================
[2026-06-09T10:15:03.930+0000] {manager.py:878} INFO - 
================================================================================
DAG File Processing Stats

File Path                                          PID  Runtime      # DAGs    # Errors  Last Runtime    Last Run
-----------------------------------------------  -----  ---------  --------  ----------  --------------  -------------------
/opt/airflow/dags/dag_tp2a_pokemon_ingestion.py   1287  0.02s             1           0  0.11s           2026-06-09T10:14:33
/opt/airflow/dags/dag_tp2_pokemon.py              1290  0.00s             1           0  0.11s           2026-06-09T10:14:33
================================================================================
[2026-06-09T10:15:34.201+0000] {manager.py:878} INFO - 
================================================================================
DAG File Processing Stats

File Path                                          PID  Runtime      # DAGs    # Errors  Last Runtime    Last Run
-----------------------------------------------  -----  ---------  --------  ----------  --------------  -------------------
/opt/airflow/dags/dag_tp2a_pokemon_ingestion.py   1297  0.02s             1           0  0.12s           2026-06-09T10:15:04
/opt/airflow/dags/dag_tp2_pokemon.py              1300  0.00s             1           0  0.11s           2026-06-09T10:15:04
================================================================================
[2026-06-09T10:15:45.256+0000] {manager.py:737} INFO - Searching for files in /opt/airflow/dags
[2026-06-09T10:15:45.288+0000] {manager.py:740} INFO - There are 2 files in /opt/airflow/dags
[2026-06-09T10:16:04.417+0000] {manager.py:878} INFO - 
================================================================================
DAG File Processing Stats

File Path                                          PID  Runtime      # DAGs    # Errors  Last Runtime    Last Run
-----------------------------------------------  -----  ---------  --------  ----------  --------------  -------------------
/opt/airflow/dags/dag_tp2a_pokemon_ingestion.py   1307  0.02s             1           0  0.12s           2026-06-09T10:15:34
/opt/airflow/dags/dag_tp2_pokemon.py              1310  0.00s             1           0  0.11s           2026-06-09T10:15:34
================================================================================
[2026-06-09T10:16:34.598+0000] {manager.py:878} INFO - 
================================================================================
DAG File Processing Stats

File Path                                          PID  Runtime      # DAGs    # Errors  Last Runtime    Last Run
-----------------------------------------------  -----  ---------  --------  ----------  --------------  -------------------
/opt/airflow/dags/dag_tp2a_pokemon_ingestion.py   1317  0.02s             1           0  0.12s           2026-06-09T10:16:04
/opt/airflow/dags/dag_tp2_pokemon.py              1320  0.00s             1           0  0.12s           2026-06-09T10:16:04
================================================================================
[2026-06-09T10:17:04.812+0000] {manager.py:878} INFO - 
================================================================================
DAG File Processing Stats

File Path                                          PID  Runtime      # DAGs    # Errors  Last Runtime    Last Run
-----------------------------------------------  -----  ---------  --------  ----------  --------------  -------------------
/opt/airflow/dags/dag_tp2a_pokemon_ingestion.py   1327  0.02s             1           0  0.13s           2026-06-09T10:16:34
/opt/airflow/dags/dag_tp2_pokemon.py              1330  0.00s             1           0  0.11s           2026-06-09T10:16:34
================================================================================
[2026-06-09T10:17:34.987+0000] {manager.py:878} INFO - 
================================================================================
DAG File Processing Stats

File Path                                          PID  Runtime      # DAGs    # Errors  Last Runtime    Last Run
-----------------------------------------------  -----  ---------  --------  ----------  --------------  -------------------
/opt/airflow/dags/dag_tp2a_pokemon_ingestion.py   1337  0.02s             1           0  0.11s           2026-06-09T10:17:04
/opt/airflow/dags/dag_tp2_pokemon.py              1340  0.00s             1           0  0.11s           2026-06-09T10:17:04
================================================================================
[2026-06-09T10:18:05.251+0000] {manager.py:878} INFO - 
================================================================================
DAG File Processing Stats

File Path                                          PID  Runtime      # DAGs    # Errors  Last Runtime    Last Run
-----------------------------------------------  -----  ---------  --------  ----------  --------------  -------------------
/opt/airflow/dags/dag_tp2a_pokemon_ingestion.py   1347  0.02s             1           0  0.11s           2026-06-09T10:17:35
/opt/airflow/dags/dag_tp2_pokemon.py              1350  0.00s             1           0  0.10s           2026-06-09T10:17:35
================================================================================
[2026-06-09T10:18:35.529+0000] {manager.py:878} INFO - 
================================================================================
DAG File Processing Stats

File Path                                          PID  Runtime      # DAGs    # Errors  Last Runtime    Last Run
-----------------------------------------------  -----  ---------  --------  ----------  --------------  -------------------
/opt/airflow/dags/dag_tp2a_pokemon_ingestion.py   1357  0.02s             1           0  0.12s           2026-06-09T10:18:05
/opt/airflow/dags/dag_tp2_pokemon.py              1360  0.00s             1           0  0.11s           2026-06-09T10:18:05
================================================================================
[2026-06-09T10:19:05.790+0000] {manager.py:878} INFO - 
================================================================================
DAG File Processing Stats

File Path                                          PID  Runtime      # DAGs    # Errors  Last Runtime    Last Run
-----------------------------------------------  -----  ---------  --------  ----------  --------------  -------------------
/opt/airflow/dags/dag_tp2a_pokemon_ingestion.py   1367  0.02s             1           0  0.11s           2026-06-09T10:18:35
/opt/airflow/dags/dag_tp2_pokemon.py              1370  0.00s             1           0  0.10s           2026-06-09T10:18:35
================================================================================
[2026-06-09T10:19:35.958+0000] {manager.py:878} INFO - 
================================================================================
DAG File Processing Stats

File Path                                          PID  Runtime      # DAGs    # Errors  Last Runtime    Last Run
-----------------------------------------------  -----  ---------  --------  ----------  --------------  -------------------
/opt/airflow/dags/dag_tp2a_pokemon_ingestion.py   1377  0.02s             1           0  0.10s           2026-06-09T10:19:05
/opt/airflow/dags/dag_tp2_pokemon.py              1380  0.00s             1           0  0.10s           2026-06-09T10:19:05
================================================================================
[2026-06-09T10:20:06.170+0000] {manager.py:878} INFO - 
================================================================================
DAG File Processing Stats

File Path                                          PID  Runtime      # DAGs    # Errors  Last Runtime    Last Run
-----------------------------------------------  -----  ---------  --------  ----------  --------------  -------------------
/opt/airflow/dags/dag_tp2a_pokemon_ingestion.py   1387  0.02s             1           0  0.11s           2026-06-09T10:19:36
/opt/airflow/dags/dag_tp2_pokemon.py              1390  0.00s             1           0  0.11s           2026-06-09T10:19:36
================================================================================
[2026-06-09T10:20:36.347+0000] {manager.py:878} INFO - 
================================================================================
DAG File Processing Stats

File Path                                          PID  Runtime      # DAGs    # Errors  Last Runtime    Last Run
-----------------------------------------------  -----  ---------  --------  ----------  --------------  -------------------
/opt/airflow/dags/dag_tp2a_pokemon_ingestion.py   1397  0.02s             1           0  0.12s           2026-06-09T10:20:06
/opt/airflow/dags/dag_tp2_pokemon.py              1400  0.00s             1           0  0.11s           2026-06-09T10:20:06
================================================================================
[2026-06-09T10:20:45.428+0000] {manager.py:737} INFO - Searching for files in /opt/airflow/dags
[2026-06-09T10:20:45.458+0000] {manager.py:740} INFO - There are 2 files in /opt/airflow/dags
[2026-06-09T10:21:06.605+0000] {manager.py:878} INFO - 
================================================================================
DAG File Processing Stats

File Path                                          PID  Runtime      # DAGs    # Errors  Last Runtime    Last Run
-----------------------------------------------  -----  ---------  --------  ----------  --------------  -------------------
/opt/airflow/dags/dag_tp2a_pokemon_ingestion.py   1407  0.02s             1           0  0.13s           2026-06-09T10:20:36
/opt/airflow/dags/dag_tp2_pokemon.py              1410  0.01s             1           0  0.11s           2026-06-09T10:20:36
================================================================================
[2026-06-09T10:21:36.880+0000] {manager.py:878} INFO - 
================================================================================
DAG File Processing Stats

File Path                                          PID  Runtime      # DAGs    # Errors  Last Runtime    Last Run
-----------------------------------------------  -----  ---------  --------  ----------  --------------  -------------------
/opt/airflow/dags/dag_tp2_pokemon.py              1420  0.01s             1           0  0.13s           2026-06-09T10:21:06
/opt/airflow/dags/dag_tp2a_pokemon_ingestion.py   1417  0.02s             1           0  0.13s           2026-06-09T10:21:06
================================================================================
[2026-06-09T10:22:07.155+0000] {manager.py:878} INFO - 
================================================================================
DAG File Processing Stats

File Path                                          PID  Runtime      # DAGs    # Errors  Last Runtime    Last Run
-----------------------------------------------  -----  ---------  --------  ----------  --------------  -------------------
/opt/airflow/dags/dag_tp2a_pokemon_ingestion.py   1427  0.02s             1           0  0.11s           2026-06-09T10:21:36
/opt/airflow/dags/dag_tp2_pokemon.py              1430  0.01s             1           0  0.11s           2026-06-09T10:21:36
================================================================================
[2026-06-09T10:22:37.418+0000] {manager.py:878} INFO - 
================================================================================
DAG File Processing Stats

File Path                                          PID  Runtime      # DAGs    # Errors  Last Runtime    Last Run
-----------------------------------------------  -----  ---------  --------  ----------  --------------  -------------------
/opt/airflow/dags/dag_tp2a_pokemon_ingestion.py   1437  0.02s             1           0  0.11s           2026-06-09T10:22:07
/opt/airflow/dags/dag_tp2_pokemon.py              1440  0.00s             1           0  0.11s           2026-06-09T10:22:07
================================================================================
[2026-06-09T10:23:07.605+0000] {manager.py:878} INFO - 
================================================================================
DAG File Processing Stats

File Path                                          PID  Runtime      # DAGs    # Errors  Last Runtime    Last Run
-----------------------------------------------  -----  ---------  --------  ----------  --------------  -------------------
/opt/airflow/dags/dag_tp2a_pokemon_ingestion.py   1447  0.02s             1           0  0.11s           2026-06-09T10:22:37
/opt/airflow/dags/dag_tp2_pokemon.py              1450  0.00s             1           0  0.10s           2026-06-09T10:22:37
================================================================================
[2026-06-09T10:23:37.837+0000] {manager.py:878} INFO - 
================================================================================
DAG File Processing Stats

File Path                                          PID  Runtime      # DAGs    # Errors  Last Runtime    Last Run
-----------------------------------------------  -----  ---------  --------  ----------  --------------  -------------------
/opt/airflow/dags/dag_tp2a_pokemon_ingestion.py   1457  0.02s             1           0  0.13s           2026-06-09T10:23:07
/opt/airflow/dags/dag_tp2_pokemon.py              1460  0.00s             1           0  0.11s           2026-06-09T10:23:07
================================================================================
[2026-06-09T10:24:08.045+0000] {manager.py:878} INFO - 
================================================================================
DAG File Processing Stats

File Path                                          PID  Runtime      # DAGs    # Errors  Last Runtime    Last Run
-----------------------------------------------  -----  ---------  --------  ----------  --------------  -------------------
/opt/airflow/dags/dag_tp2a_pokemon_ingestion.py   1467  0.02s             1           0  0.14s           2026-06-09T10:23:37
/opt/airflow/dags/dag_tp2_pokemon.py              1470  0.01s             1           0  0.13s           2026-06-09T10:23:37
================================================================================
[2026-06-09T10:24:38.353+0000] {manager.py:878} INFO - 
================================================================================
DAG File Processing Stats

File Path                                          PID  Runtime      # DAGs    # Errors  Last Runtime    Last Run
-----------------------------------------------  -----  ---------  --------  ----------  --------------  -------------------
/opt/airflow/dags/dag_tp2a_pokemon_ingestion.py   1477  0.02s             1           0  0.14s           2026-06-09T10:24:08
/opt/airflow/dags/dag_tp2_pokemon.py              1480  0.00s             1           0  0.14s           2026-06-09T10:24:08
================================================================================
[2026-06-09T10:25:08.559+0000] {manager.py:878} INFO - 
================================================================================
DAG File Processing Stats

File Path                                          PID  Runtime      # DAGs    # Errors  Last Runtime    Last Run
-----------------------------------------------  -----  ---------  --------  ----------  --------------  -------------------
/opt/airflow/dags/dag_tp2a_pokemon_ingestion.py   1487  0.02s             1           0  0.12s           2026-06-09T10:24:38
/opt/airflow/dags/dag_tp2_pokemon.py              1490  0.01s             1           0  0.11s           2026-06-09T10:24:38
================================================================================
[2026-06-09T10:25:38.793+0000] {manager.py:878} INFO - 
================================================================================
DAG File Processing Stats

File Path                                          PID  Runtime      # DAGs    # Errors  Last Runtime    Last Run
-----------------------------------------------  -----  ---------  --------  ----------  --------------  -------------------
/opt/airflow/dags/dag_tp2a_pokemon_ingestion.py   1497  0.02s             1           0  0.14s           2026-06-09T10:25:08
/opt/airflow/dags/dag_tp2_pokemon.py              1500  0.01s             1           0  0.13s           2026-06-09T10:25:08
================================================================================
[2026-06-09T10:25:45.856+0000] {manager.py:737} INFO - Searching for files in /opt/airflow/dags
[2026-06-09T10:25:45.890+0000] {manager.py:740} INFO - There are 2 files in /opt/airflow/dags
[2026-06-09T10:26:09.052+0000] {manager.py:878} INFO - 
================================================================================
DAG File Processing Stats

File Path                                          PID  Runtime      # DAGs    # Errors  Last Runtime    Last Run
-----------------------------------------------  -----  ---------  --------  ----------  --------------  -------------------
/opt/airflow/dags/dag_tp2a_pokemon_ingestion.py   1507  0.02s             1           0  0.15s           2026-06-09T10:25:38
/opt/airflow/dags/dag_tp2_pokemon.py              1510  0.00s             1           0  0.14s           2026-06-09T10:25:38
================================================================================
[2026-06-09T10:26:39.382+0000] {manager.py:878} INFO - 
================================================================================
DAG File Processing Stats

File Path                                          PID  Runtime      # DAGs    # Errors  Last Runtime    Last Run
-----------------------------------------------  -----  ---------  --------  ----------  --------------  -------------------
/opt/airflow/dags/dag_tp2a_pokemon_ingestion.py   1517  0.02s             1           0  0.13s           2026-06-09T10:26:09
/opt/airflow/dags/dag_tp2_pokemon.py              1520  0.01s             1           0  0.12s           2026-06-09T10:26:09
================================================================================
[2026-06-09T10:27:09.565+0000] {manager.py:878} INFO - 
================================================================================
DAG File Processing Stats

File Path                                          PID  Runtime      # DAGs    # Errors  Last Runtime    Last Run
-----------------------------------------------  -----  ---------  --------  ----------  --------------  -------------------
/opt/airflow/dags/dag_tp2a_pokemon_ingestion.py   1527  0.02s             1           0  0.15s           2026-06-09T10:26:39
/opt/airflow/dags/dag_tp2_pokemon.py              1530  0.00s             1           0  0.13s           2026-06-09T10:26:39
================================================================================
[2026-06-09T10:27:39.840+0000] {manager.py:878} INFO - 
================================================================================
DAG File Processing Stats

File Path                                          PID  Runtime      # DAGs    # Errors  Last Runtime    Last Run
-----------------------------------------------  -----  ---------  --------  ----------  --------------  -------------------
/opt/airflow/dags/dag_tp2_pokemon.py              1540  0.01s             1           0  0.11s           2026-06-09T10:27:09
/opt/airflow/dags/dag_tp2a_pokemon_ingestion.py   1537  0.02s             1           0  0.11s           2026-06-09T10:27:09
================================================================================
[2026-06-09T10:28:10.063+0000] {manager.py:878} INFO - 
================================================================================
DAG File Processing Stats

File Path                                          PID  Runtime      # DAGs    # Errors  Last Runtime    Last Run
-----------------------------------------------  -----  ---------  --------  ----------  --------------  -------------------
/opt/airflow/dags/dag_tp2a_pokemon_ingestion.py   1547  0.02s             1           0  0.12s           2026-06-09T10:27:39
/opt/airflow/dags/dag_tp2_pokemon.py              1550  0.00s             1           0  0.11s           2026-06-09T10:27:39
================================================================================
[2026-06-09T10:28:40.279+0000] {manager.py:878} INFO - 
================================================================================
DAG File Processing Stats

File Path                                          PID  Runtime      # DAGs    # Errors  Last Runtime    Last Run
-----------------------------------------------  -----  ---------  --------  ----------  --------------  -------------------
/opt/airflow/dags/dag_tp2a_pokemon_ingestion.py   1557  0.02s             1           0  0.14s           2026-06-09T10:28:10
/opt/airflow/dags/dag_tp2_pokemon.py              1560  0.01s             1           0  0.13s           2026-06-09T10:28:10
================================================================================
[2026-06-09T10:29:10.574+0000] {manager.py:878} INFO - 
================================================================================
DAG File Processing Stats

File Path                                          PID  Runtime      # DAGs    # Errors  Last Runtime    Last Run
-----------------------------------------------  -----  ---------  --------  ----------  --------------  -------------------
/opt/airflow/dags/dag_tp2_pokemon.py              1570  0.00s             1           0  0.13s           2026-06-09T10:28:40
/opt/airflow/dags/dag_tp2a_pokemon_ingestion.py   1567  0.02s             1           0  0.12s           2026-06-09T10:28:40
================================================================================
[2026-06-09T10:29:40.887+0000] {manager.py:878} INFO - 
================================================================================
DAG File Processing Stats

File Path                                          PID  Runtime      # DAGs    # Errors  Last Runtime    Last Run
-----------------------------------------------  -----  ---------  --------  ----------  --------------  -------------------
/opt/airflow/dags/dag_tp2a_pokemon_ingestion.py   1577  0.02s             1           0  0.13s           2026-06-09T10:29:10
/opt/airflow/dags/dag_tp2_pokemon.py              1580  0.00s             1           0  0.12s           2026-06-09T10:29:10
================================================================================
[2026-06-09T10:30:11.187+0000] {manager.py:878} INFO - 
================================================================================
DAG File Processing Stats

File Path                                          PID  Runtime      # DAGs    # Errors  Last Runtime    Last Run
-----------------------------------------------  -----  ---------  --------  ----------  --------------  -------------------
/opt/airflow/dags/dag_tp2a_pokemon_ingestion.py   1587  0.02s             1           0  0.13s           2026-06-09T10:29:40
/opt/airflow/dags/dag_tp2_pokemon.py              1590  0.01s             1           0  0.12s           2026-06-09T10:29:41
================================================================================
[2026-06-09T10:30:41.483+0000] {manager.py:878} INFO - 
================================================================================
DAG File Processing Stats

File Path                                          PID  Runtime      # DAGs    # Errors  Last Runtime    Last Run
-----------------------------------------------  -----  ---------  --------  ----------  --------------  -------------------
/opt/airflow/dags/dag_tp2a_pokemon_ingestion.py   1597  0.02s             1           0  0.12s           2026-06-09T10:30:11
/opt/airflow/dags/dag_tp2_pokemon.py              1600  0.00s             1           0  0.11s           2026-06-09T10:30:11
================================================================================
[2026-06-09T10:30:46.516+0000] {manager.py:737} INFO - Searching for files in /opt/airflow/dags
[2026-06-09T10:30:46.549+0000] {manager.py:740} INFO - There are 2 files in /opt/airflow/dags
[2026-06-09T10:31:11.732+0000] {manager.py:878} INFO - 
================================================================================
DAG File Processing Stats

File Path                                          PID  Runtime      # DAGs    # Errors  Last Runtime    Last Run
-----------------------------------------------  -----  ---------  --------  ----------  --------------  -------------------
/opt/airflow/dags/dag_tp2a_pokemon_ingestion.py   1607  0.02s             1           0  0.13s           2026-06-09T10:30:41
/opt/airflow/dags/dag_tp2_pokemon.py              1610  0.01s             1           0  0.12s           2026-06-09T10:30:41
================================================================================
[2026-06-09T10:31:42.069+0000] {manager.py:878} INFO - 
================================================================================
DAG File Processing Stats

File Path                                          PID  Runtime      # DAGs    # Errors  Last Runtime    Last Run
-----------------------------------------------  -----  ---------  --------  ----------  --------------  -------------------
/opt/airflow/dags/dag_tp2a_pokemon_ingestion.py   1617  0.02s             1           0  0.17s           2026-06-09T10:31:11
/opt/airflow/dags/dag_tp2_pokemon.py              1620  0.00s             1           0  0.15s           2026-06-09T10:31:11
================================================================================
[2026-06-09T10:32:12.366+0000] {manager.py:878} INFO - 
================================================================================
DAG File Processing Stats

File Path                                          PID  Runtime      # DAGs    # Errors  Last Runtime    Last Run
-----------------------------------------------  -----  ---------  --------  ----------  --------------  -------------------
/opt/airflow/dags/dag_tp2a_pokemon_ingestion.py   1627  0.02s             1           0  0.12s           2026-06-09T10:31:42
/opt/airflow/dags/dag_tp2_pokemon.py              1630  0.00s             1           0  0.12s           2026-06-09T10:31:42
================================================================================
[2026-06-09T10:32:42.561+0000] {manager.py:878} INFO - 
================================================================================
DAG File Processing Stats

File Path                                          PID  Runtime      # DAGs    # Errors  Last Runtime    Last Run
-----------------------------------------------  -----  ---------  --------  ----------  --------------  -------------------
/opt/airflow/dags/dag_tp2a_pokemon_ingestion.py   1637  0.02s             1           0  0.13s           2026-06-09T10:32:12
/opt/airflow/dags/dag_tp2_pokemon.py              1640  0.01s             1           0  0.12s           2026-06-09T10:32:12
================================================================================
[2026-06-09T10:33:12.858+0000] {manager.py:878} INFO - 
================================================================================
DAG File Processing Stats

File Path                                          PID  Runtime      # DAGs    # Errors  Last Runtime    Last Run
-----------------------------------------------  -----  ---------  --------  ----------  --------------  -------------------
/opt/airflow/dags/dag_tp2a_pokemon_ingestion.py   1647  0.02s             1           0  0.12s           2026-06-09T10:32:42
/opt/airflow/dags/dag_tp2_pokemon.py              1650  0.01s             1           0  0.12s           2026-06-09T10:32:42
================================================================================
[2026-06-09T10:33:43.153+0000] {manager.py:878} INFO - 
================================================================================
DAG File Processing Stats

File Path                                          PID  Runtime      # DAGs    # Errors  Last Runtime    Last Run
-----------------------------------------------  -----  ---------  --------  ----------  --------------  -------------------
/opt/airflow/dags/dag_tp2a_pokemon_ingestion.py   1657  0.02s             1           0  0.13s           2026-06-09T10:33:12
/opt/airflow/dags/dag_tp2_pokemon.py              1660  0.01s             1           0  0.12s           2026-06-09T10:33:12
================================================================================
[2026-06-09T10:34:13.455+0000] {manager.py:878} INFO - 
================================================================================
DAG File Processing Stats

File Path                                          PID  Runtime      # DAGs    # Errors  Last Runtime    Last Run
-----------------------------------------------  -----  ---------  --------  ----------  --------------  -------------------
/opt/airflow/dags/dag_tp2a_pokemon_ingestion.py   1667  0.02s             1           0  0.13s           2026-06-09T10:33:43
/opt/airflow/dags/dag_tp2_pokemon.py              1670  0.00s             1           0  0.12s           2026-06-09T10:33:43
================================================================================
[2026-06-09T10:34:43.751+0000] {manager.py:878} INFO - 
================================================================================
DAG File Processing Stats

File Path                                          PID  Runtime      # DAGs    # Errors  Last Runtime    Last Run
-----------------------------------------------  -----  ---------  --------  ----------  --------------  -------------------
/opt/airflow/dags/dag_tp2a_pokemon_ingestion.py   1677  0.02s             1           0  0.12s           2026-06-09T10:34:13
/opt/airflow/dags/dag_tp2_pokemon.py              1680  0.01s             1           0  0.11s           2026-06-09T10:34:13
================================================================================
[2026-06-09T10:35:14.054+0000] {manager.py:878} INFO - 
================================================================================
DAG File Processing Stats

File Path                                          PID  Runtime      # DAGs    # Errors  Last Runtime    Last Run
-----------------------------------------------  -----  ---------  --------  ----------  --------------  -------------------
/opt/airflow/dags/dag_tp2a_pokemon_ingestion.py   1687  0.02s             1           0  0.13s           2026-06-09T10:34:43
/opt/airflow/dags/dag_tp2_pokemon.py              1690  0.01s             1           0  0.13s           2026-06-09T10:34:43
================================================================================
[2026-06-09T10:35:44.253+0000] {manager.py:878} INFO - 
================================================================================
DAG File Processing Stats

File Path                                          PID  Runtime      # DAGs    # Errors  Last Runtime    Last Run
-----------------------------------------------  -----  ---------  --------  ----------  --------------  -------------------
/opt/airflow/dags/dag_tp2a_pokemon_ingestion.py   1697  0.02s             1           0  0.14s           2026-06-09T10:35:14
/opt/airflow/dags/dag_tp2_pokemon.py              1700  0.01s             1           0  0.12s           2026-06-09T10:35:14
================================================================================
[2026-06-09T10:35:47.377+0000] {manager.py:737} INFO - Searching for files in /opt/airflow/dags
[2026-06-09T10:35:47.411+0000] {manager.py:740} INFO - There are 2 files in /opt/airflow/dags
[2026-06-09T10:36:14.594+0000] {manager.py:878} INFO - 
================================================================================
DAG File Processing Stats

File Path                                          PID  Runtime      # DAGs    # Errors  Last Runtime    Last Run
-----------------------------------------------  -----  ---------  --------  ----------  --------------  -------------------
/opt/airflow/dags/dag_tp2a_pokemon_ingestion.py   1707  0.02s             1           0  0.13s           2026-06-09T10:35:44
/opt/airflow/dags/dag_tp2_pokemon.py              1710  0.00s             1           0  0.12s           2026-06-09T10:35:44
================================================================================
[2026-06-09T10:36:44.787+0000] {manager.py:878} INFO - 
================================================================================
DAG File Processing Stats

File Path                                          PID  Runtime      # DAGs    # Errors  Last Runtime    Last Run
-----------------------------------------------  -----  ---------  --------  ----------  --------------  -------------------
/opt/airflow/dags/dag_tp2a_pokemon_ingestion.py   1717  0.02s             1           0  0.12s           2026-06-09T10:36:14
/opt/airflow/dags/dag_tp2_pokemon.py              1720  0.01s             1           0  0.12s           2026-06-09T10:36:14
================================================================================
[2026-06-09T10:37:15.088+0000] {manager.py:878} INFO - 
================================================================================
DAG File Processing Stats

File Path                                          PID  Runtime      # DAGs    # Errors  Last Runtime    Last Run
-----------------------------------------------  -----  ---------  --------  ----------  --------------  -------------------
/opt/airflow/dags/dag_tp2a_pokemon_ingestion.py   1727  0.02s             1           0  0.13s           2026-06-09T10:36:44
/opt/airflow/dags/dag_tp2_pokemon.py              1730  0.00s             1           0  0.12s           2026-06-09T10:36:44
================================================================================
[2026-06-09T10:37:45.278+0000] {manager.py:878} INFO - 
================================================================================
DAG File Processing Stats

File Path                                          PID  Runtime      # DAGs    # Errors  Last Runtime    Last Run
-----------------------------------------------  -----  ---------  --------  ----------  --------------  -------------------
/opt/airflow/dags/dag_tp2a_pokemon_ingestion.py   1737  0.02s             1           0  0.13s           2026-06-09T10:37:15
/opt/airflow/dags/dag_tp2_pokemon.py              1740  0.01s             1           0  0.11s           2026-06-09T10:37:15
================================================================================
[2026-06-09T10:38:15.521+0000] {manager.py:878} INFO - 
================================================================================
DAG File Processing Stats

File Path                                          PID  Runtime      # DAGs    # Errors  Last Runtime    Last Run
-----------------------------------------------  -----  ---------  --------  ----------  --------------  -------------------
/opt/airflow/dags/dag_tp2a_pokemon_ingestion.py   1747  0.02s             1           0  0.13s           2026-06-09T10:37:45
/opt/airflow/dags/dag_tp2_pokemon.py              1750  0.01s             1           0  0.12s           2026-06-09T10:37:45
================================================================================
[2026-06-09T10:38:45.719+0000] {manager.py:878} INFO - 
================================================================================
DAG File Processing Stats

File Path                                          PID  Runtime      # DAGs    # Errors  Last Runtime    Last Run
-----------------------------------------------  -----  ---------  --------  ----------  --------------  -------------------
/opt/airflow/dags/dag_tp2a_pokemon_ingestion.py   1757  0.02s             1           0  0.12s           2026-06-09T10:38:15
/opt/airflow/dags/dag_tp2_pokemon.py              1760  0.01s             1           0  0.12s           2026-06-09T10:38:15
================================================================================
[2026-06-09T10:39:16.018+0000] {manager.py:878} INFO - 
================================================================================
DAG File Processing Stats

File Path                                          PID  Runtime      # DAGs    # Errors  Last Runtime    Last Run
-----------------------------------------------  -----  ---------  --------  ----------  --------------  -------------------
/opt/airflow/dags/dag_tp2a_pokemon_ingestion.py   1767  0.02s             1           0  0.12s           2026-06-09T10:38:45
/opt/airflow/dags/dag_tp2_pokemon.py              1770  0.01s             1           0  0.12s           2026-06-09T10:38:45
================================================================================
[2026-06-09T10:39:46.312+0000] {manager.py:878} INFO - 
================================================================================
DAG File Processing Stats

File Path                                          PID  Runtime      # DAGs    # Errors  Last Runtime    Last Run
-----------------------------------------------  -----  ---------  --------  ----------  --------------  -------------------
/opt/airflow/dags/dag_tp2a_pokemon_ingestion.py   1777  0.02s             1           0  0.12s           2026-06-09T10:39:16
/opt/airflow/dags/dag_tp2_pokemon.py              1780  0.01s             1           0  0.11s           2026-06-09T10:39:16
================================================================================
[2026-06-09T10:40:16.506+0000] {manager.py:878} INFO - 
================================================================================
DAG File Processing Stats

File Path                                          PID  Runtime      # DAGs    # Errors  Last Runtime    Last Run
-----------------------------------------------  -----  ---------  --------  ----------  --------------  -------------------
/opt/airflow/dags/dag_tp2a_pokemon_ingestion.py   1787  0.02s             1           0  0.13s           2026-06-09T10:39:46
/opt/airflow/dags/dag_tp2_pokemon.py              1790  0.01s             1           0  0.13s           2026-06-09T10:39:46
================================================================================
[2026-06-09T10:40:46.795+0000] {manager.py:878} INFO - 
================================================================================
DAG File Processing Stats

File Path                                          PID  Runtime      # DAGs    # Errors  Last Runtime    Last Run
-----------------------------------------------  -----  ---------  --------  ----------  --------------  -------------------
/opt/airflow/dags/dag_tp2a_pokemon_ingestion.py   1797  0.02s             1           0  0.12s           2026-06-09T10:40:16
/opt/airflow/dags/dag_tp2_pokemon.py              1800  0.00s             1           0  0.12s           2026-06-09T10:40:16
================================================================================
[2026-06-09T10:40:47.906+0000] {manager.py:737} INFO - Searching for files in /opt/airflow/dags
[2026-06-09T10:40:47.939+0000] {manager.py:740} INFO - There are 2 files in /opt/airflow/dags
[2026-06-09T10:41:17.151+0000] {manager.py:878} INFO - 
================================================================================
DAG File Processing Stats

File Path                                          PID  Runtime      # DAGs    # Errors  Last Runtime    Last Run
-----------------------------------------------  -----  ---------  --------  ----------  --------------  -------------------
/opt/airflow/dags/dag_tp2a_pokemon_ingestion.py   1807  0.02s             1           0  0.12s           2026-06-09T10:40:46
/opt/airflow/dags/dag_tp2_pokemon.py              1810  0.01s             1           0  0.12s           2026-06-09T10:40:46
================================================================================
[2026-06-09T10:41:47.345+0000] {manager.py:878} INFO - 
================================================================================
DAG File Processing Stats

File Path                                          PID  Runtime      # DAGs    # Errors  Last Runtime    Last Run
-----------------------------------------------  -----  ---------  --------  ----------  --------------  -------------------
/opt/airflow/dags/dag_tp2a_pokemon_ingestion.py   1817  0.02s             1           0  0.15s           2026-06-09T10:41:17
/opt/airflow/dags/dag_tp2_pokemon.py              1820  0.01s             1           0  0.14s           2026-06-09T10:41:17
================================================================================
[2026-06-09T10:42:17.608+0000] {manager.py:878} INFO - 
================================================================================
DAG File Processing Stats

File Path                                          PID  Runtime      # DAGs    # Errors  Last Runtime    Last Run
-----------------------------------------------  -----  ---------  --------  ----------  --------------  -------------------
/opt/airflow/dags/dag_tp2a_pokemon_ingestion.py   1827  0.02s             1           0  0.13s           2026-06-09T10:41:47
/opt/airflow/dags/dag_tp2_pokemon.py              1830  0.00s             1           0  0.12s           2026-06-09T10:41:47
================================================================================
[2026-06-09T10:42:47.902+0000] {manager.py:878} INFO - 
================================================================================
DAG File Processing Stats

File Path                                          PID  Runtime      # DAGs    # Errors  Last Runtime    Last Run
-----------------------------------------------  -----  ---------  --------  ----------  --------------  -------------------
/opt/airflow/dags/dag_tp2a_pokemon_ingestion.py   1837  0.02s             1           0  0.12s           2026-06-09T10:42:17
/opt/airflow/dags/dag_tp2_pokemon.py              1840  0.01s             1           0  0.12s           2026-06-09T10:42:17
================================================================================
[2026-06-09T10:43:18.202+0000] {manager.py:878} INFO - 
================================================================================
DAG File Processing Stats

File Path                                          PID  Runtime      # DAGs    # Errors  Last Runtime    Last Run
-----------------------------------------------  -----  ---------  --------  ----------  --------------  -------------------
/opt/airflow/dags/dag_tp2a_pokemon_ingestion.py   1847  0.02s             1           0  0.12s           2026-06-09T10:42:48
/opt/airflow/dags/dag_tp2_pokemon.py              1850  0.00s             1           0  0.12s           2026-06-09T10:42:48
================================================================================
[2026-06-09T10:43:48.344+0000] {manager.py:878} INFO - 
================================================================================
DAG File Processing Stats

File Path                                        PID    Runtime      # DAGs    # Errors  Last Runtime    Last Run
-----------------------------------------------  -----  ---------  --------  ----------  --------------  -------------------
/opt/airflow/dags/dag_tp2a_pokemon_ingestion.py                           1           0  0.73s           2026-06-09T10:43:18
/opt/airflow/dags/dag_tp2_pokemon.py                                      1           0  0.73s           2026-06-09T10:43:18
================================================================================
[2026-06-09T10:44:18.368+0000] {manager.py:878} INFO - 
================================================================================
DAG File Processing Stats

File Path                                        PID    Runtime      # DAGs    # Errors  Last Runtime    Last Run
-----------------------------------------------  -----  ---------  --------  ----------  --------------  -------------------
/opt/airflow/dags/dag_tp2a_pokemon_ingestion.py                           1           0  0.13s           2026-06-09T10:43:49
/opt/airflow/dags/dag_tp2_pokemon.py                                      1           0  0.13s           2026-06-09T10:43:49
================================================================================
[2026-06-09T10:44:48.667+0000] {manager.py:878} INFO - 
================================================================================
DAG File Processing Stats

File Path                                        PID    Runtime      # DAGs    # Errors  Last Runtime    Last Run
-----------------------------------------------  -----  ---------  --------  ----------  --------------  -------------------
/opt/airflow/dags/dag_tp2a_pokemon_ingestion.py                           1           0  0.13s           2026-06-09T10:44:19
/opt/airflow/dags/dag_tp2_pokemon.py                                      1           0  0.12s           2026-06-09T10:44:19
================================================================================
[2026-06-09T10:45:19.145+0000] {manager.py:878} INFO - 
================================================================================
DAG File Processing Stats

File Path                                        PID    Runtime      # DAGs    # Errors  Last Runtime    Last Run
-----------------------------------------------  -----  ---------  --------  ----------  --------------  -------------------
/opt/airflow/dags/dag_tp2_pokemon.py                                      1           0  0.31s           2026-06-09T10:44:50
/opt/airflow/dags/dag_tp2a_pokemon_ingestion.py                           1           0  0.30s           2026-06-09T10:44:49
================================================================================
[2026-06-09T10:45:47.997+0000] {manager.py:737} INFO - Searching for files in /opt/airflow/dags
[2026-06-09T10:45:48.033+0000] {manager.py:740} INFO - There are 2 files in /opt/airflow/dags
[2026-06-09T10:45:50.057+0000] {manager.py:878} INFO - 
================================================================================
DAG File Processing Stats

File Path                                        PID    Runtime      # DAGs    # Errors  Last Runtime    Last Run
-----------------------------------------------  -----  ---------  --------  ----------  --------------  -------------------
/opt/airflow/dags/dag_tp2_pokemon.py                                      1           0  0.75s           2026-06-09T10:45:20
/opt/airflow/dags/dag_tp2a_pokemon_ingestion.py                           1           0  0.68s           2026-06-09T10:45:20
================================================================================
[2026-06-09T10:46:20.265+0000] {manager.py:878} INFO - 
================================================================================
DAG File Processing Stats

File Path                                        PID    Runtime      # DAGs    # Errors  Last Runtime    Last Run
-----------------------------------------------  -----  ---------  --------  ----------  --------------  -------------------
/opt/airflow/dags/dag_tp2a_pokemon_ingestion.py                           1           0  0.14s           2026-06-09T10:45:51
/opt/airflow/dags/dag_tp2_pokemon.py                                      1           0  0.13s           2026-06-09T10:45:51
================================================================================
[2026-06-09T10:46:50.797+0000] {manager.py:878} INFO - 
================================================================================
DAG File Processing Stats

File Path                                        PID    Runtime      # DAGs    # Errors  Last Runtime    Last Run
-----------------------------------------------  -----  ---------  --------  ----------  --------------  -------------------
/opt/airflow/dags/dag_tp2a_pokemon_ingestion.py                           1           0  0.34s           2026-06-09T10:46:21
/opt/airflow/dags/dag_tp2_pokemon.py                                      1           0  0.33s           2026-06-09T10:46:21
================================================================================
[2026-06-09T10:47:21.093+0000] {manager.py:878} INFO - 
================================================================================
DAG File Processing Stats

File Path                                        PID    Runtime      # DAGs    # Errors  Last Runtime    Last Run
-----------------------------------------------  -----  ---------  --------  ----------  --------------  -------------------
/opt/airflow/dags/dag_tp2a_pokemon_ingestion.py                           1           0  0.29s           2026-06-09T10:46:52
/opt/airflow/dags/dag_tp2_pokemon.py                                      1           0  0.11s           2026-06-09T10:46:51
================================================================================
[2026-06-09T10:47:51.408+0000] {manager.py:878} INFO - 
================================================================================
DAG File Processing Stats

File Path                                        PID    Runtime      # DAGs    # Errors  Last Runtime    Last Run
-----------------------------------------------  -----  ---------  --------  ----------  --------------  -------------------
/opt/airflow/dags/dag_tp2_pokemon.py                                      1           0  0.15s           2026-06-09T10:47:22
/opt/airflow/dags/dag_tp2a_pokemon_ingestion.py                           1           0  0.12s           2026-06-09T10:47:22
================================================================================
[2026-06-09T10:48:21.900+0000] {manager.py:878} INFO - 
================================================================================
DAG File Processing Stats

File Path                                        PID    Runtime      # DAGs    # Errors  Last Runtime    Last Run
-----------------------------------------------  -----  ---------  --------  ----------  --------------  -------------------
/opt/airflow/dags/dag_tp2a_pokemon_ingestion.py                           1           0  0.31s           2026-06-09T10:47:52
/opt/airflow/dags/dag_tp2_pokemon.py                                      1           0  0.31s           2026-06-09T10:47:52
================================================================================
[2026-06-09T10:48:52.210+0000] {manager.py:878} INFO - 
================================================================================
DAG File Processing Stats

File Path                                        PID    Runtime      # DAGs    # Errors  Last Runtime    Last Run
-----------------------------------------------  -----  ---------  --------  ----------  --------------  -------------------
/opt/airflow/dags/dag_tp2a_pokemon_ingestion.py                           1           0  0.27s           2026-06-09T10:48:23
/opt/airflow/dags/dag_tp2_pokemon.py                                      1           0  0.12s           2026-06-09T10:48:23
================================================================================
[2026-06-09T10:49:22.521+0000] {manager.py:878} INFO - 
================================================================================
DAG File Processing Stats

File Path                                        PID    Runtime      # DAGs    # Errors  Last Runtime    Last Run
-----------------------------------------------  -----  ---------  --------  ----------  --------------  -------------------
/opt/airflow/dags/dag_tp2a_pokemon_ingestion.py                           1           0  0.13s           2026-06-09T10:48:53
/opt/airflow/dags/dag_tp2_pokemon.py                                      1           0  0.12s           2026-06-09T10:48:53
================================================================================
[2026-06-09T10:49:52.985+0000] {manager.py:878} INFO - 
================================================================================
DAG File Processing Stats

File Path                                        PID    Runtime      # DAGs    # Errors  Last Runtime    Last Run
-----------------------------------------------  -----  ---------  --------  ----------  --------------  -------------------
/opt/airflow/dags/dag_tp2a_pokemon_ingestion.py                           1           0  0.29s           2026-06-09T10:49:23
/opt/airflow/dags/dag_tp2_pokemon.py                                      1           0  0.28s           2026-06-09T10:49:23
================================================================================
[2026-06-09T10:50:23.297+0000] {manager.py:878} INFO - 
================================================================================
DAG File Processing Stats

File Path                                        PID    Runtime      # DAGs    # Errors  Last Runtime    Last Run
-----------------------------------------------  -----  ---------  --------  ----------  --------------  -------------------
/opt/airflow/dags/dag_tp2a_pokemon_ingestion.py                           1           0  0.29s           2026-06-09T10:49:54
/opt/airflow/dags/dag_tp2_pokemon.py                                      1           0  0.12s           2026-06-09T10:49:54
================================================================================
[2026-06-09T10:50:48.565+0000] {manager.py:737} INFO - Searching for files in /opt/airflow/dags
[2026-06-09T10:50:48.599+0000] {manager.py:740} INFO - There are 2 files in /opt/airflow/dags
[2026-06-09T10:50:53.639+0000] {manager.py:878} INFO - 
================================================================================
DAG File Processing Stats

File Path                                        PID    Runtime      # DAGs    # Errors  Last Runtime    Last Run
-----------------------------------------------  -----  ---------  --------  ----------  --------------  -------------------
/opt/airflow/dags/dag_tp2a_pokemon_ingestion.py                           1           0  0.12s           2026-06-09T10:50:24
/opt/airflow/dags/dag_tp2_pokemon.py                                      1           0  0.12s           2026-06-09T10:50:24
================================================================================
[2026-06-09T10:51:23.824+0000] {manager.py:878} INFO - 
================================================================================
DAG File Processing Stats

File Path                                        PID    Runtime      # DAGs    # Errors  Last Runtime    Last Run
-----------------------------------------------  -----  ---------  --------  ----------  --------------  -------------------
/opt/airflow/dags/dag_tp2a_pokemon_ingestion.py                           1           0  0.30s           2026-06-09T10:50:54
/opt/airflow/dags/dag_tp2_pokemon.py                                      1           0  0.29s           2026-06-09T10:50:54
================================================================================
[2026-06-09T10:51:54.413+0000] {manager.py:878} INFO - 
================================================================================
DAG File Processing Stats

File Path                                        PID    Runtime      # DAGs    # Errors  Last Runtime    Last Run
-----------------------------------------------  -----  ---------  --------  ----------  --------------  -------------------
/opt/airflow/dags/dag_tp2a_pokemon_ingestion.py                           1           0  0.28s           2026-06-09T10:51:25
/opt/airflow/dags/dag_tp2_pokemon.py                                      1           0  0.13s           2026-06-09T10:51:25
================================================================================
[2026-06-09T10:52:24.717+0000] {manager.py:878} INFO - 
================================================================================
DAG File Processing Stats

File Path                                        PID    Runtime      # DAGs    # Errors  Last Runtime    Last Run
-----------------------------------------------  -----  ---------  --------  ----------  --------------  -------------------
/opt/airflow/dags/dag_tp2a_pokemon_ingestion.py                           1           0  0.13s           2026-06-09T10:51:55
/opt/airflow/dags/dag_tp2_pokemon.py                                      1           0  0.12s           2026-06-09T10:51:55
================================================================================
[2026-06-09T10:52:55.187+0000] {manager.py:878} INFO - 
================================================================================
DAG File Processing Stats

File Path                                        PID    Runtime      # DAGs    # Errors  Last Runtime    Last Run
-----------------------------------------------  -----  ---------  --------  ----------  --------------  -------------------
/opt/airflow/dags/dag_tp2a_pokemon_ingestion.py                           1           0  0.29s           2026-06-09T10:52:26
/opt/airflow/dags/dag_tp2_pokemon.py                                      1           0  0.29s           2026-06-09T10:52:26
================================================================================
[2026-06-09T10:53:25.499+0000] {manager.py:878} INFO - 
================================================================================
DAG File Processing Stats

File Path                                        PID    Runtime      # DAGs    # Errors  Last Runtime    Last Run
-----------------------------------------------  -----  ---------  --------  ----------  --------------  -------------------
/opt/airflow/dags/dag_tp2a_pokemon_ingestion.py                           1           0  0.28s           2026-06-09T10:52:56
/opt/airflow/dags/dag_tp2_pokemon.py                                      1           0  0.12s           2026-06-09T10:52:56
================================================================================
[2026-06-09T10:53:55.798+0000] {manager.py:878} INFO - 
================================================================================
DAG File Processing Stats

File Path                                        PID    Runtime      # DAGs    # Errors  Last Runtime    Last Run
-----------------------------------------------  -----  ---------  --------  ----------  --------------  -------------------
/opt/airflow/dags/dag_tp2a_pokemon_ingestion.py                           1           0  0.12s           2026-06-09T10:53:26
/opt/airflow/dags/dag_tp2_pokemon.py                                      1           0  0.12s           2026-06-09T10:53:26
================================================================================
[2026-06-09T10:54:26.273+0000] {manager.py:878} INFO - 
================================================================================
DAG File Processing Stats

File Path                                        PID    Runtime      # DAGs    # Errors  Last Runtime    Last Run
-----------------------------------------------  -----  ---------  --------  ----------  --------------  -------------------
/opt/airflow/dags/dag_tp2a_pokemon_ingestion.py                           1           0  0.30s           2026-06-09T10:53:57
/opt/airflow/dags/dag_tp2_pokemon.py                                      1           0  0.29s           2026-06-09T10:53:57
================================================================================
[2026-06-09T10:54:56.730+0000] {manager.py:878} INFO - 
================================================================================
DAG File Processing Stats

File Path                                        PID    Runtime      # DAGs    # Errors  Last Runtime    Last Run
-----------------------------------------------  -----  ---------  --------  ----------  --------------  -------------------
/opt/airflow/dags/dag_tp2a_pokemon_ingestion.py                           1           0  0.29s           2026-06-09T10:54:27
/opt/airflow/dags/dag_tp2_pokemon.py                                      1           0  0.28s           2026-06-09T10:54:27
================================================================================
[2026-06-09T10:55:27.030+0000] {manager.py:878} INFO - 
================================================================================
DAG File Processing Stats

File Path                                        PID    Runtime      # DAGs    # Errors  Last Runtime    Last Run
-----------------------------------------------  -----  ---------  --------  ----------  --------------  -------------------
/opt/airflow/dags/dag_tp2a_pokemon_ingestion.py                           1           0  0.12s           2026-06-09T10:54:57
/opt/airflow/dags/dag_tp2_pokemon.py                                      1           0  0.12s           2026-06-09T10:54:57
================================================================================
[2026-06-09T10:55:49.460+0000] {manager.py:737} INFO - Searching for files in /opt/airflow/dags
[2026-06-09T10:55:49.496+0000] {manager.py:740} INFO - There are 2 files in /opt/airflow/dags
[2026-06-09T10:55:57.555+0000] {manager.py:878} INFO - 
================================================================================
DAG File Processing Stats

File Path                                        PID    Runtime      # DAGs    # Errors  Last Runtime    Last Run
-----------------------------------------------  -----  ---------  --------  ----------  --------------  -------------------
/opt/airflow/dags/dag_tp2_pokemon.py                                      1           0  0.30s           2026-06-09T10:55:28
/opt/airflow/dags/dag_tp2a_pokemon_ingestion.py                           1           0  0.29s           2026-06-09T10:55:28
================================================================================
[2026-06-09T10:56:27.754+0000] {manager.py:878} INFO - 
================================================================================
DAG File Processing Stats

File Path                                        PID    Runtime      # DAGs    # Errors  Last Runtime    Last Run
-----------------------------------------------  -----  ---------  --------  ----------  --------------  -------------------
/opt/airflow/dags/dag_tp2a_pokemon_ingestion.py                           1           0  0.30s           2026-06-09T10:55:58
/opt/airflow/dags/dag_tp2_pokemon.py                                      1           0  0.29s           2026-06-09T10:55:58
================================================================================
[2026-06-09T10:56:58.324+0000] {manager.py:878} INFO - 
================================================================================
DAG File Processing Stats

File Path                                        PID    Runtime      # DAGs    # Errors  Last Runtime    Last Run
-----------------------------------------------  -----  ---------  --------  ----------  --------------  -------------------
/opt/airflow/dags/dag_tp2a_pokemon_ingestion.py                           1           0  0.14s           2026-06-09T10:56:29
/opt/airflow/dags/dag_tp2_pokemon.py                                      1           0  0.12s           2026-06-09T10:56:29
================================================================================
[2026-06-09T10:57:28.835+0000] {manager.py:878} INFO - 
================================================================================
DAG File Processing Stats

File Path                                        PID    Runtime      # DAGs    # Errors  Last Runtime    Last Run
-----------------------------------------------  -----  ---------  --------  ----------  --------------  -------------------
/opt/airflow/dags/dag_tp2a_pokemon_ingestion.py                           1           0  0.33s           2026-06-09T10:56:59
/opt/airflow/dags/dag_tp2_pokemon.py                                      1           0  0.33s           2026-06-09T10:56:59
================================================================================
[2026-06-09T10:57:59.297+0000] {manager.py:878} INFO - 
================================================================================
DAG File Processing Stats

File Path                                        PID    Runtime      # DAGs    # Errors  Last Runtime    Last Run
-----------------------------------------------  -----  ---------  --------  ----------  --------------  -------------------
/opt/airflow/dags/dag_tp2_pokemon.py                                      1           0  0.29s           2026-06-09T10:57:30
/opt/airflow/dags/dag_tp2a_pokemon_ingestion.py                           1           0  0.29s           2026-06-09T10:57:30
================================================================================
[2026-06-09T10:58:29.494+0000] {manager.py:878} INFO - 
================================================================================
DAG File Processing Stats

File Path                                        PID    Runtime      # DAGs    # Errors  Last Runtime    Last Run
-----------------------------------------------  -----  ---------  --------  ----------  --------------  -------------------
/opt/airflow/dags/dag_tp2a_pokemon_ingestion.py                           1           0  0.13s           2026-06-09T10:58:00
/opt/airflow/dags/dag_tp2_pokemon.py                                      1           0  0.12s           2026-06-09T10:58:00
================================================================================
[2026-06-09T10:58:59.961+0000] {manager.py:878} INFO - 
================================================================================
DAG File Processing Stats

File Path                                        PID    Runtime      # DAGs    # Errors  Last Runtime    Last Run
-----------------------------------------------  -----  ---------  --------  ----------  --------------  -------------------
/opt/airflow/dags/dag_tp2a_pokemon_ingestion.py                           1           0  0.30s           2026-06-09T10:58:30
/opt/airflow/dags/dag_tp2_pokemon.py                                      1           0  0.29s           2026-06-09T10:58:30
================================================================================
[2026-06-09T10:59:30.149+0000] {manager.py:878} INFO - 
================================================================================
DAG File Processing Stats

File Path                                        PID    Runtime      # DAGs    # Errors  Last Runtime    Last Run
-----------------------------------------------  -----  ---------  --------  ----------  --------------  -------------------
/opt/airflow/dags/dag_tp2a_pokemon_ingestion.py                           1           0  0.29s           2026-06-09T10:59:01
/opt/airflow/dags/dag_tp2_pokemon.py                                      1           0  0.28s           2026-06-09T10:59:01
================================================================================
[2026-06-09T11:00:00.700+0000] {manager.py:878} INFO - 
================================================================================
DAG File Processing Stats

File Path                                        PID    Runtime      # DAGs    # Errors  Last Runtime    Last Run
-----------------------------------------------  -----  ---------  --------  ----------  --------------  -------------------
/opt/airflow/dags/dag_tp2_pokemon.py                                      1           0  0.12s           2026-06-09T10:59:31
/opt/airflow/dags/dag_tp2a_pokemon_ingestion.py                           1           0  0.12s           2026-06-09T10:59:31
================================================================================
[2026-06-09T11:00:31.159+0000] {manager.py:878} INFO - 
================================================================================
DAG File Processing Stats

File Path                                        PID    Runtime      # DAGs    # Errors  Last Runtime    Last Run
-----------------------------------------------  -----  ---------  --------  ----------  --------------  -------------------
/opt/airflow/dags/dag_tp2a_pokemon_ingestion.py                           1           0  0.28s           2026-06-09T11:00:01
/opt/airflow/dags/dag_tp2_pokemon.py                                      1           0  0.28s           2026-06-09T11:00:02
================================================================================
[2026-06-09T11:00:49.552+0000] {manager.py:737} INFO - Searching for files in /opt/airflow/dags
[2026-06-09T11:00:49.586+0000] {manager.py:740} INFO - There are 2 files in /opt/airflow/dags
[2026-06-09T11:01:01.663+0000] {manager.py:878} INFO - 
================================================================================
DAG File Processing Stats

File Path                                        PID    Runtime      # DAGs    # Errors  Last Runtime    Last Run
-----------------------------------------------  -----  ---------  --------  ----------  --------------  -------------------
/opt/airflow/dags/dag_tp2_pokemon.py                                      1           0  0.31s           2026-06-09T11:00:32
/opt/airflow/dags/dag_tp2a_pokemon_ingestion.py                           1           0  0.29s           2026-06-09T11:00:32
================================================================================
[2026-06-09T11:01:31.857+0000] {manager.py:878} INFO - 
================================================================================
DAG File Processing Stats

File Path                                        PID    Runtime      # DAGs    # Errors  Last Runtime    Last Run
-----------------------------------------------  -----  ---------  --------  ----------  --------------  -------------------
/opt/airflow/dags/dag_tp2a_pokemon_ingestion.py                           1           0  0.12s           2026-06-09T11:01:02
/opt/airflow/dags/dag_tp2_pokemon.py                                      1           0  0.11s           2026-06-09T11:01:02
================================================================================
[2026-06-09T11:02:02.086+0000] {manager.py:878} INFO - 
================================================================================
DAG File Processing Stats

File Path                                        PID    Runtime      # DAGs    # Errors  Last Runtime    Last Run
-----------------------------------------------  -----  ---------  --------  ----------  --------------  -------------------
/opt/airflow/dags/dag_tp2a_pokemon_ingestion.py                           1           0  0.29s           2026-06-09T11:01:33
/opt/airflow/dags/dag_tp2_pokemon.py                                      1           0  0.29s           2026-06-09T11:01:33
================================================================================
[2026-06-09T11:02:32.758+0000] {manager.py:878} INFO - 
================================================================================
DAG File Processing Stats

File Path                                        PID    Runtime      # DAGs    # Errors  Last Runtime    Last Run
-----------------------------------------------  -----  ---------  --------  ----------  --------------  -------------------
/opt/airflow/dags/dag_tp2a_pokemon_ingestion.py                           1           0  0.28s           2026-06-09T11:02:03
/opt/airflow/dags/dag_tp2_pokemon.py                                      1           0  0.28s           2026-06-09T11:02:03
================================================================================
[2026-06-09T11:03:03.316+0000] {manager.py:878} INFO - 
================================================================================
DAG File Processing Stats

File Path                                        PID    Runtime      # DAGs    # Errors  Last Runtime    Last Run
-----------------------------------------------  -----  ---------  --------  ----------  --------------  -------------------
/opt/airflow/dags/dag_tp2a_pokemon_ingestion.py                           1           0  0.15s           2026-06-09T11:02:34
/opt/airflow/dags/dag_tp2_pokemon.py                                      1           0  0.15s           2026-06-09T11:02:34
================================================================================
[2026-06-09T11:03:33.622+0000] {manager.py:878} INFO - 
================================================================================
DAG File Processing Stats

File Path                                        PID    Runtime      # DAGs    # Errors  Last Runtime    Last Run
-----------------------------------------------  -----  ---------  --------  ----------  --------------  -------------------
/opt/airflow/dags/dag_tp2a_pokemon_ingestion.py                           1           0  0.13s           2026-06-09T11:03:04
/opt/airflow/dags/dag_tp2_pokemon.py                                      1           0  0.12s           2026-06-09T11:03:04
================================================================================
[2026-06-09T11:04:03.910+0000] {manager.py:878} INFO - 
================================================================================
DAG File Processing Stats

File Path                                        PID    Runtime      # DAGs    # Errors  Last Runtime    Last Run
-----------------------------------------------  -----  ---------  --------  ----------  --------------  -------------------
/opt/airflow/dags/dag_tp2a_pokemon_ingestion.py                           1           0  0.12s           2026-06-09T11:03:34
/opt/airflow/dags/dag_tp2_pokemon.py                                      1           0  0.12s           2026-06-09T11:03:34
================================================================================
[2026-06-09T11:04:34.102+0000] {manager.py:878} INFO - 
================================================================================
DAG File Processing Stats

File Path                                        PID    Runtime      # DAGs    # Errors  Last Runtime    Last Run
-----------------------------------------------  -----  ---------  --------  ----------  --------------  -------------------
/opt/airflow/dags/dag_tp2a_pokemon_ingestion.py                           1           0  0.13s           2026-06-09T11:04:05
/opt/airflow/dags/dag_tp2_pokemon.py                                      1           0  0.12s           2026-06-09T11:04:05
================================================================================
[2026-06-09T11:05:04.398+0000] {manager.py:878} INFO - 
================================================================================
DAG File Processing Stats

File Path                                        PID    Runtime      # DAGs    # Errors  Last Runtime    Last Run
-----------------------------------------------  -----  ---------  --------  ----------  --------------  -------------------
/opt/airflow/dags/dag_tp2a_pokemon_ingestion.py                           1           0  0.13s           2026-06-09T11:04:35
/opt/airflow/dags/dag_tp2_pokemon.py                                      1           0  0.12s           2026-06-09T11:04:35
================================================================================
[2026-06-09T11:05:34.685+0000] {manager.py:878} INFO - 
================================================================================
DAG File Processing Stats

File Path                                        PID    Runtime      # DAGs    # Errors  Last Runtime    Last Run
-----------------------------------------------  -----  ---------  --------  ----------  --------------  -------------------
/opt/airflow/dags/dag_tp2a_pokemon_ingestion.py                           1           0  0.12s           2026-06-09T11:05:05
/opt/airflow/dags/dag_tp2_pokemon.py                                      1           0  0.11s           2026-06-09T11:05:05
================================================================================
[2026-06-09T11:05:49.882+0000] {manager.py:737} INFO - Searching for files in /opt/airflow/dags
[2026-06-09T11:05:49.912+0000] {manager.py:740} INFO - There are 2 files in /opt/airflow/dags
[2026-06-09T11:06:05.003+0000] {manager.py:878} INFO - 
================================================================================
DAG File Processing Stats

File Path                                        PID    Runtime      # DAGs    # Errors  Last Runtime    Last Run
-----------------------------------------------  -----  ---------  --------  ----------  --------------  -------------------
/opt/airflow/dags/dag_tp2a_pokemon_ingestion.py                           1           0  0.11s           2026-06-09T11:05:35
/opt/airflow/dags/dag_tp2_pokemon.py                                      1           0  0.11s           2026-06-09T11:05:35
================================================================================
[2026-06-09T11:06:35.302+0000] {manager.py:878} INFO - 
================================================================================
DAG File Processing Stats

File Path                                        PID    Runtime      # DAGs    # Errors  Last Runtime    Last Run
-----------------------------------------------  -----  ---------  --------  ----------  --------------  -------------------
/opt/airflow/dags/dag_tp2a_pokemon_ingestion.py                           1           0  0.13s           2026-06-09T11:06:06
/opt/airflow/dags/dag_tp2_pokemon.py                                      1           0  0.12s           2026-06-09T11:06:06
================================================================================
[2026-06-09T11:07:05.594+0000] {manager.py:878} INFO - 
================================================================================
DAG File Processing Stats

File Path                                        PID    Runtime      # DAGs    # Errors  Last Runtime    Last Run
-----------------------------------------------  -----  ---------  --------  ----------  --------------  -------------------
/opt/airflow/dags/dag_tp2a_pokemon_ingestion.py                           1           0  0.12s           2026-06-09T11:06:36
/opt/airflow/dags/dag_tp2_pokemon.py                                      1           0  0.11s           2026-06-09T11:06:36
================================================================================
[2026-06-09T11:07:35.879+0000] {manager.py:878} INFO - 
================================================================================
DAG File Processing Stats

File Path                                        PID    Runtime      # DAGs    # Errors  Last Runtime    Last Run
-----------------------------------------------  -----  ---------  --------  ----------  --------------  -------------------
/opt/airflow/dags/dag_tp2a_pokemon_ingestion.py                           1           0  0.12s           2026-06-09T11:07:06
/opt/airflow/dags/dag_tp2_pokemon.py                                      1           0  0.12s           2026-06-09T11:07:06
================================================================================
[2026-06-09T11:08:06.175+0000] {manager.py:878} INFO - 
================================================================================
DAG File Processing Stats

File Path                                        PID    Runtime      # DAGs    # Errors  Last Runtime    Last Run
-----------------------------------------------  -----  ---------  --------  ----------  --------------  -------------------
/opt/airflow/dags/dag_tp2a_pokemon_ingestion.py                           1           0  0.13s           2026-06-09T11:07:37
/opt/airflow/dags/dag_tp2_pokemon.py                                      1           0  0.12s           2026-06-09T11:07:37
================================================================================
[2026-06-09T11:08:36.367+0000] {manager.py:878} INFO - 
================================================================================
DAG File Processing Stats

File Path                                        PID    Runtime      # DAGs    # Errors  Last Runtime    Last Run
-----------------------------------------------  -----  ---------  --------  ----------  --------------  -------------------
/opt/airflow/dags/dag_tp2a_pokemon_ingestion.py                           1           0  0.12s           2026-06-09T11:08:07
/opt/airflow/dags/dag_tp2_pokemon.py                                      1           0  0.12s           2026-06-09T11:08:07
================================================================================
[2026-06-09T11:09:06.657+0000] {manager.py:878} INFO - 
================================================================================
DAG File Processing Stats

File Path                                        PID    Runtime      # DAGs    # Errors  Last Runtime    Last Run
-----------------------------------------------  -----  ---------  --------  ----------  --------------  -------------------
/opt/airflow/dags/dag_tp2a_pokemon_ingestion.py                           1           0  0.12s           2026-06-09T11:08:37
/opt/airflow/dags/dag_tp2_pokemon.py                                      1           0  0.12s           2026-06-09T11:08:37
================================================================================
[2026-06-09T11:09:36.840+0000] {manager.py:878} INFO - 
================================================================================
DAG File Processing Stats

File Path                                        PID    Runtime      # DAGs    # Errors  Last Runtime    Last Run
-----------------------------------------------  -----  ---------  --------  ----------  --------------  -------------------
/opt/airflow/dags/dag_tp2a_pokemon_ingestion.py                           1           0  0.12s           2026-06-09T11:09:07
/opt/airflow/dags/dag_tp2_pokemon.py                                      1           0  0.11s           2026-06-09T11:09:07
================================================================================
[2026-06-09T11:10:07.066+0000] {manager.py:878} INFO - 
================================================================================
DAG File Processing Stats

File Path                                        PID    Runtime      # DAGs    # Errors  Last Runtime    Last Run
-----------------------------------------------  -----  ---------  --------  ----------  --------------  -------------------
/opt/airflow/dags/dag_tp2a_pokemon_ingestion.py                           1           0  0.13s           2026-06-09T11:09:37
/opt/airflow/dags/dag_tp2_pokemon.py                                      1           0  0.12s           2026-06-09T11:09:37
================================================================================
[2026-06-09T11:10:37.366+0000] {manager.py:878} INFO - 
================================================================================
DAG File Processing Stats

File Path                                        PID    Runtime      # DAGs    # Errors  Last Runtime    Last Run
-----------------------------------------------  -----  ---------  --------  ----------  --------------  -------------------
/opt/airflow/dags/dag_tp2a_pokemon_ingestion.py                           1           0  0.13s           2026-06-09T11:10:08
/opt/airflow/dags/dag_tp2_pokemon.py                                      1           0  0.12s           2026-06-09T11:10:08
================================================================================
[2026-06-09T11:10:50.465+0000] {manager.py:737} INFO - Searching for files in /opt/airflow/dags
[2026-06-09T11:10:50.498+0000] {manager.py:740} INFO - There are 2 files in /opt/airflow/dags
[2026-06-09T11:11:07.599+0000] {manager.py:878} INFO - 
================================================================================
DAG File Processing Stats

File Path                                        PID    Runtime      # DAGs    # Errors  Last Runtime    Last Run
-----------------------------------------------  -----  ---------  --------  ----------  --------------  -------------------
/opt/airflow/dags/dag_tp2a_pokemon_ingestion.py                           1           0  0.13s           2026-06-09T11:10:38
/opt/airflow/dags/dag_tp2_pokemon.py                                      1           0  0.12s           2026-06-09T11:10:38
================================================================================
[2026-06-09T11:11:37.882+0000] {manager.py:878} INFO - 
================================================================================
DAG File Processing Stats

File Path                                        PID    Runtime      # DAGs    # Errors  Last Runtime    Last Run
-----------------------------------------------  -----  ---------  --------  ----------  --------------  -------------------
/opt/airflow/dags/dag_tp2a_pokemon_ingestion.py                           1           0  0.12s           2026-06-09T11:11:08
/opt/airflow/dags/dag_tp2_pokemon.py                                      1           0  0.11s           2026-06-09T11:11:08
================================================================================
[2026-06-09T11:12:08.177+0000] {manager.py:878} INFO - 
================================================================================
DAG File Processing Stats

File Path                                        PID    Runtime      # DAGs    # Errors  Last Runtime    Last Run
-----------------------------------------------  -----  ---------  --------  ----------  --------------  -------------------
/opt/airflow/dags/dag_tp2a_pokemon_ingestion.py                           1           0  0.12s           2026-06-09T11:11:39
/opt/airflow/dags/dag_tp2_pokemon.py                                      1           0  0.12s           2026-06-09T11:11:39
================================================================================
[2026-06-09T11:12:38.470+0000] {manager.py:878} INFO - 
================================================================================
DAG File Processing Stats

File Path                                        PID    Runtime      # DAGs    # Errors  Last Runtime    Last Run
-----------------------------------------------  -----  ---------  --------  ----------  --------------  -------------------
/opt/airflow/dags/dag_tp2a_pokemon_ingestion.py                           1           0  0.12s           2026-06-09T11:12:09
/opt/airflow/dags/dag_tp2_pokemon.py                                      1           0  0.11s           2026-06-09T11:12:09
================================================================================
[2026-06-09T11:13:08.758+0000] {manager.py:878} INFO - 
================================================================================
DAG File Processing Stats

File Path                                        PID    Runtime      # DAGs    # Errors  Last Runtime    Last Run
-----------------------------------------------  -----  ---------  --------  ----------  --------------  -------------------
/opt/airflow/dags/dag_tp2a_pokemon_ingestion.py                           1           0  0.12s           2026-06-09T11:12:39
/opt/airflow/dags/dag_tp2_pokemon.py                                      1           0  0.12s           2026-06-09T11:12:39
================================================================================
[2026-06-09T11:13:39.041+0000] {manager.py:878} INFO - 
================================================================================
DAG File Processing Stats

File Path                                        PID    Runtime      # DAGs    # Errors  Last Runtime    Last Run
-----------------------------------------------  -----  ---------  --------  ----------  --------------  -------------------
/opt/airflow/dags/dag_tp2a_pokemon_ingestion.py                           1           0  0.12s           2026-06-09T11:13:09
/opt/airflow/dags/dag_tp2_pokemon.py                                      1           0  0.11s           2026-06-09T11:13:09
================================================================================
[2026-06-09T11:14:09.231+0000] {manager.py:878} INFO - 
================================================================================
DAG File Processing Stats

File Path                                        PID    Runtime      # DAGs    # Errors  Last Runtime    Last Run
-----------------------------------------------  -----  ---------  --------  ----------  --------------  -------------------
/opt/airflow/dags/dag_tp2a_pokemon_ingestion.py                           1           0  0.12s           2026-06-09T11:13:40
/opt/airflow/dags/dag_tp2_pokemon.py                                      1           0  0.12s           2026-06-09T11:13:40
================================================================================
[2026-06-09T11:14:39.523+0000] {manager.py:878} INFO - 
================================================================================
DAG File Processing Stats

File Path                                        PID    Runtime      # DAGs    # Errors  Last Runtime    Last Run
-----------------------------------------------  -----  ---------  --------  ----------  --------------  -------------------
/opt/airflow/dags/dag_tp2a_pokemon_ingestion.py                           1           0  0.12s           2026-06-09T11:14:10
/opt/airflow/dags/dag_tp2_pokemon.py                                      1           0  0.11s           2026-06-09T11:14:10
================================================================================
[2026-06-09T11:15:09.862+0000] {manager.py:878} INFO - 
================================================================================
DAG File Processing Stats

File Path                                        PID    Runtime      # DAGs    # Errors  Last Runtime    Last Run
-----------------------------------------------  -----  ---------  --------  ----------  --------------  -------------------
/opt/airflow/dags/dag_tp2a_pokemon_ingestion.py                           1           0  0.16s           2026-06-09T11:14:40
/opt/airflow/dags/dag_tp2_pokemon.py                                      1           0  0.14s           2026-06-09T11:14:40
================================================================================
[2026-06-09T11:15:40.153+0000] {manager.py:878} INFO - 
================================================================================
DAG File Processing Stats

File Path                                        PID    Runtime      # DAGs    # Errors  Last Runtime    Last Run
-----------------------------------------------  -----  ---------  --------  ----------  --------------  -------------------
/opt/airflow/dags/dag_tp2a_pokemon_ingestion.py                           1           0  0.12s           2026-06-09T11:15:10
/opt/airflow/dags/dag_tp2_pokemon.py                                      1           0  0.11s           2026-06-09T11:15:11
================================================================================
[2026-06-09T11:15:51.343+0000] {manager.py:737} INFO - Searching for files in /opt/airflow/dags
[2026-06-09T11:15:51.376+0000] {manager.py:740} INFO - There are 2 files in /opt/airflow/dags
[2026-06-09T11:16:10.484+0000] {manager.py:878} INFO - 
================================================================================
DAG File Processing Stats

File Path                                        PID    Runtime      # DAGs    # Errors  Last Runtime    Last Run
-----------------------------------------------  -----  ---------  --------  ----------  --------------  -------------------
/opt/airflow/dags/dag_tp2a_pokemon_ingestion.py                           1           0  0.12s           2026-06-09T11:15:41
/opt/airflow/dags/dag_tp2_pokemon.py                                      1           0  0.12s           2026-06-09T11:15:41
================================================================================
[2026-06-09T11:16:40.776+0000] {manager.py:878} INFO - 
================================================================================
DAG File Processing Stats

File Path                                        PID    Runtime      # DAGs    # Errors  Last Runtime    Last Run
-----------------------------------------------  -----  ---------  --------  ----------  --------------  -------------------
/opt/airflow/dags/dag_tp2a_pokemon_ingestion.py                           1           0  0.12s           2026-06-09T11:16:11
/opt/airflow/dags/dag_tp2_pokemon.py                                      1           0  0.12s           2026-06-09T11:16:11
================================================================================
[2026-06-09T11:17:10.962+0000] {manager.py:878} INFO - 
================================================================================
DAG File Processing Stats

File Path                                        PID    Runtime      # DAGs    # Errors  Last Runtime    Last Run
-----------------------------------------------  -----  ---------  --------  ----------  --------------  -------------------
/opt/airflow/dags/dag_tp2a_pokemon_ingestion.py                           1           0  0.12s           2026-06-09T11:16:41
/opt/airflow/dags/dag_tp2_pokemon.py                                      1           0  0.11s           2026-06-09T11:16:41
================================================================================
[2026-06-09T11:17:41.252+0000] {manager.py:878} INFO - 
================================================================================
DAG File Processing Stats

File Path                                        PID    Runtime      # DAGs    # Errors  Last Runtime    Last Run
-----------------------------------------------  -----  ---------  --------  ----------  --------------  -------------------
/opt/airflow/dags/dag_tp2_pokemon.py                                      1           0  0.12s           2026-06-09T11:17:12
/opt/airflow/dags/dag_tp2a_pokemon_ingestion.py                           1           0  0.12s           2026-06-09T11:17:12
================================================================================
[2026-06-09T11:18:11.545+0000] {manager.py:878} INFO - 
================================================================================
DAG File Processing Stats

File Path                                        PID    Runtime      # DAGs    # Errors  Last Runtime    Last Run
-----------------------------------------------  -----  ---------  --------  ----------  --------------  -------------------
/opt/airflow/dags/dag_tp2_pokemon.py                                      1           0  0.12s           2026-06-09T11:17:42
/opt/airflow/dags/dag_tp2a_pokemon_ingestion.py                           1           0  0.12s           2026-06-09T11:17:42
================================================================================
[2026-06-09T11:18:41.826+0000] {manager.py:878} INFO - 
================================================================================
DAG File Processing Stats

File Path                                        PID    Runtime      # DAGs    # Errors  Last Runtime    Last Run
-----------------------------------------------  -----  ---------  --------  ----------  --------------  -------------------
/opt/airflow/dags/dag_tp2a_pokemon_ingestion.py                           1           0  0.12s           2026-06-09T11:18:12
/opt/airflow/dags/dag_tp2_pokemon.py                                      1           0  0.11s           2026-06-09T11:18:12
================================================================================
[2026-06-09T11:19:12.115+0000] {manager.py:878} INFO - 
================================================================================
DAG File Processing Stats

File Path                                        PID    Runtime      # DAGs    # Errors  Last Runtime    Last Run
-----------------------------------------------  -----  ---------  --------  ----------  --------------  -------------------
/opt/airflow/dags/dag_tp2a_pokemon_ingestion.py                           1           0  0.12s           2026-06-09T11:18:42
/opt/airflow/dags/dag_tp2_pokemon.py                                      1           0  0.11s           2026-06-09T11:18:42
================================================================================
[2026-06-09T11:19:42.413+0000] {manager.py:878} INFO - 
================================================================================
DAG File Processing Stats

File Path                                        PID    Runtime      # DAGs    # Errors  Last Runtime    Last Run
-----------------------------------------------  -----  ---------  --------  ----------  --------------  -------------------
/opt/airflow/dags/dag_tp2a_pokemon_ingestion.py                           1           0  0.13s           2026-06-09T11:19:13
/opt/airflow/dags/dag_tp2_pokemon.py                                      1           0  0.12s           2026-06-09T11:19:13
================================================================================
[2026-06-09T11:20:12.708+0000] {manager.py:878} INFO - 
================================================================================
DAG File Processing Stats

File Path                                        PID    Runtime      # DAGs    # Errors  Last Runtime    Last Run
-----------------------------------------------  -----  ---------  --------  ----------  --------------  -------------------
/opt/airflow/dags/dag_tp2a_pokemon_ingestion.py                           1           0  0.12s           2026-06-09T11:19:43
/opt/airflow/dags/dag_tp2_pokemon.py                                      1           0  0.11s           2026-06-09T11:19:43
================================================================================
[2026-06-09T11:20:42.896+0000] {manager.py:878} INFO - 
================================================================================
DAG File Processing Stats

File Path                                        PID    Runtime      # DAGs    # Errors  Last Runtime    Last Run
-----------------------------------------------  -----  ---------  --------  ----------  --------------  -------------------
/opt/airflow/dags/dag_tp2a_pokemon_ingestion.py                           1           0  0.12s           2026-06-09T11:20:13
/opt/airflow/dags/dag_tp2_pokemon.py                                      1           0  0.11s           2026-06-09T11:20:13
================================================================================
[2026-06-09T11:20:52.077+0000] {manager.py:737} INFO - Searching for files in /opt/airflow/dags
[2026-06-09T11:20:52.110+0000] {manager.py:740} INFO - There are 2 files in /opt/airflow/dags
[2026-06-09T11:21:13.232+0000] {manager.py:878} INFO - 
================================================================================
DAG File Processing Stats

File Path                                        PID    Runtime      # DAGs    # Errors  Last Runtime    Last Run
-----------------------------------------------  -----  ---------  --------  ----------  --------------  -------------------
/opt/airflow/dags/dag_tp2a_pokemon_ingestion.py                           1           0  0.12s           2026-06-09T11:20:44
/opt/airflow/dags/dag_tp2_pokemon.py                                      1           0  0.12s           2026-06-09T11:20:44
================================================================================
[2026-06-09T11:21:43.524+0000] {manager.py:878} INFO - 
================================================================================
DAG File Processing Stats

File Path                                        PID    Runtime      # DAGs    # Errors  Last Runtime    Last Run
-----------------------------------------------  -----  ---------  --------  ----------  --------------  -------------------
/opt/airflow/dags/dag_tp2a_pokemon_ingestion.py                           1           0  0.12s           2026-06-09T11:21:14
/opt/airflow/dags/dag_tp2_pokemon.py                                      1           0  0.12s           2026-06-09T11:21:14
================================================================================
[2026-06-09T11:22:13.809+0000] {manager.py:878} INFO - 
================================================================================
DAG File Processing Stats

File Path                                        PID    Runtime      # DAGs    # Errors  Last Runtime    Last Run
-----------------------------------------------  -----  ---------  --------  ----------  --------------  -------------------
/opt/airflow/dags/dag_tp2a_pokemon_ingestion.py                           1           0  0.12s           2026-06-09T11:21:44
/opt/airflow/dags/dag_tp2_pokemon.py                                      1           0  0.12s           2026-06-09T11:21:44
================================================================================
[2026-06-09T11:22:44.102+0000] {manager.py:878} INFO - 
================================================================================
DAG File Processing Stats

File Path                                        PID    Runtime      # DAGs    # Errors  Last Runtime    Last Run
-----------------------------------------------  -----  ---------  --------  ----------  --------------  -------------------
/opt/airflow/dags/dag_tp2_pokemon.py                                      1           0  0.12s           2026-06-09T11:22:14
/opt/airflow/dags/dag_tp2a_pokemon_ingestion.py                           1           0  0.12s           2026-06-09T11:22:14
================================================================================
[2026-06-09T11:23:14.291+0000] {manager.py:878} INFO - 
================================================================================
DAG File Processing Stats

File Path                                        PID    Runtime      # DAGs    # Errors  Last Runtime    Last Run
-----------------------------------------------  -----  ---------  --------  ----------  --------------  -------------------
/opt/airflow/dags/dag_tp2a_pokemon_ingestion.py                           1           0  0.13s           2026-06-09T11:22:45
/opt/airflow/dags/dag_tp2_pokemon.py                                      1           0  0.12s           2026-06-09T11:22:45
================================================================================
[2026-06-09T11:23:44.603+0000] {manager.py:878} INFO - 
================================================================================
DAG File Processing Stats

File Path                                        PID    Runtime      # DAGs    # Errors  Last Runtime    Last Run
-----------------------------------------------  -----  ---------  --------  ----------  --------------  -------------------
/opt/airflow/dags/dag_tp2a_pokemon_ingestion.py                           1           0  0.13s           2026-06-09T11:23:15
/opt/airflow/dags/dag_tp2_pokemon.py                                      1           0  0.12s           2026-06-09T11:23:15
================================================================================
[2026-06-09T11:24:14.884+0000] {manager.py:878} INFO - 
================================================================================
DAG File Processing Stats

File Path                                        PID    Runtime      # DAGs    # Errors  Last Runtime    Last Run
-----------------------------------------------  -----  ---------  --------  ----------  --------------  -------------------
/opt/airflow/dags/dag_tp2a_pokemon_ingestion.py                           1           0  0.12s           2026-06-09T11:23:45
/opt/airflow/dags/dag_tp2_pokemon.py                                      1           0  0.11s           2026-06-09T11:23:45
================================================================================
[2026-06-09T11:24:45.181+0000] {manager.py:878} INFO - 
================================================================================
DAG File Processing Stats

File Path                                        PID    Runtime      # DAGs    # Errors  Last Runtime    Last Run
-----------------------------------------------  -----  ---------  --------  ----------  --------------  -------------------
/opt/airflow/dags/dag_tp2a_pokemon_ingestion.py                           1           0  0.12s           2026-06-09T11:24:16
/opt/airflow/dags/dag_tp2_pokemon.py                                      1           0  0.12s           2026-06-09T11:24:16
================================================================================
[2026-06-09T11:25:15.377+0000] {manager.py:878} INFO - 
================================================================================
DAG File Processing Stats

File Path                                        PID    Runtime      # DAGs    # Errors  Last Runtime    Last Run
-----------------------------------------------  -----  ---------  --------  ----------  --------------  -------------------
/opt/airflow/dags/dag_tp2a_pokemon_ingestion.py                           1           0  0.13s           2026-06-09T11:24:46
/opt/airflow/dags/dag_tp2_pokemon.py                                      1           0  0.12s           2026-06-09T11:24:46
================================================================================
[2026-06-09T11:25:45.679+0000] {manager.py:878} INFO - 
================================================================================
DAG File Processing Stats

File Path                                        PID    Runtime      # DAGs    # Errors  Last Runtime    Last Run
-----------------------------------------------  -----  ---------  --------  ----------  --------------  -------------------
/opt/airflow/dags/dag_tp2_pokemon.py                                      1           0  0.12s           2026-06-09T11:25:16
/opt/airflow/dags/dag_tp2a_pokemon_ingestion.py                           1           0  0.12s           2026-06-09T11:25:16
================================================================================
[2026-06-09T11:25:52.743+0000] {manager.py:737} INFO - Searching for files in /opt/airflow/dags
[2026-06-09T11:25:52.773+0000] {manager.py:740} INFO - There are 2 files in /opt/airflow/dags
[2026-06-09T11:26:15.900+0000] {manager.py:878} INFO - 
================================================================================
DAG File Processing Stats

File Path                                        PID    Runtime      # DAGs    # Errors  Last Runtime    Last Run
-----------------------------------------------  -----  ---------  --------  ----------  --------------  -------------------
/opt/airflow/dags/dag_tp2a_pokemon_ingestion.py                           1           0  0.12s           2026-06-09T11:25:46
/opt/airflow/dags/dag_tp2_pokemon.py                                      1           0  0.11s           2026-06-09T11:25:46
================================================================================
[2026-06-09T11:26:46.193+0000] {manager.py:878} INFO - 
================================================================================
DAG File Processing Stats

File Path                                        PID    Runtime      # DAGs    # Errors  Last Runtime    Last Run
-----------------------------------------------  -----  ---------  --------  ----------  --------------  -------------------
/opt/airflow/dags/dag_tp2_pokemon.py                                      1           0  0.12s           2026-06-09T11:26:17
/opt/airflow/dags/dag_tp2a_pokemon_ingestion.py                           1           0  0.12s           2026-06-09T11:26:17
================================================================================
[2026-06-09T11:27:16.482+0000] {manager.py:878} INFO - 
================================================================================
DAG File Processing Stats

File Path                                        PID    Runtime      # DAGs    # Errors  Last Runtime    Last Run
-----------------------------------------------  -----  ---------  --------  ----------  --------------  -------------------
/opt/airflow/dags/dag_tp2a_pokemon_ingestion.py                           1           0  0.12s           2026-06-09T11:26:47
/opt/airflow/dags/dag_tp2_pokemon.py                                      1           0  0.12s           2026-06-09T11:26:47
================================================================================
[2026-06-09T11:27:46.675+0000] {manager.py:878} INFO - 
================================================================================
DAG File Processing Stats

File Path                                        PID    Runtime      # DAGs    # Errors  Last Runtime    Last Run
-----------------------------------------------  -----  ---------  --------  ----------  --------------  -------------------
/opt/airflow/dags/dag_tp2a_pokemon_ingestion.py                           1           0  0.13s           2026-06-09T11:27:17
/opt/airflow/dags/dag_tp2_pokemon.py                                      1           0  0.12s           2026-06-09T11:27:17
================================================================================
[2026-06-09T11:28:16.960+0000] {manager.py:878} INFO - 
================================================================================
DAG File Processing Stats

File Path                                        PID    Runtime      # DAGs    # Errors  Last Runtime    Last Run
-----------------------------------------------  -----  ---------  --------  ----------  --------------  -------------------
/opt/airflow/dags/dag_tp2a_pokemon_ingestion.py                           1           0  0.12s           2026-06-09T11:27:47
/opt/airflow/dags/dag_tp2_pokemon.py                                      1           0  0.11s           2026-06-09T11:27:47
================================================================================
[2026-06-09T11:28:47.148+0000] {manager.py:878} INFO - 
================================================================================
DAG File Processing Stats

File Path                                        PID    Runtime      # DAGs    # Errors  Last Runtime    Last Run
-----------------------------------------------  -----  ---------  --------  ----------  --------------  -------------------
/opt/airflow/dags/dag_tp2a_pokemon_ingestion.py                           1           0  0.16s           2026-06-09T11:28:18
/opt/airflow/dags/dag_tp2_pokemon.py                                      1           0  0.16s           2026-06-09T11:28:18
================================================================================
[2026-06-09T11:29:17.438+0000] {manager.py:878} INFO - 
================================================================================
DAG File Processing Stats

File Path                                        PID    Runtime      # DAGs    # Errors  Last Runtime    Last Run
-----------------------------------------------  -----  ---------  --------  ----------  --------------  -------------------
/opt/airflow/dags/dag_tp2a_pokemon_ingestion.py                           1           0  0.12s           2026-06-09T11:28:48
/opt/airflow/dags/dag_tp2_pokemon.py                                      1           0  0.12s           2026-06-09T11:28:48
================================================================================
[2026-06-09T11:29:47.630+0000] {manager.py:878} INFO - 
================================================================================
DAG File Processing Stats

File Path                                        PID    Runtime      # DAGs    # Errors  Last Runtime    Last Run
-----------------------------------------------  -----  ---------  --------  ----------  --------------  -------------------
/opt/airflow/dags/dag_tp2a_pokemon_ingestion.py                           1           0  0.13s           2026-06-09T11:29:18
/opt/airflow/dags/dag_tp2_pokemon.py                                      1           0  0.11s           2026-06-09T11:29:18
================================================================================
[2026-06-09T11:30:17.853+0000] {manager.py:878} INFO - 
================================================================================
DAG File Processing Stats

File Path                                        PID    Runtime      # DAGs    # Errors  Last Runtime    Last Run
-----------------------------------------------  -----  ---------  --------  ----------  --------------  -------------------
/opt/airflow/dags/dag_tp2a_pokemon_ingestion.py                           1           0  0.12s           2026-06-09T11:29:48
/opt/airflow/dags/dag_tp2_pokemon.py                                      1           0  0.11s           2026-06-09T11:29:48
================================================================================
[2026-06-09T11:30:48.047+0000] {manager.py:878} INFO - 
================================================================================
DAG File Processing Stats

File Path                                        PID    Runtime      # DAGs    # Errors  Last Runtime    Last Run
-----------------------------------------------  -----  ---------  --------  ----------  --------------  -------------------
/opt/airflow/dags/dag_tp2a_pokemon_ingestion.py                           1           0  0.13s           2026-06-09T11:30:18
/opt/airflow/dags/dag_tp2_pokemon.py                                      1           0  0.11s           2026-06-09T11:30:18
================================================================================
[2026-06-09T11:30:53.211+0000] {manager.py:737} INFO - Searching for files in /opt/airflow/dags
[2026-06-09T11:30:53.242+0000] {manager.py:740} INFO - There are 2 files in /opt/airflow/dags
[2026-06-09T11:31:18.386+0000] {manager.py:878} INFO - 
================================================================================
DAG File Processing Stats

File Path                                        PID    Runtime      # DAGs    # Errors  Last Runtime    Last Run
-----------------------------------------------  -----  ---------  --------  ----------  --------------  -------------------
/opt/airflow/dags/dag_tp2a_pokemon_ingestion.py                           1           0  0.13s           2026-06-09T11:30:49
/opt/airflow/dags/dag_tp2_pokemon.py                                      1           0  0.12s           2026-06-09T11:30:49
================================================================================
[2026-06-09T11:31:48.681+0000] {manager.py:878} INFO - 
================================================================================
DAG File Processing Stats

File Path                                        PID    Runtime      # DAGs    # Errors  Last Runtime    Last Run
-----------------------------------------------  -----  ---------  --------  ----------  --------------  -------------------
/opt/airflow/dags/dag_tp2a_pokemon_ingestion.py                           1           0  0.12s           2026-06-09T11:31:19
/opt/airflow/dags/dag_tp2_pokemon.py                                      1           0  0.12s           2026-06-09T11:31:19
================================================================================
[2026-06-09T11:32:18.959+0000] {manager.py:878} INFO - 
================================================================================
DAG File Processing Stats

File Path                                        PID    Runtime      # DAGs    # Errors  Last Runtime    Last Run
-----------------------------------------------  -----  ---------  --------  ----------  --------------  -------------------
/opt/airflow/dags/dag_tp2a_pokemon_ingestion.py                           1           0  0.12s           2026-06-09T11:31:49
/opt/airflow/dags/dag_tp2_pokemon.py                                      1           0  0.11s           2026-06-09T11:31:49
================================================================================
[2026-06-09T11:32:49.254+0000] {manager.py:878} INFO - 
================================================================================
DAG File Processing Stats

File Path                                        PID    Runtime      # DAGs    # Errors  Last Runtime    Last Run
-----------------------------------------------  -----  ---------  --------  ----------  --------------  -------------------
/opt/airflow/dags/dag_tp2a_pokemon_ingestion.py                           1           0  0.12s           2026-06-09T11:32:20
/opt/airflow/dags/dag_tp2_pokemon.py                                      1           0  0.12s           2026-06-09T11:32:20
================================================================================
[2026-06-09T11:33:19.550+0000] {manager.py:878} INFO - 
================================================================================
DAG File Processing Stats

File Path                                        PID    Runtime      # DAGs    # Errors  Last Runtime    Last Run
-----------------------------------------------  -----  ---------  --------  ----------  --------------  -------------------
/opt/airflow/dags/dag_tp2a_pokemon_ingestion.py                           1           0  0.12s           2026-06-09T11:32:50
/opt/airflow/dags/dag_tp2_pokemon.py                                      1           0  0.12s           2026-06-09T11:32:50
================================================================================
[2026-06-09T11:33:49.832+0000] {manager.py:878} INFO - 
================================================================================
DAG File Processing Stats

File Path                                        PID    Runtime      # DAGs    # Errors  Last Runtime    Last Run
-----------------------------------------------  -----  ---------  --------  ----------  --------------  -------------------
/opt/airflow/dags/dag_tp2a_pokemon_ingestion.py                           1           0  0.12s           2026-06-09T11:33:20
/opt/airflow/dags/dag_tp2_pokemon.py                                      1           0  0.11s           2026-06-09T11:33:20
================================================================================
[2026-06-09T11:34:20.122+0000] {manager.py:878} INFO - 
================================================================================
DAG File Processing Stats

File Path                                        PID    Runtime      # DAGs    # Errors  Last Runtime    Last Run
-----------------------------------------------  -----  ---------  --------  ----------  --------------  -------------------
/opt/airflow/dags/dag_tp2a_pokemon_ingestion.py                           1           0  0.12s           2026-06-09T11:33:50
/opt/airflow/dags/dag_tp2_pokemon.py                                      1           0  0.11s           2026-06-09T11:33:50
================================================================================
[2026-06-09T11:34:50.417+0000] {manager.py:878} INFO - 
================================================================================
DAG File Processing Stats

File Path                                        PID    Runtime      # DAGs    # Errors  Last Runtime    Last Run
-----------------------------------------------  -----  ---------  --------  ----------  --------------  -------------------
/opt/airflow/dags/dag_tp2a_pokemon_ingestion.py                           1           0  0.13s           2026-06-09T11:34:21
/opt/airflow/dags/dag_tp2_pokemon.py                                      1           0  0.12s           2026-06-09T11:34:21
================================================================================
[2026-06-09T11:35:20.716+0000] {manager.py:878} INFO - 
================================================================================
DAG File Processing Stats

File Path                                        PID    Runtime      # DAGs    # Errors  Last Runtime    Last Run
-----------------------------------------------  -----  ---------  --------  ----------  --------------  -------------------
/opt/airflow/dags/dag_tp2a_pokemon_ingestion.py                           1           0  0.13s           2026-06-09T11:34:51
/opt/airflow/dags/dag_tp2_pokemon.py                                      1           0  0.13s           2026-06-09T11:34:51
================================================================================
[2026-06-09T11:35:50.988+0000] {manager.py:878} INFO - 
================================================================================
DAG File Processing Stats

File Path                                        PID    Runtime      # DAGs    # Errors  Last Runtime    Last Run
-----------------------------------------------  -----  ---------  --------  ----------  --------------  -------------------
/opt/airflow/dags/dag_tp2a_pokemon_ingestion.py                           1           0  0.11s           2026-06-09T11:35:21
/opt/airflow/dags/dag_tp2_pokemon.py                                      1           0  0.11s           2026-06-09T11:35:21
================================================================================
[2026-06-09T11:35:54.139+0000] {manager.py:737} INFO - Searching for files in /opt/airflow/dags
[2026-06-09T11:35:54.174+0000] {manager.py:740} INFO - There are 2 files in /opt/airflow/dags
[2026-06-09T11:36:21.330+0000] {manager.py:878} INFO - 
================================================================================
DAG File Processing Stats

File Path                                        PID    Runtime      # DAGs    # Errors  Last Runtime    Last Run
-----------------------------------------------  -----  ---------  --------  ----------  --------------  -------------------
/opt/airflow/dags/dag_tp2a_pokemon_ingestion.py                           1           0  0.12s           2026-06-09T11:35:52
/opt/airflow/dags/dag_tp2_pokemon.py                                      1           0  0.12s           2026-06-09T11:35:52
================================================================================
[2026-06-09T11:36:51.619+0000] {manager.py:878} INFO - 
================================================================================
DAG File Processing Stats

File Path                                        PID    Runtime      # DAGs    # Errors  Last Runtime    Last Run
-----------------------------------------------  -----  ---------  --------  ----------  --------------  -------------------
/opt/airflow/dags/dag_tp2a_pokemon_ingestion.py                           1           0  0.12s           2026-06-09T11:36:22
/opt/airflow/dags/dag_tp2_pokemon.py                                      1           0  0.11s           2026-06-09T11:36:22
================================================================================
[2026-06-09T11:37:21.901+0000] {manager.py:878} INFO - 
================================================================================
DAG File Processing Stats

File Path                                        PID    Runtime      # DAGs    # Errors  Last Runtime    Last Run
-----------------------------------------------  -----  ---------  --------  ----------  --------------  -------------------
/opt/airflow/dags/dag_tp2_pokemon.py                                      1           0  0.12s           2026-06-09T11:36:52
/opt/airflow/dags/dag_tp2a_pokemon_ingestion.py                           1           0  0.12s           2026-06-09T11:36:52
================================================================================
[2026-06-09T11:37:52.196+0000] {manager.py:878} INFO - 
================================================================================
DAG File Processing Stats

File Path                                        PID    Runtime      # DAGs    # Errors  Last Runtime    Last Run
-----------------------------------------------  -----  ---------  --------  ----------  --------------  -------------------
/opt/airflow/dags/dag_tp2a_pokemon_ingestion.py                           1           0  0.12s           2026-06-09T11:37:23
/opt/airflow/dags/dag_tp2_pokemon.py                                      1           0  0.11s           2026-06-09T11:37:23
================================================================================
[2026-06-09T11:38:22.482+0000] {manager.py:878} INFO - 
================================================================================
DAG File Processing Stats

File Path                                        PID    Runtime      # DAGs    # Errors  Last Runtime    Last Run
-----------------------------------------------  -----  ---------  --------  ----------  --------------  -------------------
/opt/airflow/dags/dag_tp2a_pokemon_ingestion.py                           1           0  0.12s           2026-06-09T11:37:53
/opt/airflow/dags/dag_tp2_pokemon.py                                      1           0  0.11s           2026-06-09T11:37:53
================================================================================
[2026-06-09T11:38:52.769+0000] {manager.py:878} INFO - 
================================================================================
DAG File Processing Stats

File Path                                        PID    Runtime      # DAGs    # Errors  Last Runtime    Last Run
-----------------------------------------------  -----  ---------  --------  ----------  --------------  -------------------
/opt/airflow/dags/dag_tp2a_pokemon_ingestion.py                           1           0  0.12s           2026-06-09T11:38:23
/opt/airflow/dags/dag_tp2_pokemon.py                                      1           0  0.12s           2026-06-09T11:38:23
================================================================================
[2026-06-09T11:39:22.954+0000] {manager.py:878} INFO - 
================================================================================
DAG File Processing Stats

File Path                                        PID    Runtime      # DAGs    # Errors  Last Runtime    Last Run
-----------------------------------------------  -----  ---------  --------  ----------  --------------  -------------------
/opt/airflow/dags/dag_tp2a_pokemon_ingestion.py                           1           0  0.13s           2026-06-09T11:38:53
/opt/airflow/dags/dag_tp2_pokemon.py                                      1           0  0.12s           2026-06-09T11:38:53
================================================================================
[2026-06-09T11:39:53.250+0000] {manager.py:878} INFO - 
================================================================================
DAG File Processing Stats

File Path                                        PID    Runtime      # DAGs    # Errors  Last Runtime    Last Run
-----------------------------------------------  -----  ---------  --------  ----------  --------------  -------------------
/opt/airflow/dags/dag_tp2a_pokemon_ingestion.py                           1           0  0.12s           2026-06-09T11:39:24
/opt/airflow/dags/dag_tp2_pokemon.py                                      1           0  0.12s           2026-06-09T11:39:24
================================================================================
[2026-06-09T11:40:23.548+0000] {manager.py:878} INFO - 
================================================================================
DAG File Processing Stats

File Path                                        PID    Runtime      # DAGs    # Errors  Last Runtime    Last Run
-----------------------------------------------  -----  ---------  --------  ----------  --------------  -------------------
/opt/airflow/dags/dag_tp2a_pokemon_ingestion.py                           1           0  0.13s           2026-06-09T11:39:54
/opt/airflow/dags/dag_tp2_pokemon.py                                      1           0  0.12s           2026-06-09T11:39:54
================================================================================
[2026-06-09T11:40:53.831+0000] {manager.py:878} INFO - 
================================================================================
DAG File Processing Stats

File Path                                        PID    Runtime      # DAGs    # Errors  Last Runtime    Last Run
-----------------------------------------------  -----  ---------  --------  ----------  --------------  -------------------
/opt/airflow/dags/dag_tp2a_pokemon_ingestion.py                           1           0  0.12s           2026-06-09T11:40:24
/opt/airflow/dags/dag_tp2_pokemon.py                                      1           0  0.11s           2026-06-09T11:40:24
================================================================================
[2026-06-09T11:40:54.835+0000] {manager.py:737} INFO - Searching for files in /opt/airflow/dags
[2026-06-09T11:40:54.865+0000] {manager.py:740} INFO - There are 2 files in /opt/airflow/dags
[2026-06-09T11:41:24.163+0000] {manager.py:878} INFO - 
================================================================================
DAG File Processing Stats

File Path                                        PID    Runtime      # DAGs    # Errors  Last Runtime    Last Run
-----------------------------------------------  -----  ---------  --------  ----------  --------------  -------------------
/opt/airflow/dags/dag_tp2a_pokemon_ingestion.py                           1           0  0.12s           2026-06-09T11:40:55
/opt/airflow/dags/dag_tp2_pokemon.py                                      1           0  0.12s           2026-06-09T11:40:55
================================================================================
[2026-06-09T11:41:54.355+0000] {manager.py:878} INFO - 
================================================================================
DAG File Processing Stats

File Path                                        PID    Runtime      # DAGs    # Errors  Last Runtime    Last Run
-----------------------------------------------  -----  ---------  --------  ----------  --------------  -------------------
/opt/airflow/dags/dag_tp2a_pokemon_ingestion.py                           1           0  0.12s           2026-06-09T11:41:25
/opt/airflow/dags/dag_tp2_pokemon.py                                      1           0  0.11s           2026-06-09T11:41:25
================================================================================
[2026-06-09T11:42:24.642+0000] {manager.py:878} INFO - 
================================================================================
DAG File Processing Stats

File Path                                        PID    Runtime      # DAGs    # Errors  Last Runtime    Last Run
-----------------------------------------------  -----  ---------  --------  ----------  --------------  -------------------
/opt/airflow/dags/dag_tp2a_pokemon_ingestion.py                           1           0  0.12s           2026-06-09T11:41:55
/opt/airflow/dags/dag_tp2_pokemon.py                                      1           0  0.12s           2026-06-09T11:41:55
================================================================================
[2026-06-09T11:42:54.938+0000] {manager.py:878} INFO - 
================================================================================
DAG File Processing Stats

File Path                                        PID    Runtime      # DAGs    # Errors  Last Runtime    Last Run
-----------------------------------------------  -----  ---------  --------  ----------  --------------  -------------------
/opt/airflow/dags/dag_tp2a_pokemon_ingestion.py                           1           0  0.12s           2026-06-09T11:42:25
/opt/airflow/dags/dag_tp2_pokemon.py                                      1           0  0.11s           2026-06-09T11:42:25
================================================================================
[2026-06-09T11:43:25.233+0000] {manager.py:878} INFO - 
================================================================================
DAG File Processing Stats

File Path                                        PID    Runtime      # DAGs    # Errors  Last Runtime    Last Run
-----------------------------------------------  -----  ---------  --------  ----------  --------------  -------------------
/opt/airflow/dags/dag_tp2a_pokemon_ingestion.py                           1           0  0.12s           2026-06-09T11:42:56
/opt/airflow/dags/dag_tp2_pokemon.py                                      1           0  0.11s           2026-06-09T11:42:56
================================================================================
[2026-06-09T11:43:55.533+0000] {manager.py:878} INFO - 
================================================================================
DAG File Processing Stats

File Path                                        PID    Runtime      # DAGs    # Errors  Last Runtime    Last Run
-----------------------------------------------  -----  ---------  --------  ----------  --------------  -------------------
/opt/airflow/dags/dag_tp2a_pokemon_ingestion.py                           1           0  0.13s           2026-06-09T11:43:26
/opt/airflow/dags/dag_tp2_pokemon.py                                      1           0  0.12s           2026-06-09T11:43:26
================================================================================
[2026-06-09T11:44:25.717+0000] {manager.py:878} INFO - 
================================================================================
DAG File Processing Stats

File Path                                        PID    Runtime      # DAGs    # Errors  Last Runtime    Last Run
-----------------------------------------------  -----  ---------  --------  ----------  --------------  -------------------
/opt/airflow/dags/dag_tp2a_pokemon_ingestion.py                           1           0  0.12s           2026-06-09T11:43:56
/opt/airflow/dags/dag_tp2_pokemon.py                                      1           0  0.12s           2026-06-09T11:43:56
================================================================================
[2026-06-09T11:44:56.005+0000] {manager.py:878} INFO - 
================================================================================
DAG File Processing Stats

File Path                                        PID    Runtime      # DAGs    # Errors  Last Runtime    Last Run
-----------------------------------------------  -----  ---------  --------  ----------  --------------  -------------------
/opt/airflow/dags/dag_tp2a_pokemon_ingestion.py                           1           0  0.12s           2026-06-09T11:44:26
/opt/airflow/dags/dag_tp2_pokemon.py                                      1           0  0.11s           2026-06-09T11:44:26
================================================================================
[2026-06-09T11:45:26.301+0000] {manager.py:878} INFO - 
================================================================================
DAG File Processing Stats

File Path                                        PID    Runtime      # DAGs    # Errors  Last Runtime    Last Run
-----------------------------------------------  -----  ---------  --------  ----------  --------------  -------------------
/opt/airflow/dags/dag_tp2a_pokemon_ingestion.py                           1           0  0.12s           2026-06-09T11:44:57
/opt/airflow/dags/dag_tp2_pokemon.py                                      1           0  0.12s           2026-06-09T11:44:57
================================================================================
[2026-06-09T11:45:55.482+0000] {manager.py:737} INFO - Searching for files in /opt/airflow/dags
[2026-06-09T11:45:55.515+0000] {manager.py:740} INFO - There are 2 files in /opt/airflow/dags
[2026-06-09T11:45:56.532+0000] {manager.py:878} INFO - 
================================================================================
DAG File Processing Stats

File Path                                        PID    Runtime      # DAGs    # Errors  Last Runtime    Last Run
-----------------------------------------------  -----  ---------  --------  ----------  --------------  -------------------
/opt/airflow/dags/dag_tp2a_pokemon_ingestion.py                           1           0  0.13s           2026-06-09T11:45:27
/opt/airflow/dags/dag_tp2_pokemon.py                                      1           0  0.12s           2026-06-09T11:45:27
================================================================================
[2026-06-09T11:46:26.810+0000] {manager.py:878} INFO - 
================================================================================
DAG File Processing Stats

File Path                                        PID    Runtime      # DAGs    # Errors  Last Runtime    Last Run
-----------------------------------------------  -----  ---------  --------  ----------  --------------  -------------------
/opt/airflow/dags/dag_tp2a_pokemon_ingestion.py                           1           0  0.12s           2026-06-09T11:45:57
/opt/airflow/dags/dag_tp2_pokemon.py                                      1           0  0.11s           2026-06-09T11:45:57
================================================================================
[2026-06-09T11:46:56.997+0000] {manager.py:878} INFO - 
================================================================================
DAG File Processing Stats

File Path                                        PID    Runtime      # DAGs    # Errors  Last Runtime    Last Run
-----------------------------------------------  -----  ---------  --------  ----------  --------------  -------------------
/opt/airflow/dags/dag_tp2a_pokemon_ingestion.py                           1           0  0.13s           2026-06-09T11:46:27
/opt/airflow/dags/dag_tp2_pokemon.py                                      1           0  0.12s           2026-06-09T11:46:27
================================================================================
[2026-06-09T11:47:27.281+0000] {manager.py:878} INFO - 
================================================================================
DAG File Processing Stats

File Path                                        PID    Runtime      # DAGs    # Errors  Last Runtime    Last Run
-----------------------------------------------  -----  ---------  --------  ----------  --------------  -------------------
/opt/airflow/dags/dag_tp2a_pokemon_ingestion.py                           1           0  0.12s           2026-06-09T11:46:58
/opt/airflow/dags/dag_tp2_pokemon.py                                      1           0  0.11s           2026-06-09T11:46:58
================================================================================
[2026-06-09T11:47:57.577+0000] {manager.py:878} INFO - 
================================================================================
DAG File Processing Stats

File Path                                        PID    Runtime      # DAGs    # Errors  Last Runtime    Last Run
-----------------------------------------------  -----  ---------  --------  ----------  --------------  -------------------
/opt/airflow/dags/dag_tp2a_pokemon_ingestion.py                           1           0  0.12s           2026-06-09T11:47:28
/opt/airflow/dags/dag_tp2_pokemon.py                                      1           0  0.12s           2026-06-09T11:47:28
================================================================================
[2026-06-09T11:48:27.858+0000] {manager.py:878} INFO - 
================================================================================
DAG File Processing Stats

File Path                                        PID    Runtime      # DAGs    # Errors  Last Runtime    Last Run
-----------------------------------------------  -----  ---------  --------  ----------  --------------  -------------------
/opt/airflow/dags/dag_tp2a_pokemon_ingestion.py                           1           0  0.12s           2026-06-09T11:47:58
/opt/airflow/dags/dag_tp2_pokemon.py                                      1           0  0.11s           2026-06-09T11:47:58
================================================================================
[2026-06-09T11:48:58.048+0000] {manager.py:878} INFO - 
================================================================================
DAG File Processing Stats

File Path                                        PID    Runtime      # DAGs    # Errors  Last Runtime    Last Run
-----------------------------------------------  -----  ---------  --------  ----------  --------------  -------------------
/opt/airflow/dags/dag_tp2a_pokemon_ingestion.py                           1           0  0.13s           2026-06-09T11:48:28
/opt/airflow/dags/dag_tp2_pokemon.py                                      1           0  0.12s           2026-06-09T11:48:29
================================================================================
[2026-06-09T11:49:28.338+0000] {manager.py:878} INFO - 
================================================================================
DAG File Processing Stats

File Path                                        PID    Runtime      # DAGs    # Errors  Last Runtime    Last Run
-----------------------------------------------  -----  ---------  --------  ----------  --------------  -------------------
/opt/airflow/dags/dag_tp2_pokemon.py                                      1           0  0.12s           2026-06-09T11:48:59
/opt/airflow/dags/dag_tp2a_pokemon_ingestion.py                           1           0  0.12s           2026-06-09T11:48:59
================================================================================
[2026-06-09T11:49:58.631+0000] {manager.py:878} INFO - 
================================================================================
DAG File Processing Stats

File Path                                        PID    Runtime      # DAGs    # Errors  Last Runtime    Last Run
-----------------------------------------------  -----  ---------  --------  ----------  --------------  -------------------
/opt/airflow/dags/dag_tp2a_pokemon_ingestion.py                           1           0  0.12s           2026-06-09T11:49:29
/opt/airflow/dags/dag_tp2_pokemon.py                                      1           0  0.12s           2026-06-09T11:49:29
================================================================================
[2026-06-09T11:50:28.911+0000] {manager.py:878} INFO - 
================================================================================
DAG File Processing Stats

File Path                                        PID    Runtime      # DAGs    # Errors  Last Runtime    Last Run
-----------------------------------------------  -----  ---------  --------  ----------  --------------  -------------------
/opt/airflow/dags/dag_tp2a_pokemon_ingestion.py                           1           0  0.12s           2026-06-09T11:49:59
/opt/airflow/dags/dag_tp2_pokemon.py                                      1           0  0.11s           2026-06-09T11:49:59
================================================================================
[2026-06-09T11:50:56.079+0000] {manager.py:737} INFO - Searching for files in /opt/airflow/dags
[2026-06-09T11:50:56.111+0000] {manager.py:740} INFO - There are 2 files in /opt/airflow/dags
[2026-06-09T11:50:59.138+0000] {manager.py:878} INFO - 
================================================================================
DAG File Processing Stats

File Path                                        PID    Runtime      # DAGs    # Errors  Last Runtime    Last Run
-----------------------------------------------  -----  ---------  --------  ----------  --------------  -------------------
/opt/airflow/dags/dag_tp2a_pokemon_ingestion.py                           1           0  0.13s           2026-06-09T11:50:30
/opt/airflow/dags/dag_tp2_pokemon.py                                      1           0  0.12s           2026-06-09T11:50:30
================================================================================
[2026-06-09T11:51:29.336+0000] {manager.py:878} INFO - 
================================================================================
DAG File Processing Stats

File Path                                        PID    Runtime      # DAGs    # Errors  Last Runtime    Last Run
-----------------------------------------------  -----  ---------  --------  ----------  --------------  -------------------
/opt/airflow/dags/dag_tp2a_pokemon_ingestion.py                           1           0  0.12s           2026-06-09T11:51:00
/opt/airflow/dags/dag_tp2_pokemon.py                                      1           0  0.11s           2026-06-09T11:51:00
================================================================================
[2026-06-09T11:51:59.626+0000] {manager.py:878} INFO - 
================================================================================
DAG File Processing Stats

File Path                                        PID    Runtime      # DAGs    # Errors  Last Runtime    Last Run
-----------------------------------------------  -----  ---------  --------  ----------  --------------  -------------------
/opt/airflow/dags/dag_tp2a_pokemon_ingestion.py                           1           0  0.12s           2026-06-09T11:51:30
/opt/airflow/dags/dag_tp2_pokemon.py                                      1           0  0.12s           2026-06-09T11:51:30
================================================================================
[2026-06-09T11:52:29.901+0000] {manager.py:878} INFO - 
================================================================================
DAG File Processing Stats

File Path                                        PID    Runtime      # DAGs    # Errors  Last Runtime    Last Run
-----------------------------------------------  -----  ---------  --------  ----------  --------------  -------------------
/opt/airflow/dags/dag_tp2a_pokemon_ingestion.py                           1           0  0.11s           2026-06-09T11:52:00
/opt/airflow/dags/dag_tp2_pokemon.py                                      1           0  0.11s           2026-06-09T11:52:00
================================================================================
[2026-06-09T11:53:00.192+0000] {manager.py:878} INFO - 
================================================================================
DAG File Processing Stats

File Path                                        PID    Runtime      # DAGs    # Errors  Last Runtime    Last Run
-----------------------------------------------  -----  ---------  --------  ----------  --------------  -------------------
/opt/airflow/dags/dag_tp2a_pokemon_ingestion.py                           1           0  0.12s           2026-06-09T11:52:31
/opt/airflow/dags/dag_tp2_pokemon.py                                      1           0  0.12s           2026-06-09T11:52:31
================================================================================
[2026-06-09T11:53:30.493+0000] {manager.py:878} INFO - 
================================================================================
DAG File Processing Stats

File Path                                        PID    Runtime      # DAGs    # Errors  Last Runtime    Last Run
-----------------------------------------------  -----  ---------  --------  ----------  --------------  -------------------
/opt/airflow/dags/dag_tp2a_pokemon_ingestion.py                           1           0  0.13s           2026-06-09T11:53:01
/opt/airflow/dags/dag_tp2_pokemon.py                                      1           0  0.13s           2026-06-09T11:53:01
================================================================================
[2026-06-09T11:54:00.776+0000] {manager.py:878} INFO - 
================================================================================
DAG File Processing Stats

File Path                                        PID    Runtime      # DAGs    # Errors  Last Runtime    Last Run
-----------------------------------------------  -----  ---------  --------  ----------  --------------  -------------------
/opt/airflow/dags/dag_tp2a_pokemon_ingestion.py                           1           0  0.12s           2026-06-09T11:53:31
/opt/airflow/dags/dag_tp2_pokemon.py                                      1           0  0.11s           2026-06-09T11:53:31
================================================================================
[2026-06-09T11:54:31.068+0000] {manager.py:878} INFO - 
================================================================================
DAG File Processing Stats

File Path                                        PID    Runtime      # DAGs    # Errors  Last Runtime    Last Run
-----------------------------------------------  -----  ---------  --------  ----------  --------------  -------------------
/opt/airflow/dags/dag_tp2a_pokemon_ingestion.py                           1           0  0.12s           2026-06-09T11:54:01
/opt/airflow/dags/dag_tp2_pokemon.py                                      1           0  0.12s           2026-06-09T11:54:01
================================================================================
[2026-06-09T11:55:01.365+0000] {manager.py:878} INFO - 
================================================================================
DAG File Processing Stats

File Path                                        PID    Runtime      # DAGs    # Errors  Last Runtime    Last Run
-----------------------------------------------  -----  ---------  --------  ----------  --------------  -------------------
/opt/airflow/dags/dag_tp2a_pokemon_ingestion.py                           1           0  0.12s           2026-06-09T11:54:32
/opt/airflow/dags/dag_tp2_pokemon.py                                      1           0  0.12s           2026-06-09T11:54:32
================================================================================
[2026-06-09T11:55:31.662+0000] {manager.py:878} INFO - 
================================================================================
DAG File Processing Stats

File Path                                        PID    Runtime      # DAGs    # Errors  Last Runtime    Last Run
-----------------------------------------------  -----  ---------  --------  ----------  --------------  -------------------
/opt/airflow/dags/dag_tp2a_pokemon_ingestion.py                           1           0  0.13s           2026-06-09T11:55:02
/opt/airflow/dags/dag_tp2_pokemon.py                                      1           0  0.12s           2026-06-09T11:55:02
================================================================================
[2026-06-09T11:55:56.923+0000] {manager.py:737} INFO - Searching for files in /opt/airflow/dags
[2026-06-09T11:55:56.954+0000] {manager.py:740} INFO - There are 2 files in /opt/airflow/dags
[2026-06-09T11:56:01.995+0000] {manager.py:878} INFO - 
================================================================================
DAG File Processing Stats

File Path                                        PID    Runtime      # DAGs    # Errors  Last Runtime    Last Run
-----------------------------------------------  -----  ---------  --------  ----------  --------------  -------------------
/opt/airflow/dags/dag_tp2a_pokemon_ingestion.py                           1           0  0.12s           2026-06-09T11:55:32
/opt/airflow/dags/dag_tp2_pokemon.py                                      1           0  0.12s           2026-06-09T11:55:32
================================================================================
[2026-06-09T11:56:32.285+0000] {manager.py:878} INFO - 
================================================================================
DAG File Processing Stats

File Path                                        PID    Runtime      # DAGs    # Errors  Last Runtime    Last Run
-----------------------------------------------  -----  ---------  --------  ----------  --------------  -------------------
/opt/airflow/dags/dag_tp2a_pokemon_ingestion.py                           1           0  0.12s           2026-06-09T11:56:03
/opt/airflow/dags/dag_tp2_pokemon.py                                      1           0  0.12s           2026-06-09T11:56:03
================================================================================
[2026-06-09T11:57:02.480+0000] {manager.py:878} INFO - 
================================================================================
DAG File Processing Stats

File Path                                        PID    Runtime      # DAGs    # Errors  Last Runtime    Last Run
-----------------------------------------------  -----  ---------  --------  ----------  --------------  -------------------
/opt/airflow/dags/dag_tp2a_pokemon_ingestion.py                           1           0  0.13s           2026-06-09T11:56:33
/opt/airflow/dags/dag_tp2_pokemon.py                                      1           0  0.12s           2026-06-09T11:56:33
================================================================================
[2026-06-09T11:57:32.762+0000] {manager.py:878} INFO - 
================================================================================
DAG File Processing Stats

File Path                                        PID    Runtime      # DAGs    # Errors  Last Runtime    Last Run
-----------------------------------------------  -----  ---------  --------  ----------  --------------  -------------------
/opt/airflow/dags/dag_tp2a_pokemon_ingestion.py                           1           0  0.12s           2026-06-09T11:57:03
/opt/airflow/dags/dag_tp2_pokemon.py                                      1           0  0.11s           2026-06-09T11:57:03
================================================================================
[2026-06-09T11:58:02.946+0000] {manager.py:878} INFO - 
================================================================================
DAG File Processing Stats

File Path                                        PID    Runtime      # DAGs    # Errors  Last Runtime    Last Run
-----------------------------------------------  -----  ---------  --------  ----------  --------------  -------------------
/opt/airflow/dags/dag_tp2a_pokemon_ingestion.py                           1           0  0.12s           2026-06-09T11:57:33
/opt/airflow/dags/dag_tp2_pokemon.py                                      1           0  0.11s           2026-06-09T11:57:33
================================================================================
[2026-06-09T11:58:33.253+0000] {manager.py:878} INFO - 
================================================================================
DAG File Processing Stats

File Path                                        PID    Runtime      # DAGs    # Errors  Last Runtime    Last Run
-----------------------------------------------  -----  ---------  --------  ----------  --------------  -------------------
/opt/airflow/dags/dag_tp2a_pokemon_ingestion.py                           1           0  0.13s           2026-06-09T11:58:04
/opt/airflow/dags/dag_tp2_pokemon.py                                      1           0  0.12s           2026-06-09T11:58:04
================================================================================
[2026-06-09T11:59:03.554+0000] {manager.py:878} INFO - 
================================================================================
DAG File Processing Stats

File Path                                        PID    Runtime      # DAGs    # Errors  Last Runtime    Last Run
-----------------------------------------------  -----  ---------  --------  ----------  --------------  -------------------
/opt/airflow/dags/dag_tp2a_pokemon_ingestion.py                           1           0  0.13s           2026-06-09T11:58:34
/opt/airflow/dags/dag_tp2_pokemon.py                                      1           0  0.12s           2026-06-09T11:58:34
================================================================================
[2026-06-09T11:59:33.761+0000] {manager.py:878} INFO - 
================================================================================
DAG File Processing Stats

File Path                                        PID    Runtime      # DAGs    # Errors  Last Runtime    Last Run
-----------------------------------------------  -----  ---------  --------  ----------  --------------  -------------------
/opt/airflow/dags/dag_tp2a_pokemon_ingestion.py                           1           0  0.17s           2026-06-09T11:59:04
/opt/airflow/dags/dag_tp2_pokemon.py                                      1           0  0.16s           2026-06-09T11:59:04
================================================================================
[2026-06-09T12:00:04.065+0000] {manager.py:878} INFO - 
================================================================================
DAG File Processing Stats

File Path                                        PID    Runtime      # DAGs    # Errors  Last Runtime    Last Run
-----------------------------------------------  -----  ---------  --------  ----------  --------------  -------------------
/opt/airflow/dags/dag_tp2a_pokemon_ingestion.py                           1           0  0.13s           2026-06-09T11:59:34
/opt/airflow/dags/dag_tp2_pokemon.py                                      1           0  0.12s           2026-06-09T11:59:34
================================================================================
[2026-06-09T12:00:34.358+0000] {manager.py:878} INFO - 
================================================================================
DAG File Processing Stats

File Path                                        PID    Runtime      # DAGs    # Errors  Last Runtime    Last Run
-----------------------------------------------  -----  ---------  --------  ----------  --------------  -------------------
/opt/airflow/dags/dag_tp2a_pokemon_ingestion.py                           1           0  0.12s           2026-06-09T12:00:05
/opt/airflow/dags/dag_tp2_pokemon.py                                      1           0  0.11s           2026-06-09T12:00:05
================================================================================
[2026-06-09T12:00:57.614+0000] {manager.py:737} INFO - Searching for files in /opt/airflow/dags
[2026-06-09T12:00:57.646+0000] {manager.py:740} INFO - There are 2 files in /opt/airflow/dags
[2026-06-09T12:01:04.696+0000] {manager.py:878} INFO - 
================================================================================
DAG File Processing Stats

File Path                                        PID    Runtime      # DAGs    # Errors  Last Runtime    Last Run
-----------------------------------------------  -----  ---------  --------  ----------  --------------  -------------------
/opt/airflow/dags/dag_tp2a_pokemon_ingestion.py                           1           0  0.13s           2026-06-09T12:00:35
/opt/airflow/dags/dag_tp2_pokemon.py                                      1           0  0.13s           2026-06-09T12:00:35
================================================================================
[2026-06-09T12:01:34.893+0000] {manager.py:878} INFO - 
================================================================================
DAG File Processing Stats

File Path                                        PID    Runtime      # DAGs    # Errors  Last Runtime    Last Run
-----------------------------------------------  -----  ---------  --------  ----------  --------------  -------------------
/opt/airflow/dags/dag_tp2a_pokemon_ingestion.py                           1           0  0.12s           2026-06-09T12:01:05
/opt/airflow/dags/dag_tp2_pokemon.py                                      1           0  0.11s           2026-06-09T12:01:05
================================================================================
[2026-06-09T12:02:05.174+0000] {manager.py:878} INFO - 
================================================================================
DAG File Processing Stats

File Path                                        PID    Runtime      # DAGs    # Errors  Last Runtime    Last Run
-----------------------------------------------  -----  ---------  --------  ----------  --------------  -------------------
/opt/airflow/dags/dag_tp2a_pokemon_ingestion.py                           1           0  0.12s           2026-06-09T12:01:36
/opt/airflow/dags/dag_tp2_pokemon.py                                      1           0  0.11s           2026-06-09T12:01:36
================================================================================
[2026-06-09T12:02:35.463+0000] {manager.py:878} INFO - 
================================================================================
DAG File Processing Stats

File Path                                        PID    Runtime      # DAGs    # Errors  Last Runtime    Last Run
-----------------------------------------------  -----  ---------  --------  ----------  --------------  -------------------
/opt/airflow/dags/dag_tp2a_pokemon_ingestion.py                           1           0  0.12s           2026-06-09T12:02:06
/opt/airflow/dags/dag_tp2_pokemon.py                                      1           0  0.12s           2026-06-09T12:02:06
================================================================================
[2026-06-09T12:03:05.770+0000] {manager.py:878} INFO - 
================================================================================
DAG File Processing Stats

File Path                                        PID    Runtime      # DAGs    # Errors  Last Runtime    Last Run
-----------------------------------------------  -----  ---------  --------  ----------  --------------  -------------------
/opt/airflow/dags/dag_tp2a_pokemon_ingestion.py                           1           0  0.13s           2026-06-09T12:02:36
/opt/airflow/dags/dag_tp2_pokemon.py                                      1           0  0.12s           2026-06-09T12:02:36
================================================================================
[2026-06-09T12:03:36.081+0000] {manager.py:878} INFO - 
================================================================================
DAG File Processing Stats

File Path                                        PID    Runtime      # DAGs    # Errors  Last Runtime    Last Run
-----------------------------------------------  -----  ---------  --------  ----------  --------------  -------------------
/opt/airflow/dags/dag_tp2a_pokemon_ingestion.py                           1           0  0.13s           2026-06-09T12:03:06
/opt/airflow/dags/dag_tp2_pokemon.py                                      1           0  0.13s           2026-06-09T12:03:06
================================================================================
[2026-06-09T12:04:06.275+0000] {manager.py:878} INFO - 
================================================================================
DAG File Processing Stats

File Path                                        PID    Runtime      # DAGs    # Errors  Last Runtime    Last Run
-----------------------------------------------  -----  ---------  --------  ----------  --------------  -------------------
/opt/airflow/dags/dag_tp2a_pokemon_ingestion.py                           1           0  0.12s           2026-06-09T12:03:37
/opt/airflow/dags/dag_tp2_pokemon.py                                      1           0  0.11s           2026-06-09T12:03:37
================================================================================
[2026-06-09T12:04:36.560+0000] {manager.py:878} INFO - 
================================================================================
DAG File Processing Stats

File Path                                        PID    Runtime      # DAGs    # Errors  Last Runtime    Last Run
-----------------------------------------------  -----  ---------  --------  ----------  --------------  -------------------
/opt/airflow/dags/dag_tp2a_pokemon_ingestion.py                           1           0  0.12s           2026-06-09T12:04:07
/opt/airflow/dags/dag_tp2_pokemon.py                                      1           0  0.12s           2026-06-09T12:04:07
================================================================================
[2026-06-09T12:05:06.865+0000] {manager.py:878} INFO - 
================================================================================
DAG File Processing Stats

File Path                                        PID    Runtime      # DAGs    # Errors  Last Runtime    Last Run
-----------------------------------------------  -----  ---------  --------  ----------  --------------  -------------------
/opt/airflow/dags/dag_tp2a_pokemon_ingestion.py                           1           0  0.13s           2026-06-09T12:04:37
/opt/airflow/dags/dag_tp2_pokemon.py                                      1           0  0.13s           2026-06-09T12:04:37
================================================================================
[2026-06-09T12:05:37.050+0000] {manager.py:878} INFO - 
================================================================================
DAG File Processing Stats

File Path                                        PID    Runtime      # DAGs    # Errors  Last Runtime    Last Run
-----------------------------------------------  -----  ---------  --------  ----------  --------------  -------------------
/opt/airflow/dags/dag_tp2a_pokemon_ingestion.py                           1           0  0.13s           2026-06-09T12:05:08
/opt/airflow/dags/dag_tp2_pokemon.py                                      1           0  0.12s           2026-06-09T12:05:08
================================================================================
[2026-06-09T12:05:58.296+0000] {manager.py:737} INFO - Searching for files in /opt/airflow/dags
[2026-06-09T12:05:58.330+0000] {manager.py:740} INFO - There are 2 files in /opt/airflow/dags
[2026-06-09T12:06:07.393+0000] {manager.py:878} INFO - 
================================================================================
DAG File Processing Stats

File Path                                        PID    Runtime      # DAGs    # Errors  Last Runtime    Last Run
-----------------------------------------------  -----  ---------  --------  ----------  --------------  -------------------
/opt/airflow/dags/dag_tp2a_pokemon_ingestion.py                           1           0  0.12s           2026-06-09T12:05:38
/opt/airflow/dags/dag_tp2_pokemon.py                                      1           0  0.11s           2026-06-09T12:05:38
================================================================================
[2026-06-09T12:06:37.688+0000] {manager.py:878} INFO - 
================================================================================
DAG File Processing Stats

File Path                                        PID    Runtime      # DAGs    # Errors  Last Runtime    Last Run
-----------------------------------------------  -----  ---------  --------  ----------  --------------  -------------------
/opt/airflow/dags/dag_tp2_pokemon.py                                      1           0  0.13s           2026-06-09T12:06:08
/opt/airflow/dags/dag_tp2a_pokemon_ingestion.py                           1           0  0.13s           2026-06-09T12:06:08
================================================================================
[2026-06-09T12:07:07.878+0000] {manager.py:878} INFO - 
================================================================================
DAG File Processing Stats

File Path                                        PID    Runtime      # DAGs    # Errors  Last Runtime    Last Run
-----------------------------------------------  -----  ---------  --------  ----------  --------------  -------------------
/opt/airflow/dags/dag_tp2a_pokemon_ingestion.py                           1           0  0.12s           2026-06-09T12:06:38
/opt/airflow/dags/dag_tp2_pokemon.py                                      1           0  0.11s           2026-06-09T12:06:38
================================================================================
[2026-06-09T12:07:38.169+0000] {manager.py:878} INFO - 
================================================================================
DAG File Processing Stats

File Path                                        PID    Runtime      # DAGs    # Errors  Last Runtime    Last Run
-----------------------------------------------  -----  ---------  --------  ----------  --------------  -------------------
/opt/airflow/dags/dag_tp2a_pokemon_ingestion.py                           1           0  0.12s           2026-06-09T12:07:09
/opt/airflow/dags/dag_tp2_pokemon.py                                      1           0  0.12s           2026-06-09T12:07:09
================================================================================
[2026-06-09T12:08:08.456+0000] {manager.py:878} INFO - 
================================================================================
DAG File Processing Stats

File Path                                        PID    Runtime      # DAGs    # Errors  Last Runtime    Last Run
-----------------------------------------------  -----  ---------  --------  ----------  --------------  -------------------
/opt/airflow/dags/dag_tp2a_pokemon_ingestion.py                           1           0  0.12s           2026-06-09T12:07:39
/opt/airflow/dags/dag_tp2_pokemon.py                                      1           0  0.12s           2026-06-09T12:07:39
================================================================================
[2026-06-09T12:08:38.751+0000] {manager.py:878} INFO - 
================================================================================
DAG File Processing Stats

File Path                                        PID    Runtime      # DAGs    # Errors  Last Runtime    Last Run
-----------------------------------------------  -----  ---------  --------  ----------  --------------  -------------------
/opt/airflow/dags/dag_tp2a_pokemon_ingestion.py                           1           0  0.13s           2026-06-09T12:08:09
/opt/airflow/dags/dag_tp2_pokemon.py                                      1           0  0.12s           2026-06-09T12:08:09
================================================================================
[2026-06-09T12:09:09.039+0000] {manager.py:878} INFO - 
================================================================================
DAG File Processing Stats

File Path                                        PID    Runtime      # DAGs    # Errors  Last Runtime    Last Run
-----------------------------------------------  -----  ---------  --------  ----------  --------------  -------------------
/opt/airflow/dags/dag_tp2a_pokemon_ingestion.py                           1           0  0.12s           2026-06-09T12:08:39
/opt/airflow/dags/dag_tp2_pokemon.py                                      1           0  0.12s           2026-06-09T12:08:39
================================================================================
[2026-06-09T12:09:39.336+0000] {manager.py:878} INFO - 
================================================================================
DAG File Processing Stats

File Path                                        PID    Runtime      # DAGs    # Errors  Last Runtime    Last Run
-----------------------------------------------  -----  ---------  --------  ----------  --------------  -------------------
/opt/airflow/dags/dag_tp2a_pokemon_ingestion.py                           1           0  0.12s           2026-06-09T12:09:10
/opt/airflow/dags/dag_tp2_pokemon.py                                      1           0  0.12s           2026-06-09T12:09:10
================================================================================
[2026-06-09T12:10:09.633+0000] {manager.py:878} INFO - 
================================================================================
DAG File Processing Stats

File Path                                        PID    Runtime      # DAGs    # Errors  Last Runtime    Last Run
-----------------------------------------------  -----  ---------  --------  ----------  --------------  -------------------
/opt/airflow/dags/dag_tp2a_pokemon_ingestion.py                           1           0  0.12s           2026-06-09T12:09:40
/opt/airflow/dags/dag_tp2_pokemon.py                                      1           0  0.12s           2026-06-09T12:09:40
================================================================================
[2026-06-09T12:10:39.926+0000] {manager.py:878} INFO - 
================================================================================
DAG File Processing Stats

File Path                                        PID    Runtime      # DAGs    # Errors  Last Runtime    Last Run
-----------------------------------------------  -----  ---------  --------  ----------  --------------  -------------------
/opt/airflow/dags/dag_tp2a_pokemon_ingestion.py                           1           0  0.12s           2026-06-09T12:10:10
/opt/airflow/dags/dag_tp2_pokemon.py                                      1           0  0.12s           2026-06-09T12:10:10
================================================================================
[2026-06-09T12:10:59.183+0000] {manager.py:737} INFO - Searching for files in /opt/airflow/dags
[2026-06-09T12:10:59.214+0000] {manager.py:740} INFO - There are 2 files in /opt/airflow/dags
[2026-06-09T12:11:10.286+0000] {manager.py:878} INFO - 
================================================================================
DAG File Processing Stats

File Path                                        PID    Runtime      # DAGs    # Errors  Last Runtime    Last Run
-----------------------------------------------  -----  ---------  --------  ----------  --------------  -------------------
/opt/airflow/dags/dag_tp2a_pokemon_ingestion.py                           1           0  0.14s           2026-06-09T12:10:41
/opt/airflow/dags/dag_tp2_pokemon.py                                      1           0  0.13s           2026-06-09T12:10:41
================================================================================
[2026-06-09T12:11:40.471+0000] {manager.py:878} INFO - 
================================================================================
DAG File Processing Stats

File Path                                        PID    Runtime      # DAGs    # Errors  Last Runtime    Last Run
-----------------------------------------------  -----  ---------  --------  ----------  --------------  -------------------
/opt/airflow/dags/dag_tp2a_pokemon_ingestion.py                           1           0  0.13s           2026-06-09T12:11:11
/opt/airflow/dags/dag_tp2_pokemon.py                                      1           0  0.12s           2026-06-09T12:11:11
================================================================================
[2026-06-09T12:12:10.712+0000] {manager.py:878} INFO - 
================================================================================
DAG File Processing Stats

File Path                                        PID    Runtime      # DAGs    # Errors  Last Runtime    Last Run
-----------------------------------------------  -----  ---------  --------  ----------  --------------  -------------------
/opt/airflow/dags/dag_tp2a_pokemon_ingestion.py                           1           0  0.12s           2026-06-09T12:11:41
/opt/airflow/dags/dag_tp2_pokemon.py                                      1           0  0.11s           2026-06-09T12:11:41
================================================================================
[2026-06-09T12:12:41.024+0000] {manager.py:878} INFO - 
================================================================================
DAG File Processing Stats

File Path                                        PID    Runtime      # DAGs    # Errors  Last Runtime    Last Run
-----------------------------------------------  -----  ---------  --------  ----------  --------------  -------------------
/opt/airflow/dags/dag_tp2a_pokemon_ingestion.py                           1           0  0.14s           2026-06-09T12:12:11
/opt/airflow/dags/dag_tp2_pokemon.py                                      1           0  0.13s           2026-06-09T12:12:11
================================================================================
[2026-06-09T12:13:11.218+0000] {manager.py:878} INFO - 
================================================================================
DAG File Processing Stats

File Path                                        PID    Runtime      # DAGs    # Errors  Last Runtime    Last Run
-----------------------------------------------  -----  ---------  --------  ----------  --------------  -------------------
/opt/airflow/dags/dag_tp2a_pokemon_ingestion.py                           1           0  0.13s           2026-06-09T12:12:42
/opt/airflow/dags/dag_tp2_pokemon.py                                      1           0  0.12s           2026-06-09T12:12:42
================================================================================
[2026-06-09T12:13:41.529+0000] {manager.py:878} INFO - 
================================================================================
DAG File Processing Stats

File Path                                        PID    Runtime      # DAGs    # Errors  Last Runtime    Last Run
-----------------------------------------------  -----  ---------  --------  ----------  --------------  -------------------
/opt/airflow/dags/dag_tp2a_pokemon_ingestion.py                           1           0  0.14s           2026-06-09T12:13:12
/opt/airflow/dags/dag_tp2_pokemon.py                                      1           0  0.13s           2026-06-09T12:13:12
================================================================================
[2026-06-09T12:14:11.716+0000] {manager.py:878} INFO - 
================================================================================
DAG File Processing Stats

File Path                                        PID    Runtime      # DAGs    # Errors  Last Runtime    Last Run
-----------------------------------------------  -----  ---------  --------  ----------  --------------  -------------------
/opt/airflow/dags/dag_tp2a_pokemon_ingestion.py                           1           0  0.13s           2026-06-09T12:13:42
/opt/airflow/dags/dag_tp2_pokemon.py                                      1           0  0.12s           2026-06-09T12:13:42
================================================================================
[2026-06-09T12:14:42.005+0000] {manager.py:878} INFO - 
================================================================================
DAG File Processing Stats

File Path                                        PID    Runtime      # DAGs    # Errors  Last Runtime    Last Run
-----------------------------------------------  -----  ---------  --------  ----------  --------------  -------------------
/opt/airflow/dags/dag_tp2a_pokemon_ingestion.py                           1           0  0.12s           2026-06-09T12:14:12
/opt/airflow/dags/dag_tp2_pokemon.py                                      1           0  0.12s           2026-06-09T12:14:12
================================================================================
[2026-06-09T12:15:12.313+0000] {manager.py:878} INFO - 
================================================================================
DAG File Processing Stats

File Path                                        PID    Runtime      # DAGs    # Errors  Last Runtime    Last Run
-----------------------------------------------  -----  ---------  --------  ----------  --------------  -------------------
/opt/airflow/dags/dag_tp2_pokemon.py                                      1           0  0.13s           2026-06-09T12:14:43
/opt/airflow/dags/dag_tp2a_pokemon_ingestion.py                           1           0  0.13s           2026-06-09T12:14:43
================================================================================
[2026-06-09T12:15:42.625+0000] {manager.py:878} INFO - 
================================================================================
DAG File Processing Stats

File Path                                        PID    Runtime      # DAGs    # Errors  Last Runtime    Last Run
-----------------------------------------------  -----  ---------  --------  ----------  --------------  -------------------
/opt/airflow/dags/dag_tp2a_pokemon_ingestion.py                           1           0  0.15s           2026-06-09T12:15:13
/opt/airflow/dags/dag_tp2_pokemon.py                                      1           0  0.14s           2026-06-09T12:15:13
================================================================================
[2026-06-09T12:15:59.744+0000] {manager.py:737} INFO - Searching for files in /opt/airflow/dags
[2026-06-09T12:15:59.776+0000] {manager.py:740} INFO - There are 2 files in /opt/airflow/dags
[2026-06-09T12:16:12.858+0000] {manager.py:878} INFO - 
================================================================================
DAG File Processing Stats

File Path                                        PID    Runtime      # DAGs    # Errors  Last Runtime    Last Run
-----------------------------------------------  -----  ---------  --------  ----------  --------------  -------------------
/opt/airflow/dags/dag_tp2a_pokemon_ingestion.py                           1           0  0.12s           2026-06-09T12:15:43
/opt/airflow/dags/dag_tp2_pokemon.py                                      1           0  0.11s           2026-06-09T12:15:43
================================================================================
[2026-06-09T12:16:43.141+0000] {manager.py:878} INFO - 
================================================================================
DAG File Processing Stats

File Path                                        PID    Runtime      # DAGs    # Errors  Last Runtime    Last Run
-----------------------------------------------  -----  ---------  --------  ----------  --------------  -------------------
/opt/airflow/dags/dag_tp2a_pokemon_ingestion.py                           1           0  0.13s           2026-06-09T12:16:13
/opt/airflow/dags/dag_tp2_pokemon.py                                      1           0  0.12s           2026-06-09T12:16:14
================================================================================
[2026-06-09T12:17:13.321+0000] {manager.py:878} INFO - 
================================================================================
DAG File Processing Stats

File Path                                        PID    Runtime      # DAGs    # Errors  Last Runtime    Last Run
-----------------------------------------------  -----  ---------  --------  ----------  --------------  -------------------
/opt/airflow/dags/dag_tp2a_pokemon_ingestion.py                           1           0  0.12s           2026-06-09T12:16:44
/opt/airflow/dags/dag_tp2_pokemon.py                                      1           0  0.11s           2026-06-09T12:16:44
================================================================================
[2026-06-09T12:17:43.599+0000] {manager.py:878} INFO - 
================================================================================
DAG File Processing Stats

File Path                                        PID    Runtime      # DAGs    # Errors  Last Runtime    Last Run
-----------------------------------------------  -----  ---------  --------  ----------  --------------  -------------------
/opt/airflow/dags/dag_tp2a_pokemon_ingestion.py                           1           0  0.11s           2026-06-09T12:17:14
/opt/airflow/dags/dag_tp2_pokemon.py                                      1           0  0.11s           2026-06-09T12:17:14
================================================================================
[2026-06-09T12:18:13.885+0000] {manager.py:878} INFO - 
================================================================================
DAG File Processing Stats

File Path                                        PID    Runtime      # DAGs    # Errors  Last Runtime    Last Run
-----------------------------------------------  -----  ---------  --------  ----------  --------------  -------------------
/opt/airflow/dags/dag_tp2a_pokemon_ingestion.py                           1           0  0.12s           2026-06-09T12:17:44
/opt/airflow/dags/dag_tp2_pokemon.py                                      1           0  0.11s           2026-06-09T12:17:44
================================================================================
[2026-06-09T12:18:44.180+0000] {manager.py:878} INFO - 
================================================================================
DAG File Processing Stats

File Path                                        PID    Runtime      # DAGs    # Errors  Last Runtime    Last Run
-----------------------------------------------  -----  ---------  --------  ----------  --------------  -------------------
/opt/airflow/dags/dag_tp2a_pokemon_ingestion.py                           1           0  0.12s           2026-06-09T12:18:15
/opt/airflow/dags/dag_tp2_pokemon.py                                      1           0  0.11s           2026-06-09T12:18:15
================================================================================
[2026-06-09T12:19:14.511+0000] {manager.py:878} INFO - 
================================================================================
DAG File Processing Stats

File Path                                        PID    Runtime      # DAGs    # Errors  Last Runtime    Last Run
-----------------------------------------------  -----  ---------  --------  ----------  --------------  -------------------
/opt/airflow/dags/dag_tp2_pokemon.py                                      1           0  0.14s           2026-06-09T12:18:45
/opt/airflow/dags/dag_tp2a_pokemon_ingestion.py                           1           0  0.13s           2026-06-09T12:18:45
================================================================================
[2026-06-09T12:19:44.835+0000] {manager.py:878} INFO - 
================================================================================
DAG File Processing Stats

File Path                                        PID    Runtime      # DAGs    # Errors  Last Runtime    Last Run
-----------------------------------------------  -----  ---------  --------  ----------  --------------  -------------------
/opt/airflow/dags/dag_tp2_pokemon.py                                      1           0  0.14s           2026-06-09T12:19:15
/opt/airflow/dags/dag_tp2a_pokemon_ingestion.py                           1           0  0.14s           2026-06-09T12:19:15
================================================================================
[2026-06-09T12:20:15.199+0000] {manager.py:878} INFO - 
================================================================================
DAG File Processing Stats

File Path                                        PID    Runtime      # DAGs    # Errors  Last Runtime    Last Run
-----------------------------------------------  -----  ---------  --------  ----------  --------------  -------------------
/opt/airflow/dags/dag_tp2a_pokemon_ingestion.py                           1           0  0.19s           2026-06-09T12:19:46
/opt/airflow/dags/dag_tp2_pokemon.py                                      1           0  0.16s           2026-06-09T12:19:46
================================================================================
[2026-06-09T12:20:45.403+0000] {manager.py:878} INFO - 
================================================================================
DAG File Processing Stats

File Path                                        PID    Runtime      # DAGs    # Errors  Last Runtime    Last Run
-----------------------------------------------  -----  ---------  --------  ----------  --------------  -------------------
/opt/airflow/dags/dag_tp2a_pokemon_ingestion.py                           1           0  0.17s           2026-06-09T12:20:16
/opt/airflow/dags/dag_tp2_pokemon.py                                      1           0  0.15s           2026-06-09T12:20:16
================================================================================
[2026-06-09T12:21:00.635+0000] {manager.py:737} INFO - Searching for files in /opt/airflow/dags
[2026-06-09T12:21:00.667+0000] {manager.py:740} INFO - There are 2 files in /opt/airflow/dags
[2026-06-09T12:21:15.767+0000] {manager.py:878} INFO - 
================================================================================
DAG File Processing Stats

File Path                                        PID    Runtime      # DAGs    # Errors  Last Runtime    Last Run
-----------------------------------------------  -----  ---------  --------  ----------  --------------  -------------------
/opt/airflow/dags/dag_tp2a_pokemon_ingestion.py                           1           0  0.14s           2026-06-09T12:20:46
/opt/airflow/dags/dag_tp2_pokemon.py                                      1           0  0.13s           2026-06-09T12:20:46
================================================================================
[2026-06-09T12:21:46.083+0000] {manager.py:878} INFO - 
================================================================================
DAG File Processing Stats

File Path                                        PID    Runtime      # DAGs    # Errors  Last Runtime    Last Run
-----------------------------------------------  -----  ---------  --------  ----------  --------------  -------------------
/opt/airflow/dags/dag_tp2a_pokemon_ingestion.py                           1           0  0.14s           2026-06-09T12:21:16
/opt/airflow/dags/dag_tp2_pokemon.py                                      1           0  0.13s           2026-06-09T12:21:16
================================================================================
[2026-06-09T12:22:16.296+0000] {manager.py:878} INFO - 
================================================================================
DAG File Processing Stats

File Path                                        PID    Runtime      # DAGs    # Errors  Last Runtime    Last Run
-----------------------------------------------  -----  ---------  --------  ----------  --------------  -------------------
/opt/airflow/dags/dag_tp2a_pokemon_ingestion.py                           1           0  0.14s           2026-06-09T12:21:47
/opt/airflow/dags/dag_tp2_pokemon.py                                      1           0  0.13s           2026-06-09T12:21:47
================================================================================
[2026-06-09T12:22:46.536+0000] {manager.py:878} INFO - 
================================================================================
DAG File Processing Stats

File Path                                        PID    Runtime      # DAGs    # Errors  Last Runtime    Last Run
-----------------------------------------------  -----  ---------  --------  ----------  --------------  -------------------
/opt/airflow/dags/dag_tp2a_pokemon_ingestion.py                           1           0  0.13s           2026-06-09T12:22:17
/opt/airflow/dags/dag_tp2_pokemon.py                                      1           0  0.12s           2026-06-09T12:22:17
================================================================================
[2026-06-09T12:23:16.836+0000] {manager.py:878} INFO - 
================================================================================
DAG File Processing Stats

File Path                                        PID    Runtime      # DAGs    # Errors  Last Runtime    Last Run
-----------------------------------------------  -----  ---------  --------  ----------  --------------  -------------------
/opt/airflow/dags/dag_tp2a_pokemon_ingestion.py                           1           0  0.13s           2026-06-09T12:22:47
/opt/airflow/dags/dag_tp2_pokemon.py                                      1           0  0.13s           2026-06-09T12:22:47
================================================================================
[2026-06-09T12:23:47.136+0000] {manager.py:878} INFO - 
================================================================================
DAG File Processing Stats

File Path                                        PID    Runtime      # DAGs    # Errors  Last Runtime    Last Run
-----------------------------------------------  -----  ---------  --------  ----------  --------------  -------------------
/opt/airflow/dags/dag_tp2a_pokemon_ingestion.py                           1           0  0.12s           2026-06-09T12:23:17
/opt/airflow/dags/dag_tp2_pokemon.py                                      1           0  0.12s           2026-06-09T12:23:17
================================================================================
[2026-06-09T12:24:17.425+0000] {manager.py:878} INFO - 
================================================================================
DAG File Processing Stats

File Path                                        PID    Runtime      # DAGs    # Errors  Last Runtime    Last Run
-----------------------------------------------  -----  ---------  --------  ----------  --------------  -------------------
/opt/airflow/dags/dag_tp2a_pokemon_ingestion.py                           1           0  0.12s           2026-06-09T12:23:48
/opt/airflow/dags/dag_tp2_pokemon.py                                      1           0  0.12s           2026-06-09T12:23:48
================================================================================
[2026-06-09T12:24:47.613+0000] {manager.py:878} INFO - 
================================================================================
DAG File Processing Stats

File Path                                        PID    Runtime      # DAGs    # Errors  Last Runtime    Last Run
-----------------------------------------------  -----  ---------  --------  ----------  --------------  -------------------
/opt/airflow/dags/dag_tp2a_pokemon_ingestion.py                           1           0  0.12s           2026-06-09T12:24:18
/opt/airflow/dags/dag_tp2_pokemon.py                                      1           0  0.11s           2026-06-09T12:24:18
================================================================================
[2026-06-09T12:25:17.913+0000] {manager.py:878} INFO - 
================================================================================
DAG File Processing Stats

File Path                                        PID    Runtime      # DAGs    # Errors  Last Runtime    Last Run
-----------------------------------------------  -----  ---------  --------  ----------  --------------  -------------------
/opt/airflow/dags/dag_tp2_pokemon.py                                      1           0  0.13s           2026-06-09T12:24:48
/opt/airflow/dags/dag_tp2a_pokemon_ingestion.py                           1           0  0.13s           2026-06-09T12:24:48
================================================================================
[2026-06-09T12:25:48.216+0000] {manager.py:878} INFO - 
================================================================================
DAG File Processing Stats

File Path                                        PID    Runtime      # DAGs    # Errors  Last Runtime    Last Run
-----------------------------------------------  -----  ---------  --------  ----------  --------------  -------------------
/opt/airflow/dags/dag_tp2_pokemon.py                                      1           0  0.13s           2026-06-09T12:25:19
/opt/airflow/dags/dag_tp2a_pokemon_ingestion.py                           1           0  0.12s           2026-06-09T12:25:19
================================================================================
[2026-06-09T12:26:01.417+0000] {manager.py:737} INFO - Searching for files in /opt/airflow/dags
[2026-06-09T12:26:01.447+0000] {manager.py:740} INFO - There are 2 files in /opt/airflow/dags
[2026-06-09T12:26:18.539+0000] {manager.py:878} INFO - 
================================================================================
DAG File Processing Stats

File Path                                        PID    Runtime      # DAGs    # Errors  Last Runtime    Last Run
-----------------------------------------------  -----  ---------  --------  ----------  --------------  -------------------
/opt/airflow/dags/dag_tp2a_pokemon_ingestion.py                           1           0  0.13s           2026-06-09T12:25:49
/opt/airflow/dags/dag_tp2_pokemon.py                                      1           0  0.12s           2026-06-09T12:25:49
================================================================================
[2026-06-09T12:26:48.815+0000] {manager.py:878} INFO - 
================================================================================
DAG File Processing Stats

File Path                                        PID    Runtime      # DAGs    # Errors  Last Runtime    Last Run
-----------------------------------------------  -----  ---------  --------  ----------  --------------  -------------------
/opt/airflow/dags/dag_tp2a_pokemon_ingestion.py                           1           0  0.11s           2026-06-09T12:26:19
/opt/airflow/dags/dag_tp2_pokemon.py                                      1           0  0.10s           2026-06-09T12:26:19
================================================================================
[2026-06-09T12:27:19.118+0000] {manager.py:878} INFO - 
================================================================================
DAG File Processing Stats

File Path                                        PID    Runtime      # DAGs    # Errors  Last Runtime    Last Run
-----------------------------------------------  -----  ---------  --------  ----------  --------------  -------------------
/opt/airflow/dags/dag_tp2a_pokemon_ingestion.py                           1           0  0.13s           2026-06-09T12:26:49
/opt/airflow/dags/dag_tp2_pokemon.py                                      1           0  0.12s           2026-06-09T12:26:49
================================================================================
[2026-06-09T12:27:49.570+0000] {manager.py:878} INFO - 
================================================================================
DAG File Processing Stats

File Path                                        PID    Runtime      # DAGs    # Errors  Last Runtime    Last Run
-----------------------------------------------  -----  ---------  --------  ----------  --------------  -------------------
/opt/airflow/dags/dag_tp2a_pokemon_ingestion.py                           1           0  0.38s           2026-06-09T12:27:20
/opt/airflow/dags/dag_tp2_pokemon.py                                      1           0  0.35s           2026-06-09T12:27:20
================================================================================
[2026-06-09T12:28:19.900+0000] {manager.py:878} INFO - 
================================================================================
DAG File Processing Stats

File Path                                        PID    Runtime      # DAGs    # Errors  Last Runtime    Last Run
-----------------------------------------------  -----  ---------  --------  ----------  --------------  -------------------
/opt/airflow/dags/dag_tp2a_pokemon_ingestion.py                           1           0  0.16s           2026-06-09T12:27:50
/opt/airflow/dags/dag_tp2_pokemon.py                                      1           0  0.14s           2026-06-09T12:27:50
================================================================================
[2026-06-09T12:28:50.207+0000] {manager.py:878} INFO - 
================================================================================
DAG File Processing Stats

File Path                                        PID    Runtime      # DAGs    # Errors  Last Runtime    Last Run
-----------------------------------------------  -----  ---------  --------  ----------  --------------  -------------------
/opt/airflow/dags/dag_tp2a_pokemon_ingestion.py                           1           0  0.13s           2026-06-09T12:28:21
/opt/airflow/dags/dag_tp2_pokemon.py                                      1           0  0.12s           2026-06-09T12:28:21
================================================================================
[2026-06-09T12:29:20.412+0000] {manager.py:878} INFO - 
================================================================================
DAG File Processing Stats

File Path                                        PID    Runtime      # DAGs    # Errors  Last Runtime    Last Run
-----------------------------------------------  -----  ---------  --------  ----------  --------------  -------------------
/opt/airflow/dags/dag_tp2a_pokemon_ingestion.py                           1           0  0.13s           2026-06-09T12:28:51
/opt/airflow/dags/dag_tp2_pokemon.py                                      1           0  0.12s           2026-06-09T12:28:51
================================================================================
[2026-06-09T12:29:50.737+0000] {manager.py:878} INFO - 
================================================================================
DAG File Processing Stats

File Path                                        PID    Runtime      # DAGs    # Errors  Last Runtime    Last Run
-----------------------------------------------  -----  ---------  --------  ----------  --------------  -------------------
/opt/airflow/dags/dag_tp2a_pokemon_ingestion.py                           1           0  0.12s           2026-06-09T12:29:21
/opt/airflow/dags/dag_tp2_pokemon.py                                      1           0  0.12s           2026-06-09T12:29:21
================================================================================
[2026-06-09T12:30:20.957+0000] {manager.py:878} INFO - 
================================================================================
DAG File Processing Stats

File Path                                        PID    Runtime      # DAGs    # Errors  Last Runtime    Last Run
-----------------------------------------------  -----  ---------  --------  ----------  --------------  -------------------
/opt/airflow/dags/dag_tp2a_pokemon_ingestion.py                           1           0  0.18s           2026-06-09T12:29:51
/opt/airflow/dags/dag_tp2_pokemon.py                                      1           0  0.17s           2026-06-09T12:29:51
================================================================================
[2026-06-09T12:30:51.247+0000] {manager.py:878} INFO - 
================================================================================
DAG File Processing Stats

File Path                                        PID    Runtime      # DAGs    # Errors  Last Runtime    Last Run
-----------------------------------------------  -----  ---------  --------  ----------  --------------  -------------------
/opt/airflow/dags/dag_tp2a_pokemon_ingestion.py                           1           0  0.13s           2026-06-09T12:30:22
/opt/airflow/dags/dag_tp2_pokemon.py                                      1           0  0.12s           2026-06-09T12:30:22
================================================================================
[2026-06-09T12:31:01.435+0000] {manager.py:737} INFO - Searching for files in /opt/airflow/dags
[2026-06-09T12:31:01.470+0000] {manager.py:740} INFO - There are 2 files in /opt/airflow/dags
[2026-06-09T12:31:21.592+0000] {manager.py:878} INFO - 
================================================================================
DAG File Processing Stats

File Path                                        PID    Runtime      # DAGs    # Errors  Last Runtime    Last Run
-----------------------------------------------  -----  ---------  --------  ----------  --------------  -------------------
/opt/airflow/dags/dag_tp2a_pokemon_ingestion.py                           1           0  0.12s           2026-06-09T12:30:52
/opt/airflow/dags/dag_tp2_pokemon.py                                      1           0  0.12s           2026-06-09T12:30:52
================================================================================
[2026-06-09T12:31:51.891+0000] {manager.py:878} INFO - 
================================================================================
DAG File Processing Stats

File Path                                        PID    Runtime      # DAGs    # Errors  Last Runtime    Last Run
-----------------------------------------------  -----  ---------  --------  ----------  --------------  -------------------
/opt/airflow/dags/dag_tp2a_pokemon_ingestion.py                           1           0  0.13s           2026-06-09T12:31:22
/opt/airflow/dags/dag_tp2_pokemon.py                                      1           0  0.12s           2026-06-09T12:31:22
================================================================================
[2026-06-09T12:32:22.193+0000] {manager.py:878} INFO - 
================================================================================
DAG File Processing Stats

File Path                                        PID    Runtime      # DAGs    # Errors  Last Runtime    Last Run
-----------------------------------------------  -----  ---------  --------  ----------  --------------  -------------------
/opt/airflow/dags/dag_tp2a_pokemon_ingestion.py                           1           0  0.12s           2026-06-09T12:31:53
/opt/airflow/dags/dag_tp2_pokemon.py                                      1           0  0.12s           2026-06-09T12:31:53
================================================================================
[2026-06-09T12:32:52.490+0000] {manager.py:878} INFO - 
================================================================================
DAG File Processing Stats

File Path                                        PID    Runtime      # DAGs    # Errors  Last Runtime    Last Run
-----------------------------------------------  -----  ---------  --------  ----------  --------------  -------------------
/opt/airflow/dags/dag_tp2a_pokemon_ingestion.py                           1           0  0.13s           2026-06-09T12:32:23
/opt/airflow/dags/dag_tp2_pokemon.py                                      1           0  0.12s           2026-06-09T12:32:23
================================================================================
[2026-06-09T12:33:22.788+0000] {manager.py:878} INFO - 
================================================================================
DAG File Processing Stats

File Path                                        PID    Runtime      # DAGs    # Errors  Last Runtime    Last Run
-----------------------------------------------  -----  ---------  --------  ----------  --------------  -------------------
/opt/airflow/dags/dag_tp2a_pokemon_ingestion.py                           1           0  0.12s           2026-06-09T12:32:53
/opt/airflow/dags/dag_tp2_pokemon.py                                      1           0  0.12s           2026-06-09T12:32:53
================================================================================
[2026-06-09T12:33:53.085+0000] {manager.py:878} INFO - 
================================================================================
DAG File Processing Stats

File Path                                        PID    Runtime      # DAGs    # Errors  Last Runtime    Last Run
-----------------------------------------------  -----  ---------  --------  ----------  --------------  -------------------
/opt/airflow/dags/dag_tp2a_pokemon_ingestion.py                           1           0  0.12s           2026-06-09T12:33:23
/opt/airflow/dags/dag_tp2_pokemon.py                                      1           0  0.11s           2026-06-09T12:33:23
================================================================================
[2026-06-09T12:34:23.379+0000] {manager.py:878} INFO - 
================================================================================
DAG File Processing Stats

File Path                                        PID    Runtime      # DAGs    # Errors  Last Runtime    Last Run
-----------------------------------------------  -----  ---------  --------  ----------  --------------  -------------------
/opt/airflow/dags/dag_tp2a_pokemon_ingestion.py                           1           0  0.12s           2026-06-09T12:33:54
/opt/airflow/dags/dag_tp2_pokemon.py                                      1           0  0.12s           2026-06-09T12:33:54
================================================================================
[2026-06-09T12:34:53.683+0000] {manager.py:878} INFO - 
================================================================================
DAG File Processing Stats

File Path                                        PID    Runtime      # DAGs    # Errors  Last Runtime    Last Run
-----------------------------------------------  -----  ---------  --------  ----------  --------------  -------------------
/opt/airflow/dags/dag_tp2a_pokemon_ingestion.py                           1           0  0.13s           2026-06-09T12:34:24
/opt/airflow/dags/dag_tp2_pokemon.py                                      1           0  0.13s           2026-06-09T12:34:24
================================================================================
[2026-06-09T12:35:23.877+0000] {manager.py:878} INFO - 
================================================================================
DAG File Processing Stats

File Path                                        PID    Runtime      # DAGs    # Errors  Last Runtime    Last Run
-----------------------------------------------  -----  ---------  --------  ----------  --------------  -------------------
/opt/airflow/dags/dag_tp2a_pokemon_ingestion.py                           1           0  0.13s           2026-06-09T12:34:54
/opt/airflow/dags/dag_tp2_pokemon.py                                      1           0  0.12s           2026-06-09T12:34:54
================================================================================
[2026-06-09T12:35:54.172+0000] {manager.py:878} INFO - 
================================================================================
DAG File Processing Stats

File Path                                        PID    Runtime      # DAGs    # Errors  Last Runtime    Last Run
-----------------------------------------------  -----  ---------  --------  ----------  --------------  -------------------
/opt/airflow/dags/dag_tp2a_pokemon_ingestion.py                           1           0  0.12s           2026-06-09T12:35:25
/opt/airflow/dags/dag_tp2_pokemon.py                                      1           0  0.12s           2026-06-09T12:35:25
================================================================================
[2026-06-09T12:36:02.345+0000] {manager.py:737} INFO - Searching for files in /opt/airflow/dags
[2026-06-09T12:36:02.379+0000] {manager.py:740} INFO - There are 2 files in /opt/airflow/dags
[2026-06-09T12:36:24.508+0000] {manager.py:878} INFO - 
================================================================================
DAG File Processing Stats

File Path                                        PID    Runtime      # DAGs    # Errors  Last Runtime    Last Run
-----------------------------------------------  -----  ---------  --------  ----------  --------------  -------------------
/opt/airflow/dags/dag_tp2_pokemon.py                                      1           0  0.12s           2026-06-09T12:35:55
/opt/airflow/dags/dag_tp2a_pokemon_ingestion.py                           1           0  0.12s           2026-06-09T12:35:55
================================================================================
[2026-06-09T12:36:54.805+0000] {manager.py:878} INFO - 
================================================================================
DAG File Processing Stats

File Path                                        PID    Runtime      # DAGs    # Errors  Last Runtime    Last Run
-----------------------------------------------  -----  ---------  --------  ----------  --------------  -------------------
/opt/airflow/dags/dag_tp2a_pokemon_ingestion.py                           1           0  0.13s           2026-06-09T12:36:25
/opt/airflow/dags/dag_tp2_pokemon.py                                      1           0  0.12s           2026-06-09T12:36:25
================================================================================
[2026-06-09T12:37:25.104+0000] {manager.py:878} INFO - 
================================================================================
DAG File Processing Stats

File Path                                        PID    Runtime      # DAGs    # Errors  Last Runtime    Last Run
-----------------------------------------------  -----  ---------  --------  ----------  --------------  -------------------
/opt/airflow/dags/dag_tp2a_pokemon_ingestion.py                           1           0  0.12s           2026-06-09T12:36:55
/opt/airflow/dags/dag_tp2_pokemon.py                                      1           0  0.12s           2026-06-09T12:36:55
================================================================================
[2026-06-09T12:37:55.404+0000] {manager.py:878} INFO - 
================================================================================
DAG File Processing Stats

File Path                                        PID    Runtime      # DAGs    # Errors  Last Runtime    Last Run
-----------------------------------------------  -----  ---------  --------  ----------  --------------  -------------------
/opt/airflow/dags/dag_tp2a_pokemon_ingestion.py                           1           0  0.13s           2026-06-09T12:37:26
/opt/airflow/dags/dag_tp2_pokemon.py                                      1           0  0.12s           2026-06-09T12:37:26
================================================================================
[2026-06-09T12:38:25.700+0000] {manager.py:878} INFO - 
================================================================================
DAG File Processing Stats

File Path                                        PID    Runtime      # DAGs    # Errors  Last Runtime    Last Run
-----------------------------------------------  -----  ---------  --------  ----------  --------------  -------------------
/opt/airflow/dags/dag_tp2a_pokemon_ingestion.py                           1           0  0.12s           2026-06-09T12:37:56
/opt/airflow/dags/dag_tp2_pokemon.py                                      1           0  0.12s           2026-06-09T12:37:56
================================================================================
[2026-06-09T12:38:55.990+0000] {manager.py:878} INFO - 
================================================================================
DAG File Processing Stats

File Path                                        PID    Runtime      # DAGs    # Errors  Last Runtime    Last Run
-----------------------------------------------  -----  ---------  --------  ----------  --------------  -------------------
/opt/airflow/dags/dag_tp2a_pokemon_ingestion.py                           1           0  0.12s           2026-06-09T12:38:26
/opt/airflow/dags/dag_tp2_pokemon.py                                      1           0  0.12s           2026-06-09T12:38:26
================================================================================
[2026-06-09T12:39:26.294+0000] {manager.py:878} INFO - 
================================================================================
DAG File Processing Stats

File Path                                        PID    Runtime      # DAGs    # Errors  Last Runtime    Last Run
-----------------------------------------------  -----  ---------  --------  ----------  --------------  -------------------
/opt/airflow/dags/dag_tp2a_pokemon_ingestion.py                           1           0  0.13s           2026-06-09T12:38:57
/opt/airflow/dags/dag_tp2_pokemon.py                                      1           0  0.12s           2026-06-09T12:38:57
================================================================================
[2026-06-09T12:39:56.597+0000] {manager.py:878} INFO - 
================================================================================
DAG File Processing Stats

File Path                                        PID    Runtime      # DAGs    # Errors  Last Runtime    Last Run
-----------------------------------------------  -----  ---------  --------  ----------  --------------  -------------------
/opt/airflow/dags/dag_tp2a_pokemon_ingestion.py                           1           0  0.13s           2026-06-09T12:39:27
/opt/airflow/dags/dag_tp2_pokemon.py                                      1           0  0.13s           2026-06-09T12:39:27
================================================================================
[2026-06-09T12:40:26.895+0000] {manager.py:878} INFO - 
================================================================================
DAG File Processing Stats

File Path                                        PID    Runtime      # DAGs    # Errors  Last Runtime    Last Run
-----------------------------------------------  -----  ---------  --------  ----------  --------------  -------------------
/opt/airflow/dags/dag_tp2a_pokemon_ingestion.py                           1           0  0.12s           2026-06-09T12:39:57
/opt/airflow/dags/dag_tp2_pokemon.py                                      1           0  0.12s           2026-06-09T12:39:57
================================================================================
[2026-06-09T12:40:57.086+0000] {manager.py:878} INFO - 
================================================================================
DAG File Processing Stats

File Path                                        PID    Runtime      # DAGs    # Errors  Last Runtime    Last Run
-----------------------------------------------  -----  ---------  --------  ----------  --------------  -------------------
/opt/airflow/dags/dag_tp2a_pokemon_ingestion.py                           1           0  0.12s           2026-06-09T12:40:28
/opt/airflow/dags/dag_tp2_pokemon.py                                      1           0  0.11s           2026-06-09T12:40:28
================================================================================
[2026-06-09T12:41:03.245+0000] {manager.py:737} INFO - Searching for files in /opt/airflow/dags
[2026-06-09T12:41:03.279+0000] {manager.py:740} INFO - There are 2 files in /opt/airflow/dags
[2026-06-09T12:41:27.417+0000] {manager.py:878} INFO - 
================================================================================
DAG File Processing Stats

File Path                                        PID    Runtime      # DAGs    # Errors  Last Runtime    Last Run
-----------------------------------------------  -----  ---------  --------  ----------  --------------  -------------------
/opt/airflow/dags/dag_tp2a_pokemon_ingestion.py                           1           0  0.12s           2026-06-09T12:40:58
/opt/airflow/dags/dag_tp2_pokemon.py                                      1           0  0.11s           2026-06-09T12:40:58
================================================================================
[2026-06-09T12:41:57.608+0000] {manager.py:878} INFO - 
================================================================================
DAG File Processing Stats

File Path                                        PID    Runtime      # DAGs    # Errors  Last Runtime    Last Run
-----------------------------------------------  -----  ---------  --------  ----------  --------------  -------------------
/opt/airflow/dags/dag_tp2a_pokemon_ingestion.py                           1           0  0.13s           2026-06-09T12:41:28
/opt/airflow/dags/dag_tp2_pokemon.py                                      1           0  0.12s           2026-06-09T12:41:28
================================================================================
[2026-06-09T12:42:27.902+0000] {manager.py:878} INFO - 
================================================================================
DAG File Processing Stats

File Path                                        PID    Runtime      # DAGs    # Errors  Last Runtime    Last Run
-----------------------------------------------  -----  ---------  --------  ----------  --------------  -------------------
/opt/airflow/dags/dag_tp2_pokemon.py                                      1           0  0.12s           2026-06-09T12:41:58
/opt/airflow/dags/dag_tp2a_pokemon_ingestion.py                           1           0  0.12s           2026-06-09T12:41:58
================================================================================
[2026-06-09T12:42:58.092+0000] {manager.py:878} INFO - 
================================================================================
DAG File Processing Stats

File Path                                        PID    Runtime      # DAGs    # Errors  Last Runtime    Last Run
-----------------------------------------------  -----  ---------  --------  ----------  --------------  -------------------
/opt/airflow/dags/dag_tp2a_pokemon_ingestion.py                           1           0  0.13s           2026-06-09T12:42:29
/opt/airflow/dags/dag_tp2_pokemon.py                                      1           0  0.12s           2026-06-09T12:42:29
================================================================================
[2026-06-09T12:43:28.386+0000] {manager.py:878} INFO - 
================================================================================
DAG File Processing Stats

File Path                                        PID    Runtime      # DAGs    # Errors  Last Runtime    Last Run
-----------------------------------------------  -----  ---------  --------  ----------  --------------  -------------------
/opt/airflow/dags/dag_tp2_pokemon.py                                      1           0  0.12s           2026-06-09T12:42:59
/opt/airflow/dags/dag_tp2a_pokemon_ingestion.py                           1           0  0.12s           2026-06-09T12:42:59
================================================================================
[2026-06-09T12:43:58.678+0000] {manager.py:878} INFO - 
================================================================================
DAG File Processing Stats

File Path                                        PID    Runtime      # DAGs    # Errors  Last Runtime    Last Run
-----------------------------------------------  -----  ---------  --------  ----------  --------------  -------------------
/opt/airflow/dags/dag_tp2a_pokemon_ingestion.py                           1           0  0.12s           2026-06-09T12:43:29
/opt/airflow/dags/dag_tp2_pokemon.py                                      1           0  0.12s           2026-06-09T12:43:29
================================================================================
[2026-06-09T12:44:28.977+0000] {manager.py:878} INFO - 
================================================================================
DAG File Processing Stats

File Path                                        PID    Runtime      # DAGs    # Errors  Last Runtime    Last Run
-----------------------------------------------  -----  ---------  --------  ----------  --------------  -------------------
/opt/airflow/dags/dag_tp2a_pokemon_ingestion.py                           1           0  0.12s           2026-06-09T12:43:59
/opt/airflow/dags/dag_tp2_pokemon.py                                      1           0  0.12s           2026-06-09T12:43:59
================================================================================
[2026-06-09T12:44:59.278+0000] {manager.py:878} INFO - 
================================================================================
DAG File Processing Stats

File Path                                        PID    Runtime      # DAGs    # Errors  Last Runtime    Last Run
-----------------------------------------------  -----  ---------  --------  ----------  --------------  -------------------
/opt/airflow/dags/dag_tp2_pokemon.py                                      1           0  0.13s           2026-06-09T12:44:30
/opt/airflow/dags/dag_tp2a_pokemon_ingestion.py                           1           0  0.13s           2026-06-09T12:44:30
================================================================================
[2026-06-09T12:45:29.578+0000] {manager.py:878} INFO - 
================================================================================
DAG File Processing Stats

File Path                                        PID    Runtime      # DAGs    # Errors  Last Runtime    Last Run
-----------------------------------------------  -----  ---------  --------  ----------  --------------  -------------------
/opt/airflow/dags/dag_tp2a_pokemon_ingestion.py                           1           0  0.12s           2026-06-09T12:45:00
/opt/airflow/dags/dag_tp2_pokemon.py                                      1           0  0.11s           2026-06-09T12:45:00
================================================================================
[2026-06-09T12:45:59.766+0000] {manager.py:878} INFO - 
================================================================================
DAG File Processing Stats

File Path                                        PID    Runtime      # DAGs    # Errors  Last Runtime    Last Run
-----------------------------------------------  -----  ---------  --------  ----------  --------------  -------------------
/opt/airflow/dags/dag_tp2a_pokemon_ingestion.py                           1           0  0.12s           2026-06-09T12:45:30
/opt/airflow/dags/dag_tp2_pokemon.py                                      1           0  0.12s           2026-06-09T12:45:30
================================================================================
[2026-06-09T12:46:03.938+0000] {manager.py:737} INFO - Searching for files in /opt/airflow/dags
[2026-06-09T12:46:03.968+0000] {manager.py:740} INFO - There are 2 files in /opt/airflow/dags
[2026-06-09T12:46:30.123+0000] {manager.py:878} INFO - 
================================================================================
DAG File Processing Stats

File Path                                        PID    Runtime      # DAGs    # Errors  Last Runtime    Last Run
-----------------------------------------------  -----  ---------  --------  ----------  --------------  -------------------
/opt/airflow/dags/dag_tp2_pokemon.py                                      1           0  0.14s           2026-06-09T12:46:00
/opt/airflow/dags/dag_tp2a_pokemon_ingestion.py                           1           0  0.14s           2026-06-09T12:46:00
================================================================================
[2026-06-09T12:47:00.446+0000] {manager.py:878} INFO - 
================================================================================
DAG File Processing Stats

File Path                                        PID    Runtime      # DAGs    # Errors  Last Runtime    Last Run
-----------------------------------------------  -----  ---------  --------  ----------  --------------  -------------------
/opt/airflow/dags/dag_tp2a_pokemon_ingestion.py                           1           0  0.14s           2026-06-09T12:46:31
/opt/airflow/dags/dag_tp2_pokemon.py                                      1           0  0.13s           2026-06-09T12:46:31
================================================================================
[2026-06-09T12:47:30.656+0000] {manager.py:878} INFO - 
================================================================================
DAG File Processing Stats

File Path                                        PID    Runtime      # DAGs    # Errors  Last Runtime    Last Run
-----------------------------------------------  -----  ---------  --------  ----------  --------------  -------------------
/opt/airflow/dags/dag_tp2a_pokemon_ingestion.py                           1           0  0.16s           2026-06-09T12:47:01
/opt/airflow/dags/dag_tp2_pokemon.py                                      1           0  0.14s           2026-06-09T12:47:01
================================================================================
[2026-06-09T12:48:00.966+0000] {manager.py:878} INFO - 
================================================================================
DAG File Processing Stats

File Path                                        PID    Runtime      # DAGs    # Errors  Last Runtime    Last Run
-----------------------------------------------  -----  ---------  --------  ----------  --------------  -------------------
/opt/airflow/dags/dag_tp2_pokemon.py                                      1           0  0.12s           2026-06-09T12:47:31
/opt/airflow/dags/dag_tp2a_pokemon_ingestion.py                           1           0  0.12s           2026-06-09T12:47:31
================================================================================
[2026-06-09T12:48:31.165+0000] {manager.py:878} INFO - 
================================================================================
DAG File Processing Stats

File Path                                        PID    Runtime      # DAGs    # Errors  Last Runtime    Last Run
-----------------------------------------------  -----  ---------  --------  ----------  --------------  -------------------
/opt/airflow/dags/dag_tp2a_pokemon_ingestion.py                           1           0  0.14s           2026-06-09T12:48:02
/opt/airflow/dags/dag_tp2_pokemon.py                                      1           0  0.13s           2026-06-09T12:48:02
================================================================================
[2026-06-09T12:49:01.467+0000] {manager.py:878} INFO - 
================================================================================
DAG File Processing Stats

File Path                                        PID    Runtime      # DAGs    # Errors  Last Runtime    Last Run
-----------------------------------------------  -----  ---------  --------  ----------  --------------  -------------------
/opt/airflow/dags/dag_tp2a_pokemon_ingestion.py                           1           0  0.13s           2026-06-09T12:48:32
/opt/airflow/dags/dag_tp2_pokemon.py                                      1           0  0.12s           2026-06-09T12:48:32
================================================================================
[2026-06-09T12:49:31.797+0000] {manager.py:878} INFO - 
================================================================================
DAG File Processing Stats

File Path                                        PID    Runtime      # DAGs    # Errors  Last Runtime    Last Run
-----------------------------------------------  -----  ---------  --------  ----------  --------------  -------------------
/opt/airflow/dags/dag_tp2a_pokemon_ingestion.py                           1           0  0.13s           2026-06-09T12:49:02
/opt/airflow/dags/dag_tp2_pokemon.py                                      1           0  0.12s           2026-06-09T12:49:02
================================================================================
[2026-06-09T12:50:02.099+0000] {manager.py:878} INFO - 
================================================================================
DAG File Processing Stats

File Path                                        PID    Runtime      # DAGs    # Errors  Last Runtime    Last Run
-----------------------------------------------  -----  ---------  --------  ----------  --------------  -------------------
/opt/airflow/dags/dag_tp2a_pokemon_ingestion.py                           1           0  0.13s           2026-06-09T12:49:32
/opt/airflow/dags/dag_tp2_pokemon.py                                      1           0  0.12s           2026-06-09T12:49:32
================================================================================
[2026-06-09T12:50:32.391+0000] {manager.py:878} INFO - 
================================================================================
DAG File Processing Stats

File Path                                        PID    Runtime      # DAGs    # Errors  Last Runtime    Last Run
-----------------------------------------------  -----  ---------  --------  ----------  --------------  -------------------
/opt/airflow/dags/dag_tp2a_pokemon_ingestion.py                           1           0  0.12s           2026-06-09T12:50:03
/opt/airflow/dags/dag_tp2_pokemon.py                                      1           0  0.12s           2026-06-09T12:50:03
================================================================================
[2026-06-09T12:51:02.585+0000] {manager.py:878} INFO - 
================================================================================
DAG File Processing Stats

File Path                                        PID    Runtime      # DAGs    # Errors  Last Runtime    Last Run
-----------------------------------------------  -----  ---------  --------  ----------  --------------  -------------------
/opt/airflow/dags/dag_tp2a_pokemon_ingestion.py                           1           0  0.13s           2026-06-09T12:50:33
/opt/airflow/dags/dag_tp2_pokemon.py                                      1           0  0.12s           2026-06-09T12:50:33
================================================================================
[2026-06-09T12:51:04.728+0000] {manager.py:737} INFO - Searching for files in /opt/airflow/dags
[2026-06-09T12:51:04.763+0000] {manager.py:740} INFO - There are 2 files in /opt/airflow/dags
[2026-06-09T12:51:32.930+0000] {manager.py:878} INFO - 
================================================================================
DAG File Processing Stats

File Path                                        PID    Runtime      # DAGs    # Errors  Last Runtime    Last Run
-----------------------------------------------  -----  ---------  --------  ----------  --------------  -------------------
/opt/airflow/dags/dag_tp2a_pokemon_ingestion.py                           1           0  0.12s           2026-06-09T12:51:03
/opt/airflow/dags/dag_tp2_pokemon.py                                      1           0  0.12s           2026-06-09T12:51:03
================================================================================
[2026-06-09T12:52:03.233+0000] {manager.py:878} INFO - 
================================================================================
DAG File Processing Stats

File Path                                        PID    Runtime      # DAGs    # Errors  Last Runtime    Last Run
-----------------------------------------------  -----  ---------  --------  ----------  --------------  -------------------
/opt/airflow/dags/dag_tp2a_pokemon_ingestion.py                           1           0  0.13s           2026-06-09T12:51:34
/opt/airflow/dags/dag_tp2_pokemon.py                                      1           0  0.12s           2026-06-09T12:51:34
================================================================================
[2026-06-09T12:52:33.534+0000] {manager.py:878} INFO - 
================================================================================
DAG File Processing Stats

File Path                                        PID    Runtime      # DAGs    # Errors  Last Runtime    Last Run
-----------------------------------------------  -----  ---------  --------  ----------  --------------  -------------------
/opt/airflow/dags/dag_tp2_pokemon.py                                      1           0  0.12s           2026-06-09T12:52:04
/opt/airflow/dags/dag_tp2a_pokemon_ingestion.py                           1           0  0.12s           2026-06-09T12:52:04
================================================================================
[2026-06-09T12:53:03.825+0000] {manager.py:878} INFO - 
================================================================================
DAG File Processing Stats

File Path                                        PID    Runtime      # DAGs    # Errors  Last Runtime    Last Run
-----------------------------------------------  -----  ---------  --------  ----------  --------------  -------------------
/opt/airflow/dags/dag_tp2a_pokemon_ingestion.py                           1           0  0.12s           2026-06-09T12:52:34
/opt/airflow/dags/dag_tp2_pokemon.py                                      1           0  0.11s           2026-06-09T12:52:34
================================================================================
[2026-06-09T12:53:34.130+0000] {manager.py:878} INFO - 
================================================================================
DAG File Processing Stats

File Path                                        PID    Runtime      # DAGs    # Errors  Last Runtime    Last Run
-----------------------------------------------  -----  ---------  --------  ----------  --------------  -------------------
/opt/airflow/dags/dag_tp2a_pokemon_ingestion.py                           1           0  0.13s           2026-06-09T12:53:04
/opt/airflow/dags/dag_tp2_pokemon.py                                      1           0  0.12s           2026-06-09T12:53:04
================================================================================
[2026-06-09T12:54:04.432+0000] {manager.py:878} INFO - 
================================================================================
DAG File Processing Stats

File Path                                        PID    Runtime      # DAGs    # Errors  Last Runtime    Last Run
-----------------------------------------------  -----  ---------  --------  ----------  --------------  -------------------
/opt/airflow/dags/dag_tp2a_pokemon_ingestion.py                           1           0  0.13s           2026-06-09T12:53:35
/opt/airflow/dags/dag_tp2_pokemon.py                                      1           0  0.12s           2026-06-09T12:53:35
================================================================================
[2026-06-09T12:54:34.736+0000] {manager.py:878} INFO - 
================================================================================
DAG File Processing Stats

File Path                                        PID    Runtime      # DAGs    # Errors  Last Runtime    Last Run
-----------------------------------------------  -----  ---------  --------  ----------  --------------  -------------------
/opt/airflow/dags/dag_tp2a_pokemon_ingestion.py                           1           0  0.12s           2026-06-09T12:54:05
/opt/airflow/dags/dag_tp2_pokemon.py                                      1           0  0.12s           2026-06-09T12:54:05
================================================================================
[2026-06-09T12:55:05.039+0000] {manager.py:878} INFO - 
================================================================================
DAG File Processing Stats

File Path                                        PID    Runtime      # DAGs    # Errors  Last Runtime    Last Run
-----------------------------------------------  -----  ---------  --------  ----------  --------------  -------------------
/opt/airflow/dags/dag_tp2a_pokemon_ingestion.py                           1           0  0.13s           2026-06-09T12:54:35
/opt/airflow/dags/dag_tp2_pokemon.py                                      1           0  0.12s           2026-06-09T12:54:35
================================================================================
[2026-06-09T12:55:35.234+0000] {manager.py:878} INFO - 
================================================================================
DAG File Processing Stats

File Path                                        PID    Runtime      # DAGs    # Errors  Last Runtime    Last Run
-----------------------------------------------  -----  ---------  --------  ----------  --------------  -------------------
/opt/airflow/dags/dag_tp2a_pokemon_ingestion.py                           1           0  0.13s           2026-06-09T12:55:06
/opt/airflow/dags/dag_tp2_pokemon.py                                      1           0  0.12s           2026-06-09T12:55:06
================================================================================
[2026-06-09T12:56:05.539+0000] {manager.py:737} INFO - Searching for files in /opt/airflow/dags
[2026-06-09T12:56:05.574+0000] {manager.py:740} INFO - There are 2 files in /opt/airflow/dags
[2026-06-09T12:56:05.588+0000] {manager.py:878} INFO - 
================================================================================
DAG File Processing Stats

File Path                                        PID    Runtime      # DAGs    # Errors  Last Runtime    Last Run
-----------------------------------------------  -----  ---------  --------  ----------  --------------  -------------------
/opt/airflow/dags/dag_tp2a_pokemon_ingestion.py                           1           0  0.12s           2026-06-09T12:55:36
/opt/airflow/dags/dag_tp2_pokemon.py                                      1           0  0.12s           2026-06-09T12:55:36
================================================================================
[2026-06-09T12:56:35.884+0000] {manager.py:878} INFO - 
================================================================================
DAG File Processing Stats

File Path                                        PID    Runtime      # DAGs    # Errors  Last Runtime    Last Run
-----------------------------------------------  -----  ---------  --------  ----------  --------------  -------------------
/opt/airflow/dags/dag_tp2a_pokemon_ingestion.py                           1           0  0.12s           2026-06-09T12:56:06
/opt/airflow/dags/dag_tp2_pokemon.py                                      1           0  0.11s           2026-06-09T12:56:06
================================================================================
[2026-06-09T12:57:06.080+0000] {manager.py:878} INFO - 
================================================================================
DAG File Processing Stats

File Path                                        PID    Runtime      # DAGs    # Errors  Last Runtime    Last Run
-----------------------------------------------  -----  ---------  --------  ----------  --------------  -------------------
/opt/airflow/dags/dag_tp2a_pokemon_ingestion.py                           1           0  0.13s           2026-06-09T12:56:37
/opt/airflow/dags/dag_tp2_pokemon.py                                      1           0  0.12s           2026-06-09T12:56:37
================================================================================
[2026-06-09T12:57:36.380+0000] {manager.py:878} INFO - 
================================================================================
DAG File Processing Stats

File Path                                        PID    Runtime      # DAGs    # Errors  Last Runtime    Last Run
-----------------------------------------------  -----  ---------  --------  ----------  --------------  -------------------
/opt/airflow/dags/dag_tp2a_pokemon_ingestion.py                           1           0  0.12s           2026-06-09T12:57:07
/opt/airflow/dags/dag_tp2_pokemon.py                                      1           0  0.12s           2026-06-09T12:57:07
================================================================================
[2026-06-09T12:58:06.575+0000] {manager.py:878} INFO - 
================================================================================
DAG File Processing Stats

File Path                                        PID    Runtime      # DAGs    # Errors  Last Runtime    Last Run
-----------------------------------------------  -----  ---------  --------  ----------  --------------  -------------------
/opt/airflow/dags/dag_tp2a_pokemon_ingestion.py                           1           0  0.13s           2026-06-09T12:57:37
/opt/airflow/dags/dag_tp2_pokemon.py                                      1           0  0.11s           2026-06-09T12:57:37
================================================================================
[2026-06-09T12:58:36.821+0000] {manager.py:878} INFO - 
================================================================================
DAG File Processing Stats

File Path                                        PID    Runtime      # DAGs    # Errors  Last Runtime    Last Run
-----------------------------------------------  -----  ---------  --------  ----------  --------------  -------------------
/opt/airflow/dags/dag_tp2a_pokemon_ingestion.py                           1           0  0.12s           2026-06-09T12:58:07
/opt/airflow/dags/dag_tp2_pokemon.py                                      1           0  0.12s           2026-06-09T12:58:07
================================================================================
[2026-06-09T12:59:07.019+0000] {manager.py:878} INFO - 
================================================================================
DAG File Processing Stats

File Path                                        PID    Runtime      # DAGs    # Errors  Last Runtime    Last Run
-----------------------------------------------  -----  ---------  --------  ----------  --------------  -------------------
/opt/airflow/dags/dag_tp2a_pokemon_ingestion.py                           1           0  0.13s           2026-06-09T12:58:37
/opt/airflow/dags/dag_tp2_pokemon.py                                      1           0  0.12s           2026-06-09T12:58:37
================================================================================
[2026-06-09T12:59:37.327+0000] {manager.py:878} INFO - 
================================================================================
DAG File Processing Stats

File Path                                        PID    Runtime      # DAGs    # Errors  Last Runtime    Last Run
-----------------------------------------------  -----  ---------  --------  ----------  --------------  -------------------
/opt/airflow/dags/dag_tp2a_pokemon_ingestion.py                           1           0  0.13s           2026-06-09T12:59:08
/opt/airflow/dags/dag_tp2_pokemon.py                                      1           0  0.12s           2026-06-09T12:59:08
================================================================================
[2026-06-09T13:00:07.627+0000] {manager.py:878} INFO - 
================================================================================
DAG File Processing Stats

File Path                                        PID    Runtime      # DAGs    # Errors  Last Runtime    Last Run
-----------------------------------------------  -----  ---------  --------  ----------  --------------  -------------------
/opt/airflow/dags/dag_tp2a_pokemon_ingestion.py                           1           0  0.13s           2026-06-09T12:59:38
/opt/airflow/dags/dag_tp2_pokemon.py                                      1           0  0.12s           2026-06-09T12:59:38
================================================================================
[2026-06-09T13:00:37.924+0000] {manager.py:878} INFO - 
================================================================================
DAG File Processing Stats

File Path                                        PID    Runtime      # DAGs    # Errors  Last Runtime    Last Run
-----------------------------------------------  -----  ---------  --------  ----------  --------------  -------------------
/opt/airflow/dags/dag_tp2a_pokemon_ingestion.py                           1           0  0.12s           2026-06-09T13:00:08
/opt/airflow/dags/dag_tp2_pokemon.py                                      1           0  0.12s           2026-06-09T13:00:08
================================================================================
[2026-06-09T13:01:06.105+0000] {manager.py:737} INFO - Searching for files in /opt/airflow/dags
[2026-06-09T13:01:06.137+0000] {manager.py:740} INFO - There are 2 files in /opt/airflow/dags
[2026-06-09T13:01:08.158+0000] {manager.py:878} INFO - 
================================================================================
DAG File Processing Stats

File Path                                        PID    Runtime      # DAGs    # Errors  Last Runtime    Last Run
-----------------------------------------------  -----  ---------  --------  ----------  --------------  -------------------
/opt/airflow/dags/dag_tp2a_pokemon_ingestion.py                           1           0  0.12s           2026-06-09T13:00:39
/opt/airflow/dags/dag_tp2_pokemon.py                                      1           0  0.11s           2026-06-09T13:00:39
================================================================================
[2026-06-09T13:01:38.459+0000] {manager.py:878} INFO - 
================================================================================
DAG File Processing Stats

File Path                                        PID    Runtime      # DAGs    # Errors  Last Runtime    Last Run
-----------------------------------------------  -----  ---------  --------  ----------  --------------  -------------------
/opt/airflow/dags/dag_tp2a_pokemon_ingestion.py                           1           0  0.12s           2026-06-09T13:01:09
/opt/airflow/dags/dag_tp2_pokemon.py                                      1           0  0.12s           2026-06-09T13:01:09
================================================================================
[2026-06-09T13:02:08.759+0000] {manager.py:878} INFO - 
================================================================================
DAG File Processing Stats

File Path                                        PID    Runtime      # DAGs    # Errors  Last Runtime    Last Run
-----------------------------------------------  -----  ---------  --------  ----------  --------------  -------------------
/opt/airflow/dags/dag_tp2a_pokemon_ingestion.py                           1           0  0.12s           2026-06-09T13:01:39
/opt/airflow/dags/dag_tp2_pokemon.py                                      1           0  0.12s           2026-06-09T13:01:39
================================================================================
[2026-06-09T13:02:38.957+0000] {manager.py:878} INFO - 
================================================================================
DAG File Processing Stats

File Path                                        PID    Runtime      # DAGs    # Errors  Last Runtime    Last Run
-----------------------------------------------  -----  ---------  --------  ----------  --------------  -------------------
/opt/airflow/dags/dag_tp2a_pokemon_ingestion.py                           1           0  0.14s           2026-06-09T13:02:09
/opt/airflow/dags/dag_tp2_pokemon.py                                      1           0  0.12s           2026-06-09T13:02:09
================================================================================
[2026-06-09T13:03:09.206+0000] {manager.py:878} INFO - 
================================================================================
DAG File Processing Stats

File Path                                        PID    Runtime      # DAGs    # Errors  Last Runtime    Last Run
-----------------------------------------------  -----  ---------  --------  ----------  --------------  -------------------
/opt/airflow/dags/dag_tp2a_pokemon_ingestion.py                           1           0  0.13s           2026-06-09T13:02:40
/opt/airflow/dags/dag_tp2_pokemon.py                                      1           0  0.12s           2026-06-09T13:02:40
================================================================================
[2026-06-09T13:03:39.499+0000] {manager.py:878} INFO - 
================================================================================
DAG File Processing Stats

File Path                                        PID    Runtime      # DAGs    # Errors  Last Runtime    Last Run
-----------------------------------------------  -----  ---------  --------  ----------  --------------  -------------------
/opt/airflow/dags/dag_tp2a_pokemon_ingestion.py                           1           0  0.12s           2026-06-09T13:03:10
/opt/airflow/dags/dag_tp2_pokemon.py                                      1           0  0.12s           2026-06-09T13:03:10
================================================================================
[2026-06-09T13:04:09.793+0000] {manager.py:878} INFO - 
================================================================================
DAG File Processing Stats

File Path                                        PID    Runtime      # DAGs    # Errors  Last Runtime    Last Run
-----------------------------------------------  -----  ---------  --------  ----------  --------------  -------------------
/opt/airflow/dags/dag_tp2a_pokemon_ingestion.py                           1           0  0.12s           2026-06-09T13:03:40
/opt/airflow/dags/dag_tp2_pokemon.py                                      1           0  0.12s           2026-06-09T13:03:40
================================================================================
[2026-06-09T13:04:40.115+0000] {manager.py:878} INFO - 
================================================================================
DAG File Processing Stats

File Path                                        PID    Runtime      # DAGs    # Errors  Last Runtime    Last Run
-----------------------------------------------  -----  ---------  --------  ----------  --------------  -------------------
/opt/airflow/dags/dag_tp2a_pokemon_ingestion.py                           1           0  0.12s           2026-06-09T13:04:10
/opt/airflow/dags/dag_tp2_pokemon.py                                      1           0  0.12s           2026-06-09T13:04:10
================================================================================
[2026-06-09T13:05:10.434+0000] {manager.py:878} INFO - 
================================================================================
DAG File Processing Stats

File Path                                        PID    Runtime      # DAGs    # Errors  Last Runtime    Last Run
-----------------------------------------------  -----  ---------  --------  ----------  --------------  -------------------
/opt/airflow/dags/dag_tp2a_pokemon_ingestion.py                           1           0  0.13s           2026-06-09T13:04:41
/opt/airflow/dags/dag_tp2_pokemon.py                                      1           0  0.12s           2026-06-09T13:04:41
================================================================================
[2026-06-09T13:05:40.834+0000] {manager.py:878} INFO - 
================================================================================
DAG File Processing Stats

File Path                                        PID    Runtime      # DAGs    # Errors  Last Runtime    Last Run
-----------------------------------------------  -----  ---------  --------  ----------  --------------  -------------------
/opt/airflow/dags/dag_tp2_pokemon.py                                      1           0  0.22s           2026-06-09T13:05:11
/opt/airflow/dags/dag_tp2a_pokemon_ingestion.py                           1           0  0.20s           2026-06-09T13:05:11
================================================================================
[2026-06-09T13:06:06.165+0000] {manager.py:737} INFO - Searching for files in /opt/airflow/dags
[2026-06-09T13:06:06.202+0000] {manager.py:740} INFO - There are 2 files in /opt/airflow/dags
[2026-06-09T13:06:11.246+0000] {manager.py:878} INFO - 
================================================================================
DAG File Processing Stats

File Path                                        PID    Runtime      # DAGs    # Errors  Last Runtime    Last Run
-----------------------------------------------  -----  ---------  --------  ----------  --------------  -------------------
/opt/airflow/dags/dag_tp2a_pokemon_ingestion.py                           1           0  0.16s           2026-06-09T13:05:42
/opt/airflow/dags/dag_tp2_pokemon.py                                      1           0  0.15s           2026-06-09T13:05:42
================================================================================
[2026-06-09T13:06:41.552+0000] {manager.py:878} INFO - 
================================================================================
DAG File Processing Stats

File Path                                        PID    Runtime      # DAGs    # Errors  Last Runtime    Last Run
-----------------------------------------------  -----  ---------  --------  ----------  --------------  -------------------
/opt/airflow/dags/dag_tp2a_pokemon_ingestion.py                           1           0  0.13s           2026-06-09T13:06:12
/opt/airflow/dags/dag_tp2_pokemon.py                                      1           0  0.12s           2026-06-09T13:06:12
================================================================================
[2026-06-09T13:07:11.824+0000] {manager.py:878} INFO - 
================================================================================
DAG File Processing Stats

File Path                                        PID    Runtime      # DAGs    # Errors  Last Runtime    Last Run
-----------------------------------------------  -----  ---------  --------  ----------  --------------  -------------------
/opt/airflow/dags/dag_tp2_pokemon.py                                      1           0  0.11s           2026-06-09T13:06:42
/opt/airflow/dags/dag_tp2a_pokemon_ingestion.py                           1           0  0.11s           2026-06-09T13:06:42
================================================================================
[2026-06-09T13:07:42.229+0000] {manager.py:878} INFO - 
================================================================================
DAG File Processing Stats

File Path                                        PID    Runtime      # DAGs    # Errors  Last Runtime    Last Run
-----------------------------------------------  -----  ---------  --------  ----------  --------------  -------------------
/opt/airflow/dags/dag_tp2a_pokemon_ingestion.py                           1           0  0.18s           2026-06-09T13:07:13
/opt/airflow/dags/dag_tp2_pokemon.py                                      1           0  0.17s           2026-06-09T13:07:13
================================================================================
[2026-06-09T13:08:12.567+0000] {manager.py:878} INFO - 
================================================================================
DAG File Processing Stats

File Path                                        PID    Runtime      # DAGs    # Errors  Last Runtime    Last Run
-----------------------------------------------  -----  ---------  --------  ----------  --------------  -------------------
/opt/airflow/dags/dag_tp2a_pokemon_ingestion.py                           1           0  0.14s           2026-06-09T13:07:43
/opt/airflow/dags/dag_tp2_pokemon.py                                      1           0  0.14s           2026-06-09T13:07:43
================================================================================
[2026-06-09T13:08:43.355+0000] {manager.py:878} INFO - 
================================================================================
DAG File Processing Stats

File Path                                        PID    Runtime      # DAGs    # Errors  Last Runtime    Last Run
-----------------------------------------------  -----  ---------  --------  ----------  --------------  -------------------
/opt/airflow/dags/dag_tp2a_pokemon_ingestion.py                           1           0  0.14s           2026-06-09T13:08:13
/opt/airflow/dags/dag_tp2_pokemon.py                                      1           0  0.13s           2026-06-09T13:08:13
================================================================================
[2026-06-09T13:09:13.718+0000] {manager.py:878} INFO - 
================================================================================
DAG File Processing Stats

File Path                                        PID    Runtime      # DAGs    # Errors  Last Runtime    Last Run
-----------------------------------------------  -----  ---------  --------  ----------  --------------  -------------------
/opt/airflow/dags/dag_tp2a_pokemon_ingestion.py                           1           0  0.21s           2026-06-09T13:08:44
/opt/airflow/dags/dag_tp2_pokemon.py                                      1           0  0.20s           2026-06-09T13:08:44
================================================================================
[2026-06-09T13:09:43.816+0000] {manager.py:878} INFO - 
================================================================================
DAG File Processing Stats

File Path                                        PID    Runtime      # DAGs    # Errors  Last Runtime    Last Run
-----------------------------------------------  -----  ---------  --------  ----------  --------------  -------------------
/opt/airflow/dags/dag_tp2a_pokemon_ingestion.py                           1           0  0.16s           2026-06-09T13:09:14
/opt/airflow/dags/dag_tp2_pokemon.py                                      1           0  0.16s           2026-06-09T13:09:14
================================================================================
[2026-06-09T13:10:14.080+0000] {manager.py:878} INFO - 
================================================================================
DAG File Processing Stats

File Path                                        PID    Runtime      # DAGs    # Errors  Last Runtime    Last Run
-----------------------------------------------  -----  ---------  --------  ----------  --------------  -------------------
/opt/airflow/dags/dag_tp2a_pokemon_ingestion.py                           1           0  0.69s           2026-06-09T13:09:45
/opt/airflow/dags/dag_tp2_pokemon.py                                      1           0  0.68s           2026-06-09T13:09:45
================================================================================
[2026-06-09T13:10:44.707+0000] {manager.py:878} INFO - 
================================================================================
DAG File Processing Stats

File Path                                        PID    Runtime      # DAGs    # Errors  Last Runtime    Last Run
-----------------------------------------------  -----  ---------  --------  ----------  --------------  -------------------
/opt/airflow/dags/dag_tp2a_pokemon_ingestion.py                           1           0  0.14s           2026-06-09T13:10:16
/opt/airflow/dags/dag_tp2_pokemon.py                                      1           0  0.13s           2026-06-09T13:10:16
================================================================================
[2026-06-09T13:11:06.297+0000] {manager.py:737} INFO - Searching for files in /opt/airflow/dags
[2026-06-09T13:11:06.331+0000] {manager.py:740} INFO - There are 2 files in /opt/airflow/dags
[2026-06-09T13:11:15.392+0000] {manager.py:878} INFO - 
================================================================================
DAG File Processing Stats

File Path                                        PID    Runtime      # DAGs    # Errors  Last Runtime    Last Run
-----------------------------------------------  -----  ---------  --------  ----------  --------------  -------------------
/opt/airflow/dags/dag_tp2a_pokemon_ingestion.py                           1           0  0.23s           2026-06-09T13:10:46
/opt/airflow/dags/dag_tp2_pokemon.py                                      1           0  0.22s           2026-06-09T13:10:46
================================================================================
[2026-06-09T13:11:45.421+0000] {manager.py:878} INFO - 
================================================================================
DAG File Processing Stats

File Path                                        PID    Runtime      # DAGs    # Errors  Last Runtime    Last Run
-----------------------------------------------  -----  ---------  --------  ----------  --------------  -------------------
/opt/airflow/dags/dag_tp2a_pokemon_ingestion.py                           1           0  0.12s           2026-06-09T13:11:17
/opt/airflow/dags/dag_tp2_pokemon.py                                      1           0  0.12s           2026-06-09T13:11:17
================================================================================
[2026-06-09T13:12:15.518+0000] {manager.py:878} INFO - 
================================================================================
DAG File Processing Stats

File Path                                        PID    Runtime      # DAGs    # Errors  Last Runtime    Last Run
-----------------------------------------------  -----  ---------  --------  ----------  --------------  -------------------
/opt/airflow/dags/dag_tp2a_pokemon_ingestion.py                           1           0  0.12s           2026-06-09T13:11:48
/opt/airflow/dags/dag_tp2_pokemon.py                                      1           0  0.11s           2026-06-09T13:11:48
================================================================================
[2026-06-09T13:12:46.028+0000] {manager.py:878} INFO - 
================================================================================
DAG File Processing Stats

File Path                                        PID    Runtime      # DAGs    # Errors  Last Runtime    Last Run
-----------------------------------------------  -----  ---------  --------  ----------  --------------  -------------------
/opt/airflow/dags/dag_tp2a_pokemon_ingestion.py                           1           0  0.21s           2026-06-09T13:12:18
/opt/airflow/dags/dag_tp2_pokemon.py                                      1           0  0.20s           2026-06-09T13:12:18
================================================================================
[2026-06-09T13:13:16.465+0000] {manager.py:878} INFO - 
================================================================================
DAG File Processing Stats

File Path                                        PID    Runtime      # DAGs    # Errors  Last Runtime    Last Run
-----------------------------------------------  -----  ---------  --------  ----------  --------------  -------------------
/opt/airflow/dags/dag_tp2a_pokemon_ingestion.py                           1           0  0.19s           2026-06-09T13:12:49
/opt/airflow/dags/dag_tp2_pokemon.py                                      1           0  0.18s           2026-06-09T13:12:49
================================================================================
[2026-06-09T13:13:46.949+0000] {manager.py:878} INFO - 
================================================================================
DAG File Processing Stats

File Path                                        PID    Runtime      # DAGs    # Errors  Last Runtime    Last Run
-----------------------------------------------  -----  ---------  --------  ----------  --------------  -------------------
/opt/airflow/dags/dag_tp2a_pokemon_ingestion.py                           1           0  0.30s           2026-06-09T13:13:19
/opt/airflow/dags/dag_tp2_pokemon.py                                      1           0  0.27s           2026-06-09T13:13:19
================================================================================
[2026-06-09T13:14:17.352+0000] {manager.py:878} INFO - 
================================================================================
DAG File Processing Stats

File Path                                        PID    Runtime      # DAGs    # Errors  Last Runtime    Last Run
-----------------------------------------------  -----  ---------  --------  ----------  --------------  -------------------
/opt/airflow/dags/dag_tp2a_pokemon_ingestion.py                           1           0  0.14s           2026-06-09T13:13:50
/opt/airflow/dags/dag_tp2_pokemon.py                                      1           0  0.14s           2026-06-09T13:13:50
================================================================================
[2026-06-09T13:14:47.944+0000] {manager.py:878} INFO - 
================================================================================
DAG File Processing Stats

File Path                                        PID    Runtime      # DAGs    # Errors  Last Runtime    Last Run
-----------------------------------------------  -----  ---------  --------  ----------  --------------  -------------------
/opt/airflow/dags/dag_tp2a_pokemon_ingestion.py                           1           0  0.17s           2026-06-09T13:14:20
/opt/airflow/dags/dag_tp2_pokemon.py                                      1           0  0.16s           2026-06-09T13:14:20
================================================================================
[2026-06-09T13:15:18.566+0000] {manager.py:878} INFO - 
================================================================================
DAG File Processing Stats

File Path                                        PID    Runtime      # DAGs    # Errors  Last Runtime    Last Run
-----------------------------------------------  -----  ---------  --------  ----------  --------------  -------------------
/opt/airflow/dags/dag_tp2a_pokemon_ingestion.py                           1           0  0.24s           2026-06-09T13:14:51
/opt/airflow/dags/dag_tp2_pokemon.py                                      1           0  0.24s           2026-06-09T13:14:51
================================================================================
[2026-06-09T13:15:49.090+0000] {manager.py:878} INFO - 
================================================================================
DAG File Processing Stats

File Path                                        PID    Runtime      # DAGs    # Errors  Last Runtime    Last Run
-----------------------------------------------  -----  ---------  --------  ----------  --------------  -------------------
/opt/airflow/dags/dag_tp2a_pokemon_ingestion.py                           1           0  0.26s           2026-06-09T13:15:21
/opt/airflow/dags/dag_tp2_pokemon.py                                      1           0  0.25s           2026-06-09T13:15:21
================================================================================
[2026-06-09T13:16:06.339+0000] {manager.py:737} INFO - Searching for files in /opt/airflow/dags
[2026-06-09T13:16:06.380+0000] {manager.py:740} INFO - There are 2 files in /opt/airflow/dags
[2026-06-09T13:16:19.314+0000] {manager.py:878} INFO - 
================================================================================
DAG File Processing Stats

File Path                                        PID    Runtime      # DAGs    # Errors  Last Runtime    Last Run
-----------------------------------------------  -----  ---------  --------  ----------  --------------  -------------------
/opt/airflow/dags/dag_tp2a_pokemon_ingestion.py                           1           0  0.16s           2026-06-09T13:15:52
/opt/airflow/dags/dag_tp2_pokemon.py                                      1           0  0.14s           2026-06-09T13:15:52
================================================================================
[2026-06-09T13:16:49.623+0000] {manager.py:878} INFO - 
================================================================================
DAG File Processing Stats

File Path                                        PID    Runtime      # DAGs    # Errors  Last Runtime    Last Run
-----------------------------------------------  -----  ---------  --------  ----------  --------------  -------------------
/opt/airflow/dags/dag_tp2a_pokemon_ingestion.py                           1           0  0.13s           2026-06-09T13:16:22
/opt/airflow/dags/dag_tp2_pokemon.py                                      1           0  0.13s           2026-06-09T13:16:22
================================================================================
[2026-06-09T13:17:19.992+0000] {manager.py:878} INFO - 
================================================================================
DAG File Processing Stats

File Path                                        PID    Runtime      # DAGs    # Errors  Last Runtime    Last Run
-----------------------------------------------  -----  ---------  --------  ----------  --------------  -------------------
/opt/airflow/dags/dag_tp2a_pokemon_ingestion.py                           1           0  0.15s           2026-06-09T13:16:52
/opt/airflow/dags/dag_tp2_pokemon.py                                      1           0  0.14s           2026-06-09T13:16:52
================================================================================
[2026-06-09T13:17:50.532+0000] {manager.py:878} INFO - 
================================================================================
DAG File Processing Stats

File Path                                        PID    Runtime      # DAGs    # Errors  Last Runtime    Last Run
-----------------------------------------------  -----  ---------  --------  ----------  --------------  -------------------
/opt/airflow/dags/dag_tp2a_pokemon_ingestion.py                           1           0  0.24s           2026-06-09T13:17:23
/opt/airflow/dags/dag_tp2_pokemon.py                                      1           0  0.20s           2026-06-09T13:17:23
================================================================================
[2026-06-09T13:18:20.757+0000] {manager.py:878} INFO - 
================================================================================
DAG File Processing Stats

File Path                                        PID    Runtime      # DAGs    # Errors  Last Runtime    Last Run
-----------------------------------------------  -----  ---------  --------  ----------  --------------  -------------------
/opt/airflow/dags/dag_tp2a_pokemon_ingestion.py                           1           0  0.16s           2026-06-09T13:17:53
/opt/airflow/dags/dag_tp2_pokemon.py                                      1           0  0.14s           2026-06-09T13:17:53
================================================================================
[2026-06-09T13:18:51.613+0000] {manager.py:878} INFO - 
================================================================================
DAG File Processing Stats

File Path                                        PID    Runtime      # DAGs    # Errors  Last Runtime    Last Run
-----------------------------------------------  -----  ---------  --------  ----------  --------------  -------------------
/opt/airflow/dags/dag_tp2a_pokemon_ingestion.py                           1           0  0.17s           2026-06-09T13:18:23
/opt/airflow/dags/dag_tp2_pokemon.py                                      1           0  0.16s           2026-06-09T13:18:23
================================================================================
[2026-06-09T13:19:21.924+0000] {manager.py:878} INFO - 
================================================================================
DAG File Processing Stats

File Path                                        PID    Runtime      # DAGs    # Errors  Last Runtime    Last Run
-----------------------------------------------  -----  ---------  --------  ----------  --------------  -------------------
/opt/airflow/dags/dag_tp2_pokemon.py                                      1           0  0.25s           2026-06-09T13:18:55
/opt/airflow/dags/dag_tp2a_pokemon_ingestion.py                           1           0  0.24s           2026-06-09T13:18:55
================================================================================
[2026-06-09T13:19:52.309+0000] {manager.py:878} INFO - 
================================================================================
DAG File Processing Stats

File Path                                        PID    Runtime      # DAGs    # Errors  Last Runtime    Last Run
-----------------------------------------------  -----  ---------  --------  ----------  --------------  -------------------
/opt/airflow/dags/dag_tp2a_pokemon_ingestion.py                           1           0  0.17s           2026-06-09T13:19:26
/opt/airflow/dags/dag_tp2_pokemon.py                                      1           0  0.16s           2026-06-09T13:19:26
================================================================================
[2026-06-09T13:20:22.531+0000] {manager.py:878} INFO - 
================================================================================
DAG File Processing Stats

File Path                                        PID    Runtime      # DAGs    # Errors  Last Runtime    Last Run
-----------------------------------------------  -----  ---------  --------  ----------  --------------  -------------------
/opt/airflow/dags/dag_tp2_pokemon.py                                      1           0  0.34s           2026-06-09T13:19:56
/opt/airflow/dags/dag_tp2a_pokemon_ingestion.py                           1           0  0.16s           2026-06-09T13:19:56
================================================================================
[2026-06-09T13:20:52.892+0000] {manager.py:878} INFO - 
================================================================================
DAG File Processing Stats

File Path                                        PID    Runtime      # DAGs    # Errors  Last Runtime    Last Run
-----------------------------------------------  -----  ---------  --------  ----------  --------------  -------------------
/opt/airflow/dags/dag_tp2a_pokemon_ingestion.py                           1           0  0.14s           2026-06-09T13:20:26
/opt/airflow/dags/dag_tp2_pokemon.py                                      1           0  0.13s           2026-06-09T13:20:26
================================================================================
[2026-06-09T13:21:07.081+0000] {manager.py:737} INFO - Searching for files in /opt/airflow/dags
[2026-06-09T13:21:07.118+0000] {manager.py:740} INFO - There are 2 files in /opt/airflow/dags
[2026-06-09T13:21:23.260+0000] {manager.py:878} INFO - 
================================================================================
DAG File Processing Stats

File Path                                        PID    Runtime      # DAGs    # Errors  Last Runtime    Last Run
-----------------------------------------------  -----  ---------  --------  ----------  --------------  -------------------
/opt/airflow/dags/dag_tp2a_pokemon_ingestion.py                           1           0  0.18s           2026-06-09T13:20:57
/opt/airflow/dags/dag_tp2_pokemon.py                                      1           0  0.16s           2026-06-09T13:20:57
================================================================================
[2026-06-09T13:21:53.620+0000] {manager.py:878} INFO - 
================================================================================
DAG File Processing Stats

File Path                                        PID    Runtime      # DAGs    # Errors  Last Runtime    Last Run
-----------------------------------------------  -----  ---------  --------  ----------  --------------  -------------------
/opt/airflow/dags/dag_tp2a_pokemon_ingestion.py                           1           0  0.15s           2026-06-09T13:21:27
/opt/airflow/dags/dag_tp2_pokemon.py                                      1           0  0.14s           2026-06-09T13:21:27
================================================================================
[2026-06-09T13:22:23.851+0000] {manager.py:878} INFO - 
================================================================================
DAG File Processing Stats

File Path                                        PID    Runtime      # DAGs    # Errors  Last Runtime    Last Run
-----------------------------------------------  -----  ---------  --------  ----------  --------------  -------------------
/opt/airflow/dags/dag_tp2a_pokemon_ingestion.py                           1           0  0.16s           2026-06-09T13:21:57
/opt/airflow/dags/dag_tp2_pokemon.py                                      1           0  0.15s           2026-06-09T13:21:57
================================================================================
[2026-06-09T13:22:54.214+0000] {manager.py:878} INFO - 
================================================================================
DAG File Processing Stats

File Path                                        PID    Runtime      # DAGs    # Errors  Last Runtime    Last Run
-----------------------------------------------  -----  ---------  --------  ----------  --------------  -------------------
/opt/airflow/dags/dag_tp2_pokemon.py                                      1           0  0.15s           2026-06-09T13:22:28
/opt/airflow/dags/dag_tp2a_pokemon_ingestion.py                           1           0  0.15s           2026-06-09T13:22:28
================================================================================
[2026-06-09T13:23:24.559+0000] {manager.py:878} INFO - 
================================================================================
DAG File Processing Stats

File Path                                        PID    Runtime      # DAGs    # Errors  Last Runtime    Last Run
-----------------------------------------------  -----  ---------  --------  ----------  --------------  -------------------
/opt/airflow/dags/dag_tp2a_pokemon_ingestion.py                           1           0  0.15s           2026-06-09T13:22:58
/opt/airflow/dags/dag_tp2_pokemon.py                                      1           0  0.14s           2026-06-09T13:22:58
================================================================================
[2026-06-09T13:23:54.902+0000] {manager.py:878} INFO - 
================================================================================
DAG File Processing Stats

File Path                                        PID    Runtime      # DAGs    # Errors  Last Runtime    Last Run
-----------------------------------------------  -----  ---------  --------  ----------  --------------  -------------------
/opt/airflow/dags/dag_tp2a_pokemon_ingestion.py                           1           0  0.14s           2026-06-09T13:23:28
/opt/airflow/dags/dag_tp2_pokemon.py                                      1           0  0.14s           2026-06-09T13:23:28
================================================================================
[2026-06-09T13:24:25.119+0000] {manager.py:878} INFO - 
================================================================================
DAG File Processing Stats

File Path                                        PID    Runtime      # DAGs    # Errors  Last Runtime    Last Run
-----------------------------------------------  -----  ---------  --------  ----------  --------------  -------------------
/opt/airflow/dags/dag_tp2a_pokemon_ingestion.py                           1           0  0.16s           2026-06-09T13:23:59
/opt/airflow/dags/dag_tp2_pokemon.py                                      1           0  0.13s           2026-06-09T13:23:59
================================================================================
[2026-06-09T13:24:55.470+0000] {manager.py:878} INFO - 
================================================================================
DAG File Processing Stats

File Path                                        PID    Runtime      # DAGs    # Errors  Last Runtime    Last Run
-----------------------------------------------  -----  ---------  --------  ----------  --------------  -------------------
/opt/airflow/dags/dag_tp2a_pokemon_ingestion.py                           1           0  0.14s           2026-06-09T13:24:29
/opt/airflow/dags/dag_tp2_pokemon.py                                      1           0  0.14s           2026-06-09T13:24:29
================================================================================
[2026-06-09T13:25:25.678+0000] {manager.py:878} INFO - 
================================================================================
DAG File Processing Stats

File Path                                        PID    Runtime      # DAGs    # Errors  Last Runtime    Last Run
-----------------------------------------------  -----  ---------  --------  ----------  --------------  -------------------
/opt/airflow/dags/dag_tp2a_pokemon_ingestion.py                           1           0  0.41s           2026-06-09T13:24:59
/opt/airflow/dags/dag_tp2_pokemon.py                                      1           0  0.39s           2026-06-09T13:24:59
================================================================================
[2026-06-09T13:25:56.382+0000] {manager.py:878} INFO - 
================================================================================
DAG File Processing Stats

File Path                                        PID    Runtime      # DAGs    # Errors  Last Runtime    Last Run
-----------------------------------------------  -----  ---------  --------  ----------  --------------  -------------------
/opt/airflow/dags/dag_tp2_pokemon.py                                      1           0  0.13s           2026-06-09T13:25:30
/opt/airflow/dags/dag_tp2a_pokemon_ingestion.py                           1           0  0.13s           2026-06-09T13:25:30
================================================================================
[2026-06-09T13:26:07.622+0000] {manager.py:737} INFO - Searching for files in /opt/airflow/dags
[2026-06-09T13:26:07.660+0000] {manager.py:740} INFO - There are 2 files in /opt/airflow/dags
[2026-06-09T13:26:26.790+0000] {manager.py:878} INFO - 
================================================================================
DAG File Processing Stats

File Path                                        PID    Runtime      # DAGs    # Errors  Last Runtime    Last Run
-----------------------------------------------  -----  ---------  --------  ----------  --------------  -------------------
/opt/airflow/dags/dag_tp2a_pokemon_ingestion.py                           1           0  0.14s           2026-06-09T13:26:00
/opt/airflow/dags/dag_tp2_pokemon.py                                      1           0  0.13s           2026-06-09T13:26:00
================================================================================
[2026-06-09T13:26:57.125+0000] {manager.py:878} INFO - 
================================================================================
DAG File Processing Stats

File Path                                        PID    Runtime      # DAGs    # Errors  Last Runtime    Last Run
-----------------------------------------------  -----  ---------  --------  ----------  --------------  -------------------
/opt/airflow/dags/dag_tp2a_pokemon_ingestion.py                           1           0  0.14s           2026-06-09T13:26:30
/opt/airflow/dags/dag_tp2_pokemon.py                                      1           0  0.13s           2026-06-09T13:26:30
================================================================================
[2026-06-09T13:27:27.465+0000] {manager.py:878} INFO - 
================================================================================
DAG File Processing Stats

File Path                                        PID    Runtime      # DAGs    # Errors  Last Runtime    Last Run
-----------------------------------------------  -----  ---------  --------  ----------  --------------  -------------------
/opt/airflow/dags/dag_tp2a_pokemon_ingestion.py                           1           0  0.15s           2026-06-09T13:27:01
/opt/airflow/dags/dag_tp2_pokemon.py                                      1           0  0.14s           2026-06-09T13:27:01
================================================================================
[2026-06-09T13:27:57.677+0000] {manager.py:878} INFO - 
================================================================================
DAG File Processing Stats

File Path                                        PID    Runtime      # DAGs    # Errors  Last Runtime    Last Run
-----------------------------------------------  -----  ---------  --------  ----------  --------------  -------------------
/opt/airflow/dags/dag_tp2a_pokemon_ingestion.py                           1           0  0.14s           2026-06-09T13:27:31
/opt/airflow/dags/dag_tp2_pokemon.py                                      1           0  0.13s           2026-06-09T13:27:31
================================================================================
[2026-06-09T13:28:28.008+0000] {manager.py:878} INFO - 
================================================================================
DAG File Processing Stats

File Path                                        PID    Runtime      # DAGs    # Errors  Last Runtime    Last Run
-----------------------------------------------  -----  ---------  --------  ----------  --------------  -------------------
/opt/airflow/dags/dag_tp2a_pokemon_ingestion.py                           1           0  0.14s           2026-06-09T13:28:01
/opt/airflow/dags/dag_tp2_pokemon.py                                      1           0  0.14s           2026-06-09T13:28:01
================================================================================
[2026-06-09T13:28:58.230+0000] {manager.py:878} INFO - 
================================================================================
DAG File Processing Stats

File Path                                        PID    Runtime      # DAGs    # Errors  Last Runtime    Last Run
-----------------------------------------------  -----  ---------  --------  ----------  --------------  -------------------
/opt/airflow/dags/dag_tp2a_pokemon_ingestion.py                           1           0  0.14s           2026-06-09T13:28:32
/opt/airflow/dags/dag_tp2_pokemon.py                                      1           0  0.13s           2026-06-09T13:28:32
================================================================================
[2026-06-09T13:29:28.565+0000] {manager.py:878} INFO - 
================================================================================
DAG File Processing Stats

File Path                                        PID    Runtime      # DAGs    # Errors  Last Runtime    Last Run
-----------------------------------------------  -----  ---------  --------  ----------  --------------  -------------------
/opt/airflow/dags/dag_tp2a_pokemon_ingestion.py                           1           0  0.14s           2026-06-09T13:29:02
/opt/airflow/dags/dag_tp2_pokemon.py                                      1           0  0.14s           2026-06-09T13:29:02
================================================================================
[2026-06-09T13:29:58.765+0000] {manager.py:878} INFO - 
================================================================================
DAG File Processing Stats

File Path                                        PID    Runtime      # DAGs    # Errors  Last Runtime    Last Run
-----------------------------------------------  -----  ---------  --------  ----------  --------------  -------------------
/opt/airflow/dags/dag_tp2a_pokemon_ingestion.py                           1           0  0.14s           2026-06-09T13:29:32
/opt/airflow/dags/dag_tp2_pokemon.py                                      1           0  0.14s           2026-06-09T13:29:32
================================================================================
[2026-06-09T13:30:29.091+0000] {manager.py:878} INFO - 
================================================================================
DAG File Processing Stats

File Path                                        PID    Runtime      # DAGs    # Errors  Last Runtime    Last Run
-----------------------------------------------  -----  ---------  --------  ----------  --------------  -------------------
/opt/airflow/dags/dag_tp2_pokemon.py                                      1           0  0.15s           2026-06-09T13:30:02
/opt/airflow/dags/dag_tp2a_pokemon_ingestion.py                           1           0  0.15s           2026-06-09T13:30:02
================================================================================
[2026-06-09T13:30:59.411+0000] {manager.py:878} INFO - 
================================================================================
DAG File Processing Stats

File Path                                        PID    Runtime      # DAGs    # Errors  Last Runtime    Last Run
-----------------------------------------------  -----  ---------  --------  ----------  --------------  -------------------
/opt/airflow/dags/dag_tp2a_pokemon_ingestion.py                           1           0  0.13s           2026-06-09T13:30:33
/opt/airflow/dags/dag_tp2_pokemon.py                                      1           0  0.13s           2026-06-09T13:30:33
================================================================================
[2026-06-09T13:31:08.602+0000] {manager.py:737} INFO - Searching for files in /opt/airflow/dags
[2026-06-09T13:31:08.640+0000] {manager.py:740} INFO - There are 2 files in /opt/airflow/dags
[2026-06-09T13:31:29.762+0000] {manager.py:878} INFO - 
================================================================================
DAG File Processing Stats

File Path                                        PID    Runtime      # DAGs    # Errors  Last Runtime    Last Run
-----------------------------------------------  -----  ---------  --------  ----------  --------------  -------------------
/opt/airflow/dags/dag_tp2a_pokemon_ingestion.py                           1           0  0.13s           2026-06-09T13:31:03
/opt/airflow/dags/dag_tp2_pokemon.py                                      1           0  0.13s           2026-06-09T13:31:03
================================================================================
[2026-06-09T13:32:00.026+0000] {manager.py:878} INFO - 
================================================================================
DAG File Processing Stats

File Path                                        PID    Runtime      # DAGs    # Errors  Last Runtime    Last Run
-----------------------------------------------  -----  ---------  --------  ----------  --------------  -------------------
/opt/airflow/dags/dag_tp2a_pokemon_ingestion.py                           1           0  0.11s           2026-06-09T13:31:33
/opt/airflow/dags/dag_tp2_pokemon.py                                      1           0  0.10s           2026-06-09T13:31:33
================================================================================
[2026-06-09T13:32:30.302+0000] {manager.py:878} INFO - 
================================================================================
DAG File Processing Stats

File Path                                        PID    Runtime      # DAGs    # Errors  Last Runtime    Last Run
-----------------------------------------------  -----  ---------  --------  ----------  --------------  -------------------
/opt/airflow/dags/dag_tp2a_pokemon_ingestion.py                           1           0  0.12s           2026-06-09T13:32:04
/opt/airflow/dags/dag_tp2_pokemon.py                                      1           0  0.11s           2026-06-09T13:32:04
================================================================================
[2026-06-09T13:33:00.486+0000] {manager.py:878} INFO - 
================================================================================
DAG File Processing Stats

File Path                                        PID    Runtime      # DAGs    # Errors  Last Runtime    Last Run
-----------------------------------------------  -----  ---------  --------  ----------  --------------  -------------------
/opt/airflow/dags/dag_tp2a_pokemon_ingestion.py                           1           0  0.12s           2026-06-09T13:32:34
/opt/airflow/dags/dag_tp2_pokemon.py                                      1           0  0.11s           2026-06-09T13:32:34
================================================================================
[2026-06-09T13:33:30.783+0000] {manager.py:878} INFO - 
================================================================================
DAG File Processing Stats

File Path                                        PID    Runtime      # DAGs    # Errors  Last Runtime    Last Run
-----------------------------------------------  -----  ---------  --------  ----------  --------------  -------------------
/opt/airflow/dags/dag_tp2a_pokemon_ingestion.py                           1           0  0.13s           2026-06-09T13:33:04
/opt/airflow/dags/dag_tp2_pokemon.py                                      1           0  0.12s           2026-06-09T13:33:04
================================================================================
[2026-06-09T13:34:01.076+0000] {manager.py:878} INFO - 
================================================================================
DAG File Processing Stats

File Path                                        PID    Runtime      # DAGs    # Errors  Last Runtime    Last Run
-----------------------------------------------  -----  ---------  --------  ----------  --------------  -------------------
/opt/airflow/dags/dag_tp2a_pokemon_ingestion.py                           1           0  0.12s           2026-06-09T13:33:34
/opt/airflow/dags/dag_tp2_pokemon.py                                      1           0  0.12s           2026-06-09T13:33:34
================================================================================
[2026-06-09T13:34:31.360+0000] {manager.py:878} INFO - 
================================================================================
DAG File Processing Stats

File Path                                        PID    Runtime      # DAGs    # Errors  Last Runtime    Last Run
-----------------------------------------------  -----  ---------  --------  ----------  --------------  -------------------
/opt/airflow/dags/dag_tp2a_pokemon_ingestion.py                           1           0  0.12s           2026-06-09T13:34:05
/opt/airflow/dags/dag_tp2_pokemon.py                                      1           0  0.11s           2026-06-09T13:34:05
================================================================================
[2026-06-09T13:35:01.652+0000] {manager.py:878} INFO - 
================================================================================
DAG File Processing Stats

File Path                                        PID    Runtime      # DAGs    # Errors  Last Runtime    Last Run
-----------------------------------------------  -----  ---------  --------  ----------  --------------  -------------------
/opt/airflow/dags/dag_tp2a_pokemon_ingestion.py                           1           0  0.12s           2026-06-09T13:34:35
/opt/airflow/dags/dag_tp2_pokemon.py                                      1           0  0.11s           2026-06-09T13:34:35
================================================================================
[2026-06-09T13:35:31.834+0000] {manager.py:878} INFO - 
================================================================================
DAG File Processing Stats

File Path                                        PID    Runtime      # DAGs    # Errors  Last Runtime    Last Run
-----------------------------------------------  -----  ---------  --------  ----------  --------------  -------------------
/opt/airflow/dags/dag_tp2a_pokemon_ingestion.py                           1           0  0.12s           2026-06-09T13:35:05
/opt/airflow/dags/dag_tp2_pokemon.py                                      1           0  0.11s           2026-06-09T13:35:05
================================================================================
[2026-06-09T13:36:02.125+0000] {manager.py:878} INFO - 
================================================================================
DAG File Processing Stats

File Path                                        PID    Runtime      # DAGs    # Errors  Last Runtime    Last Run
-----------------------------------------------  -----  ---------  --------  ----------  --------------  -------------------
/opt/airflow/dags/dag_tp2_pokemon.py                                      1           0  0.13s           2026-06-09T13:35:36
/opt/airflow/dags/dag_tp2a_pokemon_ingestion.py                           1           0  0.12s           2026-06-09T13:35:35
================================================================================
[2026-06-09T13:36:09.284+0000] {manager.py:737} INFO - Searching for files in /opt/airflow/dags
[2026-06-09T13:36:09.314+0000] {manager.py:740} INFO - There are 2 files in /opt/airflow/dags
[2026-06-09T13:36:32.440+0000] {manager.py:878} INFO - 
================================================================================
DAG File Processing Stats

File Path                                        PID    Runtime      # DAGs    # Errors  Last Runtime    Last Run
-----------------------------------------------  -----  ---------  --------  ----------  --------------  -------------------
/opt/airflow/dags/dag_tp2a_pokemon_ingestion.py                           1           0  0.12s           2026-06-09T13:36:06
/opt/airflow/dags/dag_tp2_pokemon.py                                      1           0  0.11s           2026-06-09T13:36:06
================================================================================
[2026-06-09T13:37:02.719+0000] {manager.py:878} INFO - 
================================================================================
DAG File Processing Stats

File Path                                        PID    Runtime      # DAGs    # Errors  Last Runtime    Last Run
-----------------------------------------------  -----  ---------  --------  ----------  --------------  -------------------
/opt/airflow/dags/dag_tp2a_pokemon_ingestion.py                           1           0  0.11s           2026-06-09T13:36:36
/opt/airflow/dags/dag_tp2_pokemon.py                                      1           0  0.10s           2026-06-09T13:36:36
================================================================================
[2026-06-09T13:37:32.910+0000] {manager.py:878} INFO - 
================================================================================
DAG File Processing Stats

File Path                                        PID    Runtime      # DAGs    # Errors  Last Runtime    Last Run
-----------------------------------------------  -----  ---------  --------  ----------  --------------  -------------------
/opt/airflow/dags/dag_tp2a_pokemon_ingestion.py                           1           0  0.14s           2026-06-09T13:37:06
/opt/airflow/dags/dag_tp2_pokemon.py                                      1           0  0.12s           2026-06-09T13:37:06
================================================================================
[2026-06-09T13:38:03.172+0000] {manager.py:878} INFO - 
================================================================================
DAG File Processing Stats

File Path                                        PID    Runtime      # DAGs    # Errors  Last Runtime    Last Run
-----------------------------------------------  -----  ---------  --------  ----------  --------------  -------------------
/opt/airflow/dags/dag_tp2a_pokemon_ingestion.py                           1           0  0.10s           2026-06-09T13:37:37
/opt/airflow/dags/dag_tp2_pokemon.py                                      1           0  0.10s           2026-06-09T13:37:37
================================================================================
[2026-06-09T13:38:33.454+0000] {manager.py:878} INFO - 
================================================================================
DAG File Processing Stats

File Path                                        PID    Runtime      # DAGs    # Errors  Last Runtime    Last Run
-----------------------------------------------  -----  ---------  --------  ----------  --------------  -------------------
/opt/airflow/dags/dag_tp2a_pokemon_ingestion.py                           1           0  0.12s           2026-06-09T13:38:07
/opt/airflow/dags/dag_tp2_pokemon.py                                      1           0  0.11s           2026-06-09T13:38:07
================================================================================
[2026-06-09T13:39:03.627+0000] {manager.py:878} INFO - 
================================================================================
DAG File Processing Stats

File Path                                        PID    Runtime      # DAGs    # Errors  Last Runtime    Last Run
-----------------------------------------------  -----  ---------  --------  ----------  --------------  -------------------
/opt/airflow/dags/dag_tp2a_pokemon_ingestion.py                           1           0  0.11s           2026-06-09T13:38:37
/opt/airflow/dags/dag_tp2_pokemon.py                                      1           0  0.10s           2026-06-09T13:38:37
================================================================================
[2026-06-09T13:39:33.893+0000] {manager.py:878} INFO - 
================================================================================
DAG File Processing Stats

File Path                                        PID    Runtime      # DAGs    # Errors  Last Runtime    Last Run
-----------------------------------------------  -----  ---------  --------  ----------  --------------  -------------------
/opt/airflow/dags/dag_tp2a_pokemon_ingestion.py                           1           0  0.11s           2026-06-09T13:39:07
/opt/airflow/dags/dag_tp2_pokemon.py                                      1           0  0.11s           2026-06-09T13:39:07
================================================================================
[2026-06-09T13:40:04.067+0000] {manager.py:878} INFO - 
================================================================================
DAG File Processing Stats

File Path                                        PID    Runtime      # DAGs    # Errors  Last Runtime    Last Run
-----------------------------------------------  -----  ---------  --------  ----------  --------------  -------------------
/opt/airflow/dags/dag_tp2a_pokemon_ingestion.py                           1           0  0.11s           2026-06-09T13:39:38
/opt/airflow/dags/dag_tp2_pokemon.py                                      1           0  0.10s           2026-06-09T13:39:38
================================================================================
[2026-06-09T13:40:34.336+0000] {manager.py:878} INFO - 
================================================================================
DAG File Processing Stats

File Path                                        PID    Runtime      # DAGs    # Errors  Last Runtime    Last Run
-----------------------------------------------  -----  ---------  --------  ----------  --------------  -------------------
/opt/airflow/dags/dag_tp2a_pokemon_ingestion.py                           1           0  0.11s           2026-06-09T13:40:08
/opt/airflow/dags/dag_tp2_pokemon.py                                      1           0  0.10s           2026-06-09T13:40:08
================================================================================
[2026-06-09T13:41:04.609+0000] {manager.py:878} INFO - 
================================================================================
DAG File Processing Stats

File Path                                        PID    Runtime      # DAGs    # Errors  Last Runtime    Last Run
-----------------------------------------------  -----  ---------  --------  ----------  --------------  -------------------
/opt/airflow/dags/dag_tp2a_pokemon_ingestion.py                           1           0  0.11s           2026-06-09T13:40:38
/opt/airflow/dags/dag_tp2_pokemon.py                                      1           0  0.10s           2026-06-09T13:40:38
================================================================================
[2026-06-09T13:41:09.655+0000] {manager.py:737} INFO - Searching for files in /opt/airflow/dags
[2026-06-09T13:41:09.684+0000] {manager.py:740} INFO - There are 2 files in /opt/airflow/dags
[2026-06-09T13:41:34.817+0000] {manager.py:878} INFO - 
================================================================================
DAG File Processing Stats

File Path                                        PID    Runtime      # DAGs    # Errors  Last Runtime    Last Run
-----------------------------------------------  -----  ---------  --------  ----------  --------------  -------------------
/opt/airflow/dags/dag_tp2a_pokemon_ingestion.py                           1           0  0.11s           2026-06-09T13:41:08
/opt/airflow/dags/dag_tp2_pokemon.py                                      1           0  0.10s           2026-06-09T13:41:08
================================================================================
[2026-06-09T13:42:04.991+0000] {manager.py:878} INFO - 
================================================================================
DAG File Processing Stats

File Path                                        PID    Runtime      # DAGs    # Errors  Last Runtime    Last Run
-----------------------------------------------  -----  ---------  --------  ----------  --------------  -------------------
/opt/airflow/dags/dag_tp2a_pokemon_ingestion.py                           1           0  0.11s           2026-06-09T13:41:38
/opt/airflow/dags/dag_tp2_pokemon.py                                      1           0  0.10s           2026-06-09T13:41:38
================================================================================
[2026-06-09T13:42:35.199+0000] {manager.py:878} INFO - 
================================================================================
DAG File Processing Stats

File Path                                        PID    Runtime      # DAGs    # Errors  Last Runtime    Last Run
-----------------------------------------------  -----  ---------  --------  ----------  --------------  -------------------
/opt/airflow/dags/dag_tp2a_pokemon_ingestion.py                           1           0  0.11s           2026-06-09T13:42:09
/opt/airflow/dags/dag_tp2_pokemon.py                                      1           0  0.10s           2026-06-09T13:42:09
================================================================================
[2026-06-09T13:43:05.477+0000] {manager.py:878} INFO - 
================================================================================
DAG File Processing Stats

File Path                                        PID    Runtime      # DAGs    # Errors  Last Runtime    Last Run
-----------------------------------------------  -----  ---------  --------  ----------  --------------  -------------------
/opt/airflow/dags/dag_tp2a_pokemon_ingestion.py                           1           0  0.12s           2026-06-09T13:42:39
/opt/airflow/dags/dag_tp2_pokemon.py                                      1           0  0.11s           2026-06-09T13:42:39
================================================================================
[2026-06-09T13:43:35.653+0000] {manager.py:878} INFO - 
================================================================================
DAG File Processing Stats

File Path                                        PID    Runtime      # DAGs    # Errors  Last Runtime    Last Run
-----------------------------------------------  -----  ---------  --------  ----------  --------------  -------------------
/opt/airflow/dags/dag_tp2a_pokemon_ingestion.py                           1           0  0.12s           2026-06-09T13:43:09
/opt/airflow/dags/dag_tp2_pokemon.py                                      1           0  0.11s           2026-06-09T13:43:09
================================================================================
[2026-06-09T13:44:05.869+0000] {manager.py:878} INFO - 
================================================================================
DAG File Processing Stats

File Path                                        PID    Runtime      # DAGs    # Errors  Last Runtime    Last Run
-----------------------------------------------  -----  ---------  --------  ----------  --------------  -------------------
/opt/airflow/dags/dag_tp2a_pokemon_ingestion.py                           1           0  0.11s           2026-06-09T13:43:39
/opt/airflow/dags/dag_tp2_pokemon.py                                      1           0  0.10s           2026-06-09T13:43:39
================================================================================
[2026-06-09T13:44:36.046+0000] {manager.py:878} INFO - 
================================================================================
DAG File Processing Stats

File Path                                        PID    Runtime      # DAGs    # Errors  Last Runtime    Last Run
-----------------------------------------------  -----  ---------  --------  ----------  --------------  -------------------
/opt/airflow/dags/dag_tp2a_pokemon_ingestion.py                           1           0  0.11s           2026-06-09T13:44:10
/opt/airflow/dags/dag_tp2_pokemon.py                                      1           0  0.10s           2026-06-09T13:44:10
================================================================================
